training_seed,task,std_key,sample_index,candidate_count,clean_margin,sample_max_drift,sample_mean_drift,coarse_cert_pass,cert_pass,sharp_cert_pass,sharp_cert_slack,sharp_normalized_score,top1_flip,clean_best,noisy_best
3074,Reacher,0.0,0,65,306.22027587890625,391.78076171875,58.54657745361328,False,False,False,-122.5775146484375,1.3484801054000854,True,0,51
3074,Reacher,0.0,1,65,49.146053314208984,262.0772705078125,68.30438232421875,False,False,False,-222.96432495117188,3.1254947185516357,True,0,55
3074,Reacher,0.0,2,65,3.0214967727661133,333.66619873046875,94.1603775024414,False,False,False,-599.7628784179688,199.49859619140625,True,21,39
3074,Reacher,0.0,3,65,16.058835983276367,297.67523193359375,123.55963897705078,False,False,False,-569.7654418945312,36.47987365722656,True,0,53
3074,Reacher,0.0,4,65,1.9919486045837402,299.45880126953125,91.64859008789062,False,False,False,-470.9705810546875,207.79425048828125,True,0,56
3074,Reacher,0.0,5,65,22.496339797973633,341.9801940917969,108.72444915771484,False,False,False,-619.3115234375,27.22844123840332,True,0,6
3074,Reacher,0.0,6,65,5.97124719619751,229.18212890625,65.6871337890625,False,False,False,-277.0215148925781,36.09529495239258,True,0,27
3074,Reacher,0.0,7,65,1.9214553833007812,398.888916015625,142.71702575683594,False,False,False,-753.5986938476562,393.2020263671875,True,40,16
3074,Reacher,0.0,8,65,0.5156042575836182,290.00128173828125,125.24034881591797,False,False,False,-493.58697509765625,958.298095703125,True,54,7
3074,Reacher,0.0,9,65,72.42086029052734,318.36083984375,92.7476577758789,False,False,False,-478.64996337890625,7.609282493591309,True,0,35
3074,Reacher,0.0,10,65,13.150468826293945,190.99615478515625,57.24623489379883,False,False,False,-318.7789306640625,23.19710350036621,True,0,8
3074,Reacher,0.0,11,65,13.586629867553711,237.6941680908203,76.96102142333984,False,False,False,-227.4965362548828,16.381547927856445,True,0,7
3074,Reacher,0.0,12,65,0.1432037353515625,449.63922119140625,112.44965362548828,False,False,False,-870.7726440429688,6081.65576171875,True,40,53
3074,Reacher,0.0,13,65,303.2524108886719,250.4060516357422,55.611083984375,False,False,False,-16.137802124023438,1.0484477281570435,False,0,0
3074,Reacher,0.0,14,65,124.94245910644531,112.71522521972656,13.42625617980957,False,False,False,-17.987125396728516,1.1259616613388062,False,0,0
3074,Reacher,0.0,15,65,22.103656768798828,330.94342041015625,112.14421844482422,False,False,False,-554.0828857421875,26.06747817993164,True,0,49
3074,Reacher,0.0,16,65,18.824846267700195,256.38623046875,159.7647705078125,False,False,False,-307.50555419921875,17.3350887298584,True,0,29
3074,Reacher,0.0,17,65,10.494162559509277,323.86236572265625,126.45198059082031,False,False,False,-593.339111328125,53.912296295166016,True,0,12
3074,Reacher,0.0,18,65,1.6341966390609741,249.81837463378906,102.93958282470703,False,False,False,-472.34637451171875,263.7430419921875,True,0,46
3074,Reacher,0.0,19,65,29.0950870513916,239.43218994140625,77.29681396484375,False,False,False,-359.61285400390625,13.359916687011719,True,0,44
3074,Reacher,0.0,20,65,12.895126342773438,359.6639099121094,54.96837615966797,False,False,False,-688.5325927734375,54.39479446411133,True,0,10
3074,Reacher,0.0,21,65,0.12576723098754883,358.768310546875,138.96629333496094,False,False,False,-696.543701171875,5539.35595703125,True,0,6
3074,Reacher,0.0,22,65,5.054196357727051,157.42921447753906,49.17491912841797,False,False,False,-96.62753295898438,19.010801315307617,True,0,18
3074,Reacher,0.0,23,65,0.19689249992370605,502.861328125,203.6947021484375,False,False,False,-674.65576171875,3427.518310546875,True,0,22
3074,Reacher,0.0,24,65,44.937278747558594,205.03506469726562,32.9852180480957,False,False,False,-268.68914794921875,4.763766765594482,True,0,44
3074,Reacher,0.0,25,65,3.481828451156616,477.4635314941406,124.72773742675781,False,False,False,-657.1689453125,189.7424774169922,True,0,61
3074,Reacher,0.0,26,65,0.7178061008453369,338.5177917480469,79.12089538574219,False,False,False,-616.7618408203125,805.252197265625,True,41,30
3074,Reacher,0.0,27,65,4.729039192199707,250.4082794189453,102.97637176513672,False,False,False,-425.9449462890625,86.60458374023438,True,0,21
3074,Reacher,0.0,28,65,0.6357123851776123,295.26446533203125,106.34780883789062,False,False,False,-547.791748046875,843.6727905273438,True,48,52
3074,Reacher,0.0,29,65,4.953430652618408,346.4986877441406,66.59580993652344,False,False,False,-623.039794921875,126.77946472167969,True,0,62
3074,Reacher,0.0,30,65,8.81095027923584,457.2998352050781,165.19882202148438,False,False,False,-743.957275390625,85.43553161621094,True,0,37
3074,Reacher,0.0,31,65,0.0852118730545044,209.42843627929688,66.31249237060547,False,False,False,-359.38043212890625,3731.42431640625,True,39,41
3074,Reacher,0.0,32,65,15.920799255371094,424.05194091796875,134.93701171875,False,False,False,-707.57958984375,45.443721771240234,True,0,29
3074,Reacher,0.0,33,65,15.296147346496582,327.5606689453125,89.22416687011719,False,False,False,-361.599365234375,15.390083312988281,True,0,21
3074,Reacher,0.0,34,65,9.65869140625,423.53802490234375,117.7738037109375,False,False,False,-808.8643188476562,84.74471282958984,True,0,27
3074,Reacher,0.0,35,65,182.16378784179688,309.4729309082031,61.621177673339844,False,False,False,-303.9495849609375,2.490382671356201,True,0,40
3074,Reacher,0.0,36,65,21.564708709716797,422.87579345703125,79.31884765625,False,False,False,-579.0333251953125,27.850969314575195,True,0,24
3074,Reacher,0.0,37,65,12.686470031738281,242.3256378173828,138.3893585205078,False,False,False,-409.38031005859375,33.269046783447266,True,0,62
3074,Reacher,0.0,38,65,6.946554660797119,253.11083984375,131.7350311279297,False,False,False,-387.16314697265625,56.734554290771484,True,0,20
3074,Reacher,0.0,39,65,1.3953337669372559,513.5986938476562,152.42010498046875,False,False,False,-976.6763916015625,700.9589233398438,True,0,10
3074,Reacher,0.0,40,65,1.2678143978118896,311.2749328613281,100.1145248413086,False,False,False,-545.9102783203125,420.3761901855469,True,50,3
3074,Reacher,0.0,41,65,18.010486602783203,293.8888244628906,148.67904663085938,False,False,False,-557.2835693359375,31.94217300415039,True,0,24
3074,Reacher,0.0,42,65,54.731109619140625,361.19189453125,121.46691131591797,False,False,False,-546.1652221679688,10.55351734161377,True,0,62
3074,Reacher,0.0,43,65,1.0580838918685913,262.82720947265625,90.91886901855469,False,False,False,-471.90240478515625,446.9971618652344,True,0,35
3074,Reacher,0.0,44,65,89.93108367919922,517.6109619140625,161.8805389404297,False,False,False,-536.4641723632812,6.965281009674072,True,0,26
3074,Reacher,0.0,45,65,36.30595016479492,274.7611389160156,70.4835205078125,False,False,False,-456.1625061035156,13.564400672912598,True,0,61
3074,Reacher,0.0,46,65,3.54727840423584,334.9806823730469,86.84493255615234,False,False,False,-629.0761108398438,178.3404998779297,True,0,26
3074,Reacher,0.0,47,65,25.290142059326172,389.94683837890625,121.30689239501953,False,False,False,-471.106689453125,18.724092483520508,True,0,52
3074,Reacher,0.0,48,65,118.63343811035156,492.2030944824219,137.35446166992188,False,False,False,-466.4534912109375,4.895908355712891,True,0,31
3074,Reacher,0.0,49,65,9.416219711303711,321.9113464355469,112.3536148071289,False,False,False,-601.097900390625,64.83644104003906,True,0,9
3074,Reacher,0.0,50,65,1.5522394180297852,254.4956512451172,68.32637786865234,False,False,False,-329.8418273925781,213.49417114257812,True,0,53
3074,Reacher,0.0,51,65,134.3999786376953,457.7095642089844,72.62773895263672,False,False,False,-503.15789794921875,4.743734836578369,True,0,8
3074,Reacher,0.0,52,65,97.73026275634766,97.96487426757812,29.297239303588867,False,False,True,83.03323364257812,0.45054036378860474,False,0,0
3074,Reacher,0.0,53,65,53.259788513183594,241.29620361328125,52.45573806762695,False,False,False,-409.4327392578125,8.687464714050293,False,0,0
3074,Reacher,0.0,54,65,28.531829833984375,233.74034118652344,61.201622009277344,False,False,False,-233.710205078125,5.522387981414795,True,0,7
3074,Reacher,0.0,55,65,26.166488647460938,320.30670166015625,105.11647033691406,False,False,False,-597.2633056640625,23.32777214050293,True,0,45
3074,Reacher,0.0,56,65,10.215249061584473,262.335693359375,91.64120483398438,False,False,False,-418.83538818359375,39.472652435302734,True,0,9
3074,Reacher,0.0,57,65,3.0963125228881836,451.1654968261719,147.87937927246094,False,False,False,-865.8590087890625,255.33670043945312,True,0,1
3074,Reacher,0.0,58,65,29.323606491088867,347.6195983886719,91.59712982177734,False,False,False,-585.766845703125,20.975948333740234,True,0,24
3074,Reacher,0.0,59,65,74.9037857055664,361.7830505371094,119.7959213256836,False,False,False,-461.3196105957031,7.1588287353515625,True,0,62
3074,Reacher,0.0,60,65,8.444812774658203,349.751953125,120.19410705566406,False,False,False,-672.3455200195312,80.61639404296875,True,0,31
3074,Reacher,0.0,61,65,28.110130310058594,251.20428466796875,63.09702682495117,False,False,False,-401.28564453125,15.275480270385742,True,0,34
3074,Reacher,0.0,62,65,18.47314453125,334.7611999511719,102.89231872558594,False,False,False,-563.638671875,31.511247634887695,True,0,6
3074,Reacher,0.0,63,65,21.354738235473633,297.2955627441406,87.18506622314453,False,False,False,-418.6047058105469,16.59233283996582,True,0,39
3074,Reacher,0.0,64,65,47.872596740722656,318.4682922363281,83.00745391845703,False,False,False,-422.14727783203125,8.882674217224121,True,0,59
3074,Reacher,0.0,65,65,31.620840072631836,238.39120483398438,64.5064697265625,False,False,False,-324.5567626953125,11.256959915161133,False,0,0
3074,Reacher,0.0,66,65,18.689716339111328,194.44696044921875,37.249267578125,False,False,False,-280.7348937988281,16.02082061767578,True,0,45
3074,Reacher,0.0,67,65,36.58341979980469,399.65576171875,106.5488510131836,False,False,False,-607.3690185546875,17.60230255126953,True,0,34
3074,Reacher,0.0,68,65,42.472320556640625,100.02403259277344,16.448049545288086,False,False,False,-4.658170700073242,1.1096755266189575,False,0,0
3074,Reacher,0.0,69,65,28.629772186279297,291.4852294921875,68.77253723144531,False,False,False,-478.509033203125,17.713687896728516,True,0,54
3074,Reacher,0.0,70,65,2.2342967987060547,210.97442626953125,70.541259765625,False,False,False,-203.16748046875,91.260498046875,True,0,33
3074,Reacher,0.0,71,65,8.612796783447266,365.4989013671875,100.7171630859375,False,False,False,-652.9100341796875,76.80696868896484,True,0,61
3074,Reacher,0.0,72,65,37.37298583984375,208.42306518554688,32.351985931396484,False,False,False,-210.57907104492188,6.634526252746582,True,0,13
3074,Reacher,0.0,73,65,7.282773971557617,180.51817321777344,62.05773162841797,False,False,False,-223.00735473632812,22.33610725402832,True,0,24
3074,Reacher,0.0,74,65,55.39439392089844,335.9283447265625,87.96466064453125,False,False,False,-566.3404541015625,11.223786354064941,True,0,36
3074,Reacher,0.0,75,65,3.0923638343811035,524.099853515625,140.66595458984375,False,False,False,-1005.9969482421875,326.3164978027344,True,0,25
3074,Reacher,0.0,76,65,16.949438095092773,301.8028869628906,91.07920837402344,False,False,False,-437.9913330078125,24.958911895751953,True,0,49
3074,Reacher,0.0,77,65,184.2787628173828,367.7760925292969,123.36940002441406,False,False,False,-387.90216064453125,3.1049747467041016,True,0,13
3074,Reacher,0.0,78,65,3.249332904815674,205.45921325683594,51.77387619018555,False,False,False,-334.3321838378906,103.89256286621094,True,0,59
3074,Reacher,0.0,79,65,102.16068267822266,444.2889404296875,96.42401123046875,False,False,False,-662.80224609375,7.48784065246582,True,0,51
3074,Reacher,0.0,80,65,1.7596995830535889,228.39474487304688,112.54216766357422,False,False,False,-222.5760040283203,127.48522186279297,True,0,63
3074,Reacher,0.0,81,65,0.06660377979278564,374.8762512207031,118.00235748291016,False,False,False,-680.3028564453125,10215.177734375,True,33,20
3074,Reacher,0.0,82,65,45.77720260620117,376.24603271484375,86.13933563232422,False,False,False,-653.427001953125,15.274070739746094,True,0,25
3074,Reacher,0.0,83,65,11.081528663635254,230.08840942382812,78.75552368164062,False,False,False,-90.6126708984375,9.176910400390625,False,0,0
3074,Reacher,0.0,84,65,168.6864471435547,188.92202758789062,45.68438720703125,False,False,False,-69.16156768798828,1.2883819341659546,True,0,23
3074,Reacher,0.0,85,65,6.980790615081787,444.6152648925781,136.2915496826172,False,False,False,-752.1900634765625,93.00593566894531,True,0,53
3074,Reacher,0.0,86,65,5.908596515655518,299.55670166015625,168.53497314453125,False,False,False,-564.832275390625,96.5949935913086,True,0,21
3074,Reacher,0.0,87,65,9.230469703674316,351.14404296875,143.2415771484375,False,False,False,-511.78839111328125,52.54581069946289,True,0,2
3074,Reacher,0.0,88,65,5.289582252502441,471.4150390625,139.1009521484375,False,False,False,-816.189208984375,155.30125427246094,True,0,53
3074,Reacher,0.0,89,65,11.362569808959961,325.47723388671875,66.79788208007812,False,False,False,-561.8076171875,50.4437141418457,True,0,24
3074,Reacher,0.0,90,65,93.21346282958984,301.77020263671875,82.88758850097656,False,False,False,-279.9425048828125,4.003241062164307,True,0,15
3074,Reacher,0.0,91,65,284.44024658203125,365.34637451171875,41.24745559692383,False,False,False,-229.0641632080078,1.675886869430542,True,0,4
3074,Reacher,0.0,92,65,5.2098870277404785,393.7870788574219,131.3151092529297,False,False,False,-567.5651245117188,109.94001007080078,True,0,34
3074,Reacher,0.0,93,65,26.198020935058594,367.666015625,134.9250946044922,False,False,False,-461.1607971191406,18.00408172607422,True,0,13
3074,Reacher,0.0,94,65,4.704102993011475,272.7302551269531,108.0458755493164,False,False,False,-413.78875732421875,88.96337127685547,True,0,31
3074,Reacher,0.0,95,65,16.828651428222656,169.0888214111328,47.166297912597656,False,False,False,-199.6643829345703,10.87716007232666,True,0,64
3074,Reacher,0.0,96,65,0.7835975885391235,288.3152160644531,82.65520477294922,False,False,False,-391.1992492675781,335.865234375,True,0,55
3074,Reacher,0.0,97,65,60.34226989746094,173.08958435058594,41.469791412353516,False,False,False,-264.3172302246094,5.3802995681762695,False,0,0
3074,Reacher,0.0,98,65,48.206199645996094,187.19857788085938,45.261173248291016,False,False,False,-127.59523010253906,3.6468632221221924,True,0,29
3074,Reacher,0.0,99,65,25.87348175048828,456.2786560058594,165.12950134277344,False,False,False,-594.7279052734375,21.735687255859375,True,0,15
3074,Reacher,0.01,0,65,309.26910400390625,81.76492309570312,12.872891426086426,True,True,True,290.69439697265625,0.2142224758863449,False,0,0
3074,Reacher,0.01,1,65,64.39661407470703,68.77630615234375,17.521085739135742,False,False,True,4.654447555541992,0.9346421957015991,False,0,0
3074,Reacher,0.01,2,65,3.622929096221924,330.8791809082031,74.28990173339844,False,False,False,-637.4012451171875,176.93533325195312,True,0,50
3074,Reacher,0.01,3,65,16.439027786254883,132.18145751953125,36.4194450378418,False,False,False,-44.032447814941406,2.18015456199646,False,0,0
3074,Reacher,0.01,4,65,1.464420199394226,45.109622955322266,9.143758773803711,False,False,False,-12.759361267089844,9.712909698486328,True,0,60
3074,Reacher,0.01,5,65,17.205842971801758,321.61138916015625,106.14488983154297,False,False,False,-616.7164306640625,33.78427505493164,True,0,40
3074,Reacher,0.01,6,65,9.935624122619629,44.0615234375,10.93305492401123,False,False,False,-5.013117790222168,1.504559874534607,True,0,42
3074,Reacher,0.01,7,65,1.2902244329452515,332.68768310546875,94.86305236816406,False,False,False,-647.1152954101562,323.8984069824219,True,0,22
3074,Reacher,0.01,8,65,7.035825252532959,239.59120178222656,61.07225799560547,False,False,False,-446.7659912109375,63.43845748901367,True,0,9
3074,Reacher,0.01,9,65,77.75537872314453,65.14230346679688,14.504778861999512,False,False,True,59.557044982910156,0.427985817193985,False,0,0
3074,Reacher,0.01,10,65,21.90818977355957,42.88604736328125,14.520973205566406,False,False,False,-13.748442649841309,1.627548098564148,False,0,0
3074,Reacher,0.01,11,65,12.361188888549805,43.00440979003906,11.81425666809082,False,False,False,-5.538616180419922,1.2898234128952026,False,0,0
3074,Reacher,0.01,12,65,1.4369492530822754,453.2446594238281,126.97647094726562,False,False,False,-826.304931640625,508.69287109375,True,0,53
3074,Reacher,0.01,13,65,298.9945983886719,17.458740234375,3.766927719116211,True,True,True,276.97509765625,0.07364518195390701,False,0,0
3074,Reacher,0.01,14,65,94.84867095947266,47.46330261230469,11.05002498626709,False,False,True,17.895456314086914,0.811326265335083,False,0,0
3074,Reacher,0.01,15,65,32.88083267211914,211.0244903564453,43.65497589111328,False,False,False,-294.9368896484375,8.552946090698242,True,0,62
3074,Reacher,0.01,16,65,17.129764556884766,108.88514709472656,24.130956649780273,False,False,False,-70.64620971679688,2.554288625717163,True,0,55
3074,Reacher,0.01,17,65,9.568066596984863,300.3526306152344,121.89717102050781,False,False,False,-571.3707275390625,60.71642303466797,True,0,54
3074,Reacher,0.01,18,65,3.3246846199035645,13.990142822265625,2.434375047683716,False,False,True,1.1905019283294678,0.6419203281402588,False,0,0
3074,Reacher,0.01,19,65,20.267610549926758,54.3272705078125,13.888371467590332,False,False,True,11.613938331604004,0.4781222343444824,False,0,0
3074,Reacher,0.01,20,65,14.584813117980957,40.75189208984375,10.363521575927734,False,False,False,-28.460765838623047,2.951397180557251,False,0,0
3074,Reacher,0.01,21,65,1.2121410369873047,375.2864074707031,128.8767547607422,False,False,False,-576.5287475585938,434.8914489746094,True,14,0
3074,Reacher,0.01,22,65,7.360315322875977,64.1651611328125,19.406795501708984,False,False,False,-2.3144168853759766,1.3144453763961792,True,0,10
3074,Reacher,0.01,23,65,0.40312671661376953,333.9616394042969,108.049072265625,False,False,False,-287.476318359375,657.0679931640625,True,63,44
3074,Reacher,0.01,24,65,38.92795181274414,21.844375610351562,6.445131301879883,False,False,True,28.61858367919922,0.3130967319011688,False,0,0
3074,Reacher,0.01,25,65,1.3861076831817627,192.56178283691406,50.84982681274414,False,False,False,-164.3123779296875,119.54228973388672,True,0,47
3074,Reacher,0.01,26,65,1.3702499866485596,56.9996337890625,12.746565818786621,False,False,False,-1.6311185359954834,2.190380334854126,True,0,41
3074,Reacher,0.01,27,65,8.708067893981934,21.63378143310547,6.602838516235352,False,False,True,3.051962375640869,0.7079283595085144,False,0,0
3074,Reacher,0.01,28,65,4.014967918395996,210.98825073242188,62.31494140625,False,False,False,-417.1155700683594,104.89014434814453,True,48,44
3074,Reacher,0.01,29,65,0.41310834884643555,249.85357666015625,52.22896957397461,False,False,False,-485.93585205078125,1177.29150390625,False,0,0
3074,Reacher,0.01,30,65,12.298110961914062,281.0474548339844,92.90340423583984,False,False,False,-515.7064208984375,42.93379211425781,True,0,24
3074,Reacher,0.01,31,65,0.38985884189605713,253.51502990722656,70.21953582763672,False,False,False,-281.2312927246094,677.4030151367188,False,39,39
3074,Reacher,0.01,32,65,12.557552337646484,379.245849609375,88.29727935791016,False,False,False,-592.1856079101562,40.27181625366211,False,0,0
3074,Reacher,0.01,33,65,19.999439239501953,49.6915283203125,8.111519813537598,False,False,True,11.054085731506348,0.5229880213737488,False,0,0
3074,Reacher,0.01,34,65,14.16427230834961,306.13568115234375,95.08244323730469,False,False,False,-547.3980712890625,39.59463882446289,True,0,18
3074,Reacher,0.01,35,65,196.81573486328125,258.677490234375,62.12277603149414,False,False,False,-278.65972900390625,2.4158406257629395,True,0,40
3074,Reacher,0.01,36,65,25.21274185180664,450.89263916015625,76.6599349975586,False,False,False,-487.19622802734375,19.96870231628418,True,0,24
3074,Reacher,0.01,37,65,13.215226173400879,15.451873779296875,3.3768277168273926,False,False,True,9.725348472595215,0.26408007740974426,False,0,0
3074,Reacher,0.01,38,65,4.733608245849609,38.205596923828125,6.834963798522949,False,False,True,3.436967372894287,0.2853761315345764,False,0,0
3074,Reacher,0.01,39,65,0.5259087085723877,353.1519775390625,107.55040740966797,False,False,False,-303.77301025390625,61.228851318359375,True,0,52
3074,Reacher,0.01,40,65,1.6165151596069336,216.5079345703125,84.16372680664062,False,False,False,-359.46923828125,223.37294006347656,False,50,50
3074,Reacher,0.01,41,65,18.194028854370117,13.8380126953125,2.9792749881744385,False,False,True,10.650493621826172,0.4146159887313843,False,0,0
3074,Reacher,0.01,42,65,59.29139709472656,142.9481658935547,22.351341247558594,False,False,False,-104.67010498046875,2.765350580215454,True,0,7
3074,Reacher,0.01,43,65,1.7229915857315063,50.816253662109375,12.852672576904297,False,False,False,-29.949628829956055,18.382341384887695,True,0,9
3074,Reacher,0.01,44,65,99.04202270507812,301.71142578125,79.07403564453125,False,False,False,-264.00433349609375,3.665579080581665,True,0,36
3074,Reacher,0.01,45,65,37.08760070800781,177.2012176513672,50.24903106689453,False,False,False,-310.07586669921875,9.360633850097656,False,0,0
3074,Reacher,0.01,46,65,5.4346113204956055,338.22308349609375,93.3609848022461,False,False,False,-590.521728515625,108.42850494384766,False,0,0
3074,Reacher,0.01,47,65,20.386714935302734,276.5703430175781,58.38278579711914,False,False,False,-528.131591796875,26.90567398071289,True,0,8
3074,Reacher,0.01,48,65,117.46723175048828,421.8799743652344,82.36322784423828,False,False,False,-444.46942138671875,4.703891277313232,True,0,26
3074,Reacher,0.01,49,65,9.901013374328613,327.1692199707031,101.8989028930664,False,False,False,-637.039306640625,65.3408203125,True,0,55
3074,Reacher,0.01,50,65,2.677305221557617,29.096420288085938,8.555143356323242,False,False,False,-13.139930725097656,3.885371446609497,True,0,12
3074,Reacher,0.01,51,65,119.83039855957031,37.0382080078125,13.213690757751465,True,True,True,67.67817687988281,0.4352169334888458,False,0,0
3074,Reacher,0.01,52,65,106.66558837890625,45.67228698730469,11.668235778808594,True,True,True,48.34019470214844,0.5468060970306396,False,0,0
3074,Reacher,0.01,53,65,49.54061508178711,194.0814208984375,42.981346130371094,False,False,False,-314.8871765136719,7.356142044067383,True,0,57
3074,Reacher,0.01,54,65,26.938901901245117,174.71340942382812,45.93132781982422,False,False,False,-304.37957763671875,11.607839584350586,True,0,30
3074,Reacher,0.01,55,65,22.351404190063477,330.51568603515625,76.89104461669922,False,False,False,-381.7828063964844,15.710594177246094,False,0,0
3074,Reacher,0.01,56,65,14.012860298156738,68.4478988647461,13.229426383972168,False,False,False,-14.652822494506836,2.0456697940826416,True,0,29
3074,Reacher,0.01,57,65,3.862365245819092,472.5959167480469,132.24911499023438,False,False,False,-754.5906982421875,155.5920867919922,False,0,0
3074,Reacher,0.01,58,65,22.50918197631836,119.24335479736328,33.30116653442383,False,False,False,-138.3404083251953,7.145954608917236,True,0,10
3074,Reacher,0.01,59,65,99.54452514648438,228.5821075439453,67.30168914794922,False,False,False,-314.6563720703125,4.160961627960205,False,0,0
3074,Reacher,0.01,60,65,7.106298446655273,297.04150390625,113.23391723632812,False,False,False,-557.3870849609375,79.4356460571289,True,0,52
3074,Reacher,0.01,61,65,21.039077758789062,28.653594970703125,6.417126178741455,False,False,True,7.754260063171387,0.6314353346824646,False,0,0
3074,Reacher,0.01,62,65,16.307628631591797,159.8089599609375,36.23125076293945,False,False,False,-34.32574462890625,2.2968578338623047,True,0,37
3074,Reacher,0.01,63,65,18.848148345947266,124.59465789794922,33.0412483215332,False,False,False,-64.84811401367188,2.719353675842285,True,0,51
3074,Reacher,0.01,64,65,65.14645385742188,273.2266540527344,75.4638900756836,False,False,False,-422.89678955078125,7.34616231918335,True,0,50
3074,Reacher,0.01,65,65,32.20832824707031,219.56863403320312,81.3148193359375,False,False,False,-402.25372314453125,13.48912239074707,False,0,0
3074,Reacher,0.01,66,65,13.524276733398438,29.620086669921875,5.342528343200684,False,False,True,2.6118524074554443,0.8068767189979553,False,0,0
3074,Reacher,0.01,67,65,38.49302673339844,108.5374755859375,24.803451538085938,False,False,False,-21.228351593017578,1.4067248106002808,True,0,29
3074,Reacher,0.01,68,65,47.112281799316406,29.999420166015625,7.0024590492248535,False,False,True,36.464378356933594,0.22601115703582764,False,0,0
3074,Reacher,0.01,69,65,24.814191818237305,66.93534851074219,16.66521644592285,False,False,False,-45.48500442504883,2.8330237865448,False,0,0
3074,Reacher,0.01,70,65,2.26226806640625,84.38090515136719,19.071455001831055,False,False,False,-46.62214660644531,21.608585357666016,False,0,0
3074,Reacher,0.01,71,65,5.659165859222412,368.66259765625,88.595703125,False,False,False,-580.3988037109375,98.23786926269531,False,0,0
3074,Reacher,0.01,72,65,33.26542663574219,39.0135498046875,6.6513824462890625,False,False,True,23.107219696044922,0.3053682744503021,False,0,0
3074,Reacher,0.01,73,65,13.01270580291748,49.21893310546875,13.033452987670898,False,False,False,-2.0422611236572266,1.1569435596466064,True,0,43
3074,Reacher,0.01,74,65,51.02827072143555,233.7828826904297,76.46407318115234,False,False,False,-379.8629150390625,8.44416618347168,False,0,0
3074,Reacher,0.01,75,65,1.9308686256408691,432.4337158203125,131.8289794921875,False,False,False,-487.822509765625,156.83792114257812,False,0,0
3074,Reacher,0.01,76,65,21.24260902404785,104.29867553710938,25.210302352905273,False,False,False,-100.01400756835938,5.708178997039795,True,0,16
3074,Reacher,0.01,77,65,194.0399627685547,436.4381408691406,114.33561706542969,False,False,False,-271.73675537109375,2.214517831802368,True,0,26
3074,Reacher,0.01,78,65,0.4141724109649658,88.33290100097656,25.327072143554688,False,False,False,-56.07085418701172,136.38046264648438,False,0,0
3074,Reacher,0.01,79,65,96.63721466064453,316.9225158691406,71.6890640258789,False,False,False,-526.9952392578125,6.453336238861084,False,0,0
3074,Reacher,0.01,80,65,1.8828742504119873,28.393814086914062,3.71414852142334,False,False,True,0.12186384201049805,0.9352777600288391,False,0,0
3074,Reacher,0.01,81,65,0.838928759098053,14.484725952148438,4.319220542907715,False,False,False,-0.05001413822174072,1.0596166849136353,False,0,0
3074,Reacher,0.01,82,65,48.664981842041016,115.91639709472656,35.008358001708984,False,False,False,-11.160566329956055,1.2293345928192139,True,0,42
3074,Reacher,0.01,83,65,9.933907508850098,56.76812744140625,18.53619956970215,False,False,False,-26.43023681640625,3.204803466796875,False,0,0
3074,Reacher,0.01,84,65,187.74468994140625,25.259918212890625,8.344144821166992,True,True,True,165.8096923828125,0.12319907546043396,False,0,0
3074,Reacher,0.01,85,65,6.183725357055664,461.305419921875,145.61514282226562,False,False,False,-752.5585327148438,100.29254150390625,False,0,0
3074,Reacher,0.01,86,65,3.270860195159912,455.37158203125,110.2100830078125,False,False,False,-703.5,206.89955139160156,True,0,27
3074,Reacher,0.01,87,65,5.92884635925293,71.59817504882812,25.4094295501709,False,False,False,-44.17234802246094,8.450411796569824,False,0,0
3074,Reacher,0.01,88,65,8.177973747253418,308.8243103027344,82.38066101074219,False,False,False,-492.6794128417969,47.992218017578125,True,0,11
3074,Reacher,0.01,89,65,11.647007942199707,259.2548522949219,58.95260238647461,False,False,False,-464.52435302734375,40.88357925415039,True,0,24
3074,Reacher,0.01,90,65,103.59029388427734,37.88775634765625,9.810388565063477,True,True,True,85.02694702148438,0.22890377044677734,False,0,0
3074,Reacher,0.01,91,65,263.5726318359375,64.12905883789062,11.236486434936523,True,True,True,188.66058349609375,0.3738318085670471,False,0,0
3074,Reacher,0.01,92,65,1.0380377769470215,86.94923400878906,20.6463623046875,False,False,False,-43.35365295410156,40.490291595458984,True,0,24
3074,Reacher,0.01,93,65,35.315940856933594,245.54135131835938,79.80536651611328,False,False,False,-432.0954284667969,12.666499137878418,False,0,0
3074,Reacher,0.01,94,65,8.079824447631836,128.407470703125,24.606958389282227,False,False,False,-52.99201965332031,7.558560848236084,True,0,18
3074,Reacher,0.01,95,65,23.839595794677734,84.25979614257812,27.115087509155273,False,False,False,-58.305213928222656,3.4457297325134277,True,0,62
3074,Reacher,0.01,96,65,0.3410290479660034,36.954010009765625,5.552294731140137,False,False,False,-14.17442512512207,18.76082420349121,False,35,35
3074,Reacher,0.01,97,65,57.25440216064453,40.997802734375,8.789295196533203,False,False,True,16.23134422302246,0.7165048122406006,False,0,0
3074,Reacher,0.01,98,65,51.343971252441406,71.20965576171875,11.94082260131836,False,False,True,25.168256759643555,0.5532861948013306,False,0,0
3074,Reacher,0.01,99,65,25.237470626831055,272.09149169921875,91.7266845703125,False,False,False,-267.5030517578125,11.36270523071289,True,0,13
3074,Reacher,0.02,0,65,321.36773681640625,21.32989501953125,4.707281112670898,True,True,True,313.3923645019531,0.05533381924033165,False,0,0
3074,Reacher,0.02,1,65,53.24628829956055,44.7012939453125,11.590802192687988,False,False,True,20.465639114379883,0.6156419515609741,False,0,0
3074,Reacher,0.02,2,65,2.2339510917663574,263.41680908203125,44.027137756347656,False,False,False,-103.91228485107422,33.336143493652344,False,0,0
3074,Reacher,0.02,3,65,17.495302200317383,317.89129638671875,110.58120727539062,False,False,False,-550.071533203125,32.441097259521484,True,0,6
3074,Reacher,0.02,4,65,1.7065186500549316,19.374542236328125,4.32194709777832,False,False,True,0.7992154955863953,0.5316690802574158,False,0,0
3074,Reacher,0.02,5,65,18.006511688232422,302.15118408203125,116.39643859863281,False,False,False,-575.4541015625,31.778282165527344,True,0,40
3074,Reacher,0.02,6,65,7.321115493774414,53.58345031738281,16.258094787597656,False,False,False,-22.28603172302246,4.044075965881348,True,0,42
3074,Reacher,0.02,7,65,0.23042035102844238,105.50927734375,26.917213439941406,False,False,False,-52.37487030029297,164.1800537109375,True,40,32
3074,Reacher,0.02,8,65,4.2831621170043945,158.64649963378906,33.3739013671875,False,False,False,-150.58831787109375,34.05876541137695,True,0,54
3074,Reacher,0.02,9,65,75.87368774414062,25.15545654296875,6.619349956512451,True,True,True,62.131874084472656,0.1811143308877945,False,0,0
3074,Reacher,0.02,10,65,21.148784637451172,41.17082214355469,13.391225814819336,False,False,False,-13.235393524169922,1.5180901288986206,True,0,24
3074,Reacher,0.02,11,65,16.850374221801758,61.07389831542969,18.799602508544922,False,False,False,-30.099884033203125,2.449064016342163,False,0,0
3074,Reacher,0.02,12,65,2.3675570487976074,459.3463134765625,121.8211669921875,False,False,False,-775.4353637695312,328.5255126953125,True,0,13
3074,Reacher,0.02,13,65,299.91351318359375,11.3125,3.2140700817108154,True,True,True,296.4864501953125,0.04044927656650543,False,0,0
3074,Reacher,0.02,14,65,134.080322265625,19.90167236328125,4.560442924499512,True,True,True,112.04744720458984,0.16432592272758484,False,0,0
3074,Reacher,0.02,15,65,28.744972229003906,168.82032775878906,33.451507568359375,False,False,False,-124.59456634521484,2.9081146717071533,True,0,15
3074,Reacher,0.02,16,65,18.956880569458008,30.99553680419922,5.514098167419434,False,False,True,1.5828042030334473,0.9165050387382507,False,0,0
3074,Reacher,0.02,17,65,6.281774044036865,90.675048828125,31.731603622436523,False,False,False,-67.2527084350586,11.706006050109863,True,0,54
3074,Reacher,0.02,18,65,5.489601135253906,18.035629272460938,5.055352687835693,False,False,False,-0.4259079098701477,1.0745911598205566,False,0,0
3074,Reacher,0.02,19,65,23.52941131591797,26.294952392578125,3.9319491386413574,False,False,True,16.19133949279785,0.3118680715560913,False,0,0
3074,Reacher,0.02,20,65,10.888975143432617,21.851165771484375,4.595069885253906,False,False,True,2.0070908069610596,0.8156768083572388,False,0,0
3074,Reacher,0.02,21,65,0.8430452346801758,357.533935546875,122.00444030761719,False,False,False,-583.0756225585938,692.6303100585938,True,14,53
3074,Reacher,0.02,22,65,6.559881210327148,11.333709716796875,2.968543767929077,False,False,True,5.785141944885254,0.12521858513355255,False,0,0
3074,Reacher,0.02,23,65,0.03730654716491699,337.4366760253906,101.71851348876953,False,False,False,-651.9864501953125,17243.986328125,True,63,16
3074,Reacher,0.02,24,65,46.114051818847656,25.64404296875,6.432363033294678,False,False,True,27.40243148803711,0.4057683050632477,False,0,0
3074,Reacher,0.02,25,65,1.0606842041015625,143.64999389648438,31.37714385986328,False,False,False,-62.951358795166016,60.349761962890625,True,0,1
3074,Reacher,0.02,26,65,2.1978981494903564,50.75602722167969,17.269792556762695,False,False,False,-20.686574935913086,4.775845527648926,True,0,41
3074,Reacher,0.02,27,65,6.938493728637695,15.8121337890625,3.8788058757781982,False,False,True,4.713327407836914,0.32069873809814453,False,0,0
3074,Reacher,0.02,28,65,2.78033185005188,107.27450561523438,25.1168270111084,False,False,False,-111.01837158203125,27.849382400512695,True,48,0
3074,Reacher,0.02,29,65,0.3012700080871582,64.33792114257812,16.49424934387207,False,False,False,-47.587562561035156,158.95652770996094,True,58,0
3074,Reacher,0.02,30,65,6.43109655380249,322.45855712890625,106.8175277709961,False,False,False,-573.9547119140625,83.24886322021484,True,0,29
3074,Reacher,0.02,31,65,0.25501012802124023,78.81147766113281,16.15561866760254,False,False,False,-27.681066513061523,102.31289672851562,True,6,0
3074,Reacher,0.02,32,65,9.801185607910156,62.918060302734375,18.859487533569336,False,False,False,-10.254083633422852,2.046208381652832,False,0,0
3074,Reacher,0.02,33,65,18.874858856201172,31.87078857421875,9.893457412719727,False,False,False,-3.672616958618164,1.1477361917495728,False,0,0
3074,Reacher,0.02,34,65,9.269201278686523,168.17819213867188,26.81602668762207,False,False,False,-124.36009216308594,4.6401190757751465,False,0,0
3074,Reacher,0.02,35,65,193.79718017578125,79.9327392578125,9.130376815795898,True,True,True,148.61273193359375,0.3244692087173462,False,0,0
3074,Reacher,0.02,36,65,32.795467376708984,471.49749755859375,74.57997131347656,False,False,False,-426.91815185546875,12.374159812927246,True,0,24
3074,Reacher,0.02,37,65,15.976091384887695,13.454071044921875,4.521651744842529,False,False,True,14.294147491455078,0.2178221195936203,False,0,0
3074,Reacher,0.02,38,65,2.325516700744629,50.43212890625,11.490212440490723,False,False,False,-6.108344078063965,1.3623440265655518,False,0,0
3074,Reacher,0.02,39,65,1.3115153312683105,351.413818359375,106.05638122558594,False,False,False,-589.7025146484375,229.5953826904297,True,0,52
3074,Reacher,0.02,40,65,0.032182276248931885,63.979248046875,13.260346412658691,False,False,False,-123.97309875488281,3853.216552734375,True,0,54
3074,Reacher,0.02,41,65,25.81705093383789,7.802074432373047,2.4345266819000244,True,True,True,15.783246040344238,0.3886502981185913,False,0,0
3074,Reacher,0.02,42,65,40.63711929321289,53.6510009765625,15.730381965637207,False,False,False,-10.853574752807617,1.267085313796997,False,0,0
3074,Reacher,0.02,43,65,3.4917709827423096,13.377372741699219,3.551551580429077,False,False,False,-0.22040486335754395,1.0631211996078491,False,0,0
3074,Reacher,0.02,44,65,86.11551666259766,92.09442138671875,19.222496032714844,False,False,True,46.668907165527344,0.4642905592918396,False,0,0
3074,Reacher,0.02,45,65,26.727872848510742,40.7655029296875,8.68716812133789,False,False,True,5.435332298278809,0.7966418266296387,False,0,0
3074,Reacher,0.02,46,65,5.773064136505127,249.19439697265625,57.80059814453125,False,False,False,-273.7947082519531,26.215566635131836,False,0,0
3074,Reacher,0.02,47,65,21.320587158203125,53.27558135986328,10.145652770996094,False,False,True,12.014742851257324,0.4877065122127533,False,0,0
3074,Reacher,0.02,48,65,122.45642852783203,379.1347961425781,75.24857330322266,False,False,False,-568.0540161132812,5.638825416564941,True,0,26
3074,Reacher,0.02,49,65,9.441999435424805,76.07795715332031,19.12678337097168,False,False,False,-6.9980573654174805,1.5264315605163574,True,0,20
3074,Reacher,0.02,50,65,1.0022484064102173,53.40898132324219,14.403557777404785,False,False,False,-23.090763092041016,5.915399551391602,True,0,17
3074,Reacher,0.02,51,65,132.03671264648438,55.06268310546875,7.697282314300537,True,True,True,59.533363342285156,0.5491150617599487,False,0,0
3074,Reacher,0.02,52,65,92.92337799072266,68.99600219726562,17.00996971130371,False,False,True,72.62443542480469,0.2905581593513489,False,0,0
3074,Reacher,0.02,53,65,59.78544998168945,164.388916015625,47.22162628173828,False,False,False,-38.47981262207031,1.6436316967010498,False,0,0
3074,Reacher,0.02,54,65,29.450254440307617,78.73164367675781,18.128801345825195,False,False,False,-3.7748093605041504,1.1281757354736328,True,0,21
3074,Reacher,0.02,55,65,28.620405197143555,382.40594482421875,114.12109375,False,False,False,-693.9699096679688,25.069568634033203,True,0,57
3074,Reacher,0.02,56,65,15.269393920898438,25.550750732421875,7.224879741668701,False,False,True,8.519837379455566,0.47583290934562683,False,0,0
3074,Reacher,0.02,57,65,2.7171835899353027,98.77275085449219,32.41828536987305,False,False,False,-32.959896087646484,3.6321003437042236,True,0,60
3074,Reacher,0.02,58,65,27.801782608032227,31.185760498046875,8.65835952758789,False,False,True,21.67632484436035,0.31979843974113464,False,0,0
3074,Reacher,0.02,59,65,120.10211181640625,205.8026885986328,47.92958450317383,False,False,False,-109.66090393066406,1.5561634302139282,False,0,0
3074,Reacher,0.02,60,65,8.147652626037598,122.0250244140625,32.797515869140625,False,False,False,-31.9719181060791,4.924065113067627,False,0,0
3074,Reacher,0.02,61,65,33.28432846069336,40.23773193359375,9.898176193237305,False,False,True,7.416596412658691,0.7911877036094666,False,0,0
3074,Reacher,0.02,62,65,13.814797401428223,13.829010009765625,3.5593225955963135,False,False,True,13.073648452758789,0.13656474649906158,False,0,0
3074,Reacher,0.02,63,65,20.009977340698242,19.570526123046875,5.439391136169434,False,False,True,13.577398300170898,0.3214685916900635,False,0,0
3074,Reacher,0.02,64,65,53.66771697998047,279.26788330078125,68.95709228515625,False,False,False,-469.755859375,9.19853687286377,False,0,0
3074,Reacher,0.02,65,65,46.22583770751953,175.19581604003906,57.33773422241211,False,False,False,-216.23866271972656,3.74334454536438,True,0,27
3074,Reacher,0.02,66,65,18.907310485839844,18.93212890625,3.6000027656555176,False,False,True,14.516487121582031,0.43033093214035034,False,0,0
3074,Reacher,0.02,67,65,31.13824462890625,97.22013854980469,25.068693161010742,False,False,False,-57.77587127685547,2.8554632663726807,True,0,37
3074,Reacher,0.02,68,65,30.46553611755371,30.657852172851562,7.566111087799072,False,False,True,15.07118034362793,0.5053039789199829,False,0,0
3074,Reacher,0.02,69,65,14.985589981079102,64.04733276367188,12.657574653625488,False,False,False,-31.287492752075195,3.087838649749756,False,0,0
3074,Reacher,0.02,70,65,0.5680491924285889,43.54560852050781,11.537252426147461,False,False,False,-2.782534122467041,5.898403644561768,True,0,64
3074,Reacher,0.02,71,65,1.1210260391235352,271.56365966796875,32.073307037353516,False,False,False,-274.4831848144531,231.91314697265625,False,0,0
3074,Reacher,0.02,72,65,28.811290740966797,14.187774658203125,2.5818240642547607,True,True,True,26.03927230834961,0.0962129533290863,False,0,0
3074,Reacher,0.02,73,65,10.582240104675293,53.072174072265625,16.053030014038086,False,False,False,-5.185047626495361,1.489976406097412,True,0,43
3074,Reacher,0.02,74,65,59.13315200805664,97.82723999023438,18.830713272094727,False,False,True,10.964101791381836,0.8145862221717834,False,0,0
3074,Reacher,0.02,75,65,10.613229751586914,396.22265625,108.76488494873047,False,False,False,-698.1533203125,66.78141021728516,True,0,52
3074,Reacher,0.02,76,65,22.612659454345703,104.20196533203125,15.346752166748047,False,False,False,-37.048831939697266,2.638411045074463,True,0,16
3074,Reacher,0.02,77,65,203.98745727539062,224.26368713378906,22.190906524658203,False,False,True,149.95999145507812,0.5626901388168335,False,0,0
3074,Reacher,0.02,78,65,1.1628079414367676,53.36946105957031,14.860366821289062,False,False,False,-10.326013565063477,9.880240440368652,False,0,0
3074,Reacher,0.02,79,65,113.03262329101562,295.5285949707031,80.97819519042969,False,False,False,-452.6812744140625,5.0048723220825195,False,0,0
3074,Reacher,0.02,80,65,1.2331006526947021,23.10040283203125,5.1779255867004395,False,False,True,0.17630809545516968,0.8570204377174377,False,0,0
3074,Reacher,0.02,81,65,0.7025254964828491,35.48454284667969,10.705586433410645,False,False,False,-4.047756671905518,6.761722087860107,False,0,0
3074,Reacher,0.02,82,65,58.76296615600586,123.41815185546875,30.56341552734375,False,False,True,28.48018455505371,0.6926151514053345,False,0,0
3074,Reacher,0.02,83,65,6.718217849731445,21.11895751953125,7.015956401824951,False,False,True,5.377355098724365,0.6358720064163208,False,0,0
3074,Reacher,0.02,84,65,187.60340881347656,33.5706787109375,4.374973297119141,True,True,True,155.77713012695312,0.19031621515750885,False,0,0
3074,Reacher,0.02,85,65,4.087474346160889,481.3799743652344,140.3057098388672,False,False,False,-740.43701171875,126.62815856933594,True,0,33
3074,Reacher,0.02,86,65,4.162381172180176,354.0977478027344,90.0757064819336,False,False,False,-592.1998901367188,143.27430725097656,True,0,2
3074,Reacher,0.02,87,65,7.076895236968994,49.816497802734375,14.231152534484863,False,False,False,-12.64470386505127,2.7867586612701416,False,0,0
3074,Reacher,0.02,88,65,5.965550422668457,345.91204833984375,64.68666076660156,False,False,False,-389.31292724609375,66.26018524169922,False,0,0
3074,Reacher,0.02,89,65,14.94662857055664,236.80772399902344,63.60129165649414,False,False,False,-409.5084228515625,28.398046493530273,True,0,55
3074,Reacher,0.02,90,65,113.42448425292969,57.18074035644531,17.33955192565918,False,False,True,63.63387680053711,0.44518497586250305,False,0,0
3074,Reacher,0.02,91,65,301.797607421875,20.3212890625,5.203732967376709,True,True,True,271.7259521484375,0.10714593529701233,False,0,0
3074,Reacher,0.02,92,65,4.377026081085205,25.102615356445312,7.273630619049072,False,False,True,1.4274953603744507,0.8041062355041504,False,0,0
3074,Reacher,0.02,93,65,36.53990173339844,203.12974548339844,41.68330001831055,False,False,False,-134.01060485839844,2.392491579055786,False,0,0
3074,Reacher,0.02,94,65,3.089010715484619,46.14117431640625,12.751432418823242,False,False,False,-12.308974266052246,4.984762668609619,True,0,18
3074,Reacher,0.02,95,65,29.223167419433594,38.45091247558594,12.358824729919434,False,False,True,18.2502384185791,0.3754873275756836,False,0,0
3074,Reacher,0.02,96,65,0.20534205436706543,60.725494384765625,14.090780258178711,False,False,False,-26.884586334228516,90.64695739746094,True,35,0
3074,Reacher,0.02,97,65,78.43982696533203,28.826461791992188,5.012353897094727,True,True,True,54.32167434692383,0.3074733018875122,False,0,0
3074,Reacher,0.02,98,65,65.79002380371094,31.461273193359375,5.121781349182129,True,True,True,41.911014556884766,0.3629578948020935,False,0,0
3074,Reacher,0.02,99,65,21.068246841430664,183.31378173828125,63.53203201293945,False,False,False,-115.15894317626953,6.4659953117370605,True,0,13
3074,Reacher,0.03,0,65,290.4888610839844,12.81402587890625,3.789522886276245,True,True,True,287.31640625,0.038816481828689575,False,0,0
3074,Reacher,0.03,1,65,59.619049072265625,10.508758544921875,2.707221508026123,True,True,True,54.04597091674805,0.10335097461938858,False,0,0
3074,Reacher,0.03,2,65,6.159317970275879,11.12872314453125,2.4191744327545166,False,False,True,4.526124000549316,0.2651582956314087,False,0,0
3074,Reacher,0.03,3,65,14.800466537475586,17.2216796875,5.022826194763184,False,False,True,13.420633316040039,0.11675748974084854,False,0,0
3074,Reacher,0.03,4,65,0.43539881706237793,8.269927978515625,1.9712350368499756,False,False,False,-1.4453685283660889,4.319642543792725,False,0,0
3074,Reacher,0.03,5,65,17.491621017456055,40.667449951171875,11.699981689453125,False,False,True,0.36336755752563477,0.9842665791511536,False,0,0
3074,Reacher,0.03,6,65,16.776763916015625,19.696151733398438,4.909238815307617,False,False,True,3.0448250770568848,0.8185093998908997,False,0,0
3074,Reacher,0.03,7,65,1.2451176643371582,29.680130004882812,8.279637336730957,False,False,False,-5.0126495361328125,5.025844097137451,True,0,32
3074,Reacher,0.03,8,65,2.6140103340148926,23.77288818359375,4.627902984619141,False,False,False,-5.317647933959961,3.034287452697754,False,0,0
3074,Reacher,0.03,9,65,83.43694305419922,26.463478088378906,7.4758477210998535,True,True,True,80.82120513916016,0.24104030430316925,False,0,0
3074,Reacher,0.03,10,65,20.175704956054688,15.679573059082031,3.8359031677246094,False,False,True,13.399163246154785,0.33587631583213806,False,0,0
3074,Reacher,0.03,11,65,10.86779499053955,16.43792724609375,5.2301836013793945,False,False,True,2.5213544368743896,0.7679975628852844,False,0,0
3074,Reacher,0.03,12,65,3.2445783615112305,21.340133666992188,3.486938953399658,False,False,False,-0.9958095550537109,1.3069149255752563,True,0,39
3074,Reacher,0.03,13,65,285.91241455078125,1.44818115234375,0.4060741364955902,True,True,True,285.39178466796875,0.005531526170670986,False,0,0
3074,Reacher,0.03,14,65,121.61580657958984,12.814254760742188,2.6609280109405518,True,True,True,104.6259765625,0.13970081508159637,False,0,0
3074,Reacher,0.03,15,65,23.417200088500977,30.085952758789062,6.662084102630615,False,False,True,11.808758735656738,0.49572286009788513,False,0,0
3074,Reacher,0.03,16,65,18.674711227416992,17.79120635986328,4.039468765258789,False,False,True,10.661323547363281,0.42910370230674744,False,0,0
3074,Reacher,0.03,17,65,3.6887779235839844,22.628814697265625,8.643653869628906,False,False,False,-2.8295464515686035,1.7670687437057495,False,0,0
3074,Reacher,0.03,18,65,3.830000638961792,24.2955322265625,6.355494499206543,False,False,False,-0.5774838924407959,1.1507790088653564,True,0,5
3074,Reacher,0.03,19,65,25.90668487548828,7.817169189453125,1.6537829637527466,True,True,True,21.7974796295166,0.1586156189441681,False,0,0
3074,Reacher,0.03,20,65,12.019821166992188,6.8272857666015625,1.307647466659546,False,False,True,11.051911354064941,0.08052612841129303,False,0,0
3074,Reacher,0.03,21,65,0.962350606918335,17.604812622070312,6.927452087402344,False,False,False,-0.6189556121826172,1.6431705951690674,False,14,14
3074,Reacher,0.03,22,65,4.25563383102417,4.445098876953125,1.4227290153503418,False,False,True,2.779391288757324,0.3468913733959198,False,0,0
3074,Reacher,0.03,23,65,0.007142066955566406,19.709091186523438,3.8077220916748047,False,False,False,-0.31630754470825195,45.28795623779297,True,63,0
3074,Reacher,0.03,24,65,38.606563568115234,10.119941711425781,2.161475658416748,True,True,True,31.32292938232422,0.1886630803346634,False,0,0
3074,Reacher,0.03,25,65,0.9951823353767395,26.28460693359375,6.4918212890625,False,False,False,-4.7874250411987305,5.810600757598877,False,0,0
3074,Reacher,0.03,26,65,4.403800964355469,9.908004760742188,3.381136178970337,False,False,True,2.775865077972412,0.5979114770889282,False,0,0
3074,Reacher,0.03,27,65,10.515517234802246,5.983924865722656,2.235935688018799,False,False,True,8.058238983154297,0.23368120193481445,False,0,0
3074,Reacher,0.03,28,65,1.1247916221618652,19.654281616210938,5.24668550491333,False,False,False,-3.5485715866088867,4.15487003326416,True,48,0
3074,Reacher,0.03,29,65,2.297124147415161,32.168121337890625,5.323286056518555,False,False,False,-5.641743183135986,3.456002950668335,False,0,0
3074,Reacher,0.03,30,65,15.832862854003906,14.892578125,2.8810606002807617,False,False,True,8.621346473693848,0.4554777145385742,False,0,0
3074,Reacher,0.03,31,65,0.44915544986724854,21.640426635742188,5.767680644989014,False,False,False,-2.5483431816101074,6.673633098602295,True,0,39
3074,Reacher,0.03,32,65,14.64111328125,22.606597900390625,6.422677040100098,False,False,True,8.082476615905762,0.4479602575302124,False,0,0
3074,Reacher,0.03,33,65,17.10349464416504,12.198089599609375,3.6120824813842773,False,False,True,12.671271324157715,0.25914138555526733,False,0,0
3074,Reacher,0.03,34,65,12.972982406616211,6.5072479248046875,0.972023606300354,False,False,True,12.658472061157227,0.06178968772292137,False,0,0
3074,Reacher,0.03,35,65,190.6986846923828,45.34593200683594,4.568436622619629,True,True,True,164.4307403564453,0.20097552239894867,False,0,0
3074,Reacher,0.03,36,65,16.99353790283203,15.9735107421875,2.597109794616699,False,False,True,14.979162216186523,0.1185377761721611,False,0,0
3074,Reacher,0.03,37,65,4.40728759765625,4.0965576171875,1.424487829208374,False,False,True,2.4482178688049316,0.4445068836212158,False,0,0
3074,Reacher,0.03,38,65,7.341062545776367,21.088958740234375,6.79186487197876,False,False,True,1.7834175825119019,0.7570627331733704,False,0,0
3074,Reacher,0.03,39,65,0.013537406921386719,30.499664306640625,8.17645263671875,False,False,False,-0.8942972421646118,67.06119537353516,True,52,0
3074,Reacher,0.03,40,65,2.123441457748413,37.43090057373047,7.109243392944336,False,False,False,-2.4827935695648193,2.1692309379577637,True,50,0
3074,Reacher,0.03,41,65,17.269208908081055,4.208404541015625,1.1221063137054443,True,True,True,12.524096488952637,0.274772971868515,False,0,0
3074,Reacher,0.03,42,65,49.77250289916992,16.630584716796875,3.7836503982543945,True,True,True,37.39467239379883,0.24868810176849365,False,0,0
3074,Reacher,0.03,43,65,3.625244617462158,4.578834533691406,0.5470263957977295,False,False,True,3.2860207557678223,0.0935727134346962,False,0,0
3074,Reacher,0.03,44,65,93.69196319580078,29.136123657226562,3.5261237621307373,True,True,True,87.47057342529297,0.17763544619083405,False,0,0
3074,Reacher,0.03,45,65,37.43212890625,11.5869140625,1.7364373207092285,True,True,True,30.71756362915039,0.17937974631786346,False,0,0
3074,Reacher,0.03,46,65,3.4345357418060303,21.235580444335938,3.5846009254455566,False,False,True,1.5399527549743652,0.5516270995140076,False,0,0
3074,Reacher,0.03,47,65,22.196117401123047,17.63018798828125,5.380349636077881,False,False,True,12.921568870544434,0.41784554719924927,False,0,0
3074,Reacher,0.03,48,65,118.39950561523438,33.2666015625,5.570806503295898,True,True,True,107.0299072265625,0.19750824570655823,False,0,0
3074,Reacher,0.03,49,65,7.0746989250183105,20.4132080078125,6.333410739898682,False,False,True,3.2062935829162598,0.5467943549156189,False,0,0
3074,Reacher,0.03,50,65,5.370547294616699,2.7495269775390625,0.7423610091209412,False,False,True,4.46616268157959,0.19814430177211761,False,0,0
3074,Reacher,0.03,51,65,153.22254943847656,19.16650390625,2.1384265422821045,True,True,True,133.2621307373047,0.13027074933052063,False,0,0
3074,Reacher,0.03,52,65,114.32445526123047,6.03131103515625,1.0745912790298462,True,True,True,109.9862289428711,0.037946633994579315,False,0,0
3074,Reacher,0.03,53,65,57.621028900146484,37.983062744140625,5.4056549072265625,False,False,True,49.06135177612305,0.22046591341495514,False,0,0
3074,Reacher,0.03,54,65,26.3107967376709,23.85051727294922,5.143991947174072,False,False,True,21.927568435668945,0.26562049984931946,False,0,0
3074,Reacher,0.03,55,65,32.127044677734375,22.4205322265625,6.3656206130981445,False,False,True,25.86870574951172,0.25805848836898804,False,0,0
3074,Reacher,0.03,56,65,15.628251075744629,13.070770263671875,3.2764945030212402,False,False,True,14.461368560791016,0.13735315203666687,False,0,0
3074,Reacher,0.03,57,65,1.609346866607666,43.93699645996094,10.370118141174316,False,False,False,-2.589841842651367,1.4935531616210938,False,0,0
3074,Reacher,0.03,58,65,25.327054977416992,15.730484008789062,4.363494873046875,False,False,True,10.947226524353027,0.5677655339241028,False,0,0
3074,Reacher,0.03,59,65,116.51187133789062,27.799560546875,7.959614276885986,True,True,True,85.5523681640625,0.2657197415828705,False,0,0
3074,Reacher,0.03,60,65,5.689100742340088,42.014068603515625,12.916864395141602,False,False,True,0.6930756568908691,0.8781748414039612,False,0,0
3074,Reacher,0.03,61,65,18.416284561157227,23.02460479736328,4.697378635406494,False,False,True,12.40240478515625,0.32655227184295654,False,0,0
3074,Reacher,0.03,62,65,9.519108772277832,34.861358642578125,8.832688331604004,False,False,True,0.8824257850646973,0.9072994589805603,False,0,0
3074,Reacher,0.03,63,65,28.210285186767578,30.470489501953125,8.185853004455566,False,False,True,16.34157943725586,0.43038704991340637,False,0,0
3074,Reacher,0.03,64,65,65.78428649902344,43.15245056152344,9.642775535583496,False,False,True,37.556427001953125,0.4290972650051117,False,0,0
3074,Reacher,0.03,65,65,49.30046463012695,25.471939086914062,5.599709987640381,False,False,True,37.00199508666992,0.29081112146377563,False,0,0
3074,Reacher,0.03,66,65,13.997304916381836,10.79302978515625,2.0884201526641846,False,False,True,10.837911605834961,0.24695569276809692,False,0,0
3074,Reacher,0.03,67,65,42.43767166137695,6.769927978515625,1.6623854637145996,True,True,True,36.5826416015625,0.13796772062778473,False,0,0
3074,Reacher,0.03,68,65,39.76251983642578,10.158187866210938,2.23793363571167,True,True,True,35.22441482543945,0.11413024365901947,False,0,0
3074,Reacher,0.03,69,65,20.92611312866211,22.7630615234375,5.3052215576171875,False,False,True,5.240427017211914,0.7495747804641724,False,0,0
3074,Reacher,0.03,70,65,0.552448034286499,18.051902770996094,4.038195610046387,False,False,False,-5.422842025756836,10.816021919250488,False,0,0
3074,Reacher,0.03,71,65,2.7038278579711914,15.627349853515625,3.590805768966675,False,False,False,-2.011845588684082,1.7440731525421143,False,0,0
3074,Reacher,0.03,72,65,34.94839859008789,9.801437377929688,2.8177120685577393,True,True,True,25.111352920532227,0.28147345781326294,False,0,0
3074,Reacher,0.03,73,65,13.828608512878418,18.66156005859375,5.296093940734863,False,False,True,7.340713977813721,0.4691646695137024,False,0,0
3074,Reacher,0.03,74,65,55.7594108581543,10.848403930664062,2.089874505996704,True,True,True,52.31349182128906,0.09324918687343597,False,0,0
3074,Reacher,0.03,75,65,9.459177017211914,41.63946533203125,10.63845157623291,False,False,True,2.3800299167633057,0.7483893632888794,False,0,0
3074,Reacher,0.03,76,65,23.249252319335938,19.99560546875,3.711000919342041,False,False,True,16.47795867919922,0.29124781489372253,False,0,0
3074,Reacher,0.03,77,65,181.83477783203125,17.74566650390625,2.5565097332000732,True,True,True,177.30601501464844,0.057811785489320755,False,0,0
3074,Reacher,0.03,78,65,1.7498247623443604,13.167449951171875,3.8184475898742676,False,False,True,0.07885780930519104,0.9549338817596436,False,30,30
3074,Reacher,0.03,79,65,140.58477783203125,4.8149261474609375,1.0587795972824097,True,True,True,135.58126831054688,0.03559073433279991,False,0,0
3074,Reacher,0.03,80,65,0.4422018527984619,11.57305908203125,2.7300913333892822,False,False,False,-1.4467072486877441,4.271599292755127,False,28,28
3074,Reacher,0.03,81,65,2.781078815460205,29.280990600585938,10.239107131958008,False,False,False,-0.3316344618797302,1.1192467212677002,True,0,33
3074,Reacher,0.03,82,65,51.260990142822266,21.874618530273438,6.169826984405518,True,True,True,38.529510498046875,0.24836589395999908,False,0,0
3074,Reacher,0.03,83,65,5.74210786819458,9.840789794921875,2.52449631690979,False,False,True,4.93498420715332,0.15653878450393677,False,0,0
3074,Reacher,0.03,84,65,206.38583374023438,5.06103515625,1.3654932975769043,True,True,True,203.31521606445312,0.02537601813673973,False,0,0
3074,Reacher,0.03,85,65,0.3883589506149292,44.15704345703125,16.225688934326172,False,False,False,-2.6010384559631348,7.697511672973633,False,0,0
3074,Reacher,0.03,86,65,5.588755130767822,13.25933837890625,3.020406484603882,False,False,True,4.143276214599609,0.2586405575275421,False,0,0
3074,Reacher,0.03,87,65,7.730905055999756,16.865997314453125,4.651894569396973,False,False,True,5.612932205200195,0.2739618122577667,False,0,0
3074,Reacher,0.03,88,65,4.994959831237793,14.0098876953125,3.8340611457824707,False,False,True,1.0264530181884766,0.7945022583007812,False,0,0
3074,Reacher,0.03,89,65,14.9934663772583,35.48149871826172,7.436550140380859,False,False,True,3.3249635696411133,0.7782391905784607,False,0,0
3074,Reacher,0.03,90,65,92.53286743164062,19.084564208984375,5.637767314910889,True,True,True,76.69148254394531,0.17119736969470978,False,0,0
3074,Reacher,0.03,91,65,299.3504943847656,21.2559814453125,5.426280498504639,True,True,True,284.792724609375,0.08642967790365219,False,0,0
3074,Reacher,0.03,92,65,1.4084649085998535,10.239837646484375,3.6718978881835938,False,False,False,-0.4962266683578491,1.3523173332214355,False,0,0
3074,Reacher,0.03,93,65,29.807804107666016,33.383644104003906,9.314967155456543,False,False,False,-0.21558761596679688,1.0040628910064697,False,0,0
3074,Reacher,0.03,94,65,4.42666482925415,14.200958251953125,4.159619331359863,False,False,False,-0.21366429328918457,1.0482676029205322,False,0,0
3074,Reacher,0.03,95,65,24.42680549621582,14.299606323242188,3.877673387527466,False,False,True,16.31869125366211,0.3319350779056549,False,0,0
3074,Reacher,0.03,96,65,0.8018198609352112,9.727218627929688,2.2806782722473145,False,False,True,0.04277747869491577,0.9466494917869568,False,35,35
3074,Reacher,0.03,97,65,71.88534545898438,10.431671142578125,2.835075855255127,True,True,True,62.36897659301758,0.1323826164007187,False,0,0
3074,Reacher,0.03,98,65,72.9511489868164,7.735382080078125,1.449102520942688,True,True,True,68.05175018310547,0.08755611628293991,False,0,0
3074,Reacher,0.03,99,65,24.411828994750977,81.95330810546875,30.82681655883789,False,False,False,-42.694664001464844,2.7489333152770996,True,0,45
3074,Reacher,0.04,0,65,314.49884033203125,13.094024658203125,3.8429837226867676,True,True,True,310.3565368652344,0.037379950284957886,False,0,0
3074,Reacher,0.04,1,65,53.160987854003906,13.793426513671875,4.0962982177734375,True,True,True,44.59724044799805,0.16109083592891693,False,0,0
3074,Reacher,0.04,2,65,1.513331651687622,26.297332763671875,6.760372161865234,False,False,False,-3.296354055404663,3.1782100200653076,False,0,0
3074,Reacher,0.04,3,65,12.840274810791016,8.026092529296875,2.032248020172119,False,False,True,12.313055038452148,0.049042709171772,False,0,0
3074,Reacher,0.04,4,65,0.8390392065048218,2.37774658203125,0.5011992454528809,False,False,True,0.16294431686401367,0.8057965636253357,False,0,0
3074,Reacher,0.04,5,65,17.01722526550293,8.409423828125,2.0060815811157227,True,True,True,16.75359344482422,0.046853791922330856,False,0,0
3074,Reacher,0.04,6,65,17.41242218017578,11.714736938476562,2.996589422225952,False,False,True,12.485607147216797,0.2829483151435852,False,0,0
3074,Reacher,0.04,7,65,0.7577424049377441,13.08416748046875,3.199218988418579,False,False,False,-0.5458483695983887,1.720361351966858,True,40,0
3074,Reacher,0.04,8,65,4.776008605957031,3.942535400390625,0.8095119595527649,False,False,True,3.583109140396118,0.24976912140846252,False,0,0
3074,Reacher,0.04,9,65,97.48017883300781,9.601844787597656,3.6847763061523438,True,True,True,91.51225280761719,0.0801190659403801,False,0,0
3074,Reacher,0.04,10,65,18.610809326171875,11.009796142578125,3.022814989089966,False,False,True,16.271991729736328,0.13148367404937744,False,0,0
3074,Reacher,0.04,11,65,12.004680633544922,13.160728454589844,3.6936116218566895,False,False,True,7.471922874450684,0.41820406913757324,False,0,0
3074,Reacher,0.04,12,65,0.37674570083618164,6.7864990234375,0.7137405276298523,False,False,False,-0.5588021278381348,2.483234167098999,False,0,0
3074,Reacher,0.04,13,65,271.8782653808594,3.588714599609375,0.8581604957580566,True,True,True,270.77105712890625,0.015465877950191498,False,0,0
3074,Reacher,0.04,14,65,133.64071655273438,9.567596435546875,1.5674327611923218,True,True,True,123.30105590820312,0.08050575107336044,False,0,0
3074,Reacher,0.04,15,65,18.721820831298828,6.4204864501953125,1.4923242330551147,True,True,True,17.598848342895508,0.13071653246879578,False,0,0
3074,Reacher,0.04,16,65,14.449131965637207,9.109695434570312,2.6134791374206543,False,False,True,8.15842056274414,0.43536946177482605,False,0,0
3074,Reacher,0.04,17,65,3.868112564086914,12.214141845703125,4.249773979187012,False,False,True,1.7584842443466187,0.5453895926475525,False,0,0
3074,Reacher,0.04,18,65,4.65718936920166,20.412841796875,5.6350274085998535,False,False,False,-0.02417445182800293,1.0051908493041992,True,0,5
3074,Reacher,0.04,19,65,18.377660751342773,11.363525390625,2.2307145595550537,False,False,True,13.902074813842773,0.24353401362895966,False,0,0
3074,Reacher,0.04,20,65,10.197795867919922,9.4376220703125,1.678749918937683,False,False,True,6.7631635665893555,0.3368014395236969,False,0,0
3074,Reacher,0.04,21,65,1.3987051248550415,10.638076782226562,4.060990810394287,False,False,True,0.17426562309265137,0.8754093050956726,False,14,14
3074,Reacher,0.04,22,65,8.374580383300781,9.705169677734375,3.0396499633789062,False,False,True,3.781148910522461,0.5484969019889832,False,0,0
3074,Reacher,0.04,23,65,0.4588310718536377,8.50738525390625,3.109144449234009,False,False,False,-0.9625370502471924,3.0978026390075684,True,0,63
3074,Reacher,0.04,24,65,38.41773986816406,14.905868530273438,3.150312900543213,True,True,True,33.24510192871094,0.13464190065860748,False,0,0
3074,Reacher,0.04,25,65,1.8748350143432617,7.119293212890625,1.460364818572998,False,False,True,1.088186264038086,0.41958293318748474,False,0,0
3074,Reacher,0.04,26,65,3.3604581356048584,7.091987609863281,1.5760751962661743,False,False,True,1.8859925270080566,0.43876922130584717,False,0,0
3074,Reacher,0.04,27,65,9.854595184326172,18.467437744140625,7.437466144561768,False,False,True,3.3419408798217773,0.6608748435974121,False,0,0
3074,Reacher,0.04,28,65,3.0182106494903564,11.245635986328125,2.773876190185547,False,False,True,0.07247209548950195,0.9759883880615234,False,0,0
3074,Reacher,0.04,29,65,2.4408907890319824,14.249267578125,2.851151704788208,False,False,False,-1.6149094104766846,1.6616066694259644,False,58,58
3074,Reacher,0.04,30,65,7.360941410064697,19.568206787109375,4.266743183135986,False,False,True,1.5743823051452637,0.7861167192459106,False,0,0
3074,Reacher,0.04,31,65,0.4890061616897583,11.48895263671875,2.5436503887176514,False,False,True,0.1276964545249939,0.7388653755187988,False,39,39
3074,Reacher,0.04,32,65,14.659748077392578,14.950546264648438,4.325777530670166,False,False,True,10.32181167602539,0.3585498631000519,False,0,0
3074,Reacher,0.04,33,65,17.242219924926758,17.346466064453125,5.499960899353027,False,False,True,3.979856491088867,0.7691795825958252,False,0,0
3074,Reacher,0.04,34,65,11.745427131652832,11.688499450683594,1.6542909145355225,False,False,True,7.203180313110352,0.38672471046447754,False,0,0
3074,Reacher,0.04,35,65,217.8074493408203,20.310470581054688,2.526979684829712,True,True,True,195.1746063232422,0.10391217470169067,False,0,0
3074,Reacher,0.04,36,65,25.163387298583984,14.854904174804688,2.603375196456909,False,False,True,15.780210494995117,0.37289005517959595,False,0,0
3074,Reacher,0.04,37,65,6.8635711669921875,4.892974853515625,1.523986577987671,False,False,True,5.8520097732543945,0.14738120138645172,False,0,0
3074,Reacher,0.04,38,65,5.051178455352783,13.740280151367188,3.824308395385742,False,False,True,4.689559459686279,0.3559253215789795,False,0,0
3074,Reacher,0.04,39,65,0.11922645568847656,8.997573852539062,3.008531332015991,False,False,True,0.01541823148727417,0.87068110704422,False,0,0
3074,Reacher,0.04,40,65,1.3534116744995117,14.1632080078125,2.7493343353271484,False,False,False,-0.4482148289680481,1.3311740159988403,True,50,0
3074,Reacher,0.04,41,65,33.100196838378906,11.50262451171875,1.4584599733352661,True,True,True,31.971956253051758,0.05065639689564705,False,0,0
3074,Reacher,0.04,42,65,44.22116470336914,5.77935791015625,1.4705828428268433,True,True,True,40.9289665222168,0.1140894815325737,False,0,0
3074,Reacher,0.04,43,65,3.7199831008911133,1.59295654296875,0.34601277112960815,True,True,True,3.5305027961730957,0.0509357824921608,False,0,0
3074,Reacher,0.04,44,65,103.30656433105469,15.3416748046875,3.0353901386260986,True,True,True,89.92022705078125,0.12957879900932312,False,0,0
3074,Reacher,0.04,45,65,41.267677307128906,9.895584106445312,2.2034800052642822,True,True,True,39.535926818847656,0.13222289085388184,False,0,0
3074,Reacher,0.04,46,65,0.7193562984466553,9.27593994140625,2.5803356170654297,False,False,False,-1.6045318841934204,3.230510711669922,False,0,0
3074,Reacher,0.04,47,65,22.149246215820312,3.7554779052734375,0.8666055202484131,True,True,True,20.125411987304688,0.09137260913848877,False,0,0
3074,Reacher,0.04,48,65,123.90022277832031,8.944580078125,1.7463350296020508,True,True,True,121.40697479248047,0.05277667194604874,False,0,0
3074,Reacher,0.04,49,65,5.717809677124023,7.1741180419921875,2.9569756984710693,False,False,True,3.6567976474761963,0.36045482754707336,False,0,0
3074,Reacher,0.04,50,65,1.410918951034546,18.302780151367188,3.655801296234131,False,False,False,-1.975547194480896,2.4001846313476562,False,0,0
3074,Reacher,0.04,51,65,124.58760833740234,16.13800811767578,2.5887668132781982,True,True,True,106.68610382080078,0.14368608593940735,False,0,0
3074,Reacher,0.04,52,65,102.8593521118164,11.82940673828125,3.1170096397399902,True,True,True,93.88084411621094,0.08728917688131332,False,0,0
3074,Reacher,0.04,53,65,70.20671844482422,17.99486541748047,4.107771396636963,True,True,True,61.76932907104492,0.12892240285873413,False,0,0
3074,Reacher,0.04,54,65,29.039047241210938,7.295654296875,1.7376947402954102,True,True,True,25.732181549072266,0.12240426242351532,False,0,0
3074,Reacher,0.04,55,65,28.75762176513672,12.511932373046875,3.215334177017212,True,True,True,26.17473602294922,0.08981572836637497,False,0,0
3074,Reacher,0.04,56,65,20.106300354003906,7.757720947265625,1.7929294109344482,True,True,True,18.48244857788086,0.14078956842422485,False,0,0
3074,Reacher,0.04,57,65,3.660243511199951,6.96429443359375,2.474186658859253,False,False,True,1.663339614868164,0.5455658435821533,False,0,0
3074,Reacher,0.04,58,65,20.502609252929688,6.4625396728515625,1.7405593395233154,True,True,True,18.046838760375977,0.11977840214967728,False,0,0
3074,Reacher,0.04,59,65,134.1353302001953,14.343017578125,3.416468858718872,True,True,True,125.33879089355469,0.07787586748600006,False,0,0
3074,Reacher,0.04,60,65,10.595233917236328,9.122879028320312,3.1359856128692627,False,False,True,7.245038986206055,0.31619828939437866,False,0,0
3074,Reacher,0.04,61,65,23.92932891845703,8.988800048828125,1.8939296007156372,True,True,True,21.540035247802734,0.1297382116317749,False,0,0
3074,Reacher,0.04,62,65,13.109737396240234,10.730064392089844,3.668212890625,False,False,True,11.531815528869629,0.12036259472370148,False,0,0
3074,Reacher,0.04,63,65,25.292539596557617,3.01043701171875,0.599407970905304,True,True,True,24.32870101928711,0.03810761123895645,False,0,0
3074,Reacher,0.04,64,65,53.6998176574707,7.297027587890625,1.5029383897781372,True,True,True,49.682899475097656,0.0748031809926033,False,0,0
3074,Reacher,0.04,65,65,51.853755950927734,7.84466552734375,1.6493712663650513,True,True,True,46.313663482666016,0.10684075206518173,False,0,0
3074,Reacher,0.04,66,65,8.860093116760254,10.943229675292969,2.177732229232788,False,False,True,8.481740951538086,0.1543414145708084,False,0,0
3074,Reacher,0.04,67,65,33.93589401245117,14.627578735351562,4.417176723480225,True,True,True,25.787872314453125,0.2401004284620285,False,0,0
3074,Reacher,0.04,68,65,49.28233337402344,10.187164306640625,2.84322452545166,True,True,True,44.02435302734375,0.10669095069169998,False,0,0
3074,Reacher,0.04,69,65,15.430427551269531,5.2608489990234375,1.24398934841156,True,True,True,15.040343284606934,0.05623893812298775,False,0,0
3074,Reacher,0.04,70,65,2.3850505352020264,20.309722900390625,6.221634864807129,False,False,True,0.42855632305145264,0.8203155994415283,False,0,0
3074,Reacher,0.04,71,65,1.17988920211792,3.31610107421875,0.594071626663208,False,False,False,-0.0986483097076416,1.0836081504821777,False,0,0
3074,Reacher,0.04,72,65,33.29845428466797,6.942230224609375,1.5419952869415283,True,True,True,30.96947479248047,0.06994254887104034,False,0,0
3074,Reacher,0.04,73,65,16.684419631958008,9.9134521484375,3.1424574851989746,False,False,True,14.109101295471191,0.15435467660427094,False,0,0
3074,Reacher,0.04,74,65,44.449066162109375,6.4797515869140625,1.5284298658370972,True,True,True,40.76092529296875,0.08297454565763474,False,0,0
3074,Reacher,0.04,75,65,2.3867974281311035,14.87994384765625,4.39380407333374,False,False,True,0.14678692817687988,0.9385004639625549,False,0,0
3074,Reacher,0.04,76,65,19.292936325073242,5.4706573486328125,0.831134021282196,True,True,True,17.13498878479004,0.11185169219970703,False,0,0
3074,Reacher,0.04,77,65,184.1226043701172,2.57318115234375,0.4825211465358734,True,True,True,182.41123962402344,0.010389838367700577,False,0,0
3074,Reacher,0.04,78,65,0.4637109041213989,3.171844482421875,0.7360048294067383,False,False,False,-0.613661527633667,2.323370933532715,False,0,0
3074,Reacher,0.04,79,65,116.39112854003906,9.031951904296875,1.9656306505203247,True,True,True,115.56736755371094,0.057447902858257294,False,0,0
3074,Reacher,0.04,80,65,0.205663800239563,11.9332275390625,3.243338108062744,False,False,False,-1.314784049987793,7.392879486083984,False,28,28
3074,Reacher,0.04,81,65,1.639564871788025,10.945816040039062,4.003610134124756,False,False,True,0.0029262304306030273,0.9982152581214905,False,0,0
3074,Reacher,0.04,82,65,49.66547775268555,7.951324462890625,2.2691736221313477,True,True,True,44.20604705810547,0.10992404818534851,False,0,0
3074,Reacher,0.04,83,65,7.900597095489502,11.238815307617188,3.2302091121673584,False,False,True,5.017103672027588,0.3649715781211853,False,0,0
3074,Reacher,0.04,84,65,193.466552734375,7.402099609375,1.0079466104507446,True,True,True,188.1494598388672,0.03547251224517822,False,0,0
3074,Reacher,0.04,85,65,4.9734625816345215,16.967880249023438,6.659538745880127,False,False,True,2.4666595458984375,0.5040357708930969,False,0,0
3074,Reacher,0.04,86,65,5.786953926086426,9.683837890625,2.5916671752929688,False,False,True,4.289892673492432,0.25869593024253845,False,0,0
3074,Reacher,0.04,87,65,4.77291202545166,15.1905517578125,4.450645923614502,False,False,True,2.8302817344665527,0.4070115387439728,False,0,0
3074,Reacher,0.04,88,65,3.977203369140625,5.06549072265625,1.1720508337020874,False,False,True,2.704702138900757,0.3199487328529358,False,0,0
3074,Reacher,0.04,89,65,15.291579246520996,10.566253662109375,2.513434886932373,False,False,True,9.097761154174805,0.4050476551055908,False,0,0
3074,Reacher,0.04,90,65,101.09475708007812,6.177032470703125,1.6655027866363525,True,True,True,97.13160705566406,0.04813465103507042,False,0,0
3074,Reacher,0.04,91,65,313.1314697265625,5.062103271484375,1.7517787218093872,True,True,True,309.80499267578125,0.01900203339755535,False,0,0
3074,Reacher,0.04,92,65,0.721413254737854,2.5430145263671875,0.4686398506164551,False,False,True,0.3950510025024414,0.45239293575286865,False,0,0
3074,Reacher,0.04,93,65,31.84395980834961,12.996200561523438,3.708750009536743,True,True,True,25.237457275390625,0.2731762230396271,False,0,0
3074,Reacher,0.04,94,65,3.7459397315979004,14.908477783203125,4.429678440093994,False,False,True,2.6728880405426025,0.38335517048835754,False,0,0
3074,Reacher,0.04,95,65,25.36346435546875,10.258148193359375,3.7213869094848633,True,True,True,19.063663482666016,0.2483808994293213,False,0,0
3074,Reacher,0.04,96,65,2.5131986141204834,16.167770385742188,3.504668951034546,False,False,True,1.5124433040618896,0.6243393421173096,False,35,35
3074,Reacher,0.04,97,65,54.651851654052734,2.77313232421875,0.4664280116558075,True,True,True,52.408355712890625,0.041050706058740616,False,0,0
3074,Reacher,0.04,98,65,58.38543701171875,10.02117919921875,2.2952449321746826,True,True,True,50.099449157714844,0.14191876351833344,False,0,0
3074,Reacher,0.04,99,65,22.926549911499023,32.688629150390625,12.568581581115723,False,False,True,7.938663005828857,0.6725800633430481,False,0,0
3074,Reacher,0.05,0,65,318.6437072753906,10.23004150390625,2.235379695892334,True,True,True,317.58526611328125,0.029471654444932938,False,0,0
3074,Reacher,0.05,1,65,49.093360900878906,8.267059326171875,1.2767293453216553,True,True,True,46.14873504638672,0.0599801242351532,False,0,0
3074,Reacher,0.05,2,65,2.307063102722168,3.661529541015625,1.0323612689971924,False,False,True,1.4384026527404785,0.3765221834182739,False,0,0
3074,Reacher,0.05,3,65,13.050469398498535,1.697021484375,0.518755316734314,True,True,True,12.807401657104492,0.020763205364346504,False,0,0
3074,Reacher,0.05,4,65,1.1663246154785156,4.454216003417969,0.845317006111145,False,False,True,0.2257366180419922,0.8064547181129456,False,0,0
3074,Reacher,0.05,5,65,13.861944198608398,17.2493896484375,3.875559091567993,False,False,True,10.906596183776855,0.21319864690303802,False,0,0
3074,Reacher,0.05,6,65,15.918272972106934,7.9940185546875,2.7143142223358154,False,False,True,12.92829418182373,0.2158832848072052,False,0,0
3074,Reacher,0.05,7,65,0.06748461723327637,4.494415283203125,1.312244176864624,False,False,False,-0.3905315399169922,6.786971092224121,False,40,40
3074,Reacher,0.05,8,65,4.497254371643066,7.893707275390625,1.706983208656311,False,False,True,1.6892662048339844,0.6243783235549927,False,0,0
3074,Reacher,0.05,9,65,84.71151733398438,1.2750473022460938,0.3418067395687103,True,True,True,84.52603149414062,0.010563145391643047,False,0,0
3074,Reacher,0.05,10,65,17.18894386291504,7.9482879638671875,2.4087753295898438,True,True,True,12.862282752990723,0.2517118752002716,False,0,0
3074,Reacher,0.05,11,65,12.715205192565918,7.548583984375,2.3808529376983643,False,False,True,9.587153434753418,0.32857516407966614,False,0,0
3074,Reacher,0.05,12,65,0.35445356369018555,7.089202880859375,1.6465283632278442,False,False,False,-0.032228946685791016,1.090925693511963,False,0,0
3074,Reacher,0.05,13,65,289.3907165527344,1.64532470703125,0.36292654275894165,True,True,True,288.61419677734375,0.006585666909813881,False,0,0
3074,Reacher,0.05,14,65,128.93655395507812,8.42889404296875,1.4138038158416748,True,True,True,118.21886444091797,0.08312377333641052,False,0,0
3074,Reacher,0.05,15,65,17.914958953857422,5.3968048095703125,1.1730821132659912,True,True,True,16.971342086791992,0.12176148593425751,False,0,0
3074,Reacher,0.05,16,65,12.880492210388184,7.301971435546875,1.622294306755066,False,False,True,9.559359550476074,0.2578420639038086,False,0,0
3074,Reacher,0.05,17,65,5.292273998260498,13.936599731445312,5.095590591430664,False,False,True,1.9827531576156616,0.6253494620323181,False,0,0
3074,Reacher,0.05,18,65,3.1222994327545166,7.435829162597656,1.8244379758834839,False,False,True,2.172309160232544,0.35290807485580444,False,0,0
3074,Reacher,0.05,19,65,19.23751449584961,9.433090209960938,2.063835620880127,True,True,True,16.230966567993164,0.15628564357757568,False,0,0
3074,Reacher,0.05,20,65,7.56300687789917,4.646820068359375,0.7356751561164856,False,False,True,5.993418216705322,0.20753498375415802,False,0,0
3074,Reacher,0.05,21,65,2.153639554977417,2.73004150390625,0.9607482552528381,False,False,True,2.040630340576172,0.05247359722852707,False,14,14
3074,Reacher,0.05,22,65,3.5866899490356445,2.197296142578125,0.5949434041976929,False,False,True,3.0990424156188965,0.13596032559871674,False,0,0
3074,Reacher,0.05,23,65,0.08581206202507019,3.4432640075683594,1.1255379915237427,False,False,False,-0.3423863649368286,4.989956378936768,False,63,63
3074,Reacher,0.05,24,65,32.98179244995117,8.03851318359375,1.472251534461975,True,True,True,28.539445877075195,0.13469085097312927,False,0,0
3074,Reacher,0.05,25,65,0.02695167064666748,3.8006134033203125,0.6076891422271729,False,False,False,-0.06591689586639404,3.445744276046753,False,0,0
3074,Reacher,0.05,26,65,5.467735290527344,5.43194580078125,1.7432994842529297,False,False,True,2.31545352935791,0.5765241980552673,False,0,0
3074,Reacher,0.05,27,65,10.59907341003418,14.341873168945312,5.4558820724487305,False,False,True,4.751169204711914,0.5517373085021973,False,0,0
3074,Reacher,0.05,28,65,2.777003765106201,9.492950439453125,1.86489999294281,False,False,False,-0.06643068790435791,1.0239217281341553,False,48,48
3074,Reacher,0.05,29,65,4.29066276550293,3.84649658203125,0.8007447719573975,False,False,True,3.3740971088409424,0.213618665933609,False,0,0
3074,Reacher,0.05,30,65,19.109663009643555,14.31341552734375,3.1847193241119385,False,False,True,13.941644668579102,0.3137296736240387,False,0,0
3074,Reacher,0.05,31,65,0.09780764579772949,4.4157257080078125,0.944144070148468,False,False,False,-0.002956986427307129,1.0302326679229736,False,39,39
3074,Reacher,0.05,32,65,8.4271879196167,18.87762451171875,4.01901388168335,False,False,True,7.415735244750977,0.12002253532409668,False,0,0
3074,Reacher,0.05,33,65,21.483821868896484,12.825363159179688,3.871708393096924,False,False,True,18.041656494140625,0.239369735121727,False,0,0
3074,Reacher,0.05,34,65,12.40024471282959,4.1090087890625,0.4616454541683197,True,True,True,11.507421493530273,0.0720004215836525,False,0,0
3074,Reacher,0.05,35,65,209.933837890625,2.3477325439453125,0.3531236946582794,True,True,True,207.2805938720703,0.012638445012271404,False,0,0
3074,Reacher,0.05,36,65,33.407596588134766,14.825302124023438,1.9554847478866577,True,True,True,24.878433227539062,0.25530606508255005,False,0,0
3074,Reacher,0.05,37,65,15.273762702941895,7.8914794921875,2.222116708755493,False,False,True,10.289422035217285,0.32633352279663086,False,0,0
3074,Reacher,0.05,38,65,5.536726951599121,15.50579833984375,4.919259071350098,False,False,True,4.5734663009643555,0.24101565778255463,False,0,0
3074,Reacher,0.05,39,65,0.1631525754928589,13.99774169921875,2.883491039276123,False,False,True,0.12431609630584717,0.23803779482841492,False,52,52
3074,Reacher,0.05,40,65,1.6112748384475708,15.489608764648438,3.8715498447418213,False,False,False,-3.050234794616699,2.893056631088257,False,50,50
3074,Reacher,0.05,41,65,18.772829055786133,7.6691436767578125,0.8839583992958069,True,True,True,16.709745407104492,0.10989732295274734,False,0,0
3074,Reacher,0.05,42,65,32.294620513916016,10.600784301757812,1.9328229427337646,True,True,True,26.60515785217285,0.17617370188236237,False,0,0
3074,Reacher,0.05,43,65,0.2503783702850342,5.52734375,1.5919650793075562,False,False,False,-0.9381728172302246,4.747020244598389,False,51,51
3074,Reacher,0.05,44,65,105.81732177734375,17.88824462890625,2.756648540496826,True,True,True,103.6167984008789,0.10884957760572433,False,0,0
3074,Reacher,0.05,45,65,47.373809814453125,8.160980224609375,2.012258291244507,True,True,True,41.79295349121094,0.1178046390414238,False,0,0
3074,Reacher,0.05,46,65,2.4481430053710938,7.97784423828125,2.2584264278411865,False,False,True,1.2323346138000488,0.49662473797798157,False,0,0
3074,Reacher,0.05,47,65,15.596715927124023,6.79193115234375,1.5820441246032715,True,True,True,12.81114673614502,0.1785997450351715,False,0,0
3074,Reacher,0.05,48,65,143.6807861328125,10.844985961914062,2.1262929439544678,True,True,True,137.7203826904297,0.07430008053779602,False,0,0
3074,Reacher,0.05,49,65,5.305123805999756,6.4183197021484375,2.1668713092803955,False,False,True,3.863323450088501,0.2717750668525696,False,0,0
3074,Reacher,0.05,50,65,2.809145927429199,4.6464385986328125,0.7732837796211243,False,False,True,2.2640204429626465,0.1940537691116333,False,12,12
3074,Reacher,0.05,51,65,120.5686264038086,11.047744750976562,2.1104896068573,True,True,True,109.2137222290039,0.09417793899774551,False,0,0
3074,Reacher,0.05,52,65,116.91364288330078,8.922126770019531,1.7576476335525513,True,True,True,107.87371826171875,0.07732141017913818,False,0,0
3074,Reacher,0.05,53,65,72.07868957519531,17.131698608398438,2.914959192276001,True,True,True,69.92225646972656,0.1169392541050911,False,0,0
3074,Reacher,0.05,54,65,34.58005905151367,10.272796630859375,2.671135902404785,True,True,True,26.404144287109375,0.23643438518047333,False,0,0
3074,Reacher,0.05,55,65,26.146223068237305,4.703460693359375,1.1296663284301758,True,True,True,23.610139846801758,0.09699618071317673,False,0,0
3074,Reacher,0.05,56,65,12.492351531982422,7.433624267578125,1.8937703371047974,False,False,True,10.457387924194336,0.1628967970609665,False,0,0
3074,Reacher,0.05,57,65,1.4662728309631348,6.2548828125,1.7101079225540161,False,False,True,0.6414408683776855,0.5625364780426025,False,0,0
3074,Reacher,0.05,58,65,18.090911865234375,5.950958251953125,1.835011601448059,True,True,True,14.480338096618652,0.1995794177055359,False,0,0
3074,Reacher,0.05,59,65,145.749755859375,13.113525390625,2.2708232402801514,True,True,True,137.0558319091797,0.07412441819906235,False,0,0
3074,Reacher,0.05,60,65,9.22175121307373,9.360443115234375,2.4742178916931152,False,False,True,7.207736968994141,0.21839824318885803,False,0,0
3074,Reacher,0.05,61,65,25.788000106811523,10.344253540039062,2.2355496883392334,True,True,True,21.229015350341797,0.17678707838058472,False,0,0
3074,Reacher,0.05,62,65,12.519147872924805,2.6745834350585938,0.8144752979278564,True,True,True,12.082353591918945,0.03489008545875549,False,0,0
3074,Reacher,0.05,63,65,18.583005905151367,3.504302978515625,0.9536692500114441,True,True,True,16.998580932617188,0.0852620080113411,False,0,0
3074,Reacher,0.05,64,65,65.01945495605469,7.96514892578125,1.5585099458694458,True,True,True,58.04193115234375,0.10731440037488937,False,0,0
3074,Reacher,0.05,65,65,45.446266174316406,6.123626708984375,1.62703275680542,True,True,True,40.10348129272461,0.1175626814365387,False,0,0
3074,Reacher,0.05,66,65,22.05516815185547,6.533538818359375,1.5021413564682007,True,True,True,20.667118072509766,0.11698008328676224,False,0,0
3074,Reacher,0.05,67,65,29.876556396484375,3.3693771362304688,0.8078513145446777,True,True,True,29.374282836914062,0.03945029154419899,False,0,0
3074,Reacher,0.05,68,65,46.609283447265625,8.886749267578125,2.5595078468322754,True,True,True,44.58328628540039,0.05403006076812744,False,0,0
3074,Reacher,0.05,69,65,14.61880874633789,8.35272216796875,2.4764292240142822,False,False,True,7.2269744873046875,0.505638599395752,False,0,0
3074,Reacher,0.05,70,65,0.553222119808197,7.1801300048828125,1.9344797134399414,False,False,True,0.04766976833343506,0.9138324856758118,False,0,0
3074,Reacher,0.05,71,65,6.297297477722168,1.84521484375,0.5898476243019104,True,True,True,5.55549430847168,0.11779704689979553,False,0,0
3074,Reacher,0.05,72,65,36.399566650390625,3.9778289794921875,0.8520350456237793,True,True,True,32.96873092651367,0.09425481408834457,False,0,0
3074,Reacher,0.05,73,65,15.912884712219238,7.886383056640625,2.9669923782348633,True,True,True,12.160183906555176,0.23582780361175537,False,0,0
3074,Reacher,0.05,74,65,58.8565673828125,10.030670166015625,1.7201848030090332,True,True,True,55.1306037902832,0.0633058026432991,False,0,0
3074,Reacher,0.05,75,65,5.392807960510254,3.117431640625,0.847693920135498,False,False,True,5.205728530883789,0.03469051793217659,False,0,0
3074,Reacher,0.05,76,65,26.198184967041016,20.655487060546875,3.3035428524017334,False,False,True,19.445985794067383,0.2704089879989624,False,0,0
3074,Reacher,0.05,77,65,196.0267791748047,13.012603759765625,2.198667526245117,True,True,True,182.1857452392578,0.07060790807008743,False,0,0
3074,Reacher,0.05,78,65,0.0026192665100097656,9.904159545898438,2.693873405456543,False,False,False,-2.149641275405884,821.7035522460938,True,30,0
3074,Reacher,0.05,79,65,123.19532775878906,7.023712158203125,1.2981151342391968,True,True,True,118.15345764160156,0.040925804525613785,False,0,0
3074,Reacher,0.05,80,65,0.5017562508583069,5.533409118652344,1.488023281097412,False,False,False,-0.05726349353790283,1.1141260862350464,False,0,0
3074,Reacher,0.05,81,65,0.8048663139343262,14.904998779296875,4.839944362640381,False,False,False,-1.0783565044403076,2.3397958278656006,True,0,33
3074,Reacher,0.05,82,65,42.152103424072266,11.83929443359375,3.560468912124634,True,True,True,36.85037612915039,0.12577609717845917,False,0,0
3074,Reacher,0.05,83,65,10.187582969665527,11.16534423828125,3.5858964920043945,False,False,True,7.224208831787109,0.3966183066368103,False,0,0
3074,Reacher,0.05,84,65,197.28956604003906,4.6832275390625,0.6620137691497803,True,True,True,194.3472900390625,0.022847916930913925,False,0,0
3074,Reacher,0.05,85,65,2.2501163482666016,5.2849273681640625,1.71466863155365,False,False,True,1.8986291885375977,0.15620844066143036,False,0,0
3074,Reacher,0.05,86,65,5.4530134201049805,26.515899658203125,4.371391773223877,False,False,True,3.956385374069214,0.2744588851928711,False,0,0
3074,Reacher,0.05,87,65,6.736067295074463,11.11761474609375,2.647703170776367,False,False,True,6.137889862060547,0.14409393072128296,False,0,0
3074,Reacher,0.05,88,65,8.303720474243164,5.3692474365234375,1.7356244325637817,False,False,True,6.299813270568848,0.24132642149925232,False,0,0
3074,Reacher,0.05,89,65,17.87403678894043,7.3650054931640625,1.3410993814468384,True,True,True,14.52241325378418,0.18751350045204163,False,0,0
3074,Reacher,0.05,90,65,113.24153900146484,6.881805419921875,1.880734920501709,True,True,True,106.0328598022461,0.06365752965211868,False,0,0
3074,Reacher,0.05,91,65,287.27960205078125,2.03570556640625,0.7613353133201599,True,True,True,286.0944519042969,0.008660261519253254,False,0,0
3074,Reacher,0.05,92,65,0.8347985744476318,9.150726318359375,2.87640643119812,False,False,False,-0.8118422031402588,1.9725006818771362,True,0,27
3074,Reacher,0.05,93,65,20.340614318847656,3.1825332641601562,0.8664973378181458,True,True,True,18.236961364746094,0.10355613380670547,False,0,0
3074,Reacher,0.05,94,65,6.570632457733154,9.133087158203125,2.9763779640197754,False,False,True,3.935929775238037,0.400981605052948,False,0,0
3074,Reacher,0.05,95,65,20.145605087280273,3.38299560546875,0.6553167700767517,True,True,True,19.394813537597656,0.037268221378326416,False,0,0
3074,Reacher,0.05,96,65,0.023250877857208252,3.81182861328125,0.8451856374740601,False,False,False,-0.27444592118263245,12.803680419921875,True,0,35
3074,Reacher,0.05,97,65,64.6707992553711,10.65087890625,1.7289059162139893,True,True,True,59.252197265625,0.0837874487042427,False,0,0
3074,Reacher,0.05,98,65,70.52633666992188,5.7168731689453125,0.762469470500946,True,True,True,64.48077392578125,0.08572064340114594,False,0,0
3074,Reacher,0.05,99,65,16.407215118408203,25.193161010742188,9.510424613952637,False,False,True,4.4394001960754395,0.7294239401817322,False,0,0
3074,Reacher,0.06,0,65,315.22515869140625,10.80902099609375,2.410294771194458,True,True,True,311.37890625,0.029233667999505997,False,0,0
3074,Reacher,0.06,1,65,55.794471740722656,10.58270263671875,2.2017483711242676,True,True,True,49.88283157348633,0.1059538945555687,False,0,0
3074,Reacher,0.06,2,65,3.897212028503418,5.6768798828125,1.6640150547027588,False,False,True,1.7930011749267578,0.5399272441864014,False,0,0
3074,Reacher,0.06,3,65,13.342829704284668,8.633819580078125,2.419403553009033,False,False,True,12.361072540283203,0.07357940077781677,False,0,0
3074,Reacher,0.06,4,65,1.5702027082443237,11.239822387695312,2.0885274410247803,False,False,True,0.009412884712219238,0.9940053224563599,False,0,0
3074,Reacher,0.06,5,65,20.300640106201172,2.1541748046875,0.5191276669502258,True,True,True,20.183313369750977,0.04321523383259773,False,0,0
3074,Reacher,0.06,6,65,16.53807830810547,6.74505615234375,1.771226406097412,True,True,True,13.58486270904541,0.17857065796852112,False,0,0
3074,Reacher,0.06,7,65,1.1557137966156006,3.6286163330078125,0.6523957848548889,False,False,True,0.9113869667053223,0.21140773594379425,False,40,40
3074,Reacher,0.06,8,65,3.1122677326202393,8.683547973632812,1.7681900262832642,False,False,True,0.06750869750976562,0.9783088564872742,False,0,0
3074,Reacher,0.06,9,65,75.08989715576172,5.5987548828125,1.4188601970672607,True,True,True,74.58898162841797,0.035964515060186386,False,0,0
3074,Reacher,0.06,10,65,22.435409545898438,8.324798583984375,2.1041643619537354,True,True,True,18.552509307861328,0.17307017743587494,False,0,0
3074,Reacher,0.06,11,65,7.702213287353516,9.5006103515625,2.912386178970337,False,False,True,4.9518609046936035,0.3724251687526703,False,0,0
3074,Reacher,0.06,12,65,0.5293736457824707,6.0206756591796875,0.9628825187683105,False,False,True,0.3763852119445801,0.45531490445137024,False,0,0
3074,Reacher,0.06,13,65,293.4562683105469,2.853668212890625,0.6022883653640747,True,True,True,292.29656982421875,0.010659373365342617,False,0,0
3074,Reacher,0.06,14,65,109.17211151123047,6.832450866699219,1.337109923362732,True,True,True,100.55677795410156,0.07891516387462616,False,0,0
3074,Reacher,0.06,15,65,18.00478744506836,7.5553436279296875,1.923598289489746,True,True,True,15.122906684875488,0.16006189584732056,False,0,0
3074,Reacher,0.06,16,65,23.325302124023438,3.676422119140625,0.9046129584312439,True,True,True,21.912111282348633,0.060586195439100266,False,0,0
3074,Reacher,0.06,17,65,4.236645698547363,9.132499694824219,2.7204692363739014,False,False,True,1.163883924484253,0.7252817153930664,False,0,0
3074,Reacher,0.06,18,65,2.8715922832489014,2.0609130859375,0.5789238810539246,False,False,True,2.7332265377044678,0.09180713444948196,False,0,0
3074,Reacher,0.06,19,65,21.489017486572266,3.363616943359375,0.8659883737564087,True,True,True,20.091787338256836,0.06502064317464828,False,0,0
3074,Reacher,0.06,20,65,13.187458992004395,1.57763671875,0.34365057945251465,True,True,True,12.576611518859863,0.04632031172513962,False,0,0
3074,Reacher,0.06,21,65,0.3898753523826599,5.21343994140625,2.11538028717041,False,False,True,0.039643287658691406,0.8983180522918701,False,0,0
3074,Reacher,0.06,22,65,1.3917970657348633,9.054183959960938,3.316589117050171,False,False,False,-1.3998225927352905,2.0057663917541504,False,0,0
3074,Reacher,0.06,23,65,0.36740294098854065,5.8775634765625,1.6434084177017212,False,False,False,-0.8131417036056519,3.213214874267578,False,0,0
3074,Reacher,0.06,24,65,33.90645217895508,6.819816589355469,1.1632721424102783,True,True,True,29.10356903076172,0.1416510045528412,False,0,0
3074,Reacher,0.06,25,65,2.4998972415924072,11.765876770019531,2.0324161052703857,False,False,True,1.2390921115875244,0.504342794418335,False,0,0
3074,Reacher,0.06,26,65,0.6499223709106445,5.7724151611328125,2.036463737487793,False,False,False,-1.4457707405090332,3.2245283126831055,True,0,41
3074,Reacher,0.06,27,65,7.212533950805664,10.4114990234375,3.854827404022217,False,False,True,5.335761070251465,0.26020994782447815,False,0,0
3074,Reacher,0.06,28,65,4.0424909591674805,5.6768951416015625,0.9150776863098145,False,False,True,2.953230857849121,0.2694527208805084,False,48,48
3074,Reacher,0.06,29,65,5.4459662437438965,6.2355804443359375,0.9677594304084778,False,False,True,2.9782981872558594,0.4531185030937195,False,0,0
3074,Reacher,0.06,30,65,16.369022369384766,8.170455932617188,1.7633802890777588,True,True,True,13.799421310424805,0.1569794863462448,False,0,0
3074,Reacher,0.06,31,65,0.07303500175476074,3.078948974609375,0.5536184906959534,False,False,False,-0.2213672399520874,4.030974864959717,True,0,6
3074,Reacher,0.06,32,65,17.3819522857666,4.7237548828125,1.309945821762085,True,True,True,16.135147094726562,0.08469880372285843,False,0,0
3074,Reacher,0.06,33,65,14.266881942749023,9.3695068359375,2.186065435409546,False,False,True,12.244344711303711,0.14176446199417114,False,0,0
3074,Reacher,0.06,34,65,9.848995208740234,7.6717529296875,1.2465468645095825,False,False,True,8.7374267578125,0.11286114901304245,False,0,0
3074,Reacher,0.06,35,65,222.79006958007812,10.37884521484375,1.3654824495315552,True,True,True,214.73764038085938,0.051236264407634735,False,0,0
3074,Reacher,0.06,36,65,26.239721298217773,14.450958251953125,2.1539466381073,False,False,True,19.860370635986328,0.2431180477142334,False,0,0
3074,Reacher,0.06,37,65,11.6850004196167,10.051483154296875,3.1435649394989014,False,False,True,9.501111030578613,0.18702228367328644,False,0,0
3074,Reacher,0.06,38,65,3.6014404296875,9.915817260742188,3.236420154571533,False,False,True,2.382652759552002,0.3384167551994324,False,0,0
3074,Reacher,0.06,39,65,0.4191107749938965,10.65301513671875,3.4834041595458984,False,False,True,0.1203160285949707,0.7129254937171936,False,0,0
3074,Reacher,0.06,40,65,1.1023094654083252,4.306793212890625,0.9741272926330566,False,False,True,0.7360646724700928,0.33225223422050476,False,50,50
3074,Reacher,0.06,41,65,21.4149169921875,1.90789794921875,0.5565547943115234,True,True,True,18.932641983032227,0.11591339111328125,False,0,0
3074,Reacher,0.06,42,65,47.60945129394531,5.1256561279296875,1.3542914390563965,True,True,True,44.271461486816406,0.07011192291975021,False,0,0
3074,Reacher,0.06,43,65,1.5824933052062988,3.170074462890625,0.745874285697937,False,False,True,1.1353236436843872,0.282572865486145,False,0,0
3074,Reacher,0.06,44,65,103.57225036621094,5.6063079833984375,0.9759585857391357,True,True,True,100.18050384521484,0.04240848124027252,False,0,0
3074,Reacher,0.06,45,65,36.693355560302734,3.926605224609375,0.9605159163475037,True,True,True,34.39732360839844,0.06257353723049164,False,0,0
3074,Reacher,0.06,46,65,4.5670013427734375,12.93572998046875,3.3564260005950928,False,False,True,2.3037607669830322,0.495563805103302,False,0,0
3074,Reacher,0.06,47,65,20.089984893798828,6.0528106689453125,1.7777016162872314,True,True,True,16.568517684936523,0.1752847135066986,False,0,0
3074,Reacher,0.06,48,65,122.29263305664062,6.528472900390625,1.4046744108200073,True,True,True,118.93235778808594,0.046001408249139786,False,0,0
3074,Reacher,0.06,49,65,7.206530570983887,1.273834228515625,0.4343835711479187,True,True,True,6.870400905609131,0.04664237052202225,False,0,0
3074,Reacher,0.06,50,65,3.5100460052490234,8.106719970703125,1.861907958984375,False,False,True,2.5440893173217773,0.2947647273540497,False,0,0
3074,Reacher,0.06,51,65,124.29196166992188,6.453742980957031,0.9444355964660645,True,True,True,117.67398834228516,0.05324539914727211,False,0,0
3074,Reacher,0.06,52,65,116.30154418945312,13.364044189453125,3.7511940002441406,True,True,True,108.51367950439453,0.06696268916130066,False,0,0
3074,Reacher,0.06,53,65,67.5905990600586,8.971282958984375,2.083926200866699,True,True,True,62.6702880859375,0.0727958008646965,False,0,0
3074,Reacher,0.06,54,65,24.305397033691406,6.7577972412109375,2.1135127544403076,True,True,True,21.178375244140625,0.12865547835826874,False,0,0
3074,Reacher,0.06,55,65,24.32956314086914,0.705108642578125,0.1875334233045578,True,True,True,24.1174373626709,0.013816067948937416,False,0,0
3074,Reacher,0.06,56,65,19.90207290649414,4.0828399658203125,1.0687118768692017,True,True,True,19.199047088623047,0.09212018549442291,False,0,0
3074,Reacher,0.06,57,65,2.404095411300659,14.353988647460938,3.229173183441162,False,False,True,2.002394437789917,0.40701809525489807,False,0,0
3074,Reacher,0.06,58,65,35.15699005126953,14.968124389648438,4.2786545753479,True,True,True,24.288827896118164,0.30913233757019043,False,0,0
3074,Reacher,0.06,59,65,124.02313232421875,11.62188720703125,2.1814539432525635,True,True,True,117.77494812011719,0.08418471366167068,False,0,0
3074,Reacher,0.06,60,65,8.557723045349121,7.4975738525390625,2.584909439086914,False,False,True,6.665450096130371,0.2211187481880188,False,0,0
3074,Reacher,0.06,61,65,20.553037643432617,6.2763519287109375,1.7345545291900635,True,True,True,18.843669891357422,0.11136972904205322,False,0,0
3074,Reacher,0.06,62,65,10.575098037719727,11.711776733398438,3.29693603515625,False,False,True,7.881709098815918,0.2546916604042053,False,0,0
3074,Reacher,0.06,63,65,20.093286514282227,10.451828002929688,2.8890798091888428,False,False,True,17.86955451965332,0.11067039519548416,False,0,0
3074,Reacher,0.06,64,65,77.38523864746094,1.0625762939453125,0.14713893830776215,True,True,True,77.02233123779297,0.006152168847620487,False,0,0
3074,Reacher,0.06,65,65,55.605159759521484,4.8563995361328125,1.2804018259048462,True,True,True,52.473289489746094,0.06396820396184921,False,0,0
3074,Reacher,0.06,66,65,13.590326309204102,5.73974609375,1.0570580959320068,True,True,True,12.639781951904297,0.11391358077526093,False,0,0
3074,Reacher,0.06,67,65,38.11772155761719,2.236572265625,0.6413669586181641,True,True,True,36.983062744140625,0.029767245054244995,False,0,0
3074,Reacher,0.06,68,65,41.55746078491211,12.394378662109375,3.0654563903808594,True,True,True,35.17332077026367,0.15362197160720825,False,0,0
3074,Reacher,0.06,69,65,23.650339126586914,5.278900146484375,1.1296943426132202,True,True,True,19.794248580932617,0.16304586827754974,False,0,0
3074,Reacher,0.06,70,65,4.486661911010742,14.375068664550781,4.64056396484375,False,False,True,1.4629380702972412,0.6739361882209778,False,0,0
3074,Reacher,0.06,71,65,3.625576972961426,12.3826904296875,2.707714796066284,False,False,False,-1.1107841730117798,1.306374430656433,False,0,0
3074,Reacher,0.06,72,65,29.112361907958984,5.70849609375,1.0496182441711426,True,True,True,25.96181869506836,0.10822010040283203,False,0,0
3074,Reacher,0.06,73,65,14.36069393157959,9.656265258789062,2.9254074096679688,False,False,True,9.60084342956543,0.33144986629486084,False,0,0
3074,Reacher,0.06,74,65,61.093505859375,6.884735107421875,0.8576451539993286,True,True,True,59.85294723510742,0.04112699255347252,False,0,0
3074,Reacher,0.06,75,65,4.190652847290039,13.147735595703125,2.5645997524261475,False,False,True,3.9770381450653076,0.0785975381731987,False,0,0
3074,Reacher,0.06,76,65,19.985553741455078,6.1032867431640625,1.470764398574829,True,True,True,16.504478454589844,0.17417962849140167,False,0,0
3074,Reacher,0.06,77,65,203.9091796875,9.007675170898438,1.5913485288619995,True,True,True,201.92332458496094,0.041769661009311676,False,0,0
3074,Reacher,0.06,78,65,1.902198314666748,4.40423583984375,0.8708454370498657,False,False,True,0.2148284912109375,0.8870630264282227,False,30,30
3074,Reacher,0.06,79,65,120.3525390625,8.786239624023438,1.1723061800003052,True,True,True,114.98418426513672,0.04460527002811432,False,0,0
3074,Reacher,0.06,80,65,0.4594259262084961,13.166610717773438,3.635082960128784,False,False,False,-0.4473147690296173,1.9736384153366089,True,0,28
3074,Reacher,0.06,81,65,0.5419402122497559,11.233001708984375,3.1605165004730225,False,False,True,0.01710858941078186,0.9684309363365173,False,0,0
3074,Reacher,0.06,82,65,54.3909912109375,1.43170166015625,0.38537827134132385,True,True,True,53.765254974365234,0.011504397727549076,False,0,0
3074,Reacher,0.06,83,65,9.062509536743164,7.463233947753906,2.2462899684906006,False,False,True,5.041388988494873,0.4437093734741211,False,0,0
3074,Reacher,0.06,84,65,176.77894592285156,3.44244384765625,0.5150472521781921,True,True,True,173.184326171875,0.02033398114144802,False,0,0
3074,Reacher,0.06,85,65,2.8650362491607666,8.458038330078125,2.122943639755249,False,False,True,2.177119731903076,0.2401074320077896,False,0,0
3074,Reacher,0.06,86,65,6.308403015136719,17.516159057617188,2.7083511352539062,False,False,True,5.6653289794921875,0.10193927586078644,False,0,0
3074,Reacher,0.06,87,65,8.145885467529297,5.811676025390625,1.830498218536377,False,False,True,6.573339462280273,0.1930478811264038,False,0,0
3074,Reacher,0.06,88,65,14.17358684539795,4.38946533203125,1.6546459197998047,True,True,True,12.238608360290527,0.13652001321315765,False,0,0
3074,Reacher,0.06,89,65,19.146732330322266,2.250946044921875,0.47375693917274475,True,True,True,17.43915557861328,0.08918368816375732,False,0,0
3074,Reacher,0.06,90,65,109.74803161621094,14.703071594238281,3.6209306716918945,True,True,True,95.81248474121094,0.13616877794265747,False,0,0
3074,Reacher,0.06,91,65,283.6686096191406,4.194061279296875,1.693439245223999,True,True,True,280.6392822265625,0.01637011021375656,False,0,0
3074,Reacher,0.06,92,65,2.4770331382751465,10.177864074707031,3.2595794200897217,False,False,True,0.3690561056137085,0.8510087728500366,False,0,0
3074,Reacher,0.06,93,65,28.669599533081055,5.952507019042969,1.1701996326446533,True,True,True,22.268211364746094,0.2232813984155655,False,0,0
3074,Reacher,0.06,94,65,8.66966438293457,23.433807373046875,7.4572954177856445,False,False,True,6.5839643478393555,0.3849863111972809,False,0,0
3074,Reacher,0.06,95,65,28.360897064208984,1.6192474365234375,0.5848748087882996,True,True,True,27.719650268554688,0.034730564802885056,False,0,0
3074,Reacher,0.06,96,65,0.26827472448349,4.5240478515625,1.1319483518600464,False,False,False,-0.21287518739700317,1.7934969663619995,True,35,0
3074,Reacher,0.06,97,65,67.55799865722656,3.5016326904296875,0.5490222573280334,True,True,True,66.58102416992188,0.021343419328331947,False,0,0
3074,Reacher,0.06,98,65,60.84360122680664,13.552055358886719,2.1521894931793213,True,True,True,54.32223892211914,0.14439070224761963,False,0,0
3074,Reacher,0.06,99,65,23.37203025817871,20.940460205078125,7.249393463134766,False,False,True,12.008296966552734,0.48621079325675964,False,0,0
3074,Reacher,0.07,0,65,266.8980712890625,5.514556884765625,1.2038346529006958,True,True,True,265.88702392578125,0.015259976498782635,False,0,0
3074,Reacher,0.07,1,65,48.00037384033203,8.198776245117188,2.069178581237793,True,True,True,42.36325454711914,0.11743908375501633,False,0,0
3074,Reacher,0.07,2,65,1.9318428039550781,12.382400512695312,3.35219669342041,False,False,False,-0.6858623027801514,1.3550300598144531,False,0,0
3074,Reacher,0.07,3,65,13.878907203674316,6.6197509765625,1.616073727607727,True,True,True,12.937684059143066,0.067816823720932,False,0,0
3074,Reacher,0.07,4,65,0.6057838797569275,7.3128814697265625,1.3737131357192993,False,False,False,-0.18980133533477783,1.3133152723312378,False,0,0
3074,Reacher,0.07,5,65,14.94588565826416,6.555267333984375,1.935509443283081,True,True,True,14.500341415405273,0.09619470685720444,False,0,0
3074,Reacher,0.07,6,65,12.28700065612793,0.781219482421875,0.2209249883890152,True,True,True,12.045711517333984,0.01963771879673004,False,0,0
3074,Reacher,0.07,7,65,0.20699739456176758,5.654266357421875,1.5983903408050537,False,False,False,-0.8763084411621094,5.23342752456665,True,40,0
3074,Reacher,0.07,8,65,3.021420955657959,2.8743896484375,0.6590083241462708,False,False,True,2.352477550506592,0.22140026092529297,False,0,0
3074,Reacher,0.07,9,65,100.67951965332031,6.8848114013671875,2.459160566329956,True,True,True,95.29978942871094,0.05343422666192055,False,0,0
3074,Reacher,0.07,10,65,19.314136505126953,7.9159088134765625,1.893216848373413,True,True,True,17.036376953125,0.11793229728937149,False,0,0
3074,Reacher,0.07,11,65,14.816729545593262,9.441535949707031,2.5724005699157715,False,False,True,12.044060707092285,0.26872602105140686,False,0,0
3074,Reacher,0.07,12,65,0.8570966720581055,2.121337890625,0.44610944390296936,False,False,True,0.6316938400268555,0.26298412680625916,False,39,39
3074,Reacher,0.07,13,65,296.32464599609375,2.354888916015625,0.47709202766418457,True,True,True,295.44097900390625,0.00804299395531416,False,0,0
3074,Reacher,0.07,14,65,130.5614776611328,5.634765625,0.9347944855690002,True,True,True,124.11968994140625,0.04933910816907883,False,0,0
3074,Reacher,0.07,15,65,25.716115951538086,5.33148193359375,1.2350287437438965,True,True,True,25.093124389648438,0.09891701489686966,False,0,0
3074,Reacher,0.07,16,65,22.36376953125,6.5339813232421875,1.8668133020401,True,True,True,17.237640380859375,0.22921578586101532,False,0,0
3074,Reacher,0.07,17,65,6.5591816902160645,8.58636474609375,3.3308496475219727,False,False,True,4.298962593078613,0.3445885479450226,False,0,0
3074,Reacher,0.07,18,65,3.9284005165100098,4.608642578125,1.1820642948150635,False,False,True,2.931506872177124,0.2537657916545868,False,0,0
3074,Reacher,0.07,19,65,26.120647430419922,9.9034423828125,2.083251476287842,True,True,True,22.681243896484375,0.13167373836040497,False,0,0
3074,Reacher,0.07,20,65,12.662602424621582,6.0989837646484375,0.9313337206840515,True,True,True,11.734460830688477,0.073297880589962,False,0,0
3074,Reacher,0.07,21,65,4.374184608459473,10.394378662109375,1.532620906829834,False,False,True,2.145921230316162,0.5094122886657715,False,14,14
3074,Reacher,0.07,22,65,1.3627347946166992,6.031768798828125,2.1974501609802246,False,False,True,0.7438192367553711,0.45417168736457825,False,0,0
3074,Reacher,0.07,23,65,0.04082202911376953,10.316864013671875,1.8293380737304688,False,False,False,-2.2188398838043213,55.35398483276367,False,0,0
3074,Reacher,0.07,24,65,41.6986198425293,2.0158462524414062,0.39303112030029297,True,True,True,40.79986572265625,0.021553529426455498,False,0,0
3074,Reacher,0.07,25,65,2.680419921875,4.23492431640625,0.7547441720962524,False,False,True,2.401052713394165,0.10422518849372864,False,0,0
3074,Reacher,0.07,26,65,0.23472023010253906,2.64495849609375,0.6419129371643066,False,False,False,-0.8675661087036133,4.696170806884766,False,0,0
3074,Reacher,0.07,27,65,5.7476348876953125,5.2189178466796875,1.4268498420715332,False,False,True,4.639654159545898,0.19277159869670868,False,0,0
3074,Reacher,0.07,28,65,1.5063016414642334,6.164833068847656,1.620375394821167,False,False,True,1.1358768939971924,0.2774558663368225,False,48,48
3074,Reacher,0.07,29,65,1.5964350700378418,14.88104248046875,2.1119399070739746,False,False,False,-1.1348482370376587,1.7108639478683472,False,0,0
3074,Reacher,0.07,30,65,16.02385139465332,16.51354217529297,3.133165121078491,False,False,True,14.214334487915039,0.1953517645597458,False,0,0
3074,Reacher,0.07,31,65,0.07231974601745605,5.349365234375,1.3037681579589844,False,False,False,-0.35027915239334106,5.843478679656982,False,0,0
3074,Reacher,0.07,32,65,10.141307830810547,5.488433837890625,1.1756627559661865,False,False,True,9.400585174560547,0.07304012775421143,False,0,0
3074,Reacher,0.07,33,65,16.18536376953125,14.325897216796875,3.7115607261657715,False,False,True,9.946867942810059,0.3854405879974365,False,0,0
3074,Reacher,0.07,34,65,16.64154815673828,3.08349609375,0.53066086769104,True,True,True,14.983542442321777,0.09963048249483109,False,0,0
3074,Reacher,0.07,35,65,210.38241577148438,13.381942749023438,2.116269588470459,True,True,True,199.54078674316406,0.06612902134656906,False,0,0
3074,Reacher,0.07,36,65,22.073293685913086,9.409271240234375,1.312627911567688,True,True,True,17.3741512298584,0.21288816630840302,False,0,0
3074,Reacher,0.07,37,65,6.101353168487549,1.4725189208984375,0.3432760536670685,True,True,True,5.788456439971924,0.05128316953778267,False,0,0
3074,Reacher,0.07,38,65,7.739923477172852,7.95013427734375,2.3520469665527344,False,False,True,7.043689727783203,0.2151011973619461,False,0,0
3074,Reacher,0.07,39,65,1.0515480041503906,3.037628173828125,0.8697285652160645,False,False,True,0.8172982931137085,0.22276653349399567,False,52,52
3074,Reacher,0.07,40,65,0.13729822635650635,7.970062255859375,1.7152950763702393,False,False,False,-1.0904711484909058,8.942354202270508,False,50,50
3074,Reacher,0.07,41,65,21.85014533996582,2.2302818298339844,0.7892671823501587,True,True,True,18.89085578918457,0.13543571531772614,False,0,0
3074,Reacher,0.07,42,65,54.813724517822266,1.7805023193359375,0.352977991104126,True,True,True,54.421142578125,0.026180827990174294,False,0,0
3074,Reacher,0.07,43,65,2.237783670425415,8.760223388671875,2.3083791732788086,False,False,True,0.1212647557258606,0.9458103775978088,False,0,0
3074,Reacher,0.07,44,65,111.37648010253906,2.630340576171875,0.40440571308135986,True,True,True,108.86902618408203,0.02251332998275757,False,0,0
3074,Reacher,0.07,45,65,41.83228302001953,9.210098266601562,1.7637214660644531,True,True,True,37.52604675292969,0.10724079608917236,False,0,0
3074,Reacher,0.07,46,65,2.197164297103882,6.277191162109375,1.1698557138442993,False,False,True,1.028273105621338,0.5319998860359192,False,0,0
3074,Reacher,0.07,47,65,28.341617584228516,4.930084228515625,1.09051513671875,True,True,True,26.401960372924805,0.08099924027919769,False,0,0
3074,Reacher,0.07,48,65,138.83680725097656,3.912353515625,0.609590470790863,True,True,True,137.9763641357422,0.025913484394550323,False,0,0
3074,Reacher,0.07,49,65,5.543397426605225,1.62237548828125,0.48732995986938477,True,True,True,5.074712753295898,0.08454827219247818,False,0,0
3074,Reacher,0.07,50,65,4.306787967681885,6.7961883544921875,1.9315032958984375,False,False,True,2.3733460903167725,0.44892898201942444,False,0,0
3074,Reacher,0.07,51,65,128.38133239746094,7.4275360107421875,1.4061559438705444,True,True,True,120.74231719970703,0.059502534568309784,False,0,0
3074,Reacher,0.07,52,65,100.30574798583984,2.375457763671875,0.670017421245575,True,True,True,99.12464141845703,0.012028993107378483,False,0,0
3074,Reacher,0.07,53,65,67.24164581298828,9.683639526367188,1.9962787628173828,True,True,True,64.57755279541016,0.08509097993373871,False,0,0
3074,Reacher,0.07,54,65,30.26018524169922,6.12042236328125,1.8435547351837158,True,True,True,25.836288452148438,0.14619529247283936,False,0,0
3074,Reacher,0.07,55,65,28.794069290161133,0.9093017578125,0.2287449836730957,True,True,True,28.53706932067871,0.009249362163245678,False,0,0
3074,Reacher,0.07,56,65,9.265007019042969,4.6646881103515625,1.270583987236023,False,False,True,9.204057693481445,0.09185459464788437,False,0,0
3074,Reacher,0.07,57,65,1.335031270980835,6.843475341796875,2.095738410949707,False,False,True,1.1334483623504639,0.22437512874603271,False,0,0
3074,Reacher,0.07,58,65,29.451576232910156,13.88360595703125,3.966973304748535,True,True,True,19.49950408935547,0.3684491515159607,False,0,0
3074,Reacher,0.07,59,65,154.52052307128906,6.6376495361328125,1.3976914882659912,True,True,True,153.50973510742188,0.04105423018336296,False,0,0
3074,Reacher,0.07,60,65,10.105835914611816,6.3560028076171875,1.1208919286727905,False,False,True,9.795016288757324,0.06197390332818031,False,0,0
3074,Reacher,0.07,61,65,19.243791580200195,3.2362899780273438,0.8533585667610168,True,True,True,18.38042449951172,0.05986616387963295,False,0,0
3074,Reacher,0.07,62,65,15.280973434448242,6.605926513671875,1.9454779624938965,True,True,True,13.667716979980469,0.1055729016661644,False,0,0
3074,Reacher,0.07,63,65,19.52089500427246,7.950531005859375,2.1685338020324707,True,True,True,19.038862228393555,0.09333789348602295,False,0,0
3074,Reacher,0.07,64,65,81.85581970214844,10.21148681640625,1.8084235191345215,True,True,True,79.52287292480469,0.07622310519218445,False,0,0
3074,Reacher,0.07,65,65,46.280521392822266,8.96112060546875,1.9997074604034424,True,True,True,40.67538070678711,0.12111230939626694,False,0,0
3074,Reacher,0.07,66,65,22.261581420898438,5.819854736328125,1.1763465404510498,True,True,True,19.122663497924805,0.14100158214569092,False,0,0
3074,Reacher,0.07,67,65,24.895111083984375,2.8686065673828125,0.77556973695755,True,True,True,23.65297508239746,0.04989476501941681,False,0,0
3074,Reacher,0.07,68,65,37.432926177978516,1.763031005859375,0.4901368319988251,True,True,True,36.225467681884766,0.032256580889225006,False,0,0
3074,Reacher,0.07,69,65,17.239097595214844,2.2935028076171875,0.5466464757919312,True,True,True,17.14713478088379,0.023392295464873314,False,0,0
3074,Reacher,0.07,70,65,3.885265588760376,15.843002319335938,3.50587797164917,False,False,True,1.0141911506652832,0.7389647960662842,False,0,0
3074,Reacher,0.07,71,65,3.269798994064331,7.0387725830078125,1.4861602783203125,False,False,True,0.11083745956420898,0.966102659702301,False,0,0
3074,Reacher,0.07,72,65,39.169246673583984,3.13348388671875,0.6594739556312561,True,True,True,35.79829788208008,0.08606107532978058,False,0,0
3074,Reacher,0.07,73,65,15.356184959411621,4.3500518798828125,1.3289865255355835,True,True,True,13.231486320495605,0.13836108148097992,False,0,0
3074,Reacher,0.07,74,65,58.12565612792969,12.27618408203125,1.5925527811050415,True,True,True,56.49778366088867,0.056669849902391434,False,0,0
3074,Reacher,0.07,75,65,5.045374870300293,17.85650634765625,4.871227741241455,False,False,True,1.276911973953247,0.7469143271446228,False,0,0
3074,Reacher,0.07,76,65,26.373170852661133,1.51470947265625,0.36209288239479065,True,True,True,26.180837631225586,0.014636428095400333,False,0,0
3074,Reacher,0.07,77,65,198.62132263183594,4.8271942138671875,0.7951793074607849,True,True,True,193.63230895996094,0.025118181481957436,False,0,0
3074,Reacher,0.07,78,65,0.12841153144836426,6.0325927734375,1.3930692672729492,False,False,False,-0.47961610555648804,4.734992504119873,False,30,30
3074,Reacher,0.07,79,65,149.69300842285156,3.675872802734375,0.9182232618331909,True,True,True,145.76548767089844,0.02623719908297062,False,0,0
3074,Reacher,0.07,80,65,0.27883970737457275,1.250762939453125,0.29390227794647217,False,False,True,0.21957385540008545,0.2125445157289505,False,0,0
3074,Reacher,0.07,81,65,1.8455228805541992,6.9864959716796875,2.2828257083892822,False,False,True,0.8966038227081299,0.5141735672950745,False,33,33
3074,Reacher,0.07,82,65,56.803131103515625,3.482879638671875,1.0083003044128418,True,True,True,54.08907699584961,0.04777998477220535,False,0,0
3074,Reacher,0.07,83,65,10.810306549072266,7.3039093017578125,2.390202522277832,False,False,True,9.427552223205566,0.20517535507678986,False,0,0
3074,Reacher,0.07,84,65,192.7304229736328,3.788818359375,0.7851715087890625,True,True,True,188.5791473388672,0.02186831645667553,False,0,0
3074,Reacher,0.07,85,65,3.052035331726074,3.13726806640625,0.6903913617134094,False,False,True,2.870175838470459,0.05958632007241249,False,0,0
3074,Reacher,0.07,86,65,5.6985321044921875,30.083084106445312,3.9986038208007812,False,False,True,5.061757564544678,0.18650057911872864,False,0,0
3074,Reacher,0.07,87,65,6.613022327423096,12.510696411132812,3.586371660232544,False,False,True,2.8450050354003906,0.5697875022888184,False,0,0
3074,Reacher,0.07,88,65,5.013423919677734,10.35931396484375,2.9394028186798096,False,False,True,4.366987228393555,0.12894117832183838,False,0,0
3074,Reacher,0.07,89,65,12.653257369995117,11.505615234375,2.6888175010681152,False,False,True,8.89111614227295,0.29732590913772583,False,0,0
3074,Reacher,0.07,90,65,107.40906524658203,1.799774169921875,0.5014376044273376,True,True,True,106.38729858398438,0.015906084328889847,False,0,0
3074,Reacher,0.07,91,65,241.11244201660156,4.960540771484375,1.455949306488037,True,True,True,238.3299560546875,0.01874709315598011,False,0,0
3074,Reacher,0.07,92,65,0.961166262626648,5.515235900878906,1.5109630823135376,False,False,True,0.5417424440383911,0.4363696873188019,False,0,0
3074,Reacher,0.07,93,65,32.671165466308594,5.63470458984375,1.6410822868347168,True,True,True,28.574338912963867,0.1253957897424698,False,0,0
3074,Reacher,0.07,94,65,12.162739753723145,4.1366424560546875,1.3347059488296509,True,True,True,10.20233154296875,0.1611814647912979,False,0,0
3074,Reacher,0.07,95,65,21.06639862060547,11.76751708984375,3.216038703918457,False,False,True,17.101560592651367,0.1882067620754242,False,0,0
3074,Reacher,0.07,96,65,0.327785849571228,1.67913818359375,0.4515102803707123,False,False,True,0.01498192548751831,0.9542935490608215,False,0,0
3074,Reacher,0.07,97,65,59.34169006347656,2.203826904296875,0.4472603499889374,True,True,True,57.247825622558594,0.0352848619222641,False,0,0
3074,Reacher,0.07,98,65,68.85884094238281,6.90887451171875,1.339188814163208,True,True,True,66.1031494140625,0.08667302131652832,False,0,0
3074,Reacher,0.07,99,65,27.55255889892578,12.670745849609375,4.39639139175415,True,True,True,21.995697021484375,0.25730201601982117,False,0,0
3074,Reacher,0.08,0,65,310.6990661621094,4.87469482421875,1.668686866760254,True,True,True,307.2841796875,0.015017399564385414,False,0,0
3074,Reacher,0.08,1,65,44.972896575927734,4.3135833740234375,1.118536114692688,True,True,True,42.668487548828125,0.051239971071481705,False,0,0
3074,Reacher,0.08,2,65,1.5040793418884277,7.3473358154296875,2.128296136856079,False,False,False,-0.5929872989654541,1.3942526578903198,False,0,0
3074,Reacher,0.08,3,65,7.973062515258789,4.179656982421875,1.2994056940078735,False,False,True,7.260120391845703,0.08941882848739624,False,0,0
3074,Reacher,0.08,4,65,0.13023626804351807,2.050506591796875,0.440047949552536,False,False,True,0.006939828395843506,0.9467135667800903,False,0,0
3074,Reacher,0.08,5,65,11.906355857849121,19.04644775390625,5.011476516723633,False,False,True,11.263707160949707,0.10758102685213089,False,0,0
3074,Reacher,0.08,6,65,20.066940307617188,5.965362548828125,1.5924620628356934,True,True,True,15.347591400146484,0.23518027365207672,False,0,0
3074,Reacher,0.08,7,65,0.393451452255249,4.7791748046875,1.3084371089935303,False,False,False,-0.6637637615203857,2.687028408050537,False,40,40
3074,Reacher,0.08,8,65,7.378635406494141,6.8582763671875,1.5067691802978516,False,False,True,4.942358493804932,0.3301798701286316,False,0,0
3074,Reacher,0.08,9,65,81.67974853515625,7.2303466796875,2.612057685852051,True,True,True,74.73097229003906,0.08507347106933594,False,0,0
3074,Reacher,0.08,10,65,22.3776912689209,5.1289825439453125,1.2338775396347046,True,True,True,19.862329483032227,0.11240488290786743,False,0,0
3074,Reacher,0.08,11,65,11.462446212768555,8.802597045898438,2.693335771560669,False,False,True,7.563196182250977,0.3401760756969452,False,0,0
3074,Reacher,0.08,12,65,1.0681047439575195,8.914169311523438,2.323207139968872,False,False,True,0.012974262237548828,0.9901500344276428,False,0,0
3074,Reacher,0.08,13,65,287.5709228515625,1.9097900390625,0.5079513788223267,True,True,True,286.7742614746094,0.006223311647772789,False,0,0
3074,Reacher,0.08,14,65,128.69204711914062,1.69879150390625,0.30879634618759155,True,True,True,127.89372253417969,0.013851946219801903,False,0,0
3074,Reacher,0.08,15,65,22.163928985595703,3.0057220458984375,0.42931318283081055,True,True,True,21.528972625732422,0.03582146763801575,False,0,0
3074,Reacher,0.08,16,65,17.990915298461914,1.6234283447265625,0.3173471987247467,True,True,True,17.605588912963867,0.02141781710088253,False,0,0
3074,Reacher,0.08,17,65,4.545576095581055,6.447540283203125,2.5154247283935547,False,False,True,4.035843849182129,0.13442187011241913,False,0,0
3074,Reacher,0.08,18,65,3.2078773975372314,10.014755249023438,2.7274389266967773,False,False,True,1.433271884918213,0.5532023906707764,False,0,0
3074,Reacher,0.08,19,65,21.41533660888672,9.959854125976562,2.0144431591033936,True,True,True,20.612934112548828,0.0710131898522377,False,0,0
3074,Reacher,0.08,20,65,16.38146209716797,3.992889404296875,0.6887376308441162,True,True,True,15.914973258972168,0.02847665175795555,False,0,0
3074,Reacher,0.08,21,65,2.0470657348632812,2.194091796875,0.4053886830806732,False,False,True,1.8064517974853516,0.11754089593887329,False,14,14
3074,Reacher,0.08,22,65,2.795788288116455,0.546905517578125,0.1693500578403473,True,True,True,2.679201364517212,0.04170091450214386,False,0,0
3074,Reacher,0.08,23,65,0.005264759063720703,8.00506591796875,1.6982507705688477,False,False,False,-2.98504638671875,567.986328125,True,63,0
3074,Reacher,0.08,24,65,45.486873626708984,3.026885986328125,0.5816149115562439,True,True,True,43.79252243041992,0.03724919632077217,False,0,0
3074,Reacher,0.08,25,65,0.7729175090789795,3.229766845703125,0.7496564984321594,False,False,True,0.48330461978912354,0.3747009038925171,False,0,0
3074,Reacher,0.08,26,65,2.99878191947937,7.224365234375,1.6452006101608276,False,False,True,1.5901927947998047,0.46972042322158813,False,0,0
3074,Reacher,0.08,27,65,5.987905502319336,14.579788208007812,5.275540828704834,False,False,True,3.9117960929870605,0.34671711921691895,False,0,0
3074,Reacher,0.08,28,65,1.7479057312011719,5.916412353515625,1.0216883420944214,False,False,True,0.9318701028823853,0.46686479449272156,False,0,0
3074,Reacher,0.08,29,65,7.269118785858154,5.236671447753906,1.1020675897598267,False,False,True,5.583094596862793,0.23194341361522675,False,0,0
3074,Reacher,0.08,30,65,12.762680053710938,14.248977661132812,2.505686044692993,False,False,True,10.289173126220703,0.23828653991222382,False,0,0
3074,Reacher,0.08,31,65,0.16718226671218872,3.573883056640625,0.7495934367179871,False,False,True,0.020137131214141846,0.8795498609542847,False,6,6
3074,Reacher,0.08,32,65,15.269733428955078,3.69232177734375,1.1924999952316284,True,True,True,12.928571701049805,0.16427138447761536,False,0,0
3074,Reacher,0.08,33,65,18.695571899414062,6.3457489013671875,1.578065276145935,True,True,True,16.41316032409668,0.12208304554224014,False,0,0
3074,Reacher,0.08,34,65,15.813021659851074,6.6697235107421875,1.0031615495681763,True,True,True,13.443285942077637,0.14985977113246918,False,0,0
3074,Reacher,0.08,35,65,226.06320190429688,0.9705352783203125,0.15614543855190277,True,True,True,224.92550659179688,0.005032614339143038,False,0,0
3074,Reacher,0.08,36,65,32.8801155090332,5.313232421875,0.9736562371253967,True,True,True,29.96047019958496,0.0887966901063919,False,0,0
3074,Reacher,0.08,37,65,15.607097625732422,0.782745361328125,0.2394612580537796,True,True,True,15.59071159362793,0.00954410433769226,False,0,0
3074,Reacher,0.08,38,65,7.471724510192871,3.3898162841796875,1.1403406858444214,True,True,True,7.010876178741455,0.07700899988412857,False,0,0
3074,Reacher,0.08,39,65,0.41173696517944336,1.945159912109375,0.7251334190368652,False,False,True,0.2232009768486023,0.4579039514064789,False,52,52
3074,Reacher,0.08,40,65,0.5727580785751343,6.7764739990234375,1.734394907951355,False,False,True,0.06297916173934937,0.8900423049926758,False,50,50
3074,Reacher,0.08,41,65,20.819805145263672,2.46356201171875,0.6207945346832275,True,True,True,18.303991317749023,0.12083751708269119,False,0,0
3074,Reacher,0.08,42,65,47.247718811035156,4.7276153564453125,0.7639346122741699,True,True,True,44.66368103027344,0.05469127744436264,False,0,0
3074,Reacher,0.08,43,65,0.867307186126709,3.51593017578125,0.7994909286499023,False,False,True,0.3140072822570801,0.6379514932632446,False,51,51
3074,Reacher,0.08,44,65,94.97026062011719,4.32080078125,0.754212498664856,True,True,True,94.23555755615234,0.02406810037791729,False,0,0
3074,Reacher,0.08,45,65,35.760562896728516,2.1564483642578125,0.5315600037574768,True,True,True,34.65494155883789,0.030917316675186157,False,0,0
3074,Reacher,0.08,46,65,4.695176124572754,9.10595703125,2.673975944519043,False,False,True,3.0250473022460938,0.35571160912513733,False,0,0
3074,Reacher,0.08,47,65,21.328500747680664,1.669097900390625,0.4056321978569031,True,True,True,20.58081817626953,0.03505551815032959,False,0,0
3074,Reacher,0.08,48,65,137.19898986816406,2.826873779296875,0.781803548336029,True,True,True,134.4270782470703,0.020203588530421257,False,0,0
3074,Reacher,0.08,49,65,6.431058406829834,2.903778076171875,0.9111403226852417,True,True,True,5.894170761108398,0.08348357677459717,False,0,0
3074,Reacher,0.08,50,65,2.662062883377075,6.731201171875,1.7858545780181885,False,False,True,1.7641692161560059,0.34467262029647827,False,12,12
3074,Reacher,0.08,51,65,120.6541748046875,4.0360107421875,0.5696898102760315,True,True,True,116.85114288330078,0.03152010217308998,False,0,0
3074,Reacher,0.08,52,65,117.2496337890625,3.854888916015625,1.0424591302871704,True,True,True,116.58666229248047,0.018108230084180832,False,0,0
3074,Reacher,0.08,53,65,61.97100067138672,5.45556640625,0.8905002474784851,True,True,True,60.365325927734375,0.03999418765306473,False,0,0
3074,Reacher,0.08,54,65,31.92995262145996,7.269317626953125,2.0911197662353516,True,True,True,29.315898895263672,0.12340257316827774,False,0,0
3074,Reacher,0.08,55,65,26.280431747436523,10.279815673828125,2.3597803115844727,True,True,True,24.5355281829834,0.12927131354808807,False,0,0
3074,Reacher,0.08,56,65,14.378241539001465,1.359588623046875,0.36232587695121765,True,True,True,14.264538764953613,0.027172064408659935,False,0,0
3074,Reacher,0.08,57,65,3.59382700920105,7.6315460205078125,1.5012933015823364,False,False,True,3.4469590187072754,0.13073037564754486,False,0,0
3074,Reacher,0.08,58,65,28.25591278076172,1.6274261474609375,0.4707719683647156,True,True,True,27.07845687866211,0.041671112179756165,False,0,0
3074,Reacher,0.08,59,65,169.6912841796875,7.3501129150390625,1.2307050228118896,True,True,True,161.2570343017578,0.05099092051386833,False,0,0
3074,Reacher,0.08,60,65,11.571467399597168,4.34625244140625,0.6696528792381287,True,True,True,11.184649467468262,0.04492595046758652,False,0,0
3074,Reacher,0.08,61,65,29.209421157836914,2.6367416381835938,0.627352774143219,True,True,True,28.067659378051758,0.04757170006632805,False,0,0
3074,Reacher,0.08,62,65,6.079803466796875,3.1068649291992188,0.9025810360908508,False,False,True,5.053520202636719,0.16880205273628235,False,0,0
3074,Reacher,0.08,63,65,28.48468780517578,6.148353576660156,1.8836777210235596,True,True,True,26.454513549804688,0.10493586957454681,False,0,0
3074,Reacher,0.08,64,65,74.56641387939453,6.658660888671875,1.2616453170776367,True,True,True,68.6364974975586,0.07952525466680527,False,0,0
3074,Reacher,0.08,65,65,51.412010192871094,6.9577789306640625,1.7049686908721924,True,True,True,47.24098587036133,0.08112935721874237,False,0,0
3074,Reacher,0.08,66,65,13.182978630065918,3.847991943359375,0.7467718720436096,True,True,True,11.313201904296875,0.1418326497077942,False,0,0
3074,Reacher,0.08,67,65,31.67728614807129,5.046714782714844,1.1582674980163574,True,True,True,31.05057716369629,0.04149959608912468,False,0,0
3074,Reacher,0.08,68,65,46.03041076660156,10.378326416015625,2.8494510650634766,True,True,True,42.008056640625,0.0873846784234047,False,0,0
3074,Reacher,0.08,69,65,19.22739028930664,5.412750244140625,1.393871784210205,True,True,True,14.364691734313965,0.2529047727584839,False,0,0
3074,Reacher,0.08,70,65,0.9826635122299194,3.328369140625,0.8125186562538147,False,False,True,0.6163010001182556,0.3728260099887848,False,0,0
3074,Reacher,0.08,71,65,6.621997833251953,10.061271667480469,2.5741846561431885,False,False,True,2.611935615539551,0.6055667996406555,False,0,0
3074,Reacher,0.08,72,65,36.33335494995117,7.10552978515625,1.5569649934768677,True,True,True,28.57497787475586,0.2135331779718399,False,0,0
3074,Reacher,0.08,73,65,12.239666938781738,5.421684265136719,1.7190115451812744,True,True,True,10.471659660339355,0.14444896578788757,False,0,0
3074,Reacher,0.08,74,65,49.23563003540039,5.04443359375,0.8899617791175842,True,True,True,47.66222381591797,0.03195667266845703,False,0,0
3074,Reacher,0.08,75,65,4.516743183135986,10.6785888671875,2.2896249294281006,False,False,True,3.3293447494506836,0.2628881633281708,False,0,0
3074,Reacher,0.08,76,65,21.16197967529297,10.52801513671875,2.9177863597869873,True,True,True,15.742646217346191,0.2560881972312927,False,0,0
3074,Reacher,0.08,77,65,202.5155029296875,6.74993896484375,1.3712389469146729,True,True,True,196.76339721679688,0.031204991042613983,False,0,0
3074,Reacher,0.08,78,65,0.750922441482544,3.7534027099609375,0.8257657289505005,False,False,False,-0.5754356384277344,1.7663049697875977,False,30,30
3074,Reacher,0.08,79,65,126.90074920654297,12.138381958007812,2.493678331375122,True,True,True,126.24610900878906,0.063307024538517,False,0,0
3074,Reacher,0.08,80,65,2.4094104766845703,8.646621704101562,2.648203134536743,False,False,True,1.8680185079574585,0.22469893097877502,False,0,0
3074,Reacher,0.08,81,65,0.858157753944397,2.1994171142578125,0.6805278658866882,False,False,True,0.7358635067939758,0.1425078809261322,False,0,0
3074,Reacher,0.08,82,65,48.38197708129883,3.268829345703125,0.8100877404212952,True,True,True,46.699981689453125,0.03476491570472717,False,0,0
3074,Reacher,0.08,83,65,11.367524147033691,8.282318115234375,2.1892824172973633,False,False,True,8.3655366897583,0.2640845775604248,False,0,0
3074,Reacher,0.08,84,65,187.60462951660156,2.83135986328125,0.3389896750450134,True,True,True,186.3482208251953,0.014109103009104729,False,0,0
3074,Reacher,0.08,85,65,1.4245202541351318,3.920623779296875,1.4915663003921509,False,False,True,1.1774649620056152,0.17343051731586456,False,0,0
3074,Reacher,0.08,86,65,8.669598579406738,12.461044311523438,1.6277310848236084,False,False,True,8.373098373413086,0.06091940775513649,False,0,0
3074,Reacher,0.08,87,65,8.238868713378906,2.939483642578125,0.8491143584251404,True,True,True,7.660851001739502,0.07293805480003357,False,0,0
3074,Reacher,0.08,88,65,5.193153381347656,6.2145233154296875,2.120579719543457,False,False,True,3.4912211894989014,0.3277261555194855,False,0,0
3074,Reacher,0.08,89,65,16.765939712524414,3.5905914306640625,0.8239777684211731,True,True,True,15.629495620727539,0.06778288632631302,False,0,0
3074,Reacher,0.08,90,65,113.54627990722656,12.745025634765625,2.550381660461426,True,True,True,105.52864837646484,0.08383474498987198,False,0,0
3074,Reacher,0.08,91,65,270.6419982910156,4.494873046875,1.2297760248184204,True,True,True,265.1348571777344,0.023290233686566353,False,0,0
3074,Reacher,0.08,92,65,4.88960599899292,7.7302093505859375,2.3101038932800293,False,False,True,2.8591437339782715,0.415260910987854,False,0,0
3074,Reacher,0.08,93,65,25.59537124633789,5.490226745605469,1.8985538482666016,True,True,True,22.716045379638672,0.12100917100906372,False,0,0
3074,Reacher,0.08,94,65,5.894736289978027,3.09716796875,0.6323392391204834,False,False,True,5.784091949462891,0.05140203237533569,False,0,0
3074,Reacher,0.08,95,65,30.17318344116211,3.215057373046875,1.0860570669174194,True,True,True,28.342124938964844,0.060684990137815475,False,0,0
3074,Reacher,0.08,96,65,0.7685503959655762,1.3413925170898438,0.3084254860877991,False,False,True,0.625299334526062,0.18639123439788818,False,0,0
3074,Reacher,0.08,97,65,68.40563201904297,6.6439056396484375,1.0131388902664185,True,True,True,64.05998229980469,0.06352768838405609,False,0,0
3074,Reacher,0.08,98,65,67.00015258789062,15.252288818359375,2.5520782470703125,True,True,True,56.378807067871094,0.1585271805524826,False,0,0
3074,Reacher,0.08,99,65,33.84108352661133,5.962654113769531,1.8857132196426392,True,True,True,31.078475952148438,0.08163473755121231,False,0,0
