training_seed,task,std_key,sample_index,candidate_count,clean_margin,sample_max_drift,sample_mean_drift,coarse_cert_pass,cert_pass,sharp_cert_pass,sharp_cert_slack,sharp_normalized_score,top1_flip,clean_best,noisy_best
3073,Cube,0.0,0,65,17.628250122070312,243.2723846435547,64.67864990234375,False,False,False,-458.4410095214844,27.00604248046875,True,0,50
3073,Cube,0.0,1,65,25.800140380859375,444.1779479980469,147.29237365722656,False,False,False,-798.051025390625,31.187713623046875,True,0,64
3073,Cube,0.0,2,65,28.941967010498047,578.8013916015625,152.5606689453125,False,False,False,-1095.5511474609375,37.856929779052734,True,0,23
3073,Cube,0.0,3,65,30.090566635131836,194.8090057373047,62.70490264892578,False,False,False,-295.4010925292969,10.81706714630127,False,0,0
3073,Cube,0.0,4,65,165.0726776123047,404.26239013671875,78.61810302734375,False,False,False,-484.2554016113281,3.933588981628418,True,0,23
3073,Cube,0.0,5,65,18.95174789428711,302.4119873046875,81.66948699951172,False,False,False,-22.715526580810547,2.1985979080200195,False,0,0
3073,Cube,0.0,6,65,247.84671020507812,400.76953125,67.44863891601562,False,False,False,-286.03564453125,2.1062755584716797,True,0,44
3073,Cube,0.0,7,65,163.82212829589844,269.38323974609375,79.39763641357422,False,False,False,-170.60675048828125,1.9916706085205078,True,0,46
3073,Cube,0.0,8,65,118.28732299804688,321.6313781738281,85.7522201538086,False,False,False,-454.4761657714844,4.842137336730957,True,0,53
3073,Cube,0.0,9,65,18.79441261291504,327.638671875,79.94696807861328,False,False,False,-608.6213989257812,33.38310241699219,True,0,37
3073,Cube,0.0,10,65,41.76125717163086,404.731201171875,82.45620727539062,False,False,False,-704.4495849609375,17.86849594116211,True,0,38
3073,Cube,0.0,11,65,132.2274932861328,375.06817626953125,78.87918090820312,False,False,False,-495.0610656738281,4.744009971618652,True,0,41
3073,Cube,0.0,12,65,56.03764724731445,362.0673828125,77.29568481445312,False,False,False,-647.9754638671875,12.563218116760254,True,0,18
3073,Cube,0.0,13,65,101.0323486328125,377.7339782714844,98.75103759765625,False,False,False,-514.9173583984375,6.096559524536133,True,0,42
3073,Cube,0.0,14,65,147.8328857421875,128.35546875,29.292179107666016,False,False,False,-36.68389129638672,1.2226977348327637,False,0,0
3073,Cube,0.0,15,65,207.39035034179688,489.6087951660156,127.33951568603516,False,False,False,-497.9479675292969,3.2211849689483643,True,0,59
3073,Cube,0.0,16,65,218.9671173095703,189.02560424804688,38.90534973144531,False,False,True,32.07609558105469,0.8535118103027344,False,0,0
3073,Cube,0.0,17,65,12.36935043334961,366.30889892578125,93.509033203125,False,False,False,-650.7266845703125,53.607994079589844,True,0,8
3073,Cube,0.0,18,65,47.36206817626953,370.4986267089844,96.39449310302734,False,False,False,-658.7601318359375,14.90902328491211,True,0,42
3073,Cube,0.0,19,65,73.046630859375,443.9066162109375,81.91219329833984,False,False,False,-672.1270141601562,10.20134162902832,True,0,38
3073,Cube,0.0,20,65,16.103639602661133,383.491943359375,106.83745574951172,False,False,False,-712.66357421875,45.25481414794922,True,0,20
3073,Cube,0.0,21,65,76.21613311767578,348.7385559082031,84.20536804199219,False,False,False,-561.247802734375,8.363897323608398,True,0,52
3073,Cube,0.0,22,65,2.2414021492004395,500.90423583984375,145.0379180908203,False,False,False,-885.9152221679688,347.4607849121094,True,0,30
3073,Cube,0.0,23,65,91.72801971435547,534.2713623046875,155.53997802734375,False,False,False,-858.7467041015625,10.25003719329834,True,0,32
3073,Cube,0.0,24,65,11.121837615966797,298.1823425292969,81.66313171386719,False,False,False,-339.9001770019531,31.561513900756836,True,0,36
3073,Cube,0.0,25,65,36.376243591308594,125.61251831054688,32.47116470336914,False,False,False,-144.13270568847656,4.962275505065918,False,0,0
3073,Cube,0.0,26,65,13.209883689880371,227.3657989501953,40.25456619262695,False,False,False,-85.62409973144531,7.481821060180664,True,0,58
3073,Cube,0.0,27,65,19.328418731689453,450.61029052734375,120.05171203613281,False,False,False,-810.7186279296875,38.786582946777344,True,0,9
3073,Cube,0.0,28,65,38.17683410644531,475.1891784667969,150.63955688476562,False,False,False,-905.7570190429688,24.725303649902344,True,0,18
3073,Cube,0.0,29,65,80.45701599121094,378.66461181640625,76.88395690917969,False,False,False,-584.3967895507812,8.263465881347656,True,0,52
3073,Cube,0.0,30,65,108.06797790527344,427.2153625488281,51.162410736083984,False,False,False,-472.08380126953125,5.368396282196045,True,0,44
3073,Cube,0.0,31,65,96.97862243652344,356.137451171875,84.18830108642578,False,False,False,-513.6838989257812,6.296877861022949,True,0,55
3073,Cube,0.0,32,65,61.88429260253906,365.63238525390625,83.65718078613281,False,False,False,-578.4033813476562,10.34653091430664,True,0,34
3073,Cube,0.0,33,65,8.514810562133789,403.99517822265625,83.28813171386719,False,False,False,-787.5371704101562,93.49028015136719,True,0,49
3073,Cube,0.0,34,65,260.8796081542969,389.0571594238281,70.19291687011719,False,False,False,-260.15777587890625,1.9972329139709473,True,0,9
3073,Cube,0.0,35,65,25.65283966064453,476.91192626953125,127.62774658203125,False,False,False,-860.6309204101562,34.54914855957031,True,0,5
3073,Cube,0.0,36,65,145.17662048339844,322.0268859863281,61.00246810913086,False,False,False,-434.55706787109375,3.9932990074157715,True,0,5
3073,Cube,0.0,37,65,175.8976593017578,349.95916748046875,67.47584533691406,False,False,False,-406.95263671875,3.3135762214660645,True,0,24
3073,Cube,0.0,38,65,38.1096305847168,292.3138122558594,69.595947265625,False,False,False,-441.468505859375,12.584171295166016,False,0,0
3073,Cube,0.0,39,65,251.2764129638672,454.1455078125,83.55387878417969,False,False,False,-450.431640625,2.792574167251587,True,0,4
3073,Cube,0.0,40,65,62.98416519165039,260.3746032714844,94.25745391845703,False,False,False,-373.45819091796875,6.929398059844971,True,0,13
3073,Cube,0.0,41,65,54.51380157470703,334.5559387207031,68.42098236083984,False,False,False,-501.4110412597656,10.186274528503418,True,0,46
3073,Cube,0.0,42,65,222.20892333984375,457.65704345703125,69.58827209472656,False,False,False,-411.9122314453125,2.81132173538208,True,0,27
3073,Cube,0.0,43,65,74.71903991699219,367.37713623046875,97.77901458740234,False,False,False,-587.9894409179688,8.395960807800293,True,0,32
3073,Cube,0.0,44,65,116.11962127685547,360.10589599609375,86.61114501953125,False,False,False,-510.81134033203125,5.241411209106445,True,0,55
3073,Cube,0.0,45,65,66.570556640625,398.21405029296875,90.76409149169922,False,False,False,-687.1293334960938,11.321820259094238,True,0,55
3073,Cube,0.0,46,65,24.859329223632812,371.5242004394531,119.4988784790039,False,False,False,-652.4324951171875,27.244977951049805,True,0,53
3073,Cube,0.0,47,65,156.5193328857422,368.8324890136719,124.71349334716797,False,False,False,-82.23838806152344,1.2349838018417358,True,0,35
3073,Cube,0.0,48,65,89.14063262939453,373.7194519042969,77.78089904785156,False,False,False,-613.246826171875,7.879542827606201,True,0,43
3073,Cube,0.0,49,65,74.0917739868164,516.935791015625,134.63609313964844,False,False,False,-871.0943603515625,12.756964683532715,True,0,7
3073,Cube,0.0,50,65,82.0444107055664,400.6051330566406,95.8412857055664,False,False,False,-611.0703125,8.037610054016113,True,0,54
3073,Cube,0.0,51,65,200.7157440185547,300.36639404296875,78.66765594482422,False,False,False,-197.94985961914062,1.9862197637557983,True,0,46
3073,Cube,0.0,52,65,177.64630126953125,525.352783203125,117.19349670410156,False,False,False,-704.1171875,4.874032974243164,True,0,40
3073,Cube,0.0,53,65,242.47193908691406,201.23133850097656,27.105985641479492,False,False,False,-38.47636413574219,1.1398866176605225,True,0,22
3073,Cube,0.0,54,65,271.1218566894531,454.9825744628906,94.76713562011719,False,False,False,-346.0714111328125,2.276442289352417,True,0,19
3073,Cube,0.0,55,65,36.93124771118164,537.2520751953125,137.43540954589844,False,False,False,-854.9330444335938,23.563613891601562,True,0,36
3073,Cube,0.0,56,65,27.76327133178711,349.55865478515625,125.43338775634766,False,False,False,-657.831298828125,24.694299697875977,True,0,17
3073,Cube,0.0,57,65,30.91004753112793,429.6944580078125,99.49114227294922,False,False,False,-782.6529541015625,26.320341110229492,True,0,43
3073,Cube,0.0,58,65,126.81348419189453,409.5823974609375,64.41695404052734,False,False,False,-534.711669921875,5.2165207862854,True,0,60
3073,Cube,0.0,59,65,8.573765754699707,419.469970703125,179.3432159423828,False,False,False,-808.0939331054688,95.2519302368164,True,0,5
3073,Cube,0.0,60,65,64.67402648925781,166.97073364257812,66.58425903320312,False,False,False,-250.3587188720703,4.871086120605469,True,0,56
3073,Cube,0.0,61,65,243.36949157714844,329.5810241699219,53.10798645019531,False,False,False,-195.39926147460938,1.8028912544250488,True,0,23
3073,Cube,0.0,62,65,41.519920349121094,369.80035400390625,107.03657531738281,False,False,False,-651.511962890625,16.691553115844727,True,0,19
3073,Cube,0.0,63,65,78.53680419921875,361.2272644042969,89.88330841064453,False,False,False,-576.7200927734375,8.343310356140137,True,0,44
3073,Cube,0.0,64,65,51.12635040283203,518.931640625,114.29957580566406,False,False,False,-914.8984985351562,18.894851684570312,True,0,46
3073,Cube,0.0,65,65,111.68073272705078,391.7806091308594,55.52948760986328,False,False,False,-547.5398559570312,5.902724266052246,True,0,54
3073,Cube,0.0,66,65,72.64012145996094,246.728271484375,63.340415954589844,False,False,False,-282.15081787109375,4.884228706359863,True,0,43
3073,Cube,0.0,67,65,75.50059509277344,311.72601318359375,118.7845230102539,False,False,False,-445.17083740234375,6.896256446838379,True,0,9
3073,Cube,0.0,68,65,37.47582244873047,410.83990478515625,120.00603485107422,False,False,False,-689.553955078125,17.73534393310547,True,0,29
3073,Cube,0.0,69,65,230.0839080810547,412.1833801269531,75.02024841308594,False,False,False,-438.3341064453125,2.8060684204101562,True,0,49
3073,Cube,0.0,70,65,33.77101135253906,231.0699005126953,51.497154235839844,False,False,False,-398.1480712890625,12.789640426635742,False,0,0
3073,Cube,0.0,71,65,187.34762573242188,229.67913818359375,45.233943939208984,False,False,False,-213.00564575195312,2.1369540691375732,True,0,5
3073,Cube,0.0,72,65,49.34330749511719,419.76007080078125,113.02970123291016,False,False,False,-710.2718505859375,15.394491195678711,True,0,43
3073,Cube,0.0,73,65,13.021936416625977,476.34161376953125,223.1590576171875,False,False,False,-934.197265625,72.74027252197266,True,0,5
3073,Cube,0.0,74,65,295.65264892578125,398.69036865234375,74.25022888183594,False,False,False,-266.6117858886719,1.9017735719680786,True,0,31
3073,Cube,0.0,75,65,73.29872131347656,250.62548828125,61.87012481689453,False,False,False,-284.96539306640625,4.887726306915283,True,0,45
3073,Cube,0.0,76,65,45.207237243652344,426.74029541015625,126.26116180419922,False,False,False,-749.555908203125,17.580440521240234,True,0,52
3073,Cube,0.0,77,65,14.352538108825684,235.95663452148438,65.83212280273438,False,False,False,-315.0263977050781,22.949176788330078,True,0,24
3073,Cube,0.0,78,65,150.7017059326172,373.7058410644531,83.70748138427734,False,False,False,-422.5069580078125,3.803597927093506,True,0,57
3073,Cube,0.0,79,65,30.5112247467041,420.509033203125,129.06613159179688,False,False,False,-794.4364013671875,27.037513732910156,True,0,35
3073,Cube,0.0,80,65,52.79213333129883,164.76434326171875,53.95235061645508,False,False,False,-197.40902709960938,3.0313448905944824,True,0,45
3073,Cube,0.0,81,65,61.53118896484375,379.3902587890625,77.32798767089844,False,False,False,-646.1224365234375,11.500731468200684,True,0,64
3073,Cube,0.0,82,65,15.552477836608887,408.5408020019531,124.55264282226562,False,False,False,-718.7889404296875,47.21700668334961,True,0,53
3073,Cube,0.0,83,65,266.2663879394531,446.5851135253906,74.44625091552734,False,False,False,-306.5653381347656,2.151348352432251,True,0,34
3073,Cube,0.0,84,65,44.995643615722656,405.817626953125,93.72711181640625,False,False,False,-694.499755859375,16.43482208251953,True,0,60
3073,Cube,0.0,85,65,203.07916259765625,359.8678283691406,76.64958190917969,False,False,False,-369.4064636230469,2.7757439613342285,True,0,52
3073,Cube,0.0,86,65,54.53618621826172,479.42254638671875,179.05230712890625,False,False,False,-841.9462890625,16.052473068237305,True,0,32
3073,Cube,0.0,87,65,148.79925537109375,397.9710693359375,55.217750549316406,False,False,False,-567.477294921875,4.813710689544678,True,0,3
3073,Cube,0.0,88,65,128.24729919433594,394.47613525390625,104.69961547851562,False,False,False,-565.2026977539062,5.407131195068359,True,0,60
3073,Cube,0.0,89,65,188.84323120117188,399.8231201171875,71.69525909423828,False,False,False,-493.9973449707031,3.615912437438965,True,0,27
3073,Cube,0.0,90,65,107.89678192138672,388.55987548828125,78.48477935791016,False,False,False,-598.8148193359375,6.459239482879639,False,0,0
3073,Cube,0.0,91,65,177.72091674804688,260.18017578125,49.54784393310547,False,False,False,-26.50096893310547,1.1491156816482544,False,0,0
3073,Cube,0.0,92,65,24.86627197265625,356.4007568359375,88.0113754272461,False,False,False,-649.7634887695312,27.130313873291016,True,0,6
3073,Cube,0.0,93,65,32.50539016723633,510.992431640625,181.92649841308594,False,False,False,-969.9580078125,30.83991241455078,True,0,44
3073,Cube,0.0,94,65,20.71569061279297,237.84510803222656,89.76728820800781,False,False,False,-411.2336120605469,18.86023712158203,True,0,1
3073,Cube,0.0,95,65,7.047357559204102,223.42208862304688,69.65099334716797,False,False,False,-423.7203369140625,61.12471008300781,True,0,7
3073,Cube,0.0,96,65,138.09576416015625,374.6805114746094,81.31891632080078,False,False,False,-519.8037109375,4.764081001281738,True,0,2
3073,Cube,0.0,97,65,4.655437469482422,357.9810791015625,82.68492889404297,False,False,False,-365.117919921875,79.42827606201172,True,37,10
3073,Cube,0.0,98,65,30.033294677734375,412.8855285644531,125.6279525756836,False,False,False,-740.6790161132812,24.085147857666016,True,0,4
3073,Cube,0.0,99,65,282.9306335449219,353.25714111328125,41.89385986328125,False,False,False,-140.39215087890625,1.4962069988250732,True,0,22
3073,Cube,0.01,0,65,8.198150634765625,123.63995361328125,40.55732345581055,False,False,False,-179.63101196289062,13.78053092956543,True,0,16
3073,Cube,0.01,1,65,40.883670806884766,286.7427062988281,102.2757797241211,False,False,False,-366.0179443359375,9.337830543518066,True,0,5
3073,Cube,0.01,2,65,37.621768951416016,258.2860412597656,63.515663146972656,False,False,False,-352.575439453125,9.801567077636719,True,0,42
3073,Cube,0.01,3,65,66.94075012207031,117.7342529296875,29.51217269897461,False,False,False,-37.507877349853516,1.5603145360946655,False,0,0
3073,Cube,0.01,4,65,147.43724060058594,202.04986572265625,26.859941482543945,False,False,False,-65.03511810302734,1.4411036968231201,False,0,0
3073,Cube,0.01,5,65,31.954662322998047,193.61289978027344,48.47298812866211,False,False,False,-1.7243919372558594,1.02750825881958,False,0,0
3073,Cube,0.01,6,65,228.91387939453125,129.49093627929688,39.31464385986328,False,False,True,96.41980743408203,0.6540473699569702,False,0,0
3073,Cube,0.01,7,65,196.19537353515625,165.34030151367188,44.514678955078125,False,False,True,34.69108581542969,0.8231809139251709,False,0,0
3073,Cube,0.01,8,65,129.8810577392578,213.4766845703125,46.99577713012695,False,False,False,-112.3031005859375,1.6314287185668945,True,0,36
3073,Cube,0.01,9,65,29.142423629760742,86.8160400390625,26.082752227783203,False,False,False,-55.0072021484375,2.8875300884246826,False,0,0
3073,Cube,0.01,10,65,46.17034149169922,90.79623413085938,22.293987274169922,False,False,False,-3.1259689331054688,1.0677051544189453,False,0,0
3073,Cube,0.01,11,65,166.8290252685547,384.3094177246094,60.61423873901367,False,False,False,-393.32391357421875,3.357646942138672,True,0,1
3073,Cube,0.01,12,65,80.9898452758789,207.89779663085938,36.041236877441406,False,False,False,-317.692626953125,4.9226226806640625,False,0,0
3073,Cube,0.01,13,65,134.38955688476562,303.07305908203125,45.609954833984375,False,False,False,-466.50860595703125,4.471316337585449,True,0,33
3073,Cube,0.01,14,65,189.01678466796875,75.77101135253906,17.076900482177734,True,True,True,114.78267669677734,0.3927381932735443,False,0,0
3073,Cube,0.01,15,65,289.8067321777344,408.1339111328125,55.55281066894531,False,False,False,-269.8798522949219,1.8220361471176147,True,0,34
3073,Cube,0.01,16,65,301.30450439453125,187.41610717773438,31.289833068847656,False,False,True,46.050811767578125,0.8561630845069885,False,0,0
3073,Cube,0.01,17,65,29.47186851501465,138.53707885742188,48.028045654296875,False,False,False,-208.69659423828125,8.081212997436523,True,0,41
3073,Cube,0.01,18,65,96.91673278808594,201.59286499023438,52.69858169555664,False,False,False,-222.56704711914062,2.8888845443725586,True,0,46
3073,Cube,0.01,19,65,99.87894439697266,273.97662353515625,59.593772888183594,False,False,False,-347.1571044921875,4.475778579711914,True,0,36
3073,Cube,0.01,20,65,20.4719295501709,302.25982666015625,77.58284759521484,False,False,False,-329.8931884765625,11.27645206451416,True,0,14
3073,Cube,0.01,21,65,53.715087890625,205.438232421875,47.44166946411133,False,False,False,-52.62822723388672,1.6214051246643066,True,0,47
3073,Cube,0.01,22,65,4.845479488372803,232.49755859375,73.5661849975586,False,False,False,-145.52255249023438,16.44315528869629,True,0,63
3073,Cube,0.01,23,65,84.72045135498047,253.11941528320312,65.26641082763672,False,False,False,-392.0277404785156,4.70455265045166,True,0,29
3073,Cube,0.01,24,65,24.121856689453125,127.59918212890625,33.57568359375,False,False,False,-43.73567199707031,1.9563498497009277,False,0,0
3073,Cube,0.01,25,65,50.62340545654297,163.3248291015625,21.62300682067871,False,False,True,27.333913803100586,0.6608123183250427,False,0,0
3073,Cube,0.01,26,65,28.852340698242188,109.24673461914062,21.928855895996094,False,False,True,3.822998046875,0.9012835621833801,False,0,0
3073,Cube,0.01,27,65,30.987354278564453,342.6191101074219,106.15968322753906,False,False,False,-594.740966796875,17.129940032958984,True,0,62
3073,Cube,0.01,28,65,45.07695007324219,195.3829345703125,50.08766555786133,False,False,False,-206.68875122070312,5.517703533172607,False,0,0
3073,Cube,0.01,29,65,66.35479736328125,385.3094482421875,72.7358627319336,False,False,False,-618.1784057617188,10.31625747680664,True,0,7
3073,Cube,0.01,30,65,134.53684997558594,222.5203399658203,36.72466278076172,False,False,False,-180.2466278076172,2.339756488800049,False,0,0
3073,Cube,0.01,31,65,61.17747497558594,66.64791870117188,18.681396484375,False,False,True,43.96091079711914,0.45272350311279297,False,0,0
3073,Cube,0.01,32,65,46.65312194824219,129.04685974121094,41.328887939453125,False,False,False,-78.81072998046875,2.6892917156219482,False,0,0
3073,Cube,0.01,33,65,74.61878967285156,233.5143585205078,66.09485626220703,False,False,False,-343.0179443359375,5.440877437591553,True,0,21
3073,Cube,0.01,34,65,253.37693786621094,332.1202697753906,71.73744201660156,False,False,False,-200.57974243164062,1.534327745437622,True,0,28
3073,Cube,0.01,35,65,24.586883544921875,253.45742797851562,79.45963287353516,False,False,False,-387.755126953125,13.930901527404785,True,0,5
3073,Cube,0.01,36,65,152.01699829101562,114.0687255859375,24.680879592895508,False,False,True,80.44789123535156,0.6743215322494507,False,0,0
3073,Cube,0.01,37,65,121.59283447265625,131.34091186523438,36.475650787353516,False,False,False,-82.92576599121094,1.6819955110549927,False,0,0
3073,Cube,0.01,38,65,37.15670394897461,129.80712890625,26.849794387817383,False,False,False,-77.48994445800781,3.0854904651641846,False,0,0
3073,Cube,0.01,39,65,251.04840087890625,344.59033203125,38.82823944091797,False,False,False,-166.69378662109375,1.6249786615371704,True,0,43
3073,Cube,0.01,40,65,83.32795715332031,156.91888427734375,40.812313079833984,False,False,True,4.708892822265625,0.9497620463371277,False,0,0
3073,Cube,0.01,41,65,59.805458068847656,146.33010864257812,24.883522033691406,False,False,False,-192.88519287109375,3.186506986618042,True,0,2
3073,Cube,0.01,42,65,248.0595703125,222.98886108398438,47.073360443115234,False,False,False,-124.430419921875,1.4617176055908203,False,0,0
3073,Cube,0.01,43,65,64.16641235351562,243.34336853027344,80.51107788085938,False,False,False,-407.9496154785156,7.357681751251221,True,0,50
3073,Cube,0.01,44,65,135.69667053222656,119.68630981445312,27.810327529907227,False,False,False,-67.90630340576172,1.4906384944915771,False,0,0
3073,Cube,0.01,45,65,98.49029541015625,136.13511657714844,43.73284149169922,False,False,True,27.234577178955078,0.7234795689582825,False,0,0
3073,Cube,0.01,46,65,32.89606475830078,247.11566162109375,57.65024948120117,False,False,False,-268.25738525390625,4.658254146575928,True,0,18
3073,Cube,0.01,47,65,174.64898681640625,120.97895812988281,27.76630210876465,False,False,True,61.02040100097656,0.711588978767395,False,0,0
3073,Cube,0.01,48,65,104.72708892822266,294.32879638671875,78.21353912353516,False,False,False,-458.8917236328125,4.850740909576416,True,0,22
3073,Cube,0.01,49,65,98.56693267822266,187.88687133789062,40.74291229248047,False,False,False,-73.16857147216797,1.5476423501968384,True,0,27
3073,Cube,0.01,50,65,66.27894592285156,116.55751037597656,32.15495300292969,False,False,False,-74.2641830444336,2.120479106903076,True,0,54
3073,Cube,0.01,51,65,202.87908935546875,259.3671875,71.91830444335938,False,False,False,-1.8066482543945312,1.008905053138733,False,0,0
3073,Cube,0.01,52,65,183.34182739257812,164.38577270507812,38.99232482910156,False,False,False,-79.05896759033203,1.4312107563018799,False,0,0
3073,Cube,0.01,53,65,311.8057556152344,92.79827880859375,24.35803985595703,True,True,True,166.19189453125,0.4670018255710602,False,0,0
3073,Cube,0.01,54,65,265.85870361328125,310.2196960449219,37.998931884765625,False,False,False,-110.6444091796875,1.41617751121521,True,0,19
3073,Cube,0.01,55,65,44.32168960571289,164.0028076171875,48.923851013183594,False,False,False,-148.29489135742188,4.345876216888428,False,0,0
3073,Cube,0.01,56,65,35.89414596557617,137.1190185546875,42.396366119384766,False,False,False,-158.79324340820312,4.212913513183594,True,0,63
3073,Cube,0.01,57,65,41.15919876098633,326.17144775390625,62.63108825683594,False,False,False,-458.2723388671875,12.13414192199707,True,0,34
3073,Cube,0.01,58,65,157.1639404296875,93.37615203857422,25.353246688842773,False,False,True,16.06800079345703,0.8977628350257874,False,0,0
3073,Cube,0.01,59,65,21.119775772094727,414.78521728515625,125.7060546875,False,False,False,-517.9829711914062,25.525970458984375,True,0,29
3073,Cube,0.01,60,65,63.091434478759766,104.90089416503906,20.71062469482422,False,False,False,-3.950387954711914,1.0626137256622314,False,0,0
3073,Cube,0.01,61,65,291.72113037109375,67.86151123046875,20.347217559814453,True,True,True,225.67160034179688,0.25148943066596985,False,0,0
3073,Cube,0.01,62,65,29.297847747802734,335.9131774902344,91.24303436279297,False,False,False,-418.33331298828125,15.27863597869873,True,0,50
3073,Cube,0.01,63,65,111.1236343383789,243.97422790527344,47.932064056396484,False,False,False,-83.62388610839844,1.6612097024917603,False,0,0
3073,Cube,0.01,64,65,75.24523162841797,254.339599609375,58.77323913574219,False,False,False,-382.0757141113281,6.07774019241333,True,0,12
3073,Cube,0.01,65,65,111.75955200195312,380.3892822265625,46.2993278503418,False,False,False,-545.5089721679688,5.881094932556152,True,0,30
3073,Cube,0.01,66,65,72.71090698242188,145.30813598632812,32.37957000732422,False,False,True,22.44699478149414,0.7700367569923401,False,0,0
3073,Cube,0.01,67,65,72.73628234863281,287.42938232421875,57.59481430053711,False,False,False,-117.92628479003906,2.1777079105377197,False,0,0
3073,Cube,0.01,68,65,46.362213134765625,221.30963134765625,42.8909912109375,False,False,False,-158.31631469726562,3.3407840728759766,True,0,48
3073,Cube,0.01,69,65,202.1087646484375,341.86370849609375,57.50442123413086,False,False,False,-410.1757507324219,3.029480457305908,True,0,53
3073,Cube,0.01,70,65,40.856449127197266,91.05110931396484,21.00782012939453,False,False,False,-101.18212890625,3.476527690887451,False,0,0
3073,Cube,0.01,71,65,197.0575714111328,68.68814086914062,25.99061393737793,True,True,True,117.88632202148438,0.4017671048641205,False,0,0
3073,Cube,0.01,72,65,73.52703857421875,309.1513366699219,86.79003143310547,False,False,False,-471.803466796875,6.168664932250977,True,0,1
3073,Cube,0.01,73,65,16.79755210876465,395.42279052734375,117.86358642578125,False,False,False,-734.0320434570312,44.69874954223633,True,0,20
3073,Cube,0.01,74,65,259.32440185546875,96.58999633789062,28.385351181030273,True,True,True,125.16506958007812,0.5666769742965698,False,0,0
3073,Cube,0.01,75,65,30.531373977661133,121.50166320800781,29.315927505493164,False,False,False,-48.87770080566406,2.600900650024414,False,0,0
3073,Cube,0.01,76,65,35.796142578125,236.5924835205078,68.4619369506836,False,False,False,-391.3790283203125,11.933552742004395,True,0,35
3073,Cube,0.01,77,65,22.363893508911133,132.53866577148438,28.888599395751953,False,False,False,-96.3316650390625,4.585392475128174,True,0,24
3073,Cube,0.01,78,65,153.69180297851562,350.67877197265625,44.58468246459961,False,False,False,-415.3103942871094,3.702228546142578,True,0,14
3073,Cube,0.01,79,65,13.576801300048828,351.94500732421875,91.27342224121094,False,False,False,-571.2908935546875,43.07846450805664,True,0,34
3073,Cube,0.01,80,65,59.471221923828125,114.52951049804688,31.017297744750977,False,False,False,-6.082897186279297,1.1022831201553345,True,0,24
3073,Cube,0.01,81,65,79.35486602783203,202.7901153564453,45.37035369873047,False,False,False,-279.943115234375,3.6891286373138428,True,0,8
3073,Cube,0.01,82,65,17.61065101623535,244.93374633789062,57.826255798339844,False,False,False,-245.2845001220703,10.362858772277832,True,0,25
3073,Cube,0.01,83,65,285.9736328125,48.94091796875,13.42741870880127,True,True,True,261.162353515625,0.1549825668334961,False,0,0
3073,Cube,0.01,84,65,44.6843147277832,335.71527099609375,76.5958251953125,False,False,False,-620.6424560546875,14.889492988586426,True,0,45
3073,Cube,0.01,85,65,179.3484649658203,204.21990966796875,41.130027770996094,False,False,False,-213.14842224121094,2.188459634780884,False,0,0
3073,Cube,0.01,86,65,37.023155212402344,417.1831970214844,87.58383178710938,False,False,False,-619.0601196289062,12.057129859924316,True,0,12
3073,Cube,0.01,87,65,173.96466064453125,169.12063598632812,31.05303955078125,False,False,True,82.95707702636719,0.59256511926651,False,0,0
3073,Cube,0.01,88,65,137.93450927734375,212.53338623046875,49.75531768798828,False,False,False,-60.42822265625,1.4380935430526733,False,0,0
3073,Cube,0.01,89,65,179.05416870117188,101.87741088867188,27.87623405456543,False,False,True,41.65089416503906,0.7673838138580322,False,0,0
3073,Cube,0.01,90,65,120.63087463378906,322.98736572265625,59.61041259765625,False,False,False,-413.6306457519531,3.243072748184204,True,0,51
3073,Cube,0.01,91,65,133.9883575439453,78.7137451171875,18.459562301635742,False,False,True,93.71527862548828,0.3783911466598511,False,0,0
3073,Cube,0.01,92,65,38.773502349853516,301.42755126953125,73.11795043945312,False,False,False,-417.83575439453125,11.743186950683594,True,0,50
3073,Cube,0.01,93,65,36.0512580871582,365.19110107421875,94.078125,False,False,False,-544.1588745117188,15.213685989379883,True,0,19
3073,Cube,0.01,94,65,25.918087005615234,125.31257629394531,28.951377868652344,False,False,False,-26.73802947998047,2.0316359996795654,False,0,0
3073,Cube,0.01,95,65,26.843408584594727,204.81991577148438,39.42182159423828,False,False,False,-78.12129211425781,3.91025972366333,True,56,57
3073,Cube,0.01,96,65,97.42658996582031,103.7890625,26.580888748168945,False,False,True,36.491729736328125,0.7290294766426086,False,0,0
3073,Cube,0.01,97,65,38.89892578125,249.2603302001953,57.63536071777344,False,False,False,-59.77240753173828,2.1278152465820312,True,37,11
3073,Cube,0.01,98,65,40.10984802246094,345.5142517089844,72.45369720458984,False,False,False,-547.106689453125,11.313606262207031,True,0,54
3073,Cube,0.01,99,65,291.458251953125,402.72808837890625,42.361427307128906,False,False,False,-235.12387084960938,1.806715488433838,True,0,22
3073,Cube,0.02,0,65,18.152931213378906,63.30029296875,27.408226013183594,False,False,False,-41.880035400390625,3.307067394256592,True,0,1
3073,Cube,0.02,1,65,36.182926177978516,175.51315307617188,46.43836212158203,False,False,False,-78.41497802734375,2.346651077270508,True,0,27
3073,Cube,0.02,2,65,38.819053649902344,202.76080322265625,52.903141021728516,False,False,False,-41.52313232421875,1.8756630420684814,True,0,42
3073,Cube,0.02,3,65,96.62326049804688,83.2744140625,33.79039001464844,False,False,True,19.24102020263672,0.8693816661834717,False,0,0
3073,Cube,0.02,4,65,206.19342041015625,36.57371520996094,10.523545265197754,True,True,True,176.6486053466797,0.18169061839580536,False,0,0
3073,Cube,0.02,5,65,4.304080963134766,145.48385620117188,32.57742691040039,False,False,False,-27.125118255615234,2.0710513591766357,True,0,39
3073,Cube,0.02,6,65,279.6297302246094,168.30502319335938,24.442020416259766,False,False,True,119.62061309814453,0.6173852682113647,False,0,0
3073,Cube,0.02,7,65,199.71664428710938,135.834228515625,24.571868896484375,False,False,True,120.74668884277344,0.5075753927230835,False,0,0
3073,Cube,0.02,8,65,149.00042724609375,97.798095703125,26.573230743408203,False,False,True,54.73640060424805,0.7052630186080933,False,0,0
3073,Cube,0.02,9,65,17.7023868560791,50.03497314453125,11.421697616577148,False,False,True,3.5107460021972656,0.8016794919967651,False,0,0
3073,Cube,0.02,10,65,34.91803741455078,70.92451477050781,12.802985191345215,False,False,False,-4.4176764488220215,1.126515507698059,False,0,0
3073,Cube,0.02,11,65,140.14169311523438,148.35537719726562,38.66426086425781,False,False,False,-28.552001953125,1.1747921705245972,True,0,37
3073,Cube,0.02,12,65,115.3187255859375,66.70455932617188,24.984060287475586,False,False,True,47.40251159667969,0.5889434814453125,False,0,0
3073,Cube,0.02,13,65,97.18075561523438,238.56736755371094,39.22721862792969,False,False,False,-275.35101318359375,3.833390235900879,False,0,0
3073,Cube,0.02,14,65,230.754638671875,19.15277099609375,5.60732889175415,True,True,True,211.43434143066406,0.08968526870012283,False,0,0
3073,Cube,0.02,15,65,291.40185546875,152.610595703125,39.509849548339844,False,False,True,75.25418853759766,0.771597146987915,False,0,0
3073,Cube,0.02,16,65,269.3203430175781,63.630706787109375,15.714248657226562,True,True,True,165.41073608398438,0.3858216106891632,False,0,0
3073,Cube,0.02,17,65,35.353240966796875,145.70028686523438,39.94142150878906,False,False,False,-138.79452514648438,4.925934791564941,True,0,8
3073,Cube,0.02,18,65,134.66717529296875,107.33934020996094,31.505786895751953,False,False,False,-40.553955078125,1.2879894971847534,False,0,0
3073,Cube,0.02,19,65,157.80319213867188,123.38143920898438,39.44630813598633,False,False,False,-12.792068481445312,1.0720036029815674,False,0,0
3073,Cube,0.02,20,65,18.871461868286133,214.23715209960938,49.394187927246094,False,False,False,-160.30722045898438,2.705723285675049,True,0,31
3073,Cube,0.02,21,65,69.69110107421875,82.80335998535156,22.63892364501953,False,False,True,11.778217315673828,0.8309939503669739,False,0,0
3073,Cube,0.02,22,65,11.581990242004395,104.5833740234375,32.47145080566406,False,False,False,-46.08228302001953,2.690180778503418,False,0,0
3073,Cube,0.02,23,65,111.65453338623047,164.19317626953125,45.44505310058594,False,False,False,-52.084930419921875,1.4664829969406128,True,0,51
3073,Cube,0.02,24,65,21.709854125976562,124.93850708007812,32.85068893432617,False,False,False,-33.910003662109375,2.5619637966156006,False,0,0
3073,Cube,0.02,25,65,54.78316116333008,99.97109985351562,18.638898849487305,False,False,True,49.862998962402344,0.34831854701042175,False,0,0
3073,Cube,0.02,26,65,31.100317001342773,89.32005310058594,16.715408325195312,False,False,True,21.790891647338867,0.44347071647644043,False,0,0
3073,Cube,0.02,27,65,27.730749130249023,158.33126831054688,41.76859664916992,False,False,False,-145.79832458496094,5.853709697723389,True,0,11
3073,Cube,0.02,28,65,63.70802307128906,84.94525146484375,18.801504135131836,False,False,False,-12.294588088989258,1.1929832696914673,False,0,0
3073,Cube,0.02,29,65,92.74183654785156,114.82936096191406,30.266687393188477,False,False,False,-86.92613220214844,1.860851764678955,False,0,0
3073,Cube,0.02,30,65,132.26548767089844,187.27249145507812,41.60002517700195,False,False,False,-114.20429992675781,1.8634474277496338,False,0,0
3073,Cube,0.02,31,65,117.67639923095703,22.92181396484375,5.1938347816467285,True,True,True,112.52101135253906,0.08518029004335403,False,0,0
3073,Cube,0.02,32,65,67.12266540527344,88.84429931640625,23.678478240966797,False,False,True,12.510465621948242,0.8136178255081177,False,0,0
3073,Cube,0.02,33,65,38.72152328491211,199.26951599121094,47.781951904296875,False,False,False,-208.8914031982422,6.394710540771484,True,0,21
3073,Cube,0.02,34,65,268.7242126464844,105.13885498046875,32.8449592590332,True,True,True,175.93006896972656,0.4544544219970703,False,0,0
3073,Cube,0.02,35,65,21.40782928466797,145.14060974121094,49.27932357788086,False,False,False,-78.79901123046875,3.513063430786133,True,0,18
3073,Cube,0.02,36,65,195.7647247314453,54.03131103515625,14.164592742919922,True,True,True,166.853759765625,0.17617648839950562,False,0,0
3073,Cube,0.02,37,65,160.26364135742188,92.82244873046875,19.788963317871094,False,False,True,34.55220413208008,0.7844039797782898,False,0,0
3073,Cube,0.02,38,65,30.357295989990234,101.32952880859375,24.28217315673828,False,False,False,-57.7901611328125,2.9036664962768555,False,0,0
3073,Cube,0.02,39,65,257.354736328125,102.11323547363281,20.942752838134766,True,True,True,112.14369201660156,0.5642446875572205,False,0,0
3073,Cube,0.02,40,65,93.21869659423828,71.99813842773438,23.69394874572754,False,False,True,44.69232177734375,0.6099483966827393,False,0,0
3073,Cube,0.02,41,65,70.7574234008789,79.86843872070312,15.248329162597656,False,False,False,-9.214599609375,1.130228042602539,True,0,2
3073,Cube,0.02,42,65,259.4253234863281,77.24020385742188,17.50873565673828,True,True,True,188.5923614501953,0.2838057577610016,False,0,0
3073,Cube,0.02,43,65,38.56452941894531,104.29324340820312,35.42337417602539,False,False,False,-82.04498291015625,3.1274726390838623,False,0,0
3073,Cube,0.02,44,65,118.59349060058594,62.77919006347656,16.612529754638672,False,False,True,38.68555450439453,0.6737970113754272,False,0,0
3073,Cube,0.02,45,65,57.79214096069336,131.36062622070312,20.283050537109375,False,False,True,18.479726791381836,0.6802380084991455,False,0,0
3073,Cube,0.02,46,65,48.304664611816406,89.72906494140625,24.559112548828125,False,False,False,-24.994426727294922,1.3458689451217651,False,0,0
3073,Cube,0.02,47,65,159.1890411376953,90.60353088378906,23.36956214904785,False,False,True,129.75604248046875,0.39459046721458435,False,0,0
3073,Cube,0.02,48,65,129.41146850585938,126.52044677734375,37.90004348754883,False,False,False,-53.452110290527344,1.413040041923523,True,0,16
3073,Cube,0.02,49,65,59.454856872558594,115.6181640625,25.185314178466797,False,False,True,6.486444473266602,0.8909013867378235,False,0,0
3073,Cube,0.02,50,65,78.00860595703125,126.2353515625,32.92314910888672,False,False,True,3.2203369140625,0.9814949035644531,False,0,0
3073,Cube,0.02,51,65,279.12542724609375,104.50881958007812,35.15245819091797,True,True,True,187.5891876220703,0.41045278310775757,False,0,0
3073,Cube,0.02,52,65,164.95404052734375,60.64019775390625,12.013155937194824,True,True,True,94.31256103515625,0.4282494783401489,False,0,0
3073,Cube,0.02,53,65,260.64117431640625,18.9417724609375,3.805424690246582,True,True,True,247.14678955078125,0.07067545503377914,False,0,0
3073,Cube,0.02,54,65,267.4193420410156,154.77903747558594,26.317712783813477,False,False,True,47.74113464355469,0.8234602212905884,False,0,0
3073,Cube,0.02,55,65,53.5056037902832,120.33985900878906,35.15665054321289,False,False,False,-43.031700134277344,1.8042466640472412,False,0,0
3073,Cube,0.02,56,65,42.41957092285156,86.92306518554688,17.40716552734375,False,False,False,-12.94314956665039,1.3051221370697021,True,0,63
3073,Cube,0.02,57,65,34.46692657470703,126.33200073242188,38.21166229248047,False,False,False,-121.32247161865234,4.519968032836914,True,0,13
3073,Cube,0.02,58,65,165.20834350585938,31.744384765625,8.843436241149902,True,True,True,157.22607421875,0.11359287798404694,False,0,0
3073,Cube,0.02,59,65,15.097969055175781,91.11384582519531,29.053091049194336,False,False,False,-53.02610778808594,3.339663028717041,True,0,40
3073,Cube,0.02,60,65,28.622583389282227,161.5340118408203,28.580690383911133,False,False,False,-73.0252914428711,3.5513172149658203,False,0,0
3073,Cube,0.02,61,65,296.8058166503906,49.456573486328125,10.306011199951172,True,True,True,276.1007995605469,0.1551840901374817,False,0,0
3073,Cube,0.02,62,65,43.86392593383789,206.6593475341797,53.128170013427734,False,False,False,-191.17942810058594,5.092586517333984,True,0,1
3073,Cube,0.02,63,65,92.90568542480469,109.05708312988281,22.693185806274414,False,False,True,49.76149368286133,0.6915910840034485,False,0,0
3073,Cube,0.02,64,65,109.54098510742188,201.2509765625,32.8763313293457,False,False,True,36.79888916015625,0.8723099827766418,False,0,0
3073,Cube,0.02,65,65,124.65386962890625,202.81307983398438,35.867008209228516,False,False,False,-259.31829833984375,3.0803067684173584,True,0,30
3073,Cube,0.02,66,65,89.76803588867188,101.71273803710938,33.4310188293457,False,False,True,22.482383728027344,0.7495502233505249,False,0,0
3073,Cube,0.02,67,65,69.90911102294922,203.1632080078125,29.779598236083984,False,False,True,25.743757247924805,0.7658985257148743,False,0,0
3073,Cube,0.02,68,65,46.42784881591797,119.45750427246094,28.791513442993164,False,False,False,-58.52153015136719,2.2604832649230957,False,0,0
3073,Cube,0.02,69,65,229.97059631347656,170.01329040527344,50.7150764465332,False,False,False,-50.819732666015625,1.220983624458313,False,0,0
3073,Cube,0.02,70,65,53.982582092285156,61.12289047241211,11.371925354003906,False,False,False,-17.59705924987793,1.3259766101837158,False,0,0
3073,Cube,0.02,71,65,206.8703155517578,88.48049926757812,11.596334457397461,True,True,True,100.74661254882812,0.512996256351471,False,0,0
3073,Cube,0.02,72,65,65.11968231201172,129.619384765625,37.771175384521484,False,False,False,-45.3514289855957,1.546584129333496,True,0,31
3073,Cube,0.02,73,65,0.9917201995849609,248.9943084716797,84.11563110351562,False,False,False,-322.75140380859375,298.0669250488281,True,0,18
3073,Cube,0.02,74,65,297.2886047363281,48.25048828125,17.914642333984375,True,True,True,226.77920532226562,0.23717491328716278,False,0,0
3073,Cube,0.02,75,65,39.38174819946289,112.76683044433594,23.698856353759766,False,False,False,-54.541664123535156,2.3849477767944336,False,0,0
3073,Cube,0.02,76,65,96.64234161376953,175.39376831054688,47.86275863647461,False,False,False,-84.56317901611328,1.875011682510376,True,0,35
3073,Cube,0.02,77,65,18.729469299316406,105.61742401123047,30.527360916137695,False,False,False,-86.09223937988281,5.59661865234375,True,0,24
3073,Cube,0.02,78,65,110.93827819824219,179.26629638671875,31.714794158935547,False,False,False,-178.92987060546875,2.61287784576416,False,0,0
3073,Cube,0.02,79,65,12.808408737182617,253.168212890625,62.939361572265625,False,False,False,-375.1783752441406,30.291568756103516,True,0,6
3073,Cube,0.02,80,65,17.273483276367188,83.4122314453125,19.600008010864258,False,False,False,-35.21942901611328,3.0389304161071777,False,0,0
3073,Cube,0.02,81,65,104.67985534667969,116.31571960449219,15.82581901550293,False,False,False,-54.68760681152344,1.5224272012710571,False,0,0
3073,Cube,0.02,82,65,18.00314712524414,121.23281860351562,29.481969833374023,False,False,False,-44.2808723449707,3.459618330001831,False,0,0
3073,Cube,0.02,83,65,294.5721740722656,18.725189208984375,6.269680500030518,True,True,True,282.51092529296875,0.05904325470328331,False,0,0
3073,Cube,0.02,84,65,44.858177185058594,195.51510620117188,44.05830764770508,False,False,False,-194.40155029296875,4.744468688964844,True,0,13
3073,Cube,0.02,85,65,226.9707489013672,82.55473327636719,26.546161651611328,True,True,True,93.75287628173828,0.635171115398407,False,0,0
3073,Cube,0.02,86,65,45.8914909362793,129.322021484375,35.56161117553711,False,False,False,-103.90840148925781,2.8751373291015625,True,0,4
3073,Cube,0.02,87,65,198.66061401367188,122.4752197265625,17.250675201416016,False,False,True,140.38734436035156,0.38258394598960876,False,0,0
3073,Cube,0.02,88,65,131.9737091064453,102.47833251953125,28.1966552734375,False,False,True,70.06634521484375,0.469088613986969,False,0,0
3073,Cube,0.02,89,65,106.5993423461914,76.73095703125,14.817373275756836,False,False,True,38.732688903808594,0.6366516947746277,False,0,0
3073,Cube,0.02,90,65,179.9899139404297,125.94195556640625,29.304834365844727,False,False,True,10.381729125976562,0.9423204660415649,False,0,0
3073,Cube,0.02,91,65,193.12814331054688,26.687530517578125,8.498963356018066,True,True,True,178.2672882080078,0.12825140357017517,False,0,0
3073,Cube,0.02,92,65,38.67069625854492,175.02981567382812,43.37482833862305,False,False,False,-205.80291748046875,5.479905128479004,False,0,0
3073,Cube,0.02,93,65,27.51116943359375,170.97003173828125,58.0776481628418,False,False,False,-209.74179077148438,6.129528999328613,True,0,51
3073,Cube,0.02,94,65,25.95745086669922,146.71734619140625,33.99828338623047,False,False,False,-89.02113342285156,4.367931842803955,False,0,0
3073,Cube,0.02,95,65,13.454838752746582,125.95947265625,24.655532836914062,False,False,False,-24.388126373291016,2.812591314315796,True,0,56
3073,Cube,0.02,96,65,120.04252624511719,95.68634033203125,31.85301971435547,False,False,True,48.920440673828125,0.592474102973938,False,0,0
3073,Cube,0.02,97,65,4.673526763916016,148.77493286132812,44.289615631103516,False,False,False,-82.10204315185547,18.56747055053711,True,37,57
3073,Cube,0.02,98,65,46.76811981201172,153.34725952148438,36.070682525634766,False,False,False,-75.89495086669922,2.5469319820404053,True,0,54
3073,Cube,0.02,99,65,274.46240234375,173.9773406982422,24.86036491394043,False,False,True,29.489547729492188,0.8938407301902771,False,0,0
3073,Cube,0.03,0,65,17.787841796875,33.74607849121094,12.36927318572998,False,False,False,-11.131413459777832,1.6257877349853516,True,0,1
3073,Cube,0.03,1,65,44.391056060791016,122.84820556640625,19.30137062072754,False,False,True,30.588024139404297,0.691698431968689,False,0,0
3073,Cube,0.03,2,65,16.70608139038086,129.38775634765625,24.67706298828125,False,False,False,-17.05520248413086,2.02089786529541,False,0,0
3073,Cube,0.03,3,65,44.07548904418945,48.268150329589844,14.169068336486816,False,False,True,16.848464965820312,0.6177361607551575,False,0,0
3073,Cube,0.03,4,65,159.1411590576172,45.425933837890625,12.029932975769043,True,True,True,133.3756103515625,0.1619037389755249,False,0,0
3073,Cube,0.03,5,65,2.7899131774902344,95.77197265625,24.244808197021484,False,False,True,1.2131710052490234,0.5651581287384033,False,0,0
3073,Cube,0.03,6,65,274.7454833984375,38.557647705078125,8.923327445983887,True,True,True,268.03582763671875,0.11325806379318237,False,0,0
3073,Cube,0.03,7,65,173.2312774658203,89.318359375,14.412840843200684,False,False,True,129.16864013671875,0.2938210368156433,False,0,0
3073,Cube,0.03,8,65,145.12432861328125,64.01258850097656,13.887494087219238,True,True,True,116.62985229492188,0.39172157645225525,False,0,0
3073,Cube,0.03,9,65,14.53003978729248,29.136810302734375,5.628427982330322,False,False,True,5.774207592010498,0.6026021242141724,False,0,0
3073,Cube,0.03,10,65,23.379587173461914,41.926910400390625,9.789329528808594,False,False,True,3.7616472244262695,0.8391054272651672,False,0,0
3073,Cube,0.03,11,65,174.6354217529297,138.72073364257812,28.9366455078125,False,False,False,-41.94300842285156,1.240174651145935,True,0,37
3073,Cube,0.03,12,65,88.17807006835938,83.80159759521484,13.637933731079102,False,False,False,-15.885772705078125,1.180155634880066,False,0,0
3073,Cube,0.03,13,65,93.62773132324219,157.5416259765625,18.80971336364746,False,False,False,-28.73004913330078,1.306854009628296,False,0,0
3073,Cube,0.03,14,65,130.33261108398438,23.008010864257812,5.045987129211426,True,True,True,117.83340454101562,0.14204129576683044,False,0,0
3073,Cube,0.03,15,65,262.2353210449219,108.63534545898438,21.088977813720703,True,True,True,128.73483276367188,0.5090866088867188,False,0,0
3073,Cube,0.03,16,65,246.49282836914062,26.863311767578125,8.854394912719727,True,True,True,206.32443237304688,0.16295967996120453,False,0,0
3073,Cube,0.03,17,65,31.65460968017578,64.58978271484375,17.28501319885254,False,False,False,-33.517555236816406,1.7120695114135742,False,0,0
3073,Cube,0.03,18,65,57.09876251220703,67.8037109375,17.48363494873047,False,False,True,33.77533721923828,0.5756946206092834,False,0,0
3073,Cube,0.03,19,65,72.13422393798828,60.502532958984375,17.01352310180664,False,False,True,36.67629623413086,0.491554856300354,False,0,0
3073,Cube,0.03,20,65,19.96346664428711,77.08796691894531,22.397464752197266,False,False,False,-0.9311923980712891,1.0466448068618774,True,0,31
3073,Cube,0.03,21,65,45.82457733154297,60.99835205078125,15.08478832244873,False,False,True,12.69254207611084,0.7656859159469604,False,0,0
3073,Cube,0.03,22,65,2.2118325233459473,102.05865478515625,22.312068939208984,False,False,False,-1.7145395278930664,1.7751669883728027,False,0,0
3073,Cube,0.03,23,65,62.499717712402344,131.18362426757812,27.775663375854492,False,False,False,-95.09999084472656,2.521606683731079,False,0,0
3073,Cube,0.03,24,65,11.112051010131836,68.91773986816406,14.9934663772583,False,False,False,-16.749168395996094,2.5072977542877197,False,0,0
3073,Cube,0.03,25,65,45.42124557495117,37.124755859375,9.19000244140625,False,False,True,32.561492919921875,0.39980000257492065,False,0,0
3073,Cube,0.03,26,65,18.88330078125,39.171791076660156,8.976171493530273,False,False,True,16.568248748779297,0.24076268076896667,False,0,0
3073,Cube,0.03,27,65,51.895721435546875,103.83163452148438,19.802141189575195,False,False,False,-25.7281436920166,1.4568781852722168,False,0,0
3073,Cube,0.03,28,65,17.302349090576172,49.610443115234375,12.705911636352539,False,False,False,-33.48124694824219,2.9350693225860596,False,0,0
3073,Cube,0.03,29,65,92.25446319580078,55.831573486328125,15.373414993286133,False,False,True,23.375690460205078,0.7606497406959534,False,0,0
3073,Cube,0.03,30,65,145.42971801757812,99.54226684570312,23.655115127563477,False,False,True,20.111595153808594,0.8617091774940491,False,0,0
3073,Cube,0.03,31,65,88.99317169189453,32.9429931640625,8.273749351501465,True,True,True,64.50027465820312,0.27522215247154236,False,0,0
3073,Cube,0.03,32,65,42.44733810424805,56.118560791015625,11.5451021194458,False,False,True,36.52831268310547,0.24015899002552032,False,0,0
3073,Cube,0.03,33,65,43.71937942504883,86.31814575195312,20.23880386352539,False,False,False,-36.41658020019531,1.832961916923523,False,0,0
3073,Cube,0.03,34,65,226.296630859375,59.633697509765625,17.6243896484375,True,True,True,181.91969299316406,0.2772122919559479,False,0,0
3073,Cube,0.03,35,65,34.12428665161133,130.37686157226562,35.485050201416016,False,False,False,-21.586177825927734,1.285081148147583,True,0,18
3073,Cube,0.03,36,65,87.77299499511719,32.36653137207031,10.30146312713623,True,True,True,77.84220123291016,0.1787944883108139,False,0,0
3073,Cube,0.03,37,65,202.21649169921875,48.68833923339844,10.521777153015137,True,True,True,145.4232940673828,0.3025851547718048,False,0,0
3073,Cube,0.03,38,65,29.74398422241211,35.263885498046875,9.456263542175293,False,False,True,7.486642360687256,0.7482972145080566,False,0,0
3073,Cube,0.03,39,65,258.5701599121094,41.94400405883789,9.79762077331543,True,True,True,206.27880859375,0.2144295871257782,False,0,0
3073,Cube,0.03,40,65,70.6980972290039,37.98175048828125,13.243502616882324,False,False,True,48.22685623168945,0.3812723755836487,False,0,0
3073,Cube,0.03,41,65,24.441204071044922,23.312576293945312,6.601590156555176,False,False,True,10.276623725891113,0.5795369148254395,False,0,0
3073,Cube,0.03,42,65,267.4320373535156,37.337921142578125,10.79715633392334,True,True,True,224.3135986328125,0.18270431458950043,False,0,0
3073,Cube,0.03,43,65,43.4359130859375,96.89114379882812,21.60090446472168,False,False,True,9.704543113708496,0.8373778462409973,False,0,0
3073,Cube,0.03,44,65,157.9470672607422,57.72212219238281,10.423975944519043,True,True,True,105.13925170898438,0.413581907749176,False,0,0
3073,Cube,0.03,45,65,79.26290130615234,88.49667358398438,16.50318145751953,False,False,True,48.509220123291016,0.49355214834213257,False,0,0
3073,Cube,0.03,46,65,70.52952575683594,64.30145263671875,16.552141189575195,False,False,True,28.513797760009766,0.6663385629653931,False,0,0
3073,Cube,0.03,47,65,90.6705322265625,38.83351135253906,10.92138385772705,True,True,True,77.05084228515625,0.19466008245944977,False,0,0
3073,Cube,0.03,48,65,110.46833038330078,76.34072875976562,16.790023803710938,False,False,True,22.728378295898438,0.8234938979148865,False,0,0
3073,Cube,0.03,49,65,103.64275360107422,47.69383239746094,13.203530311584473,True,True,True,60.34352493286133,0.44610220193862915,False,0,0
3073,Cube,0.03,50,65,94.23773193359375,97.99697875976562,24.79391860961914,False,False,True,35.56498718261719,0.6754580736160278,False,0,0
3073,Cube,0.03,51,65,229.1238555908203,60.088531494140625,15.049179077148438,True,True,True,218.60690307617188,0.2299199104309082,False,0,0
3073,Cube,0.03,52,65,178.56773376464844,61.40868377685547,14.730957984924316,True,True,True,119.7757339477539,0.33827856183052063,False,0,0
3073,Cube,0.03,53,65,272.89508056640625,41.167236328125,9.210999488830566,True,True,True,223.09027099609375,0.1825053095817566,False,0,0
3073,Cube,0.03,54,65,263.77490234375,30.077117919921875,9.25243854522705,True,True,True,234.4502716064453,0.18160037696361542,False,0,0
3073,Cube,0.03,55,65,22.841999053955078,52.06062316894531,15.33510971069336,False,False,False,-0.840336799621582,1.036789059638977,False,0,0
3073,Cube,0.03,56,65,43.17826461791992,44.56275939941406,13.815386772155762,False,False,True,12.245734214782715,0.725767195224762,False,0,0
3073,Cube,0.03,57,65,39.658443450927734,83.95396423339844,22.22216033935547,False,False,False,-8.729133605957031,1.2201077938079834,True,0,13
3073,Cube,0.03,58,65,213.83157348632812,27.792938232421875,7.025537967681885,True,True,True,172.00497436523438,0.24048654735088348,False,0,0
3073,Cube,0.03,59,65,8.65703010559082,185.5316925048828,38.9100227355957,False,False,False,-58.905067443847656,6.586452484130859,True,0,40
3073,Cube,0.03,60,65,38.84331512451172,89.88845825195312,14.43103313446045,False,False,True,9.403789520263672,0.7579045295715332,False,0,0
3073,Cube,0.03,61,65,300.4530029296875,63.859161376953125,10.851866722106934,True,True,True,288.7701721191406,0.1871769279241562,False,0,0
3073,Cube,0.03,62,65,66.4456558227539,109.44461059570312,30.29100799560547,False,False,False,-20.035694122314453,1.2086853981018066,False,0,0
3073,Cube,0.03,63,65,104.1501235961914,42.817718505859375,8.392912864685059,True,True,True,76.89250946044922,0.2617146968841553,False,0,0
3073,Cube,0.03,64,65,104.45279693603516,80.63688659667969,15.511818885803223,False,False,True,73.24039459228516,0.35424259305000305,False,0,0
3073,Cube,0.03,65,65,79.92520904541016,80.97653198242188,23.863548278808594,False,False,False,-23.567733764648438,1.2948724031448364,False,0,0
3073,Cube,0.03,66,65,80.04878997802734,76.64263916015625,22.856460571289062,False,False,True,58.28203582763672,0.4043073356151581,False,0,0
3073,Cube,0.03,67,65,57.93496322631836,70.30413818359375,16.615236282348633,False,False,True,37.87348175048828,0.3462758958339691,False,0,0
3073,Cube,0.03,68,65,26.627151489257812,49.26947021484375,10.0419282913208,False,False,True,12.457275390625,0.5437625050544739,False,0,0
3073,Cube,0.03,69,65,238.15977478027344,108.68112182617188,23.661344528198242,True,True,True,113.80854797363281,0.5291651487350464,False,0,0
3073,Cube,0.03,70,65,35.418128967285156,60.138458251953125,10.078697204589844,False,False,False,-13.289539337158203,1.3752185106277466,False,0,0
3073,Cube,0.03,71,65,209.29393005371094,91.555419921875,11.310765266418457,True,True,True,111.58247375488281,0.46686235070228577,False,0,0
3073,Cube,0.03,72,65,47.71049880981445,84.75975799560547,26.418960571289062,False,False,False,-10.725754737854004,1.1637033224105835,False,0,0
3073,Cube,0.03,73,65,15.516826629638672,122.30801391601562,33.33125686645508,False,False,False,-35.203529357910156,2.355912685394287,True,0,50
3073,Cube,0.03,74,65,291.46002197265625,24.67425537109375,7.314982891082764,True,True,True,284.6070861816406,0.07424750924110413,False,0,0
3073,Cube,0.03,75,65,53.92618179321289,60.87591552734375,13.61995792388916,False,False,False,-13.019845962524414,1.241438388824463,False,0,0
3073,Cube,0.03,76,65,61.43581771850586,98.21331787109375,27.495317459106445,False,False,False,-61.788604736328125,2.005742311477661,False,0,0
3073,Cube,0.03,77,65,22.456716537475586,61.911865234375,15.67262077331543,False,False,False,-12.268821716308594,1.5463320016860962,False,0,0
3073,Cube,0.03,78,65,146.0684051513672,114.33973693847656,23.110614776611328,False,False,False,-61.72052001953125,1.422545313835144,False,0,0
3073,Cube,0.03,79,65,13.206382751464844,122.95053100585938,22.67144203186035,False,False,False,-67.13850402832031,6.083792209625244,False,0,0
3073,Cube,0.03,80,65,73.36795806884766,51.87042236328125,12.455801010131836,False,False,True,43.29191970825195,0.4484555125236511,False,0,0
3073,Cube,0.03,81,65,81.12440490722656,48.1708984375,12.40087890625,False,False,True,27.891347885131836,0.6561903953552246,False,0,0
3073,Cube,0.03,82,65,23.19271469116211,51.08668518066406,14.837996482849121,False,False,True,10.92740249633789,0.7530013918876648,False,0,0
3073,Cube,0.03,83,65,293.5318603515625,32.203399658203125,6.208410263061523,True,True,True,277.4089050292969,0.08610160648822784,False,0,0
3073,Cube,0.03,84,65,60.180946350097656,106.98735046386719,22.992935180664062,False,False,False,-6.101055145263672,1.068207025527954,False,0,0
3073,Cube,0.03,85,65,272.84088134765625,25.138641357421875,9.041776657104492,True,True,True,247.39862060546875,0.14342285692691803,False,0,0
3073,Cube,0.03,86,65,32.36152648925781,69.73839569091797,22.162403106689453,False,False,True,4.809774398803711,0.8513736724853516,False,0,0
3073,Cube,0.03,87,65,198.50550842285156,76.12118530273438,12.093236923217773,True,True,True,155.39501953125,0.2520168721675873,False,0,0
3073,Cube,0.03,88,65,115.95174407958984,79.09115600585938,18.976816177368164,False,False,True,97.88481140136719,0.23997952044010162,False,0,0
3073,Cube,0.03,89,65,167.5548553466797,32.314239501953125,7.3808112144470215,True,True,True,127.97175598144531,0.23623967170715332,False,0,0
3073,Cube,0.03,90,65,87.77853393554688,107.28530883789062,27.942842483520508,False,False,True,15.283679962158203,0.825883686542511,False,0,0
3073,Cube,0.03,91,65,284.8711853027344,12.860076904296875,3.9363322257995605,True,True,True,279.7582702636719,0.034153424203395844,False,0,0
3073,Cube,0.03,92,65,36.89409637451172,81.14482116699219,16.956314086914062,False,False,False,-11.009727478027344,1.2984143495559692,False,0,0
3073,Cube,0.03,93,65,38.45793533325195,84.07260131835938,27.64484214782715,False,False,False,-50.65692901611328,2.0119822025299072,True,0,51
3073,Cube,0.03,94,65,32.112632751464844,111.6541748046875,16.402320861816406,False,False,True,7.495683193206787,0.8132016062736511,False,0,0
3073,Cube,0.03,95,65,10.284858703613281,67.4216079711914,14.579097747802734,False,False,False,-31.609710693359375,4.073421955108643,True,42,56
3073,Cube,0.03,96,65,166.27723693847656,52.336181640625,15.598928451538086,True,True,True,131.19200134277344,0.2523452341556549,False,0,0
3073,Cube,0.03,97,65,34.38184356689453,115.55322265625,27.661605834960938,False,False,True,21.697830200195312,0.6374415159225464,False,37,37
3073,Cube,0.03,98,65,15.164542198181152,72.74685668945312,16.57037353515625,False,False,False,-28.785301208496094,2.898197889328003,False,0,0
3073,Cube,0.03,99,65,263.5632629394531,69.1653060913086,16.273513793945312,True,True,True,164.98162841796875,0.37403401732444763,False,0,0
3073,Cube,0.04,0,65,16.564767837524414,39.9644775390625,10.538991928100586,False,False,False,-18.97180938720703,2.145311117172241,False,0,0
3073,Cube,0.04,1,65,43.18313980102539,38.752349853515625,11.057095527648926,False,False,True,40.80165481567383,0.19630706310272217,False,0,0
3073,Cube,0.04,2,65,33.336177825927734,73.20928955078125,14.151884078979492,False,False,True,18.142139434814453,0.5095733404159546,False,0,0
3073,Cube,0.04,3,65,45.4768180847168,31.58966064453125,9.656041145324707,False,False,True,33.775901794433594,0.34994783997535706,False,0,0
3073,Cube,0.04,4,65,172.4127960205078,19.1427001953125,5.739042282104492,True,True,True,156.8090057373047,0.09050248563289642,False,0,0
3073,Cube,0.04,5,65,38.542388916015625,89.17514038085938,19.58883285522461,False,False,True,24.212182998657227,0.5399520397186279,False,0,0
3073,Cube,0.04,6,65,231.62254333496094,17.351165771484375,3.901529550552368,True,True,True,217.96873474121094,0.058948565274477005,False,0,0
3073,Cube,0.04,7,65,144.58140563964844,39.99481201171875,6.557067394256592,True,True,True,110.4638671875,0.23597459495067596,False,0,0
3073,Cube,0.04,8,65,129.33538818359375,32.38653564453125,7.867064952850342,True,True,True,120.23665618896484,0.12347093969583511,False,0,0
3073,Cube,0.04,9,65,2.9933433532714844,10.179656982421875,3.458611011505127,False,False,True,1.8041296005249023,0.3972861170768738,False,0,0
3073,Cube,0.04,10,65,29.637298583984375,11.160598754882812,3.2885756492614746,True,True,True,23.108070373535156,0.22030439972877502,False,0,0
3073,Cube,0.04,11,65,179.37002563476562,51.3656005859375,11.533552169799805,True,True,True,110.5646743774414,0.38359448313713074,False,0,0
3073,Cube,0.04,12,65,105.13707733154297,33.10223388671875,3.957477331161499,True,True,True,90.39447784423828,0.15522605180740356,False,0,0
3073,Cube,0.04,13,65,87.38990020751953,83.07315063476562,10.241171836853027,False,False,True,39.553794860839844,0.5473871231079102,False,0,0
3073,Cube,0.04,14,65,218.8800048828125,22.7547607421875,4.568917274475098,True,True,True,215.44140625,0.057162798941135406,False,0,0
3073,Cube,0.04,15,65,269.5878601074219,52.7818603515625,9.82477855682373,True,True,True,214.16026306152344,0.20560124516487122,False,0,0
3073,Cube,0.04,16,65,241.1914520263672,12.183197021484375,3.857311487197876,True,True,True,232.2278289794922,0.04553302749991417,False,0,0
3073,Cube,0.04,17,65,10.388471603393555,46.60255432128906,13.548401832580566,False,False,False,-18.500965118408203,1.7126471996307373,True,0,20
3073,Cube,0.04,18,65,29.286048889160156,21.483078002929688,7.141442775726318,False,False,True,16.380985260009766,0.4406556785106659,False,0,0
3073,Cube,0.04,19,65,53.333290100097656,50.81939697265625,12.823660850524902,False,False,True,29.716861724853516,0.4428083896636963,False,0,0
3073,Cube,0.04,20,65,11.182584762573242,51.930419921875,13.626313209533691,False,False,True,2.6688385009765625,0.7613397240638733,False,0,0
3073,Cube,0.04,21,65,34.76139831542969,28.275802612304688,7.335658550262451,False,False,True,27.942974090576172,0.38098400831222534,False,0,0
3073,Cube,0.04,22,65,0.11924982070922852,24.679412841796875,10.940895080566406,False,False,False,-0.7789211273193359,7.531843185424805,False,63,63
3073,Cube,0.04,23,65,46.826602935791016,117.29678344726562,25.360790252685547,False,False,False,-48.64931869506836,2.0389246940612793,False,0,0
3073,Cube,0.04,24,65,2.1041455268859863,74.81781005859375,15.193319320678711,False,False,False,-15.400514602661133,8.319129943847656,True,38,0
3073,Cube,0.04,25,65,49.69822311401367,16.9842529296875,4.882145881652832,True,True,True,49.14922332763672,0.15222112834453583,False,0,0
3073,Cube,0.04,26,65,5.946021556854248,33.097900390625,6.553146839141846,False,False,True,0.05796217918395996,0.9902519583702087,False,0,0
3073,Cube,0.04,27,65,49.896488189697266,35.539764404296875,11.119354248046875,False,False,True,37.248802185058594,0.407421350479126,False,0,0
3073,Cube,0.04,28,65,32.971649169921875,43.08611297607422,9.9230375289917,False,False,False,-3.1885108947753906,1.0967046022415161,False,0,0
3073,Cube,0.04,29,65,88.62796783447266,37.675262451171875,7.853695869445801,True,True,True,66.3734130859375,0.2511008083820343,False,0,0
3073,Cube,0.04,30,65,174.35719299316406,51.20903015136719,10.80699348449707,True,True,True,111.24867248535156,0.361949622631073,False,0,0
3073,Cube,0.04,31,65,79.98961639404297,13.395751953125,2.173513412475586,True,True,True,77.03516387939453,0.04318065196275711,False,0,0
3073,Cube,0.04,32,65,42.21400451660156,17.229400634765625,4.486239910125732,True,True,True,38.96912384033203,0.07819056510925293,False,0,0
3073,Cube,0.04,33,65,48.44288635253906,28.0045166015625,6.058126926422119,False,False,True,36.55418014526367,0.24541696906089783,False,0,0
3073,Cube,0.04,34,65,244.87709045410156,22.216278076171875,4.419466495513916,True,True,True,231.6224822998047,0.08144582062959671,False,0,0
3073,Cube,0.04,35,65,55.39923858642578,75.08047485351562,16.794633865356445,False,False,True,22.798011779785156,0.5884779095649719,False,0,0
3073,Cube,0.04,36,65,108.69954681396484,15.61846923828125,3.6008658409118652,True,True,True,107.04949188232422,0.060614198446273804,False,0,0
3073,Cube,0.04,37,65,233.20159912109375,14.700927734375,3.8260974884033203,True,True,True,212.479736328125,0.08885813504457474,False,0,0
3073,Cube,0.04,38,65,44.28147888183594,17.4671630859375,5.985103607177734,True,True,True,34.6820182800293,0.21678279340267181,False,0,0
3073,Cube,0.04,39,65,263.1870422363281,22.413421630859375,6.785256862640381,True,True,True,248.73883056640625,0.08554285019636154,False,0,0
3073,Cube,0.04,40,65,85.51619720458984,35.80511474609375,5.92418098449707,True,True,True,73.5119857788086,0.1800430715084076,False,0,0
3073,Cube,0.04,41,65,45.56949996948242,13.587066650390625,2.5784220695495605,True,True,True,33.66373062133789,0.26126617193222046,False,0,0
3073,Cube,0.04,42,65,244.88412475585938,13.412628173828125,4.280830383300781,True,True,True,236.10276794433594,0.04446852579712868,False,0,0
3073,Cube,0.04,43,65,53.80599594116211,34.37060546875,10.133813858032227,False,False,True,31.158382415771484,0.4209124445915222,False,0,0
3073,Cube,0.04,44,65,148.18917846679688,20.498275756835938,4.8290863037109375,True,True,True,126.65664672851562,0.145304337143898,False,0,0
3073,Cube,0.04,45,65,66.80713653564453,27.312530517578125,7.389883041381836,True,True,True,58.27287292480469,0.16219545900821686,False,0,0
3073,Cube,0.04,46,65,74.52250671386719,18.3079833984375,3.9645676612854004,True,True,True,66.72858428955078,0.11184088885784149,False,0,0
3073,Cube,0.04,47,65,137.41128540039062,17.552398681640625,4.636036396026611,True,True,True,131.70419311523438,0.05841989815235138,False,0,0
3073,Cube,0.04,48,65,103.26194763183594,53.20709228515625,12.643321990966797,False,False,True,37.166927337646484,0.6400713920593262,False,0,0
3073,Cube,0.04,49,65,112.61723327636719,28.07171630859375,6.331518173217773,True,True,True,93.58622741699219,0.19048790633678436,False,0,0
3073,Cube,0.04,50,65,80.96782684326172,54.82167053222656,12.843324661254883,False,False,True,64.06350708007812,0.3364833891391754,False,0,0
3073,Cube,0.04,51,65,204.69097900390625,18.80609130859375,6.568459510803223,True,True,True,202.7333526611328,0.048469025641679764,False,0,0
3073,Cube,0.04,52,65,159.61923217773438,19.076309204101562,3.9110119342803955,True,True,True,138.44393920898438,0.13266132771968842,False,0,0
3073,Cube,0.04,53,65,295.22027587890625,17.578277587890625,2.7456846237182617,True,True,True,291.1211853027344,0.054366834461688995,False,0,0
3073,Cube,0.04,54,65,269.9254455566406,20.855987548828125,5.569622993469238,True,True,True,249.9886016845703,0.09331268817186356,False,0,0
3073,Cube,0.04,55,65,1.5269317626953125,59.417083740234375,15.297717094421387,False,False,False,-15.733898162841797,11.3042573928833,True,0,27
3073,Cube,0.04,56,65,31.06558609008789,13.987457275390625,3.3549611568450928,True,True,True,29.18104362487793,0.13350336253643036,False,0,0
3073,Cube,0.04,57,65,41.278011322021484,39.462799072265625,7.792140007019043,False,False,True,22.898420333862305,0.44526347517967224,False,0,0
3073,Cube,0.04,58,65,248.07882690429688,12.685760498046875,3.5302512645721436,True,True,True,232.3004150390625,0.06360239535570145,False,0,0
3073,Cube,0.04,59,65,6.298412799835205,68.6478271484375,17.53912353515625,False,False,False,-0.2502400875091553,1.0397306680679321,False,0,0
3073,Cube,0.04,60,65,55.370704650878906,16.210678100585938,4.778007507324219,True,True,True,40.662879943847656,0.26562467217445374,False,0,0
3073,Cube,0.04,61,65,329.5951843261719,17.375732421875,4.051090717315674,True,True,True,324.1533508300781,0.04890575632452965,False,0,0
3073,Cube,0.04,62,65,51.79972457885742,71.32046508789062,18.012001037597656,False,False,True,25.951560974121094,0.6988207101821899,False,0,0
3073,Cube,0.04,63,65,104.88639831542969,29.74390411376953,6.769053936004639,True,True,True,99.42964935302734,0.23889075219631195,False,0,0
3073,Cube,0.04,64,65,54.288108825683594,34.80499267578125,6.50061559677124,False,False,True,42.80757141113281,0.21147426962852478,False,0,0
3073,Cube,0.04,65,65,88.7260971069336,64.41690063476562,14.144598007202148,False,False,True,26.670434951782227,0.6994071006774902,False,0,0
3073,Cube,0.04,66,65,63.19260025024414,30.657196044921875,9.843009948730469,True,True,True,54.540870666503906,0.2072199285030365,False,0,0
3073,Cube,0.04,67,65,56.258544921875,39.895416259765625,8.73266315460205,False,False,True,50.51806640625,0.12153484672307968,False,0,0
3073,Cube,0.04,68,65,36.23202896118164,27.8472900390625,4.53059720993042,False,False,True,32.370140075683594,0.2648943364620209,False,0,0
3073,Cube,0.04,69,65,255.1262969970703,44.66876220703125,12.07927417755127,True,True,True,208.1781005859375,0.18401943147182465,False,0,0
3073,Cube,0.04,70,65,34.74675750732422,34.421783447265625,6.349564075469971,False,False,True,6.925067901611328,0.8006988763809204,False,0,0
3073,Cube,0.04,71,65,156.05401611328125,28.887283325195312,4.391195297241211,True,True,True,125.53797912597656,0.1955479085445404,False,0,0
3073,Cube,0.04,72,65,16.802764892578125,36.516265869140625,13.752613067626953,False,False,False,-17.059608459472656,2.0152857303619385,False,0,0
3073,Cube,0.04,73,65,12.440382957458496,58.554412841796875,15.8364896774292,False,False,False,-10.657014846801758,1.8566467761993408,True,0,50
3073,Cube,0.04,74,65,323.3384704589844,12.906097412109375,5.054938316345215,True,True,True,315.12109375,0.04543417692184448,False,0,0
3073,Cube,0.04,75,65,24.495105743408203,49.8671875,7.374567031860352,False,False,True,18.3203125,0.2520827054977417,False,0,0
3073,Cube,0.04,76,65,49.21269989013672,31.3544921875,9.636144638061523,False,False,True,21.127117156982422,0.5706978440284729,False,0,0
3073,Cube,0.04,77,65,15.446760177612305,59.03535461425781,14.660820960998535,False,False,False,-29.395477294921875,2.9030191898345947,True,0,55
3073,Cube,0.04,78,65,152.95455932617188,15.46905517578125,3.561901330947876,True,True,True,145.54432678222656,0.06480563431978226,False,0,0
3073,Cube,0.04,79,65,13.236796379089355,83.17286682128906,16.23116683959961,False,False,False,-15.200433731079102,2.1483469009399414,False,0,0
3073,Cube,0.04,80,65,52.45817565917969,48.906219482421875,10.292932510375977,False,False,True,29.635889053344727,0.43505680561065674,False,0,0
3073,Cube,0.04,81,65,61.66503143310547,25.750335693359375,5.3440399169921875,True,True,True,48.303550720214844,0.21667838096618652,False,0,0
3073,Cube,0.04,82,65,26.612642288208008,19.4549560546875,2.829707622528076,False,False,True,26.16170310974121,0.1553957611322403,False,0,0
3073,Cube,0.04,83,65,254.7337646484375,28.265670776367188,3.685607433319092,True,True,True,226.30078125,0.11161842942237854,False,0,0
3073,Cube,0.04,84,65,42.41887664794922,34.46350860595703,7.132290363311768,False,False,True,34.47829055786133,0.5274467468261719,False,0,0
3073,Cube,0.04,85,65,194.67555236816406,19.055755615234375,5.404272556304932,True,True,True,182.83343505859375,0.0843568816781044,False,0,0
3073,Cube,0.04,86,65,44.765193939208984,33.812744140625,11.779041290283203,False,False,True,6.14523983001709,0.8627228140830994,False,0,0
3073,Cube,0.04,87,65,223.1523895263672,24.381591796875,5.548446178436279,True,True,True,196.13259887695312,0.12108222395181656,False,0,0
3073,Cube,0.04,88,65,116.14141845703125,51.399810791015625,10.618416786193848,True,True,True,98.95310974121094,0.14799465239048004,False,0,0
3073,Cube,0.04,89,65,213.9798583984375,8.504913330078125,2.052361249923706,True,True,True,213.7563018798828,0.026207109913229942,False,0,0
3073,Cube,0.04,90,65,104.41474914550781,76.08053588867188,16.508729934692383,False,False,True,85.1566162109375,0.286416232585907,False,0,0
3073,Cube,0.04,91,65,204.2034454345703,13.52239990234375,1.6433161497116089,True,True,True,196.9650115966797,0.05787656083703041,False,0,0
3073,Cube,0.04,92,65,58.0621223449707,46.646392822265625,8.452889442443848,False,False,True,37.5421257019043,0.3608587980270386,False,0,0
3073,Cube,0.04,93,65,16.283817291259766,84.48225402832031,24.864049911499023,False,False,False,-54.48728942871094,3.4196221828460693,True,0,51
3073,Cube,0.04,94,65,18.495285034179688,99.10556030273438,18.082866668701172,False,False,True,7.377119541168213,0.6632218956947327,False,0,0
3073,Cube,0.04,95,65,5.54368782043457,66.95477294921875,12.860343933105469,False,False,False,-13.739734649658203,3.4784467220306396,False,56,56
3073,Cube,0.04,96,65,91.90859985351562,35.053863525390625,9.838592529296875,True,True,True,86.62210845947266,0.15283717215061188,False,0,0
3073,Cube,0.04,97,65,23.546539306640625,79.72015380859375,20.64600944519043,False,False,False,-17.320465087890625,1.7355843782424927,False,37,37
3073,Cube,0.04,98,65,17.741798400878906,72.52851867675781,10.264324188232422,False,False,True,9.130922317504883,0.5480911135673523,False,0,0
3073,Cube,0.04,99,65,268.2452392578125,20.224853515625,7.41732120513916,True,True,True,245.5796661376953,0.1072247102856636,False,0,0
3073,Cube,0.05,0,65,16.687862396240234,13.512237548828125,4.319943428039551,False,False,True,9.227890968322754,0.4470297694206238,False,0,0
3073,Cube,0.05,1,65,40.49742889404297,36.803955078125,8.313045501708984,False,False,True,35.326873779296875,0.15770702064037323,False,0,0
3073,Cube,0.05,2,65,9.35239315032959,21.185089111328125,5.685235023498535,False,False,True,1.385739803314209,0.8518304824829102,False,0,0
3073,Cube,0.05,3,65,52.53804016113281,29.966262817382812,8.311508178710938,False,False,True,35.86125183105469,0.31742316484451294,False,0,0
3073,Cube,0.05,4,65,139.3603973388672,16.192031860351562,3.1419575214385986,True,True,True,122.486572265625,0.12108050286769867,False,0,0
3073,Cube,0.05,5,65,24.27413558959961,36.673583984375,10.000566482543945,False,False,True,15.322580337524414,0.3795076012611389,False,0,0
3073,Cube,0.05,6,65,256.008056640625,24.89044189453125,2.917909860610962,True,True,True,253.31996154785156,0.08977203816175461,False,0,0
3073,Cube,0.05,7,65,230.7387237548828,18.478271484375,4.279163360595703,True,True,True,217.38282775878906,0.05788321793079376,False,0,0
3073,Cube,0.05,8,65,142.6282196044922,33.304351806640625,4.935993194580078,True,True,True,110.37101745605469,0.2360425442457199,False,0,0
3073,Cube,0.05,9,65,18.069955825805664,18.458580017089844,4.5301833152771,False,False,True,6.565621376037598,0.6366553902626038,False,0,0
3073,Cube,0.05,10,65,17.553138732910156,21.82415771484375,3.446575403213501,False,False,True,15.43239974975586,0.12081822007894516,False,0,0
3073,Cube,0.05,11,65,172.6995391845703,30.49468994140625,4.733316898345947,True,True,True,141.1957550048828,0.18241961300373077,False,0,0
3073,Cube,0.05,12,65,97.78787231445312,11.91412353515625,2.288205623626709,True,True,True,96.59891510009766,0.03426876664161682,False,0,0
3073,Cube,0.05,13,65,137.71466064453125,46.27728271484375,7.319334983825684,True,True,True,111.87152099609375,0.1876571625471115,False,0,0
3073,Cube,0.05,14,65,196.97122192382812,5.400848388671875,0.9492260217666626,True,True,True,195.84075927734375,0.01668853498995304,False,0,0
3073,Cube,0.05,15,65,216.42669677734375,22.99737548828125,4.200263023376465,True,True,True,201.19517517089844,0.09122103452682495,False,0,0
3073,Cube,0.05,16,65,235.6859130859375,25.446685791015625,4.172074794769287,True,True,True,217.0548553466797,0.08015912026166916,False,0,0
3073,Cube,0.05,17,65,15.623039245605469,24.123794555664062,5.996502876281738,False,False,True,7.718546390533447,0.5059510469436646,False,0,0
3073,Cube,0.05,18,65,26.584793090820312,17.978988647460938,3.8684542179107666,False,False,True,20.229907989501953,0.23904208838939667,False,0,0
3073,Cube,0.05,19,65,62.25088882446289,26.876007080078125,8.169319152832031,True,True,True,38.72305679321289,0.3779517412185669,False,0,0
3073,Cube,0.05,20,65,11.722391128540039,26.273681640625,5.9586687088012695,False,False,True,5.433601379394531,0.536476731300354,False,0,0
3073,Cube,0.05,21,65,43.605594635009766,6.476287841796875,1.6615651845932007,True,True,True,39.38784408569336,0.10398786514997482,False,0,0
3073,Cube,0.05,22,65,1.1915814876556396,23.033782958984375,4.027956485748291,False,False,True,0.009519338607788086,0.9920111894607544,False,0,0
3073,Cube,0.05,23,65,62.71063995361328,28.74211883544922,6.5374674797058105,True,True,True,50.47584915161133,0.2829970419406891,False,0,0
3073,Cube,0.05,24,65,3.133599281311035,17.701568603515625,3.747558116912842,False,False,True,0.5211131572723389,0.8337014317512512,False,0,0
3073,Cube,0.05,25,65,66.23626708984375,12.226661682128906,3.4156413078308105,True,True,True,59.442527770996094,0.1761721819639206,False,0,0
3073,Cube,0.05,26,65,17.727497100830078,23.985610961914062,4.514274597167969,False,False,True,15.589259147644043,0.16198764741420746,False,0,0
3073,Cube,0.05,27,65,45.45249938964844,30.333877563476562,7.961416244506836,False,False,True,36.987701416015625,0.26599469780921936,False,0,0
3073,Cube,0.05,28,65,25.48961639404297,33.50018310546875,7.045330047607422,False,False,True,7.508872985839844,0.7054144144058228,False,0,0
3073,Cube,0.05,29,65,77.36438751220703,8.422698974609375,1.4232813119888306,True,True,True,73.010009765625,0.05850805342197418,False,0,0
3073,Cube,0.05,30,65,152.94725036621094,14.642120361328125,2.969130277633667,True,True,True,135.7763214111328,0.11226702481508255,False,0,0
3073,Cube,0.05,31,65,98.03004455566406,12.003311157226562,2.167353630065918,True,True,True,84.90160369873047,0.13392260670661926,False,0,0
3073,Cube,0.05,32,65,37.4963493347168,12.899658203125,3.2889223098754883,True,True,True,31.05185890197754,0.17186981439590454,False,0,0
3073,Cube,0.05,33,65,37.88319396972656,18.640472412109375,4.586120128631592,True,True,True,33.37895202636719,0.1194864958524704,False,0,0
3073,Cube,0.05,34,65,249.49627685546875,7.78076171875,3.1245689392089844,True,True,True,245.49887084960938,0.03482278808951378,False,0,0
3073,Cube,0.05,35,65,17.81451416015625,27.273056030273438,7.925003528594971,False,False,True,11.888507843017578,0.33265045285224915,False,0,0
3073,Cube,0.05,36,65,116.43685913085938,14.120452880859375,2.5707755088806152,True,True,True,114.33206939697266,0.045718539506196976,False,0,0
3073,Cube,0.05,37,65,172.03164672851562,6.00469970703125,1.567063808441162,True,True,True,163.89569091796875,0.04729335755109787,False,0,0
3073,Cube,0.05,38,65,58.160072326660156,15.473419189453125,4.051720142364502,True,True,True,49.568336486816406,0.1477256864309311,False,0,0
3073,Cube,0.05,39,65,199.69027709960938,9.906219482421875,1.7673685550689697,True,True,True,196.13381958007812,0.0447055846452713,False,0,0
3073,Cube,0.05,40,65,75.73588562011719,17.113616943359375,4.985213756561279,True,True,True,62.6286735534668,0.17306473851203918,False,0,0
3073,Cube,0.05,41,65,50.710594177246094,7.2343292236328125,1.9237416982650757,True,True,True,46.85706329345703,0.07599063217639923,False,0,0
3073,Cube,0.05,42,65,190.0033416748047,3.864990234375,1.0917770862579346,True,True,True,189.2254180908203,0.010930354706943035,False,0,0
3073,Cube,0.05,43,65,59.57659149169922,15.338516235351562,3.14167857170105,True,True,True,55.26755142211914,0.11105000972747803,False,0,0
3073,Cube,0.05,44,65,143.89622497558594,14.641738891601562,2.7912352085113525,True,True,True,127.5114974975586,0.11386487632989883,False,0,0
3073,Cube,0.05,45,65,43.95948791503906,16.88848876953125,3.6265406608581543,True,True,True,39.04759979248047,0.12529204785823822,False,0,0
3073,Cube,0.05,46,65,69.58146667480469,5.92852783203125,1.3537929058074951,True,True,True,67.03048706054688,0.05111248791217804,False,0,0
3073,Cube,0.05,47,65,130.6465606689453,8.65484619140625,2.2830283641815186,True,True,True,129.24609375,0.04686475172638893,False,0,0
3073,Cube,0.05,48,65,103.51150512695312,38.02452087402344,8.702299118041992,True,True,True,70.3990707397461,0.3198913037776947,False,0,0
3073,Cube,0.05,49,65,93.60392761230469,17.405197143554688,3.8770668506622314,True,True,True,76.67561340332031,0.18085043132305145,False,0,0
3073,Cube,0.05,50,65,69.5599594116211,36.73265075683594,9.10153865814209,False,False,True,60.537200927734375,0.1861388236284256,False,0,0
3073,Cube,0.05,51,65,249.56332397460938,11.32135009765625,3.3152194023132324,True,True,True,245.38912963867188,0.036334551870822906,False,0,0
3073,Cube,0.05,52,65,151.3115692138672,12.280181884765625,2.963477611541748,True,True,True,144.36375427246094,0.0642065703868866,False,0,0
3073,Cube,0.05,53,65,320.1528015136719,6.214019775390625,1.4104820489883423,True,True,True,318.67742919921875,0.019370127469301224,False,0,0
3073,Cube,0.05,54,65,280.3055419921875,5.663360595703125,1.8192986249923706,True,True,True,274.125732421875,0.02204674482345581,False,0,0
3073,Cube,0.05,55,65,26.53015899658203,20.25225830078125,3.789893627166748,False,False,True,21.307987213134766,0.2178829163312912,False,27,27
3073,Cube,0.05,56,65,42.73238754272461,12.433876037597656,3.955919027328491,True,True,True,39.5558967590332,0.15193748474121094,False,0,0
3073,Cube,0.05,57,65,41.4500732421875,35.98651123046875,7.994317054748535,False,False,True,36.236995697021484,0.18804582953453064,False,0,0
3073,Cube,0.05,58,65,249.01531982421875,11.41192626953125,2.0531835556030273,True,True,True,241.8340606689453,0.04619781672954559,False,0,0
3073,Cube,0.05,59,65,0.6338094472885132,10.602005004882812,2.909564733505249,False,False,False,-0.021419763565063477,1.0337952375411987,False,41,41
3073,Cube,0.05,60,65,4.689367294311523,7.827880859375,2.677884340286255,False,False,False,-0.6810369491577148,1.1452300548553467,False,0,0
3073,Cube,0.05,61,65,274.6680908203125,12.47802734375,2.990586519241333,True,True,True,269.0162353515625,0.04073406010866165,False,0,0
3073,Cube,0.05,62,65,38.03529739379883,26.85986328125,6.756311893463135,False,False,True,22.87631607055664,0.40583378076553345,False,0,0
3073,Cube,0.05,63,65,87.04176330566406,34.044464111328125,7.082586288452148,True,True,True,84.4101791381836,0.2665640413761139,False,0,0
3073,Cube,0.05,64,65,84.07039642333984,35.18572998046875,4.799424648284912,True,True,True,66.535400390625,0.20857515931129456,False,0,0
3073,Cube,0.05,65,65,68.10623931884766,14.58685302734375,3.658203601837158,True,True,True,59.24799346923828,0.13006514310836792,False,0,0
3073,Cube,0.05,66,65,40.790061950683594,27.411148071289062,8.503321647644043,False,False,True,37.23198318481445,0.16892464458942413,False,0,0
3073,Cube,0.05,67,65,69.33317565917969,35.95684814453125,5.144871234893799,False,False,True,49.47776794433594,0.2863767147064209,False,0,0
3073,Cube,0.05,68,65,35.51386260986328,26.35211181640625,4.5105719566345215,False,False,True,30.07823944091797,0.15305638313293457,False,0,0
3073,Cube,0.05,69,65,261.6134338378906,15.19354248046875,4.281481742858887,True,True,True,254.37091064453125,0.041048552840948105,False,0,0
3073,Cube,0.05,70,65,47.08349609375,4.83587646484375,1.219866156578064,True,True,True,42.104827880859375,0.10574124753475189,False,0,0
3073,Cube,0.05,71,65,219.12176513671875,11.188934326171875,2.567671775817871,True,True,True,216.92405700683594,0.033014241605997086,False,0,0
3073,Cube,0.05,72,65,25.63141632080078,20.173919677734375,4.728015422821045,False,False,True,18.838653564453125,0.2650170922279358,False,0,0
3073,Cube,0.05,73,65,10.515806198120117,30.678176879882812,7.108360767364502,False,False,True,7.082520484924316,0.32648810744285583,False,0,0
3073,Cube,0.05,74,65,286.74603271484375,4.791168212890625,1.6872267723083496,True,True,True,285.5743408203125,0.016595009714365005,False,0,0
3073,Cube,0.05,75,65,37.19856643676758,33.6939697265625,7.222539901733398,False,False,True,25.79615592956543,0.3065282106399536,False,0,0
3073,Cube,0.05,76,65,38.74953079223633,17.6748046875,4.5355682373046875,True,True,True,34.37519836425781,0.11288738995790482,False,0,0
3073,Cube,0.05,77,65,11.783336639404297,27.424514770507812,7.026215553283691,False,False,False,-1.5847053527832031,1.1344870328903198,True,0,55
3073,Cube,0.05,78,65,147.797607421875,33.216156005859375,5.013422012329102,True,True,True,131.73866271972656,0.13273076713085175,False,0,0
3073,Cube,0.05,79,65,11.565034866333008,35.23402404785156,9.701712608337402,False,False,False,-1.8210935592651367,1.1574654579162598,False,0,0
3073,Cube,0.05,80,65,78.59398651123047,19.7913818359375,2.7206475734710693,True,True,True,74.1658706665039,0.0781300887465477,False,0,0
3073,Cube,0.05,81,65,41.79200744628906,18.6654052734375,3.6267731189727783,True,True,True,30.839935302734375,0.2620614171028137,False,0,0
3073,Cube,0.05,82,65,7.136034965515137,13.7132568359375,3.7564072608947754,False,False,True,4.419254302978516,0.38071295619010925,False,0,0
3073,Cube,0.05,83,65,289.554931640625,7.29254150390625,1.7092376947402954,True,True,True,287.4660339355469,0.028914324939250946,False,0,0
3073,Cube,0.05,84,65,60.697227478027344,15.95758056640625,3.668163537979126,True,True,True,52.727840423583984,0.1711239218711853,False,0,0
3073,Cube,0.05,85,65,193.6239013671875,12.99481201171875,2.320147752761841,True,True,True,185.5467071533203,0.061715275049209595,False,0,0
3073,Cube,0.05,86,65,74.45386505126953,18.53607177734375,5.198102951049805,True,True,True,58.21692657470703,0.2266998291015625,False,0,0
3073,Cube,0.05,87,65,228.24896240234375,9.69287109375,2.313920497894287,True,True,True,223.55723571777344,0.03555025905370712,False,0,0
3073,Cube,0.05,88,65,106.20818328857422,10.9774169921875,3.203711986541748,True,True,True,105.84919738769531,0.03429372236132622,False,0,0
3073,Cube,0.05,89,65,165.49423217773438,9.876800537109375,2.507763147354126,True,True,True,154.4862823486328,0.06651562452316284,False,0,0
3073,Cube,0.05,90,65,106.6507568359375,26.029754638671875,3.8295669555664062,True,True,True,102.69245910644531,0.10270114988088608,False,0,0
3073,Cube,0.05,91,65,243.70809936523438,12.568603515625,3.0491576194763184,True,True,True,239.35928344726562,0.042460016906261444,False,0,0
3073,Cube,0.05,92,65,34.593345642089844,9.392654418945312,2.037205457687378,True,True,True,30.343992233276367,0.12283730506896973,False,0,0
3073,Cube,0.05,93,65,35.528236389160156,23.553558349609375,7.008466720581055,False,False,True,20.445148468017578,0.4245380461215973,False,0,0
3073,Cube,0.05,94,65,30.41400146484375,37.637542724609375,11.016510963439941,False,False,True,20.381528854370117,0.329863578081131,False,0,0
3073,Cube,0.05,95,65,18.643808364868164,30.01556396484375,7.036532878875732,False,False,False,-1.6703834533691406,1.0761545896530151,True,0,56
3073,Cube,0.05,96,65,156.89559936523438,17.974197387695312,3.8064866065979004,True,True,True,138.2705535888672,0.11870978027582169,False,0,0
3073,Cube,0.05,97,65,35.24834442138672,38.425872802734375,10.482624053955078,False,False,True,28.692230224609375,0.27641576528549194,False,37,37
3073,Cube,0.05,98,65,30.309062957763672,68.73263549804688,11.511848449707031,False,False,True,10.279410362243652,0.8001703023910522,False,0,0
3073,Cube,0.05,99,65,258.689453125,8.409912109375,2.4617443084716797,True,True,True,255.32322692871094,0.02512708492577076,False,0,0
3073,Cube,0.06,0,65,15.019124984741211,11.187850952148438,2.4343552589416504,False,False,True,11.098201751708984,0.26106205582618713,False,0,0
3073,Cube,0.06,1,65,37.95410919189453,13.3399658203125,4.548335552215576,True,True,True,35.15255355834961,0.08860955387353897,False,0,0
3073,Cube,0.06,2,65,11.914487838745117,14.101226806640625,3.366450309753418,False,False,True,7.618799686431885,0.36054325103759766,False,0,0
3073,Cube,0.06,3,65,115.59515380859375,25.0390625,4.662326335906982,True,True,True,110.10478973388672,0.17485281825065613,False,0,0
3073,Cube,0.06,4,65,175.37327575683594,9.596527099609375,1.9027901887893677,True,True,True,165.36532592773438,0.057066552340984344,False,0,0
3073,Cube,0.06,5,65,4.38456916809082,24.361679077148438,3.502072811126709,False,False,True,3.523496627807617,0.19638703763484955,False,0,0
3073,Cube,0.06,6,65,280.4779052734375,10.03631591796875,2.1592941284179688,True,True,True,270.43011474609375,0.03582378849387169,False,0,0
3073,Cube,0.06,7,65,147.648193359375,11.522262573242188,1.236331820487976,True,True,True,144.21934509277344,0.051563020795583725,False,0,0
3073,Cube,0.06,8,65,134.93896484375,13.578948974609375,3.5127761363983154,True,True,True,133.28233337402344,0.06044034659862518,False,0,0
3073,Cube,0.06,9,65,41.61692428588867,15.641098022460938,2.615628957748413,True,True,True,33.26776885986328,0.20061923563480377,False,0,0
3073,Cube,0.06,10,65,19.574893951416016,8.85589599609375,2.0096256732940674,True,True,True,18.674236297607422,0.051491979509592056,False,0,0
3073,Cube,0.06,11,65,147.49107360839844,5.6713409423828125,1.3619905710220337,True,True,True,144.15240478515625,0.04495711624622345,False,0,0
3073,Cube,0.06,12,65,118.71212005615234,4.990325927734375,0.6894919872283936,True,True,True,117.0296630859375,0.025204908102750778,False,0,0
3073,Cube,0.06,13,65,94.05239868164062,4.748870849609375,0.9043921828269958,True,True,True,91.31690979003906,0.02908475324511528,False,0,0
3073,Cube,0.06,14,65,200.97824096679688,13.211334228515625,1.8720619678497314,True,True,True,196.39328002929688,0.0637134537100792,False,0,0
3073,Cube,0.06,15,65,281.4576110839844,10.114227294921875,0.8562218546867371,True,True,True,278.83056640625,0.027067702263593674,False,0,0
3073,Cube,0.06,16,65,250.0668182373047,8.614471435546875,1.1351830959320068,True,True,True,244.3619384765625,0.03833954036235809,False,0,0
3073,Cube,0.06,17,65,50.243717193603516,27.470046997070312,7.140954971313477,False,False,True,36.22222900390625,0.31081539392471313,False,0,0
3073,Cube,0.06,18,65,114.0445785522461,10.432632446289062,2.2861950397491455,True,True,True,110.47996520996094,0.06598707288503647,False,0,0
3073,Cube,0.06,19,65,109.35586547851562,27.66363525390625,7.805356025695801,True,True,True,105.96833801269531,0.08885259181261063,False,0,0
3073,Cube,0.06,20,65,35.87556838989258,17.55816650390625,5.393611431121826,True,True,True,31.12981414794922,0.16076675057411194,False,0,0
3073,Cube,0.06,21,65,61.314720153808594,4.2738189697265625,1.10047447681427,True,True,True,60.44901657104492,0.043487727642059326,False,0,0
3073,Cube,0.06,22,65,1.825383186340332,9.00408935546875,2.1926512718200684,False,False,True,1.0903410911560059,0.4026782512664795,False,0,0
3073,Cube,0.06,23,65,41.4577751159668,32.03680419921875,3.9073636531829834,False,False,True,32.37327194213867,0.2191266417503357,False,0,0
3073,Cube,0.06,24,65,17.968734741210938,9.441482543945312,2.90246319770813,False,False,True,10.820472717285156,0.39781665802001953,False,0,0
3073,Cube,0.06,25,65,17.63077163696289,20.047271728515625,2.457143545150757,False,False,True,13.49069881439209,0.23482085764408112,False,0,0
3073,Cube,0.06,26,65,21.865400314331055,5.9617767333984375,1.2495862245559692,True,True,True,20.550304412841797,0.0700376033782959,False,0,0
3073,Cube,0.06,27,65,38.24251174926758,12.732635498046875,3.53316068649292,True,True,True,36.836673736572266,0.12400415539741516,False,0,0
3073,Cube,0.06,28,65,56.041622161865234,9.54901123046875,2.111345052719116,True,True,True,50.64967727661133,0.14518041908740997,False,0,0
3073,Cube,0.06,29,65,77.39738464355469,9.448410034179688,1.897118330001831,True,True,True,73.39414978027344,0.07541481405496597,False,0,0
3073,Cube,0.06,30,65,192.22608947753906,12.162582397460938,2.99654221534729,True,True,True,179.75384521484375,0.06488317251205444,False,0,0
3073,Cube,0.06,31,65,125.01332092285156,3.5316162109375,0.7857822179794312,True,True,True,124.20915985107422,0.01238296553492546,False,0,0
3073,Cube,0.06,32,65,50.232704162597656,18.43365478515625,3.626523494720459,True,True,True,48.31068420410156,0.07362772524356842,False,0,0
3073,Cube,0.06,33,65,31.175554275512695,5.4447021484375,1.3938274383544922,True,True,True,29.1705322265625,0.06431394070386887,False,0,0
3073,Cube,0.06,34,65,272.0889892578125,3.300506591796875,0.9851036667823792,True,True,True,270.8250732421875,0.010136176832020283,False,0,0
3073,Cube,0.06,35,65,49.152915954589844,14.451416015625,3.4315412044525146,True,True,True,39.38152313232422,0.19879582524299622,False,0,0
3073,Cube,0.06,36,65,130.4163818359375,3.5953369140625,0.7823613286018372,True,True,True,130.30909729003906,0.012148835696280003,False,0,0
3073,Cube,0.06,37,65,167.9266815185547,15.696014404296875,3.1670565605163574,True,True,True,148.69625854492188,0.11451677978038788,False,0,0
3073,Cube,0.06,38,65,31.17088508605957,7.37359619140625,2.0879476070404053,True,True,True,30.1389217376709,0.03523242846131325,False,0,0
3073,Cube,0.06,39,65,213.058349609375,7.5234375,1.1394256353378296,True,True,True,211.1446075439453,0.03006393276154995,False,0,0
3073,Cube,0.06,40,65,96.48632049560547,13.129043579101562,2.9595084190368652,True,True,True,90.90638732910156,0.07028274238109589,False,0,0
3073,Cube,0.06,41,65,120.95296478271484,11.098312377929688,1.903954267501831,True,True,True,108.74087524414062,0.10096562653779984,False,0,0
3073,Cube,0.06,42,65,237.1747283935547,17.9638671875,2.03188157081604,True,True,True,234.88401794433594,0.061552874743938446,False,0,0
3073,Cube,0.06,43,65,49.59516143798828,12.501174926757812,2.322016716003418,True,True,True,43.36286544799805,0.12566335499286652,False,0,0
3073,Cube,0.06,44,65,134.71714782714844,10.084609985351562,1.5856765508651733,True,True,True,124.14141082763672,0.07850328087806702,False,0,0
3073,Cube,0.06,45,65,99.01750946044922,9.435028076171875,1.8470432758331299,True,True,True,93.6880874633789,0.053823065012693405,False,0,0
3073,Cube,0.06,46,65,44.40827941894531,19.45770263671875,4.090836048126221,True,True,True,42.321128845214844,0.09025057405233383,False,0,0
3073,Cube,0.06,47,65,170.58489990234375,7.99310302734375,2.384028673171997,True,True,True,168.87347412109375,0.029944537207484245,False,0,0
3073,Cube,0.06,48,65,93.29915618896484,23.120132446289062,5.110761642456055,True,True,True,80.27436828613281,0.139602392911911,False,0,0
3073,Cube,0.06,49,65,126.59927368164062,18.565704345703125,4.310030937194824,True,True,True,121.26749420166016,0.09651324898004532,False,0,0
3073,Cube,0.06,50,65,69.5743408203125,8.65087890625,2.79699444770813,True,True,True,67.34789276123047,0.0514654666185379,False,0,0
3073,Cube,0.06,51,65,252.56649780273438,14.9110107421875,3.3391449451446533,True,True,True,238.41929626464844,0.05601375550031662,False,0,0
3073,Cube,0.06,52,65,190.41128540039062,5.150970458984375,1.5429027080535889,True,True,True,184.99232482910156,0.028459271416068077,False,0,0
3073,Cube,0.06,53,65,284.1955871582031,2.0296630859375,0.6160411238670349,True,True,True,283.3507080078125,0.008131288923323154,False,0,0
3073,Cube,0.06,54,65,293.72467041015625,4.39385986328125,1.7759735584259033,True,True,True,291.1267395019531,0.015041181817650795,False,0,0
3073,Cube,0.06,55,65,14.455596923828125,9.92950439453125,2.3898346424102783,False,False,True,11.540266036987305,0.20167489349842072,False,27,27
3073,Cube,0.06,56,65,34.10504913330078,8.740081787109375,3.0322115421295166,True,True,True,28.62297248840332,0.160740926861763,False,0,0
3073,Cube,0.06,57,65,27.876924514770508,11.375396728515625,2.3524093627929688,True,True,True,26.230751037597656,0.06568101048469543,False,0,0
3073,Cube,0.06,58,65,170.18075561523438,5.861663818359375,1.2258508205413818,True,True,True,167.02142333984375,0.025855645537376404,False,0,0
3073,Cube,0.06,59,65,10.569271087646484,15.02191162109375,2.967050313949585,False,False,True,7.748279094696045,0.2669050693511963,False,0,0
3073,Cube,0.06,60,65,42.574031829833984,8.52899169921875,1.5257114171981812,True,True,True,38.552459716796875,0.09446065127849579,False,0,0
3073,Cube,0.06,61,65,305.615234375,7.939056396484375,2.4361701011657715,True,True,True,305.0603332519531,0.023346267640590668,False,0,0
3073,Cube,0.06,62,65,57.16440963745117,15.35302734375,4.203404903411865,True,True,True,53.92084503173828,0.1320962905883789,False,0,0
3073,Cube,0.06,63,65,85.13744354248047,13.602569580078125,4.015527248382568,True,True,True,84.27471160888672,0.07142912596464157,False,0,0
3073,Cube,0.06,64,65,118.15430450439453,38.887542724609375,6.20793342590332,True,True,True,109.58827209472656,0.12420311570167542,False,0,0
3073,Cube,0.06,65,65,28.780757904052734,22.958740234375,5.172756195068359,False,False,True,18.16101837158203,0.368987500667572,False,0,0
3073,Cube,0.06,66,65,79.62705993652344,16.73248291015625,4.5760817527771,True,True,True,72.77204895019531,0.08777973800897598,False,0,0
3073,Cube,0.06,67,65,42.018836975097656,4.06829833984375,1.2512403726577759,True,True,True,39.64497756958008,0.056495122611522675,False,0,0
3073,Cube,0.06,68,65,25.207233428955078,6.7624969482421875,1.5216964483261108,True,True,True,23.348068237304688,0.07375526428222656,False,0,0
3073,Cube,0.06,69,65,218.71734619140625,2.8609619140625,1.025453805923462,True,True,True,218.18447875976562,0.01249252911657095,False,0,0
3073,Cube,0.06,70,65,37.9697265625,2.3343963623046875,0.44205763936042786,True,True,True,35.60959243774414,0.06215834990143776,False,0,0
3073,Cube,0.06,71,65,182.68360900878906,6.0947265625,1.2308000326156616,True,True,True,179.09445190429688,0.019843459129333496,False,0,0
3073,Cube,0.06,72,65,35.15326690673828,32.49430847167969,5.173610687255859,False,False,True,28.167293548583984,0.1987289935350418,False,0,0
3073,Cube,0.06,73,65,14.249517440795898,9.9403076171875,3.2094619274139404,False,False,True,12.054075241088867,0.262490838766098,False,0,0
3073,Cube,0.06,74,65,270.559326171875,5.039520263671875,1.4854146242141724,True,True,True,267.9980773925781,0.017773915082216263,False,0,0
3073,Cube,0.06,75,65,36.31032180786133,26.921798706054688,5.207402229309082,False,False,True,32.58259582519531,0.20575407147407532,False,0,0
3073,Cube,0.06,76,65,45.659847259521484,5.02691650390625,1.3775538206100464,True,True,True,44.06664276123047,0.03518030047416687,False,0,0
3073,Cube,0.06,77,65,21.402610778808594,8.228302001953125,2.2179880142211914,True,True,True,20.706693649291992,0.04982593283057213,False,0,0
3073,Cube,0.06,78,65,116.08533477783203,13.73919677734375,3.054976463317871,True,True,True,105.51879119873047,0.09102393686771393,False,0,0
3073,Cube,0.06,79,65,18.928180694580078,33.08833312988281,5.021040439605713,False,False,True,8.923391342163086,0.5285658240318298,False,0,0
3073,Cube,0.06,80,65,52.94984817504883,8.538726806640625,1.9561597108840942,True,True,True,48.79058074951172,0.07855105400085449,False,0,0
3073,Cube,0.06,81,65,79.57099914550781,7.98529052734375,2.0731430053710938,True,True,True,77.56371307373047,0.0415857769548893,False,0,0
3073,Cube,0.06,82,65,20.319488525390625,19.637237548828125,3.1873700618743896,False,False,True,17.669368743896484,0.14538028836250305,False,0,0
3073,Cube,0.06,83,65,306.9410705566406,4.54852294921875,1.2037793397903442,True,True,True,304.09625244140625,0.013587729074060917,False,0,0
3073,Cube,0.06,84,65,84.82355499267578,5.98956298828125,2.042825222015381,True,True,True,78.4672622680664,0.0749354436993599,False,0,0
3073,Cube,0.06,85,65,190.36375427246094,5.068695068359375,0.8215072154998779,True,True,True,189.96701049804688,0.013459261506795883,False,0,0
3073,Cube,0.06,86,65,31.591571807861328,15.921768188476562,4.271602153778076,False,False,True,23.734424591064453,0.2487102597951889,False,0,0
3073,Cube,0.06,87,65,192.68374633789062,9.2393798828125,2.2199275493621826,True,True,True,185.9188690185547,0.03510872274637222,False,0,0
3073,Cube,0.06,88,65,132.21221923828125,12.31121826171875,2.567075490951538,True,True,True,130.84547424316406,0.027410170063376427,False,0,0
3073,Cube,0.06,89,65,149.5041961669922,15.64947509765625,3.029766798019409,True,True,True,139.83499145507812,0.06467510014772415,False,0,0
3073,Cube,0.06,90,65,159.873291015625,12.85101318359375,2.406989097595215,True,True,True,153.5628204345703,0.054886043071746826,False,0,0
3073,Cube,0.06,91,65,294.68072509765625,5.27020263671875,1.8625743389129639,True,True,True,293.0551452636719,0.017583059147000313,False,0,0
3073,Cube,0.06,92,65,16.17401123046875,11.9034423828125,2.4370081424713135,False,False,True,6.14361572265625,0.6201550960540771,False,0,0
3073,Cube,0.06,93,65,52.321231842041016,22.660491943359375,5.129428863525391,True,True,True,44.6505012512207,0.29368236660957336,False,0,0
3073,Cube,0.06,94,65,30.453956604003906,17.406021118164062,3.910970449447632,False,False,True,29.264184951782227,0.18158890306949615,False,0,0
3073,Cube,0.06,95,65,3.20513916015625,10.6680908203125,3.0646421909332275,False,False,False,-7.243551254272461,3.2599802017211914,False,56,56
3073,Cube,0.06,96,65,155.16250610351562,18.519805908203125,4.68768310546875,True,True,True,146.33615112304688,0.07102945446968079,False,0,0
3073,Cube,0.06,97,65,7.808956146240234,36.36749267578125,10.20478343963623,False,False,False,-3.8954505920410156,1.4988439083099365,False,0,0
3073,Cube,0.06,98,65,12.675274848937988,17.03631591796875,3.6888339519500732,False,False,True,9.222821235656738,0.27237701416015625,False,0,0
3073,Cube,0.06,99,65,273.0476379394531,4.12451171875,1.160703420639038,True,True,True,271.9525451660156,0.01230935100466013,False,0,0
3073,Cube,0.07,0,65,20.014657974243164,13.676685333251953,2.269756555557251,False,False,True,18.975139617919922,0.19572415947914124,False,0,0
3073,Cube,0.07,1,65,46.529483795166016,16.781417846679688,3.7725558280944824,True,True,True,44.94086837768555,0.0787230134010315,False,0,0
3073,Cube,0.07,2,65,27.024608612060547,19.94189453125,3.60841965675354,False,False,True,18.298002243041992,0.3229133188724518,False,0,0
3073,Cube,0.07,3,65,54.17779541015625,17.147476196289062,4.079360008239746,True,True,True,48.54500961303711,0.1339147835969925,False,0,0
3073,Cube,0.07,4,65,120.66447448730469,11.7127685546875,3.0591237545013428,True,True,True,117.62797546386719,0.05125641077756882,False,0,0
3073,Cube,0.07,5,65,46.15129852294922,9.428237915039062,2.29976487159729,True,True,True,42.282012939453125,0.08383919298648834,False,0,0
3073,Cube,0.07,6,65,283.3314208984375,12.064605712890625,1.6953245401382446,True,True,True,274.0618896484375,0.042276397347450256,False,0,0
3073,Cube,0.07,7,65,133.02655029296875,6.61212158203125,1.9323726892471313,True,True,True,127.12593841552734,0.04435664787888527,False,0,0
3073,Cube,0.07,8,65,143.42755126953125,28.609375,7.327722549438477,True,True,True,122.75080108642578,0.17602142691612244,False,0,0
3073,Cube,0.07,9,65,3.7332143783569336,16.367752075195312,3.9055912494659424,False,False,False,-3.9299607276916504,2.052701711654663,False,0,0
3073,Cube,0.07,10,65,36.11561965942383,4.755523681640625,1.1292463541030884,True,True,True,32.23223114013672,0.10752657800912857,False,0,0
3073,Cube,0.07,11,65,200.17662048339844,11.698211669921875,3.2076306343078613,True,True,True,191.5998077392578,0.05291971564292908,False,0,0
3073,Cube,0.07,12,65,127.26822662353516,15.41583251953125,2.2983360290527344,True,True,True,124.15866088867188,0.08130382001399994,False,0,0
3073,Cube,0.07,13,65,122.91730499267578,9.564605712890625,1.5524635314941406,True,True,True,122.38671112060547,0.027506954967975616,False,0,0
3073,Cube,0.07,14,65,154.92039489746094,7.9033660888671875,1.302817702293396,True,True,True,151.06105041503906,0.04515589028596878,False,0,0
3073,Cube,0.07,15,65,265.0728454589844,8.7288818359375,1.7113444805145264,True,True,True,261.6830139160156,0.027854658663272858,False,0,0
3073,Cube,0.07,16,65,256.6991271972656,5.995330810546875,1.5075933933258057,True,True,True,250.212890625,0.02526787854731083,False,0,0
3073,Cube,0.07,17,65,23.976482391357422,5.584381103515625,1.2539856433868408,True,True,True,22.781532287597656,0.04983839392662048,False,0,0
3073,Cube,0.07,18,65,46.39045715332031,13.57196044921875,3.461236000061035,True,True,True,37.61357879638672,0.18919579684734344,False,0,0
3073,Cube,0.07,19,65,93.18222045898438,7.464752197265625,2.009291410446167,True,True,True,92.16448211669922,0.021198898553848267,False,0,0
3073,Cube,0.07,20,65,27.613204956054688,14.058746337890625,4.861512660980225,False,False,True,23.07053565979004,0.16451075673103333,False,0,0
3073,Cube,0.07,21,65,34.78907775878906,6.609039306640625,1.5540508031845093,True,True,True,31.91461181640625,0.08262553066015244,False,0,0
3073,Cube,0.07,22,65,2.3135838508605957,10.39306640625,1.9365164041519165,False,False,True,1.8095874786376953,0.21784228086471558,False,56,56
3073,Cube,0.07,23,65,99.25721740722656,25.84625244140625,4.536910533905029,True,True,True,90.01602172851562,0.13759885728359222,False,0,0
3073,Cube,0.07,24,65,13.586435317993164,11.790359497070312,1.682287573814392,False,False,True,13.519352912902832,0.08604715019464493,False,0,0
3073,Cube,0.07,25,65,51.9547233581543,18.914947509765625,3.545595645904541,True,True,True,38.444847106933594,0.26003172993659973,False,0,0
3073,Cube,0.07,26,65,23.150081634521484,9.024032592773438,2.322376251220703,True,True,True,18.274757385253906,0.21059644222259521,False,0,0
3073,Cube,0.07,27,65,42.25914001464844,10.12701416015625,3.1332199573516846,True,True,True,39.91986083984375,0.07728161662817001,False,0,0
3073,Cube,0.07,28,65,57.57907485961914,9.317626953125,2.384509801864624,True,True,True,50.69051742553711,0.11963647603988647,False,0,0
3073,Cube,0.07,29,65,70.08243560791016,11.906936645507812,2.6703860759735107,True,True,True,65.40957641601562,0.10534017533063889,False,0,0
3073,Cube,0.07,30,65,81.72763061523438,11.993438720703125,3.039949417114258,True,True,True,76.01995086669922,0.069837786257267,False,0,0
3073,Cube,0.07,31,65,99.40640258789062,6.264411926269531,1.303692102432251,True,True,True,94.13317108154297,0.06131776049733162,False,0,0
3073,Cube,0.07,32,65,47.5460319519043,3.0115966796875,0.8968550562858582,True,True,True,46.68645477294922,0.01807880587875843,False,0,0
3073,Cube,0.07,33,65,28.06510353088379,7.29595947265625,1.4166570901870728,True,True,True,24.25975227355957,0.13559016585350037,False,0,0
3073,Cube,0.07,34,65,255.92881774902344,4.281219482421875,1.6229393482208252,True,True,True,254.3447723388672,0.014583900570869446,False,0,0
3073,Cube,0.07,35,65,24.186080932617188,5.05548095703125,1.7663229703903198,True,True,True,20.70090675354004,0.14409834146499634,False,18,18
3073,Cube,0.07,36,65,79.5145492553711,10.10797119140625,2.7199227809906006,True,True,True,73.81356048583984,0.0716974288225174,False,0,0
3073,Cube,0.07,37,65,249.85818481445312,7.1851806640625,1.2452266216278076,True,True,True,246.33328247070312,0.028175555169582367,False,0,0
3073,Cube,0.07,38,65,48.180973052978516,5.933837890625,1.6339608430862427,True,True,True,46.71421432495117,0.03247931972146034,False,0,0
3073,Cube,0.07,39,65,228.3439483642578,1.092315673828125,0.29860740900039673,True,True,True,226.85853576660156,0.00650513730943203,False,0,0
3073,Cube,0.07,40,65,82.57477569580078,16.478469848632812,5.352015972137451,True,True,True,69.2067642211914,0.16188979148864746,False,0,0
3073,Cube,0.07,41,65,76.6778335571289,8.600479125976562,1.4797859191894531,True,True,True,70.9159164428711,0.075144462287426,False,0,0
3073,Cube,0.07,42,65,302.26812744140625,3.676483154296875,0.9618785977363586,True,True,True,299.7012023925781,0.00998623576015234,False,0,0
3073,Cube,0.07,43,65,51.480533599853516,4.5867156982421875,1.1954154968261719,True,True,True,50.53163146972656,0.040447380393743515,False,0,0
3073,Cube,0.07,44,65,116.81228637695312,8.525848388671875,1.4874093532562256,True,True,True,108.1174087524414,0.07443463802337646,False,0,0
3073,Cube,0.07,45,65,60.079811096191406,13.385284423828125,3.2253758907318115,True,True,True,58.30630874633789,0.09834083169698715,False,0,0
3073,Cube,0.07,46,65,56.91985321044922,11.79156494140625,2.3326854705810547,True,True,True,54.95420837402344,0.06375991553068161,False,0,0
3073,Cube,0.07,47,65,132.47914123535156,11.737701416015625,2.6324923038482666,True,True,True,131.4056854248047,0.04806547611951828,False,0,0
3073,Cube,0.07,48,65,106.24276733398438,7.051971435546875,0.8043504953384399,True,True,True,105.48418426513672,0.030007630586624146,False,0,0
3073,Cube,0.07,49,65,101.9653549194336,4.6185302734375,1.2000502347946167,True,True,True,97.3044204711914,0.045710932463407516,False,0,0
3073,Cube,0.07,50,65,76.74412536621094,11.076446533203125,3.7462399005889893,True,True,True,73.34274291992188,0.061595626175403595,False,0,0
3073,Cube,0.07,51,65,266.0202941894531,7.652618408203125,1.5349522829055786,True,True,True,264.81201171875,0.02394814044237137,False,0,0
3073,Cube,0.07,52,65,198.65476989746094,7.075653076171875,1.8314337730407715,True,True,True,198.45956420898438,0.026071172207593918,False,0,0
3073,Cube,0.07,53,65,312.29937744140625,2.55755615234375,0.7659969329833984,True,True,True,311.3090515136719,0.009622380137443542,False,0,0
3073,Cube,0.07,54,65,322.9231872558594,4.528350830078125,1.4269905090332031,True,True,True,321.8601989746094,0.012390333227813244,False,0,0
3073,Cube,0.07,55,65,5.160717010498047,6.722991943359375,1.9937940835952759,False,False,True,3.1317710876464844,0.3931519389152527,False,27,27
3073,Cube,0.07,56,65,25.84033203125,3.392547607421875,0.609405517578125,True,True,True,25.515079498291016,0.022484393790364265,False,0,0
3073,Cube,0.07,57,65,42.392398834228516,11.996612548828125,2.1612582206726074,True,True,True,38.207454681396484,0.10971017926931381,False,0,0
3073,Cube,0.07,58,65,201.5207061767578,5.782440185546875,0.7959685921669006,True,True,True,195.28314208984375,0.030952448025345802,False,0,0
3073,Cube,0.07,59,65,1.1396002769470215,12.369171142578125,2.7169089317321777,False,False,True,0.5952434539794922,0.4776734709739685,False,0,0
3073,Cube,0.07,60,65,19.381973266601562,5.726470947265625,1.536639928817749,True,True,True,17.91087532043457,0.07590029388666153,False,0,0
3073,Cube,0.07,61,65,324.91876220703125,10.55841064453125,3.214301109313965,True,True,True,316.626220703125,0.04343467578291893,False,0,0
3073,Cube,0.07,62,65,36.662784576416016,10.87017822265625,2.8949782848358154,True,True,True,31.52111053466797,0.15687328577041626,False,0,0
3073,Cube,0.07,63,65,113.58331298828125,16.791702270507812,3.8201615810394287,True,True,True,99.81533813476562,0.12121476978063583,False,0,0
3073,Cube,0.07,64,65,109.45059967041016,13.961029052734375,3.925079822540283,True,True,True,102.62242126464844,0.06370124965906143,False,0,0
3073,Cube,0.07,65,65,35.970863342285156,10.749320983886719,1.9915904998779297,True,True,True,24.96550750732422,0.30595195293426514,False,0,0
3073,Cube,0.07,66,65,63.75108337402344,6.931304931640625,2.6546366214752197,True,True,True,58.348812103271484,0.08474008738994598,False,0,0
3073,Cube,0.07,67,65,63.24030303955078,12.64312744140625,1.386247158050537,True,True,True,62.337440490722656,0.037265438586473465,False,0,0
3073,Cube,0.07,68,65,22.80339813232422,7.6509552001953125,1.8797123432159424,True,True,True,22.01525115966797,0.0977148562669754,False,0,0
3073,Cube,0.07,69,65,219.35255432128906,6.072265625,2.1611976623535156,True,True,True,212.8665771484375,0.029568767175078392,False,0,0
3073,Cube,0.07,70,65,25.47467803955078,8.717437744140625,1.4744246006011963,True,True,True,17.797739028930664,0.3013556897640228,False,0,0
3073,Cube,0.07,71,65,194.79637145996094,12.517547607421875,3.172358989715576,True,True,True,189.7341766357422,0.03269810974597931,False,0,0
3073,Cube,0.07,72,65,28.45737648010254,12.882476806640625,3.676229476928711,True,True,True,23.549190521240234,0.17247502505779266,False,0,0
3073,Cube,0.07,73,65,19.438520431518555,13.1275634765625,3.2440905570983887,False,False,True,17.99325942993164,0.16498756408691406,False,0,0
3073,Cube,0.07,74,65,277.86041259765625,13.13153076171875,2.2562358379364014,True,True,True,277.0086364746094,0.03771395608782768,False,0,0
3073,Cube,0.07,75,65,25.84385871887207,17.748687744140625,3.0460753440856934,False,False,True,25.54082679748535,0.1117226630449295,False,0,0
3073,Cube,0.07,76,65,40.7109375,9.020553588867188,2.388928174972534,True,True,True,38.72272491455078,0.07259487360715866,False,0,0
3073,Cube,0.07,77,65,27.0312442779541,9.80902099609375,1.2399146556854248,True,True,True,26.639413833618164,0.03806097432971001,False,0,0
3073,Cube,0.07,78,65,122.32616424560547,29.342315673828125,3.681344985961914,True,True,True,102.98650360107422,0.15809909999370575,False,0,0
3073,Cube,0.07,79,65,20.082250595092773,27.111602783203125,6.861445426940918,False,False,True,0.5147402286529541,0.9743683934211731,False,0,0
3073,Cube,0.07,80,65,93.53359985351562,4.813690185546875,0.7606263160705566,True,True,True,93.0524673461914,0.025864293798804283,False,0,0
3073,Cube,0.07,81,65,41.13615417480469,13.145828247070312,2.1939687728881836,True,True,True,39.497093200683594,0.11567695438861847,False,0,0
3073,Cube,0.07,82,65,24.530441284179688,10.956077575683594,2.4163894653320312,True,True,True,20.727746963500977,0.1550193876028061,False,0,0
3073,Cube,0.07,83,65,296.97821044921875,10.026336669921875,1.483742594718933,True,True,True,295.4046325683594,0.0277123861014843,False,0,0
3073,Cube,0.07,84,65,73.81087493896484,2.7043914794921875,0.8680285215377808,True,True,True,71.45843505859375,0.03665686026215553,False,0,0
3073,Cube,0.07,85,65,183.09347534179688,6.34588623046875,1.7043401002883911,True,True,True,178.1772918701172,0.02685065008699894,False,0,0
3073,Cube,0.07,86,65,16.878093719482422,8.547225952148438,2.2276527881622314,False,False,True,11.552328109741211,0.3155430853366852,False,0,0
3073,Cube,0.07,87,65,232.70262145996094,6.80218505859375,1.0673680305480957,True,True,True,225.89395141601562,0.02925911359488964,False,0,0
3073,Cube,0.07,88,65,106.27622985839844,10.1602783203125,2.9406588077545166,True,True,True,101.66448974609375,0.04339388757944107,False,0,0
3073,Cube,0.07,89,65,187.85067749023438,15.04327392578125,3.071925640106201,True,True,True,172.07867431640625,0.08396028727293015,False,0,0
3073,Cube,0.07,90,65,139.83180236816406,22.152313232421875,3.598677635192871,True,True,True,124.17610931396484,0.1595858782529831,False,0,0
3073,Cube,0.07,91,65,80.1952133178711,45.49076843261719,7.253640174865723,False,False,True,42.97605514526367,0.4641069769859314,False,0,0
3073,Cube,0.07,92,65,45.15167236328125,8.2977294921875,1.578809142112732,True,True,True,42.31452178955078,0.07015424966812134,False,0,0
3073,Cube,0.07,93,65,28.392093658447266,26.08038330078125,5.241386413574219,False,False,True,15.940773010253906,0.43854886293411255,False,0,0
3073,Cube,0.07,94,65,21.469039916992188,7.8521270751953125,2.127716302871704,True,True,True,17.622499465942383,0.17916683852672577,False,0,0
3073,Cube,0.07,95,65,4.377841949462891,13.401321411132812,1.3677053451538086,False,False,True,3.0823116302490234,0.2959289848804474,False,56,56
3073,Cube,0.07,96,65,119.0996322631836,14.740036010742188,2.954946279525757,True,True,True,101.7637710571289,0.14555767178535461,False,0,0
3073,Cube,0.07,97,65,30.49108123779297,4.784942626953125,1.756411075592041,True,True,True,26.375972747802734,0.1349610537290573,False,37,37
3073,Cube,0.07,98,65,14.164274215698242,13.720657348632812,1.9052599668502808,False,False,True,10.180060386657715,0.2812861204147339,False,0,0
3073,Cube,0.07,99,65,316.8324890136719,2.46337890625,0.9203053712844849,True,True,True,314.5965576171875,0.009302817285060883,False,0,0
3073,Cube,0.08,0,65,11.622045516967773,4.01080322265625,0.7080597281455994,True,True,True,10.654552459716797,0.08324634283781052,False,0,0
3073,Cube,0.08,1,65,34.493385314941406,6.5086669921875,1.912267804145813,True,True,True,33.223289489746094,0.036821432411670685,False,0,0
3073,Cube,0.08,2,65,41.99836730957031,10.99151611328125,1.7024606466293335,True,True,True,37.656036376953125,0.1033928319811821,False,0,0
3073,Cube,0.08,3,65,78.59568786621094,13.838165283203125,3.5054540634155273,True,True,True,75.9264907836914,0.0437503382563591,False,0,0
3073,Cube,0.08,4,65,158.4083251953125,9.82562255859375,2.670898675918579,True,True,True,155.92738342285156,0.038661882281303406,False,0,0
3073,Cube,0.08,5,65,20.48792839050293,14.98114013671875,3.583556890487671,False,False,True,17.147769927978516,0.16303056478500366,False,0,0
3073,Cube,0.08,6,65,278.02587890625,5.540679931640625,0.816325306892395,True,True,True,274.501953125,0.019381318241357803,False,0,0
3073,Cube,0.08,7,65,161.01788330078125,6.66851806640625,1.057734727859497,True,True,True,159.28018188476562,0.02622993290424347,False,0,0
3073,Cube,0.08,8,65,136.30484008789062,20.888580322265625,3.8269219398498535,True,True,True,133.29647827148438,0.08866582810878754,False,0,0
3073,Cube,0.08,9,65,20.613508224487305,7.682220458984375,2.065337657928467,True,True,True,17.114967346191406,0.16972079873085022,False,0,0
3073,Cube,0.08,10,65,36.12966537475586,14.797088623046875,2.5039167404174805,True,True,True,34.51264190673828,0.066187784075737,False,0,0
3073,Cube,0.08,11,65,204.0077667236328,9.64849853515625,1.5783849954605103,True,True,True,201.3820037841797,0.045777808874845505,False,0,0
3073,Cube,0.08,12,65,100.91260528564453,9.11767578125,2.0950965881347656,True,True,True,90.2259292602539,0.10590032488107681,False,0,0
3073,Cube,0.08,13,65,65.01451873779297,12.088226318359375,1.2953118085861206,True,True,True,63.81128692626953,0.0456153005361557,False,0,0
3073,Cube,0.08,14,65,242.56912231445312,5.270294189453125,0.9785225987434387,True,True,True,238.89083862304688,0.019698314368724823,False,0,0
3073,Cube,0.08,15,65,297.0943298339844,12.047210693359375,2.1609530448913574,True,True,True,294.48291015625,0.04155585169792175,False,0,0
3073,Cube,0.08,16,65,264.2677307128906,3.658721923828125,0.9452933669090271,True,True,True,260.1911926269531,0.015425820834934711,False,0,0
3073,Cube,0.08,17,65,28.72953987121582,24.447601318359375,5.686034202575684,False,False,True,20.80681800842285,0.37246036529541016,False,0,0
3073,Cube,0.08,18,65,109.94940185546875,6.4113616943359375,2.1402089595794678,True,True,True,102.87543487548828,0.06433837115764618,False,0,0
3073,Cube,0.08,19,65,66.38217163085938,4.881622314453125,1.3900316953659058,True,True,True,64.5895004272461,0.027005326002836227,False,0,0
3073,Cube,0.08,20,65,17.537490844726562,17.258468627929688,3.365431547164917,False,False,True,16.394994735717773,0.1007668673992157,False,0,0
3073,Cube,0.08,21,65,48.79871368408203,7.868896484375,1.5707740783691406,True,True,True,44.37134552001953,0.09072716534137726,False,0,0
3073,Cube,0.08,22,65,4.795201301574707,8.705230712890625,2.3167872428894043,False,False,True,3.8741235733032227,0.1920832246541977,False,0,0
3073,Cube,0.08,23,65,83.46697235107422,8.44158935546875,1.5940614938735962,True,True,True,78.00979614257812,0.0653812438249588,False,0,0
3073,Cube,0.08,24,65,3.697876453399658,13.418231964111328,2.588068962097168,False,False,True,2.29398775100708,0.37964722514152527,False,0,0
3073,Cube,0.08,25,65,34.291473388671875,26.9163818359375,3.600430727005005,False,False,True,29.652618408203125,0.15027405321598053,False,0,0
3073,Cube,0.08,26,65,9.319690704345703,8.14788818359375,1.6080513000488281,False,False,True,8.170822143554688,0.12327329814434052,False,0,0
3073,Cube,0.08,27,65,41.16487121582031,3.3615341186523438,1.0628095865249634,True,True,True,39.39177322387695,0.04307312145829201,False,0,0
3073,Cube,0.08,28,65,35.380096435546875,8.64373779296875,1.7878473997116089,True,True,True,31.89431381225586,0.0985238328576088,False,0,0
3073,Cube,0.08,29,65,90.73157501220703,10.817436218261719,2.538970470428467,True,True,True,85.74407196044922,0.10563836246728897,False,0,0
3073,Cube,0.08,30,65,170.3772735595703,7.176788330078125,1.798794150352478,True,True,True,168.7945556640625,0.019333617761731148,False,0,0
3073,Cube,0.08,31,65,109.4605941772461,8.031036376953125,1.6891212463378906,True,True,True,101.5745849609375,0.0720442458987236,False,0,0
3073,Cube,0.08,32,65,53.33477020263672,8.3697509765625,1.793669581413269,True,True,True,50.8370361328125,0.04683125391602516,False,0,0
3073,Cube,0.08,33,65,40.49272155761719,6.58135986328125,1.4904736280441284,True,True,True,35.8122444152832,0.11558814346790314,False,0,0
3073,Cube,0.08,34,65,257.5958557128906,7.04449462890625,2.0040600299835205,True,True,True,253.54124450683594,0.017567912116646767,False,0,0
3073,Cube,0.08,35,65,8.33444595336914,15.48565673828125,2.9857914447784424,False,False,True,4.950496673583984,0.44794225692749023,False,20,20
3073,Cube,0.08,36,65,152.8803253173828,1.4976043701171875,0.3186100721359253,True,True,True,151.08665466308594,0.01173250563442707,False,0,0
3073,Cube,0.08,37,65,213.88131713867188,10.059906005859375,2.229607582092285,True,True,True,201.74171447753906,0.05675860121846199,False,0,0
3073,Cube,0.08,38,65,30.872865676879883,7.205535888671875,1.5996437072753906,True,True,True,29.283185958862305,0.05149117484688759,False,0,0
3073,Cube,0.08,39,65,257.27960205078125,1.87890625,0.5964171290397644,True,True,True,256.5877685546875,0.007196946535259485,False,0,0
3073,Cube,0.08,40,65,94.08609008789062,15.319839477539062,3.7485415935516357,True,True,True,85.8880844116211,0.110924631357193,False,0,0
3073,Cube,0.08,41,65,63.76683807373047,7.83721923828125,1.753482699394226,True,True,True,54.76771926879883,0.1411253809928894,False,0,0
3073,Cube,0.08,42,65,306.16656494140625,11.314544677734375,2.209141731262207,True,True,True,303.5912780761719,0.03378303349018097,False,0,0
3073,Cube,0.08,43,65,61.022037506103516,7.383697509765625,1.3737151622772217,True,True,True,56.636474609375,0.07186848670244217,False,0,0
3073,Cube,0.08,44,65,160.27809143066406,2.877471923828125,0.7389829158782959,True,True,True,157.08033752441406,0.01995128206908703,False,0,0
3073,Cube,0.08,45,65,65.50959777832031,13.988800048828125,3.581763982772827,True,True,True,52.41877746582031,0.199830561876297,False,0,0
3073,Cube,0.08,46,65,40.57294845581055,11.96551513671875,3.0272064208984375,True,True,True,37.92522048950195,0.124326191842556,False,0,0
3073,Cube,0.08,47,65,126.0938491821289,4.6865234375,1.241398572921753,True,True,True,125.31907653808594,0.016996869817376137,False,0,0
3073,Cube,0.08,48,65,106.7271728515625,11.455787658691406,3.4679362773895264,True,True,True,96.33240509033203,0.13746832311153412,False,0,0
3073,Cube,0.08,49,65,102.57887268066406,9.039108276367188,1.9107515811920166,True,True,True,99.33914184570312,0.045586761087179184,False,0,0
3073,Cube,0.08,50,65,72.3345947265625,6.6891326904296875,1.8008025884628296,True,True,True,68.21257019042969,0.056985486298799515,False,0,0
3073,Cube,0.08,51,65,232.59080505371094,9.79217529296875,2.6217293739318848,True,True,True,225.66395568847656,0.037138428539037704,False,0,0
3073,Cube,0.08,52,65,205.79617309570312,8.962249755859375,2.0655100345611572,True,True,True,197.46974182128906,0.04045964032411575,False,0,0
3073,Cube,0.08,53,65,298.15478515625,6.743408203125,0.9534314870834351,True,True,True,296.2368469238281,0.023055873811244965,False,0,0
3073,Cube,0.08,54,65,292.9015197753906,4.27545166015625,1.1560845375061035,True,True,True,291.3721618652344,0.013681571930646896,False,0,0
3073,Cube,0.08,55,65,46.29623794555664,4.765380859375,1.16796875,True,True,True,44.67892074584961,0.04292096197605133,False,0,0
3073,Cube,0.08,56,65,36.75529098510742,5.7915191650390625,1.7895270586013794,True,True,True,34.498050689697266,0.06306266039609909,False,0,0
3073,Cube,0.08,57,65,32.71075439453125,3.3450927734375,0.8885971307754517,True,True,True,32.53312301635742,0.022684618830680847,False,0,0
3073,Cube,0.08,58,65,214.33615112304688,6.97442626953125,1.2749382257461548,True,True,True,211.4700469970703,0.03510023653507233,False,0,0
3073,Cube,0.08,59,65,8.980175971984863,16.54083251953125,3.555109977722168,False,False,True,8.440136909484863,0.17071211338043213,False,0,0
3073,Cube,0.08,60,65,22.040773391723633,5.3875732421875,1.1008110046386719,True,True,True,21.04617691040039,0.04512529820203781,False,0,0
3073,Cube,0.08,61,65,294.4183349609375,8.404571533203125,1.5108625888824463,True,True,True,291.6852722167969,0.02314853109419346,False,0,0
3073,Cube,0.08,62,65,70.85669708251953,3.686248779296875,1.1891833543777466,True,True,True,68.79500579833984,0.02909659594297409,False,0,0
3073,Cube,0.08,63,65,102.42815399169922,11.480461120605469,2.5596840381622314,True,True,True,96.1808853149414,0.09209255874156952,False,0,0
3073,Cube,0.08,64,65,109.5204086303711,25.797088623046875,4.917846202850342,True,True,True,97.30973052978516,0.11149227619171143,False,0,0
3073,Cube,0.08,65,65,40.541107177734375,17.196197509765625,4.0796122550964355,True,True,True,23.240726470947266,0.4267367720603943,False,0,0
3073,Cube,0.08,66,65,59.485816955566406,14.382568359375,5.002280235290527,True,True,True,52.54232406616211,0.11672518402338028,False,0,0
3073,Cube,0.08,67,65,57.35411071777344,36.055908203125,2.916354179382324,False,False,True,52.148067474365234,0.10088738054037094,False,0,0
3073,Cube,0.08,68,65,22.1585636138916,10.15447998046875,2.0258960723876953,True,True,True,15.75341796875,0.2890596091747284,False,0,0
3073,Cube,0.08,69,65,250.72543334960938,4.477996826171875,1.165509581565857,True,True,True,246.0652313232422,0.01858684793114662,False,0,0
3073,Cube,0.08,70,65,45.54985809326172,1.1888656616210938,0.24242612719535828,True,True,True,44.050132751464844,0.03292492777109146,False,0,0
3073,Cube,0.08,71,65,169.61141967773438,5.191558837890625,0.877328634262085,True,True,True,164.29531860351562,0.03134278953075409,False,0,0
3073,Cube,0.08,72,65,26.03234100341797,16.912216186523438,4.545705795288086,False,False,True,19.08924102783203,0.2667105197906494,False,0,0
3073,Cube,0.08,73,65,8.092995643615723,12.537689208984375,1.9891648292541504,False,False,True,7.0664544105529785,0.1268431544303894,False,0,0
3073,Cube,0.08,74,65,298.51019287109375,11.7952880859375,1.8146783113479614,True,True,True,297.7806396484375,0.03256727382540703,False,0,0
3073,Cube,0.08,75,65,45.60904312133789,17.756317138671875,3.1428959369659424,True,True,True,39.12555694580078,0.1421535164117813,False,0,0
3073,Cube,0.08,76,65,70.71315002441406,6.085357666015625,1.8583855628967285,True,True,True,67.5293197631836,0.04502459987998009,False,0,0
3073,Cube,0.08,77,65,26.16965675354004,13.10589599609375,3.884000778198242,False,False,True,18.378767013549805,0.2977069616317749,False,0,0
3073,Cube,0.08,78,65,107.1656494140625,4.1962890625,1.523924708366394,True,True,True,102.8175277709961,0.04057382419705391,False,0,0
3073,Cube,0.08,79,65,28.010324478149414,7.4523468017578125,2.2907137870788574,True,True,True,24.54868507385254,0.12358438968658447,False,0,0
3073,Cube,0.08,80,65,29.941911697387695,17.75531005859375,3.5242981910705566,False,False,True,24.853166580200195,0.16995391249656677,False,0,0
3073,Cube,0.08,81,65,100.32527160644531,5.054718017578125,1.3418428897857666,True,True,True,98.9283447265625,0.022402619943022728,False,0,0
3073,Cube,0.08,82,65,24.093639373779297,25.320068359375,4.656365394592285,False,False,True,21.591636657714844,0.2035236656665802,False,0,0
3073,Cube,0.08,83,65,297.7345886230469,10.56610107421875,1.3401557207107544,True,True,True,295.53717041015625,0.03777071088552475,False,0,0
3073,Cube,0.08,84,65,75.08934783935547,4.7126007080078125,1.1278733015060425,True,True,True,74.02607727050781,0.057597141712903976,False,0,0
3073,Cube,0.08,85,65,163.03353881835938,3.889892578125,0.8853450417518616,True,True,True,160.26718139648438,0.016968047246336937,False,0,0
3073,Cube,0.08,86,65,45.605140686035156,27.159011840820312,3.048611640930176,False,False,True,41.32590103149414,0.15570339560508728,False,0,0
3073,Cube,0.08,87,65,170.39630126953125,6.80914306640625,1.8755234479904175,True,True,True,164.09695434570312,0.03696882352232933,False,0,0
3073,Cube,0.08,88,65,95.6994400024414,12.878173828125,2.7185275554656982,True,True,True,94.0267333984375,0.045501165091991425,False,0,0
3073,Cube,0.08,89,65,173.361083984375,5.6576690673828125,1.3838104009628296,True,True,True,167.1466522216797,0.035846780985593796,False,0,0
3073,Cube,0.08,90,65,113.4375228881836,23.001556396484375,4.997408866882324,True,True,True,85.13075256347656,0.24953623116016388,False,0,0
3073,Cube,0.08,91,65,120.44043731689453,15.096893310546875,2.4653823375701904,True,True,True,118.95989990234375,0.09741772711277008,False,0,0
3073,Cube,0.08,92,65,41.975799560546875,8.752853393554688,2.050226926803589,True,True,True,36.48041915893555,0.13091783225536346,False,0,0
3073,Cube,0.08,93,65,32.26898956298828,9.41754150390625,2.5628910064697266,True,True,True,29.15899085998535,0.13544528186321259,False,0,0
3073,Cube,0.08,94,65,17.37015151977539,13.13983154296875,2.790315628051758,False,False,True,15.54996395111084,0.10478823632001877,False,0,0
3073,Cube,0.08,95,65,0.06678962707519531,11.36163330078125,1.635227084159851,False,False,False,-3.0414505004882812,46.53776550292969,False,56,56
3073,Cube,0.08,96,65,138.29718017578125,16.488311767578125,4.568999767303467,True,True,True,131.8978271484375,0.09127236902713776,False,0,0
3073,Cube,0.08,97,65,54.725406646728516,12.499176025390625,3.884997606277466,True,True,True,51.79955291748047,0.09620674699544907,False,37,37
3073,Cube,0.08,98,65,12.779596328735352,5.6728363037109375,0.9563429951667786,True,True,True,11.589315414428711,0.09313912689685822,False,0,0
3073,Cube,0.08,99,65,293.73193359375,3.766357421875,0.8307672739028931,True,True,True,291.9431457519531,0.012073327787220478,False,0,0
