training_seed,task,std_key,sample_index,candidate_count,clean_margin,sample_max_drift,sample_mean_drift,coarse_cert_pass,cert_pass,sharp_cert_pass,sharp_cert_slack,sharp_normalized_score,top1_flip,clean_best,noisy_best
3072,Reacher,0.0,0,65,9.54051685333252,460.2894287109375,132.73684692382812,False,False,False,-848.15380859375,87.84281158447266,True,0,56
3072,Reacher,0.0,1,65,21.270584106445312,286.9362487792969,119.24301147460938,False,False,False,-382.87847900390625,18.947851181030273,True,0,17
3072,Reacher,0.0,2,65,5.256829738616943,275.970703125,99.33378601074219,False,False,False,-535.5535888671875,102.87767791748047,True,0,60
3072,Reacher,0.0,3,65,60.509124755859375,282.4829406738281,139.80252075195312,False,False,False,-436.856689453125,7.90526819229126,True,0,8
3072,Reacher,0.0,4,65,2.815316915512085,336.0462341308594,101.83792114257812,False,False,False,-655.6652221679688,228.51829528808594,True,0,26
3072,Reacher,0.0,5,65,6.732868671417236,229.85574340820312,71.8842544555664,False,False,False,-272.0448913574219,37.468807220458984,True,0,28
3072,Reacher,0.0,6,65,20.53612518310547,257.7799987792969,53.756229400634766,False,False,False,-355.94970703125,18.332857131958008,True,0,41
3072,Reacher,0.0,7,65,11.275505065917969,274.486328125,88.09477996826172,False,False,False,-407.9410400390625,27.436717987060547,True,0,11
3072,Reacher,0.0,8,65,298.190185546875,254.80856323242188,128.87330627441406,False,False,False,-99.01043701171875,1.287060022354126,True,0,62
3072,Reacher,0.0,9,65,13.250269889831543,347.8978271484375,117.15660858154297,False,False,False,-578.7642822265625,44.6794319152832,True,0,40
3072,Reacher,0.0,10,65,0.7627509832382202,220.10211181640625,91.98223114013672,False,False,False,-249.94790649414062,328.69268798828125,True,0,3
3072,Reacher,0.0,11,65,16.642549514770508,378.26513671875,78.30210876464844,False,False,False,-701.9829711914062,43.18001174926758,True,0,4
3072,Reacher,0.0,12,65,23.431703567504883,202.2631072998047,58.89387893676758,False,False,False,-282.4110107421875,13.05251693725586,True,0,47
3072,Reacher,0.0,13,65,22.54463768005371,249.2236328125,138.12811279296875,False,False,False,-293.13690185546875,12.669341087341309,True,0,17
3072,Reacher,0.0,14,65,5.850761413574219,137.53439331054688,17.73668098449707,False,False,False,-110.4924545288086,10.235249519348145,False,0,0
3072,Reacher,0.0,15,65,6.201404571533203,221.1937255859375,56.481876373291016,False,False,False,-314.61480712890625,46.06723403930664,True,0,16
3072,Reacher,0.0,16,65,33.494468688964844,324.964111328125,108.4822998046875,False,False,False,-570.6087036132812,18.035907745361328,True,0,14
3072,Reacher,0.0,17,65,12.488483428955078,428.6920471191406,124.74968719482422,False,False,False,-720.8195190429688,57.950950622558594,True,0,59
3072,Reacher,0.0,18,65,3.527639865875244,344.24920654296875,85.50669860839844,False,False,False,-460.55255126953125,131.555419921875,True,0,35
3072,Reacher,0.0,19,65,20.638681411743164,176.32801818847656,28.913761138916016,False,False,False,-98.28446960449219,4.121756076812744,False,0,0
3072,Reacher,0.0,20,65,22.906187057495117,340.20391845703125,105.54015350341797,False,False,False,-462.4908752441406,21.19065284729004,True,0,48
3072,Reacher,0.0,21,65,57.99917984008789,251.5579833984375,124.08424377441406,False,False,False,-299.97412109375,6.172039985656738,True,0,4
3072,Reacher,0.0,22,65,0.3427566587924957,349.74163818359375,152.06333923339844,False,False,False,-651.2838134765625,1901.134765625,True,0,29
3072,Reacher,0.0,23,65,0.034746408462524414,421.7514343261719,161.11817932128906,False,False,False,-752.5712280273438,21659.96484375,True,54,36
3072,Reacher,0.0,24,65,28.164386749267578,238.08639526367188,146.97677612304688,False,False,False,-417.31793212890625,15.049131393432617,True,0,15
3072,Reacher,0.0,25,65,29.4627628326416,193.62330627441406,48.24846649169922,False,False,False,-91.29693603515625,4.0987229347229,True,0,51
3072,Reacher,0.0,26,65,77.55682373046875,401.21734619140625,150.70751953125,False,False,False,-582.060302734375,8.504952430725098,True,0,39
3072,Reacher,0.0,27,65,238.3246612548828,390.7222900390625,41.93123245239258,False,False,False,-214.38710021972656,1.8995590209960938,True,0,38
3072,Reacher,0.0,28,65,27.781749725341797,97.99212646484375,15.189322471618652,False,False,True,6.127737045288086,0.7860288619995117,False,0,0
3072,Reacher,0.0,29,65,0.21305513381958008,239.23785400390625,94.37781524658203,False,False,False,-345.4281005859375,1622.30859375,True,0,21
3072,Reacher,0.0,30,65,38.54753112792969,66.90589904785156,17.423107147216797,False,False,True,7.521228313446045,0.8048843145370483,False,0,0
3072,Reacher,0.0,31,65,10.239389419555664,307.5835266113281,123.60714721679688,False,False,False,-579.35498046875,57.58100891113281,True,0,9
3072,Reacher,0.0,32,65,1.7694590091705322,243.43609619140625,81.5602035522461,False,False,False,-351.6086120605469,165.63169860839844,True,0,19
3072,Reacher,0.0,33,65,7.033543586730957,379.3819885253906,134.8668975830078,False,False,False,-623.7554931640625,85.36405181884766,True,0,29
3072,Reacher,0.0,34,65,14.586114883422852,399.3663330078125,68.79780578613281,False,False,False,-702.7283935546875,49.17790222167969,True,0,60
3072,Reacher,0.0,35,65,19.02780532836914,360.0548095703125,154.1672821044922,False,False,False,-532.0016479492188,24.505210876464844,True,0,18
3072,Reacher,0.0,36,65,150.461181640625,297.64862060546875,127.60372924804688,False,False,False,-208.1260528564453,2.383254051208496,True,0,52
3072,Reacher,0.0,37,65,19.103120803833008,291.64923095703125,61.093231201171875,False,False,False,-558.03759765625,30.211856842041016,True,0,11
3072,Reacher,0.0,38,65,22.781234741210938,345.74896240234375,88.66332244873047,False,False,False,-620.4957885742188,28.237146377563477,True,0,33
3072,Reacher,0.0,39,65,9.429341316223145,258.9615478515625,60.131431579589844,False,False,False,-338.0950927734375,36.85564422607422,True,0,29
3072,Reacher,0.0,40,65,12.259014129638672,256.20123291015625,123.5827407836914,False,False,False,-293.887451171875,24.973173141479492,True,0,40
3072,Reacher,0.0,41,65,11.844186782836914,342.7386779785156,123.75357818603516,False,False,False,-592.143310546875,49.1285514831543,True,0,34
3072,Reacher,0.0,42,65,55.75587844848633,100.1639404296875,24.057857513427734,False,False,True,1.9286689758300781,0.9654086828231812,False,0,0
3072,Reacher,0.0,43,65,3.7283973693847656,299.15069580078125,143.81649780273438,False,False,False,-454.7112731933594,122.95890808105469,True,0,5
3072,Reacher,0.0,44,65,42.619606018066406,300.9223937988281,96.12059020996094,False,False,False,-392.8959045410156,10.218666076660156,True,0,57
3072,Reacher,0.0,45,65,6.720669746398926,371.4414978027344,118.26594543457031,False,False,False,-632.5018310546875,95.11292266845703,True,0,20
3072,Reacher,0.0,46,65,19.3618106842041,162.8091583251953,51.20921325683594,False,False,False,-230.30209350585938,12.894657135009766,True,0,34
3072,Reacher,0.0,47,65,29.002817153930664,247.079833984375,57.12378692626953,False,False,False,-423.21392822265625,15.59216594696045,True,0,20
3072,Reacher,0.0,48,65,3.287682294845581,266.56439208984375,129.6519317626953,False,False,False,-254.98171997070312,78.55667877197266,True,0,30
3072,Reacher,0.0,49,65,5.545435905456543,401.0835876464844,116.02762603759766,False,False,False,-777.9935302734375,116.5694808959961,True,0,62
3072,Reacher,0.0,50,65,10.783376693725586,345.6728820800781,107.83111572265625,False,False,False,-648.1806640625,61.1092414855957,True,0,28
3072,Reacher,0.0,51,65,14.222416877746582,266.47052001953125,128.30215454101562,False,False,False,-363.87884521484375,26.584880828857422,True,0,50
3072,Reacher,0.0,52,65,80.36827087402344,326.3382568359375,80.963134765625,False,False,False,-469.9324035644531,6.847237586975098,True,0,61
3072,Reacher,0.0,53,65,1.7094011306762695,294.08392333984375,58.4958381652832,False,False,False,-574.7625732421875,337.23626708984375,True,0,33
3072,Reacher,0.0,54,65,56.36028289794922,173.17552185058594,40.43914031982422,False,False,False,-152.9813232421875,2.8415162563323975,False,0,0
3072,Reacher,0.0,55,65,14.43266487121582,296.5321350097656,118.05177307128906,False,False,False,-486.82855224609375,33.825523376464844,True,0,53
3072,Reacher,0.0,56,65,321.3135681152344,46.5780029296875,10.546731948852539,True,True,True,314.7030944824219,0.12545666098594666,False,0,0
3072,Reacher,0.0,57,65,47.17716979980469,430.18353271484375,84.52852630615234,False,False,False,-573.9771118164062,13.166417121887207,True,0,52
3072,Reacher,0.0,58,65,13.45097541809082,265.6695556640625,63.30128479003906,False,False,False,-285.49224853515625,10.135311126708984,True,0,57
3072,Reacher,0.0,59,65,13.249058723449707,406.3514099121094,138.6750030517578,False,False,False,-755.4456787109375,56.561553955078125,True,0,29
3072,Reacher,0.0,60,65,126.44013214111328,485.38385009765625,67.60234069824219,False,False,False,-347.58477783203125,3.749006748199463,True,0,29
3072,Reacher,0.0,61,65,232.39112854003906,261.75140380859375,150.08570861816406,False,False,False,-89.86941528320312,1.3867162466049194,True,0,45
3072,Reacher,0.0,62,65,52.206199645996094,215.38299560546875,38.10451889038086,False,False,False,-235.23312377929688,5.5058465003967285,True,0,28
3072,Reacher,0.0,63,65,3.874891519546509,219.507080078125,115.96829223632812,False,False,False,-178.0230255126953,46.942710876464844,True,0,47
3072,Reacher,0.0,64,65,1.6219382286071777,354.6421813964844,108.12374114990234,False,False,False,-595.57958984375,310.6607666015625,True,38,39
3072,Reacher,0.0,65,65,85.21878814697266,482.93438720703125,88.85506439208984,False,False,False,-512.4711303710938,7.013593673706055,True,0,39
3072,Reacher,0.0,66,65,17.51291847229004,88.36166381835938,16.95440673828125,False,False,False,-23.503345489501953,2.342057466506958,True,0,15
3072,Reacher,0.0,67,65,1.026155948638916,236.62890625,109.19005584716797,False,False,False,-318.7912292480469,225.4855499267578,True,0,61
3072,Reacher,0.0,68,65,11.395256996154785,275.2823486328125,94.26361846923828,False,False,False,-491.1370849609375,44.10013198852539,True,0,46
3072,Reacher,0.0,69,65,6.680247783660889,445.1474609375,157.9794464111328,False,False,False,-666.003662109375,72.08614349365234,False,0,0
3072,Reacher,0.0,70,65,0.3083682060241699,140.6616973876953,39.94771957397461,False,False,False,-145.63589477539062,419.1053771972656,True,25,11
3072,Reacher,0.0,71,65,11.10962963104248,243.37266540527344,90.64468383789062,False,False,False,-351.32196044921875,23.554777145385742,True,0,58
3072,Reacher,0.0,72,65,16.54159164428711,201.23782348632812,77.45303344726562,False,False,False,-377.42071533203125,23.81646728515625,True,0,38
3072,Reacher,0.0,73,65,5.769465446472168,465.0357360839844,111.19622802734375,False,False,False,-808.2911376953125,135.61605834960938,True,0,18
3072,Reacher,0.0,74,65,8.841472625732422,204.42144775390625,44.2078971862793,False,False,False,-105.45809936523438,12.927661895751953,False,0,0
3072,Reacher,0.0,75,65,92.85202026367188,348.49810791015625,116.4261703491211,False,False,False,-501.524169921875,6.09628963470459,True,0,61
3072,Reacher,0.0,76,65,12.125856399536133,193.1657257080078,57.998023986816406,False,False,False,-246.04811096191406,18.14575958251953,True,0,15
3072,Reacher,0.0,77,65,9.079435348510742,147.72616577148438,35.70464324951172,False,False,True,2.6573057174682617,0.7073270082473755,False,0,0
3072,Reacher,0.0,78,65,9.952033996582031,246.24073791503906,76.1480712890625,False,False,False,-445.50640869140625,33.922691345214844,True,0,53
3072,Reacher,0.0,79,65,160.0109405517578,367.4691467285156,78.55217742919922,False,False,False,-494.270263671875,4.088977813720703,True,0,39
3072,Reacher,0.0,80,65,16.49228286743164,479.0438232421875,113.8182373046875,False,False,False,-902.0894775390625,55.69767379760742,True,0,17
3072,Reacher,0.0,81,65,37.401023864746094,383.4528503417969,104.52972412109375,False,False,False,-723.5137939453125,20.22730255126953,True,0,13
3072,Reacher,0.0,82,65,21.253372192382812,207.0927734375,54.771846771240234,False,False,False,-196.94671630859375,7.628541469573975,True,0,60
3072,Reacher,0.0,83,65,68.18507385253906,294.0687255859375,75.77147674560547,False,False,False,-456.576171875,7.696130752563477,False,0,0
3072,Reacher,0.0,84,65,6.771836280822754,144.8779296875,26.746261596679688,False,False,False,-33.33099365234375,3.892282009124756,False,0,0
3072,Reacher,0.0,85,65,21.682140350341797,107.98827362060547,15.529058456420898,False,False,False,-134.63067626953125,7.209288597106934,True,0,54
3072,Reacher,0.0,86,65,3.3769378662109375,350.5614013671875,138.5745391845703,False,False,False,-684.6925659179688,203.75546264648438,True,25,10
3072,Reacher,0.0,87,65,4.252345561981201,421.5882873535156,108.33311462402344,False,False,False,-779.8966064453125,172.20761108398438,True,0,30
3072,Reacher,0.0,88,65,6.046135902404785,444.2713928222656,180.84762573242188,False,False,False,-733.5452270507812,105.14564514160156,True,0,24
3072,Reacher,0.0,89,65,65.70904541015625,306.38800048828125,142.3549346923828,False,False,False,-489.8857421875,8.455377578735352,True,0,26
3072,Reacher,0.0,90,65,17.60957908630371,416.6441345214844,133.2460174560547,False,False,False,-733.9464111328125,40.25391387939453,True,0,29
3072,Reacher,0.0,91,65,1.886270523071289,263.9371337890625,136.55931091308594,False,False,False,-488.3955078125,259.9212341308594,True,0,36
3072,Reacher,0.0,92,65,21.94884490966797,352.56915283203125,80.72814178466797,False,False,False,-658.3272705078125,30.993709564208984,True,0,31
3072,Reacher,0.0,93,65,25.32514190673828,203.55615234375,114.59092712402344,False,False,False,-249.65557861328125,10.858013153076172,True,0,26
3072,Reacher,0.0,94,65,9.302576065063477,112.44244384765625,23.228673934936523,False,False,False,-46.928001403808594,2.5491816997528076,True,0,24
3072,Reacher,0.0,95,65,5.833656311035156,380.65728759765625,103.4204330444336,False,False,False,-606.22021484375,104.91771697998047,True,0,36
3072,Reacher,0.0,96,65,0.21035140752792358,221.6488494873047,54.540199279785156,False,False,False,-212.2183837890625,959.1072998046875,True,22,3
3072,Reacher,0.0,97,65,20.25421142578125,291.32379150390625,130.9591827392578,False,False,False,-522.3529052734375,26.789840698242188,True,0,1
3072,Reacher,0.0,98,65,4.068586349487305,336.3116149902344,100.43373107910156,False,False,False,-585.8247680664062,123.52164459228516,True,0,54
3072,Reacher,0.0,99,65,20.959461212158203,203.8431396484375,32.25772476196289,False,False,False,-193.06333923339844,10.211274147033691,True,0,39
3072,Reacher,0.01,0,65,16.654706954956055,305.40386962890625,101.29776763916016,False,False,False,-477.10162353515625,28.703937530517578,True,0,57
3072,Reacher,0.01,1,65,18.262168884277344,109.45906066894531,35.571659088134766,False,False,False,-32.687828063964844,2.2464840412139893,True,0,38
3072,Reacher,0.01,2,65,8.9779052734375,29.733551025390625,9.167388916015625,False,False,False,-11.875850677490234,2.322786331176758,False,0,0
3072,Reacher,0.01,3,65,65.16663360595703,309.6181335449219,64.33208465576172,False,False,False,-547.6724853515625,9.40418529510498,True,0,35
3072,Reacher,0.01,4,65,0.6925783157348633,62.14329528808594,17.268775939941406,False,False,False,-20.2042236328125,12.412811279296875,True,64,0
3072,Reacher,0.01,5,65,5.119410991668701,67.61700439453125,15.123356819152832,False,False,False,-21.89980125427246,3.6187777519226074,False,0,0
3072,Reacher,0.01,6,65,37.3857536315918,93.90843200683594,21.732707977294922,False,False,False,-66.01718139648438,2.7572665214538574,False,0,0
3072,Reacher,0.01,7,65,10.412494659423828,69.85014343261719,20.169231414794922,False,False,False,-38.677696228027344,3.7245562076568604,True,0,28
3072,Reacher,0.01,8,65,259.26397705078125,39.573211669921875,7.620998859405518,True,True,True,251.6805419921875,0.14030617475509644,False,0,0
3072,Reacher,0.01,9,65,16.259775161743164,374.3648986816406,68.63300323486328,False,False,False,-650.0975341796875,40.98194885253906,True,0,33
3072,Reacher,0.01,10,65,1.009914517402649,47.36187744140625,15.51655101776123,False,False,False,-6.737898349761963,7.671751499176025,True,0,15
3072,Reacher,0.01,11,65,24.334508895874023,321.30157470703125,75.87675476074219,False,False,False,-589.8754272460938,25.240285873413086,True,0,19
3072,Reacher,0.01,12,65,37.69017791748047,41.54046630859375,10.66699504852295,False,False,True,20.068462371826172,0.6180933713912964,False,0,0
3072,Reacher,0.01,13,65,23.58269691467285,27.480548858642578,8.401070594787598,False,False,True,5.821072578430176,0.7762699723243713,False,0,0
3072,Reacher,0.01,14,65,8.2822904586792,11.532066345214844,2.13944149017334,False,False,True,4.059049606323242,0.6900027990341187,False,0,0
3072,Reacher,0.01,15,65,6.018205642700195,24.524429321289062,8.417193412780762,False,False,False,-0.8985265493392944,1.1493014097213745,False,0,0
3072,Reacher,0.01,16,65,24.152158737182617,302.53363037109375,110.00524139404297,False,False,False,-569.3194580078125,24.57219696044922,True,0,56
3072,Reacher,0.01,17,65,10.710810661315918,400.5010070800781,113.760009765625,False,False,False,-689.9982299804688,65.42073059082031,True,0,59
3072,Reacher,0.01,18,65,2.9851179122924805,276.67462158203125,73.35057830810547,False,False,False,-286.96905517578125,97.13323974609375,True,0,23
3072,Reacher,0.01,19,65,14.41678524017334,18.48419189453125,7.189598560333252,False,False,True,6.295581817626953,0.5633158087730408,False,0,0
3072,Reacher,0.01,20,65,16.03104019165039,84.66239929199219,19.86111831665039,False,False,False,-41.178550720214844,3.568676471710205,True,0,6
3072,Reacher,0.01,21,65,69.94446563720703,274.8021240234375,69.35061645507812,False,False,False,-466.0777282714844,7.663539886474609,False,0,0
3072,Reacher,0.01,22,65,0.44631117582321167,180.65933227539062,54.40644073486328,False,False,False,-106.38487243652344,239.36477661132812,False,0,0
3072,Reacher,0.01,23,65,0.18221592903137207,374.163818359375,118.02266693115234,False,False,False,-631.8153076171875,3272.095458984375,False,54,54
3072,Reacher,0.01,24,65,31.538393020629883,140.61679077148438,34.9542121887207,False,False,False,-157.96640014648438,6.008701324462891,True,0,39
3072,Reacher,0.01,25,65,36.10419845581055,20.98272705078125,3.7389867305755615,False,False,True,21.235990524291992,0.4118138253688812,False,0,0
3072,Reacher,0.01,26,65,89.39472198486328,410.4422912597656,91.29834747314453,False,False,False,-493.0366516113281,6.0973591804504395,True,0,37
3072,Reacher,0.01,27,65,246.7638397216797,98.70526123046875,15.992088317871094,True,True,True,62.17523956298828,0.7480374574661255,False,0,0
3072,Reacher,0.01,28,65,23.709924697875977,31.054183959960938,10.2537260055542,False,False,True,7.409998893737793,0.6874727606773376,False,0,0
3072,Reacher,0.01,29,65,1.1804141998291016,53.78510284423828,12.867680549621582,False,False,False,-18.255037307739258,16.464942932128906,True,0,32
3072,Reacher,0.01,30,65,30.09265899658203,32.252410888671875,9.229182243347168,False,False,True,15.749258995056152,0.4766411781311035,False,0,0
3072,Reacher,0.01,31,65,21.913848876953125,432.794189453125,105.56095886230469,False,False,False,-636.1952514648438,28.203411102294922,True,0,6
3072,Reacher,0.01,32,65,0.8122305870056152,49.05863952636719,13.076324462890625,False,False,False,-7.884075164794922,10.706696510314941,True,0,64
3072,Reacher,0.01,33,65,4.976615905761719,410.5846252441406,134.59239196777344,False,False,False,-689.56201171875,139.56044006347656,True,0,52
3072,Reacher,0.01,34,65,7.384373664855957,47.60755920410156,8.36093521118164,False,False,False,-23.90054702758789,4.236638069152832,False,0,0
3072,Reacher,0.01,35,65,16.644405364990234,332.2640686035156,95.62942504882812,False,False,False,-640.661865234375,39.49112319946289,True,0,56
3072,Reacher,0.01,36,65,142.65386962890625,28.566192626953125,5.518106937408447,True,True,True,114.54801177978516,0.19702135026454926,False,0,0
3072,Reacher,0.01,37,65,21.655181884765625,31.79107666015625,4.875363349914551,False,False,True,15.870475769042969,0.32274743914604187,False,0,0
3072,Reacher,0.01,38,65,38.12899398803711,76.52877807617188,23.344741821289062,False,False,False,-45.56409454345703,1.8129847049713135,True,0,5
3072,Reacher,0.01,39,65,14.808375358581543,109.0986328125,24.0408878326416,False,False,False,-36.822357177734375,2.380563735961914,True,0,12
3072,Reacher,0.01,40,65,12.227210998535156,66.1737060546875,11.262935638427734,False,False,True,4.351978778839111,0.9052157402038574,False,0,0
3072,Reacher,0.01,41,65,5.061640739440918,316.218505859375,125.51683807373047,False,False,False,-570.779052734375,113.76561737060547,True,0,9
3072,Reacher,0.01,42,65,65.30296325683594,39.406768798828125,5.259730815887451,False,False,True,39.565364837646484,0.3941260576248169,False,0,0
3072,Reacher,0.01,43,65,5.380216598510742,338.074951171875,115.48480224609375,False,False,False,-630.10009765625,118.11426544189453,True,0,35
3072,Reacher,0.01,44,65,40.70981216430664,49.94779968261719,12.64140510559082,False,False,False,-10.598827362060547,1.2603507041931152,False,0,0
3072,Reacher,0.01,45,65,6.676776885986328,382.0231018066406,116.38687133789062,False,False,False,-613.715087890625,90.98768615722656,True,0,51
3072,Reacher,0.01,46,65,8.888757705688477,31.882568359375,9.16765308380127,False,False,False,-12.481826782226562,2.404226303100586,False,0,0
3072,Reacher,0.01,47,65,25.005733489990234,56.11979675292969,11.806865692138672,False,False,False,-34.21416091918945,2.368252754211426,False,0,0
3072,Reacher,0.01,48,65,3.842111110687256,68.89529418945312,17.13257598876953,False,False,False,-22.090919494628906,3.074875831604004,True,0,34
3072,Reacher,0.01,49,65,13.120685577392578,325.28802490234375,86.400146484375,False,False,False,-586.96435546875,37.39665603637695,True,0,62
3072,Reacher,0.01,50,65,8.439474105834961,363.3872375488281,120.02336120605469,False,False,False,-698.6761474609375,83.78669738769531,True,0,51
3072,Reacher,0.01,51,65,17.65737533569336,324.3542175292969,111.65489196777344,False,False,False,-590.0465698242188,33.923919677734375,True,0,41
3072,Reacher,0.01,52,65,81.17493438720703,280.87542724609375,67.33235931396484,False,False,False,-476.6693115234375,6.872124195098877,True,0,17
3072,Reacher,0.01,53,65,6.657038688659668,236.60238647460938,37.32655715942383,False,False,False,-157.4397735595703,12.596776008605957,True,0,8
3072,Reacher,0.01,54,65,64.97502899169922,26.20635986328125,5.629505157470703,True,True,True,51.98848342895508,0.27870550751686096,False,0,0
3072,Reacher,0.01,55,65,12.114452362060547,339.6931457519531,120.0781478881836,False,False,False,-644.12451171875,54.169921875,True,0,25
3072,Reacher,0.01,56,65,331.6281433105469,44.696685791015625,7.866147518157959,True,True,True,315.2005310058594,0.12960493564605713,False,0,0
3072,Reacher,0.01,57,65,39.94811248779297,77.71354675292969,16.29610824584961,False,False,True,10.3128023147583,0.8395255208015442,False,0,0
3072,Reacher,0.01,58,65,10.687309265136719,138.69100952148438,41.178977966308594,False,False,False,-140.93045043945312,7.424029350280762,True,0,16
3072,Reacher,0.01,59,65,13.019953727722168,270.67889404296875,106.56868743896484,False,False,False,-511.94549560546875,40.320072174072266,False,0,0
3072,Reacher,0.01,60,65,119.02882385253906,194.37896728515625,40.83578872680664,False,False,False,-218.55084228515625,2.8361167907714844,False,0,0
3072,Reacher,0.01,61,65,201.75616455078125,124.48208618164062,29.824966430664062,False,False,True,34.071624755859375,0.8544641137123108,False,0,0
3072,Reacher,0.01,62,65,52.16322708129883,67.58642578125,17.331735610961914,False,False,False,-1.551004409790039,1.029733657836914,True,0,29
3072,Reacher,0.01,63,65,7.753530502319336,69.70416259765625,9.747855186462402,False,False,False,-21.01184844970703,3.7099719047546387,False,0,0
3072,Reacher,0.01,64,65,0.8970979452133179,241.37124633789062,79.9363021850586,False,False,False,-439.6726379394531,491.1054992675781,True,0,16
3072,Reacher,0.01,65,65,71.99237823486328,339.61334228515625,87.90797424316406,False,False,False,-371.3769226074219,6.158559322357178,True,0,39
3072,Reacher,0.01,66,65,12.362102508544922,24.476119995117188,6.387134075164795,False,False,True,7.233943939208984,0.41482898592948914,False,0,0
3072,Reacher,0.01,67,65,1.6351959705352783,99.57295227050781,19.035024642944336,False,False,False,-41.22553253173828,8.354896545410156,True,0,61
3072,Reacher,0.01,68,65,11.384783744812012,250.6029052734375,70.66674041748047,False,False,False,-441.10113525390625,39.74479675292969,True,0,34
3072,Reacher,0.01,69,65,2.6787469387054443,463.86767578125,137.8728790283203,False,False,False,-815.4996337890625,305.4332275390625,True,0,30
3072,Reacher,0.01,70,65,0.10088062286376953,78.07998657226562,24.237096786499023,False,False,False,-40.975303649902344,407.1761779785156,True,0,44
3072,Reacher,0.01,71,65,5.301824569702148,34.642425537109375,8.214425086975098,False,False,True,2.8923397064208984,0.45446333289146423,False,0,0
3072,Reacher,0.01,72,65,20.604751586914062,190.32493591308594,67.99202728271484,False,False,False,-189.4423828125,10.194111824035645,True,0,26
3072,Reacher,0.01,73,65,1.563521385192871,431.93670654296875,110.77410125732422,False,False,False,-786.4840087890625,456.52972412109375,True,0,41
3072,Reacher,0.01,74,65,5.49017333984375,40.5595703125,10.185174942016602,False,False,True,1.9961457252502441,0.6364148259162903,False,0,0
3072,Reacher,0.01,75,65,64.64324951171875,308.8023986816406,74.06208801269531,False,False,False,-470.8271789550781,8.28347110748291,True,0,49
3072,Reacher,0.01,76,65,15.436756134033203,32.10719299316406,7.403690338134766,False,False,True,13.323490142822266,0.224236398935318,False,0,0
3072,Reacher,0.01,77,65,8.756837844848633,63.401641845703125,12.301158905029297,False,False,False,-16.751066207885742,2.912912607192993,False,0,0
3072,Reacher,0.01,78,65,8.658331871032715,107.83340454101562,36.4471435546875,False,False,False,-87.27742767333984,4.469179153442383,True,0,8
3072,Reacher,0.01,79,65,204.04861450195312,261.6053466796875,65.22538757324219,False,False,False,-128.38710021972656,1.625846028327942,False,0,0
3072,Reacher,0.01,80,65,24.95916175842285,389.1820068359375,110.25949096679688,False,False,False,-693.2113037109375,28.77382469177246,True,0,40
3072,Reacher,0.01,81,65,35.90192794799805,263.341796875,84.21307373046875,False,False,False,-486.064453125,14.538674354553223,True,0,24
3072,Reacher,0.01,82,65,21.053178787231445,21.28326416015625,5.773817539215088,False,False,True,14.239547729492188,0.33688607811927795,False,0,0
3072,Reacher,0.01,83,65,67.02952575683594,291.10223388671875,69.44438934326172,False,False,False,-472.70855712890625,8.052244186401367,False,0,0
3072,Reacher,0.01,84,65,13.139175415039062,71.4691162109375,11.880703926086426,False,False,False,-6.848850727081299,1.5212541818618774,True,0,43
3072,Reacher,0.01,85,65,27.576622009277344,13.664438247680664,3.141942262649536,True,True,True,12.545116424560547,0.5450814962387085,False,0,0
3072,Reacher,0.01,86,65,1.2685563564300537,220.76490783691406,61.32649612426758,False,False,False,-139.12966918945312,42.94310760498047,False,0,0
3072,Reacher,0.01,87,65,2.6262335777282715,273.19354248046875,81.24175262451172,False,False,False,-216.37098693847656,9.340046882629395,False,0,0
3072,Reacher,0.01,88,65,4.19248628616333,423.4590148925781,123.70887756347656,False,False,False,-723.6114501953125,156.45062255859375,True,0,51
3072,Reacher,0.01,89,65,65.649658203125,119.11182403564453,17.57192611694336,False,False,False,-4.4987077713012695,1.0361193418502808,False,0,0
3072,Reacher,0.01,90,65,33.92838668823242,414.1538391113281,116.32414245605469,False,False,False,-722.322509765625,19.545942306518555,True,0,30
3072,Reacher,0.01,91,65,5.936491966247559,165.0139617919922,42.850440979003906,False,False,False,-185.16749572753906,32.19139862060547,True,0,56
3072,Reacher,0.01,92,65,36.92974853515625,91.13432312011719,16.13631820678711,False,False,False,-36.92803955078125,1.9999537467956543,False,0,0
3072,Reacher,0.01,93,65,26.31235694885254,34.47552490234375,5.568997383117676,False,False,True,13.817987442016602,0.4748479723930359,False,0,0
3072,Reacher,0.01,94,65,20.916582107543945,61.343048095703125,15.271565437316895,False,False,False,-6.5509138107299805,1.313192367553711,True,0,24
3072,Reacher,0.01,95,65,6.2906880378723145,65.51602172851562,12.354069709777832,False,False,False,-7.293130397796631,2.159353256225586,True,0,32
3072,Reacher,0.01,96,65,0.8181567192077637,104.37821960449219,25.11652946472168,False,False,False,-51.96056365966797,64.50930786132812,True,0,36
3072,Reacher,0.01,97,65,39.6054573059082,426.8152160644531,115.62955474853516,False,False,False,-680.1925048828125,16.86102294921875,True,0,31
3072,Reacher,0.01,98,65,2.60245943069458,53.56304168701172,16.561538696289062,False,False,False,-22.613353729248047,6.496272087097168,True,0,1
3072,Reacher,0.01,99,65,14.058167457580566,50.471343994140625,5.717284679412842,False,False,False,-8.1256685256958,1.5780034065246582,False,0,0
3072,Reacher,0.02,0,65,9.030921936035156,5.79803466796875,1.384292483329773,False,False,True,8.335529327392578,0.07700131088495255,False,0,0
3072,Reacher,0.02,1,65,17.253416061401367,6.4149169921875,1.6170765161514282,True,True,True,15.458969116210938,0.10400532186031342,False,0,0
3072,Reacher,0.02,2,65,11.917555809020996,1.813323974609375,0.42072707414627075,True,True,True,11.450461387634277,0.03919382393360138,False,0,0
3072,Reacher,0.02,3,65,50.91701889038086,5.876708984375,1.0681668519973755,True,True,True,48.03544616699219,0.05659352242946625,False,0,0
3072,Reacher,0.02,4,65,0.17238426208496094,1.6894683837890625,0.6204541921615601,False,False,False,-0.16150128841400146,1.9368679523468018,False,64,64
3072,Reacher,0.02,5,65,5.439670085906982,8.0302734375,2.500462055206299,False,False,True,3.115185499191284,0.4273208677768707,False,0,0
3072,Reacher,0.02,6,65,21.891685485839844,1.60528564453125,0.3795807957649231,True,True,True,21.259830474853516,0.04457000270485878,False,0,0
3072,Reacher,0.02,7,65,10.295284271240234,4.0874481201171875,1.2292906045913696,True,True,True,7.498937606811523,0.27161431312561035,False,0,0
3072,Reacher,0.02,8,65,316.0699462890625,0.743438720703125,0.2668185234069824,True,True,True,315.5081481933594,0.0025340619031339884,False,0,0
3072,Reacher,0.02,9,65,25.40281867980957,1.9708328247070312,0.3669357895851135,True,True,True,24.277507781982422,0.044298626482486725,False,0,0
3072,Reacher,0.02,10,65,3.879112958908081,7.0679168701171875,2.3969075679779053,False,False,True,2.719865083694458,0.29884353280067444,False,0,0
3072,Reacher,0.02,11,65,27.195545196533203,6.13812255859375,0.8324548602104187,True,True,True,24.8629150390625,0.08577248454093933,False,0,0
3072,Reacher,0.02,12,65,39.18210220336914,3.05029296875,0.8930330276489258,True,True,True,38.094566345214844,0.04458368197083473,False,0,0
3072,Reacher,0.02,13,65,12.655130386352539,1.5635986328125,0.35405316948890686,True,True,True,12.114776611328125,0.04269840940833092,False,0,0
3072,Reacher,0.02,14,65,3.4135825634002686,2.20159912109375,0.5012449026107788,False,False,True,2.9051482677459717,0.14894448220729828,False,0,0
3072,Reacher,0.02,15,65,7.263545513153076,1.109954833984375,0.23934419453144073,True,True,True,6.914424419403076,0.04806482419371605,False,0,0
3072,Reacher,0.02,16,65,40.2977180480957,3.0509109497070312,0.9429584741592407,True,True,True,39.66176223754883,0.049067649990320206,False,0,0
3072,Reacher,0.02,17,65,9.983388900756836,7.2297515869140625,1.4176338911056519,False,False,True,9.640640258789062,0.15210463106632233,False,0,0
3072,Reacher,0.02,18,65,11.187321662902832,8.142333984375,2.0813841819763184,False,False,True,7.693343162536621,0.3123159110546112,False,0,0
3072,Reacher,0.02,19,65,14.132729530334473,4.17889404296875,0.8140560388565063,True,True,True,11.790830612182617,0.16570746898651123,False,0,0
3072,Reacher,0.02,20,65,18.360111236572266,11.720413208007812,3.397000312805176,False,False,True,12.809242248535156,0.3023330867290497,False,0,0
3072,Reacher,0.02,21,65,95.8975601196289,1.264404296875,0.15885697305202484,True,True,True,95.30375671386719,0.006192028522491455,False,0,0
3072,Reacher,0.02,22,65,0.22234129905700684,2.7055511474609375,0.5475832223892212,False,False,True,0.054284512996673584,0.7558504939079285,False,64,64
3072,Reacher,0.02,23,65,0.0814824104309082,1.803741455078125,0.35003015398979187,False,False,False,-0.12081456184387207,2.4827072620391846,False,0,0
3072,Reacher,0.02,24,65,24.52338218688965,1.4788055419921875,0.31788426637649536,True,True,True,23.898494720458984,0.0267525352537632,False,0,0
3072,Reacher,0.02,25,65,23.15835189819336,1.2890625,0.39823129773139954,True,True,True,22.67985725402832,0.0206618495285511,False,0,0
3072,Reacher,0.02,26,65,109.93827819824219,0.8881378173828125,0.131765216588974,True,True,True,108.98770904541016,0.00864635780453682,False,0,0
3072,Reacher,0.02,27,65,233.52847290039062,0.75616455078125,0.19285286962985992,True,True,True,233.21592712402344,0.002566120121628046,False,0,0
3072,Reacher,0.02,28,65,28.851228713989258,3.2927703857421875,1.0249921083450317,True,True,True,28.126361846923828,0.037982966750860214,False,0,0
3072,Reacher,0.02,29,65,2.520226001739502,4.6453094482421875,1.6599422693252563,False,False,True,1.2736060619354248,0.4946461021900177,False,0,0
3072,Reacher,0.02,30,65,27.798175811767578,1.87957763671875,0.4201386272907257,True,True,True,27.19706153869629,0.029933802783489227,False,0,0
3072,Reacher,0.02,31,65,19.05996322631836,6.332489013671875,1.3181465864181519,True,True,True,13.537461280822754,0.289743572473526,False,0,0
3072,Reacher,0.02,32,65,1.5509124994277954,2.5403289794921875,0.7715049982070923,False,False,True,1.1810951232910156,0.2384514957666397,False,0,0
3072,Reacher,0.02,33,65,8.752223014831543,6.071929931640625,2.593442916870117,False,False,True,6.902440071105957,0.21135009825229645,False,0,0
3072,Reacher,0.02,34,65,24.54566192626953,1.4688720703125,0.297934353351593,True,True,True,24.379499435424805,0.007570355199277401,False,0,0
3072,Reacher,0.02,35,65,16.549854278564453,7.1927337646484375,1.5898996591567993,True,True,True,13.858063697814941,0.16264738142490387,False,0,0
3072,Reacher,0.02,36,65,123.33555603027344,3.4902725219726562,0.6619523167610168,True,True,True,119.75069427490234,0.02906593680381775,False,0,0
3072,Reacher,0.02,37,65,21.53069496154785,8.095748901367188,1.5217336416244507,True,True,True,18.977012634277344,0.1186065822839737,False,0,0
3072,Reacher,0.02,38,65,56.868770599365234,4.894866943359375,1.535372018814087,True,True,True,54.747745513916016,0.05076088383793831,False,0,0
3072,Reacher,0.02,39,65,18.986591339111328,2.694610595703125,0.9016958475112915,True,True,True,17.586421966552734,0.07374513894319534,False,0,0
3072,Reacher,0.02,40,65,14.153149604797363,1.2766265869140625,0.3933093249797821,True,True,True,13.95330810546875,0.014682176522910595,False,0,0
3072,Reacher,0.02,41,65,16.580707550048828,12.216064453125,2.6406612396240234,False,False,True,14.915651321411133,0.10042127221822739,False,0,0
3072,Reacher,0.02,42,65,48.68189239501953,2.1630401611328125,0.3984804153442383,True,True,True,46.799739837646484,0.038662295788526535,False,0,0
3072,Reacher,0.02,43,65,6.3746562004089355,1.2156982421875,0.4106631278991699,True,True,True,6.018430709838867,0.05588149279356003,False,0,0
3072,Reacher,0.02,44,65,27.429393768310547,3.243316650390625,0.5981454849243164,True,True,True,27.1621036529541,0.037705935537815094,False,0,0
3072,Reacher,0.02,45,65,3.753084897994995,4.459300994873047,0.5828611254692078,False,False,True,3.0485072135925293,0.18773292005062103,False,0,0
3072,Reacher,0.02,46,65,30.507190704345703,4.378173828125,0.9974203109741211,True,True,True,27.44377899169922,0.10041604936122894,False,0,0
3072,Reacher,0.02,47,65,37.43540573120117,1.7449798583984375,0.322353720664978,True,True,True,36.366554260253906,0.02855188027024269,False,0,0
3072,Reacher,0.02,48,65,6.149997711181641,2.951568603515625,1.0384843349456787,True,True,True,5.789438724517822,0.058627501130104065,False,0,0
3072,Reacher,0.02,49,65,18.34062385559082,3.940185546875,1.5170016288757324,True,True,True,15.81331729888916,0.13779829442501068,False,0,0
3072,Reacher,0.02,50,65,19.662837982177734,1.4109954833984375,0.4653296172618866,True,True,True,19.566274642944336,0.023730818182229996,False,0,0
3072,Reacher,0.02,51,65,23.608261108398438,1.8631744384765625,0.6993548274040222,True,True,True,23.160736083984375,0.023411685600876808,False,0,0
3072,Reacher,0.02,52,65,116.00697326660156,4.041717529296875,0.8457145094871521,True,True,True,114.81523895263672,0.033632319420576096,False,0,0
3072,Reacher,0.02,53,65,6.298637390136719,3.98516845703125,0.7932674288749695,False,False,True,5.301120281219482,0.15837030112743378,False,0,0
3072,Reacher,0.02,54,65,56.727481842041016,5.225830078125,0.9698347449302673,True,True,True,51.90966033935547,0.08492924273014069,False,0,0
3072,Reacher,0.02,55,65,15.22674560546875,3.785186767578125,1.4333341121673584,True,True,True,14.84488296508789,0.05857914686203003,False,0,0
3072,Reacher,0.02,56,65,345.64593505859375,2.34771728515625,0.347166508436203,True,True,True,343.1767578125,0.0074469526298344135,False,0,0
3072,Reacher,0.02,57,65,56.36231231689453,1.5933074951171875,0.43043121695518494,True,True,True,56.26145553588867,0.015081452205777168,False,0,0
3072,Reacher,0.02,58,65,9.920181274414062,5.3742523193359375,1.940946340560913,False,False,True,7.650655746459961,0.2287786304950714,False,0,0
3072,Reacher,0.02,59,65,9.994401931762695,2.69696044921875,0.770229160785675,True,True,True,9.237351417541504,0.07574748247861862,False,0,0
3072,Reacher,0.02,60,65,136.73898315429688,1.502777099609375,0.3217783272266388,True,True,True,135.2724151611328,0.010725341737270355,False,0,0
3072,Reacher,0.02,61,65,181.35198974609375,6.634521484375,1.282301664352417,True,True,True,177.83099365234375,0.022990887984633446,False,0,0
3072,Reacher,0.02,62,65,30.017656326293945,3.7970428466796875,0.8769647479057312,True,True,True,28.90793228149414,0.03696905076503754,False,0,0
3072,Reacher,0.02,63,65,2.8124618530273438,4.3000030517578125,1.1647042036056519,False,False,True,1.7657537460327148,0.3721679449081421,False,0,0
3072,Reacher,0.02,64,65,0.1024632453918457,2.270904541015625,0.8182321786880493,False,False,False,-0.39415907859802246,4.8468337059021,False,38,38
3072,Reacher,0.02,65,65,118.81552124023438,2.1617584228515625,0.2280484139919281,True,True,True,118.562255859375,0.011096603237092495,False,0,0
3072,Reacher,0.02,66,65,20.036495208740234,2.9861297607421875,0.5365176796913147,True,True,True,18.52486228942871,0.07544400542974472,False,0,0
3072,Reacher,0.02,67,65,0.8590338230133057,5.2849273681640625,1.5761231184005737,False,False,True,0.19169193506240845,0.7768517136573792,False,62,62
3072,Reacher,0.02,68,65,11.91502571105957,3.2889251708984375,0.5268173813819885,True,True,True,11.535245895385742,0.034009650349617004,False,0,0
3072,Reacher,0.02,69,65,5.8897504806518555,2.0142059326171875,0.8348217010498047,True,True,True,5.115400314331055,0.13147422671318054,False,0,0
3072,Reacher,0.02,70,65,0.7700357437133789,0.742584228515625,0.1993492692708969,False,False,True,0.6908392310142517,0.10284783691167831,False,25,25
3072,Reacher,0.02,71,65,5.422641754150391,11.415191650390625,3.059375286102295,False,False,True,3.6890830993652344,0.31968894600868225,False,0,0
3072,Reacher,0.02,72,65,29.308914184570312,4.7810211181640625,1.2625157833099365,True,True,True,28.680204391479492,0.07240597903728485,False,0,0
3072,Reacher,0.02,73,65,2.212378740310669,3.244293212890625,0.5945286750793457,False,False,True,1.7054675817489624,0.22912494838237762,False,0,0
3072,Reacher,0.02,74,65,9.036516189575195,4.0742034912109375,1.212364912033081,True,True,True,7.398653984069824,0.18124927580356598,False,0,0
3072,Reacher,0.02,75,65,51.921669006347656,6.1351165771484375,1.1911327838897705,True,True,True,47.800758361816406,0.07936784625053406,False,0,0
3072,Reacher,0.02,76,65,25.876434326171875,3.69049072265625,1.192422866821289,True,True,True,25.3925724029541,0.07205486297607422,False,0,0
3072,Reacher,0.02,77,65,8.106244087219238,2.5319442749023438,0.35733217000961304,True,True,True,7.979620933532715,0.023449651896953583,False,0,0
3072,Reacher,0.02,78,65,12.968475341796875,7.9093780517578125,2.8757240772247314,False,False,True,10.04696273803711,0.2252780646085739,False,0,0
3072,Reacher,0.02,79,65,177.70309448242188,4.1161346435546875,1.32231605052948,True,True,True,173.9078826904297,0.022236429154872894,False,0,0
3072,Reacher,0.02,80,65,13.739259719848633,19.465805053710938,3.8395469188690186,False,False,True,13.436495780944824,0.09898015111684799,False,0,0
3072,Reacher,0.02,81,65,49.17578125,8.378860473632812,1.1807866096496582,True,True,True,43.31264114379883,0.11922821402549744,False,0,0
3072,Reacher,0.02,82,65,15.219130516052246,2.438934326171875,0.7468352317810059,True,True,True,14.491146087646484,0.04783351719379425,False,0,0
3072,Reacher,0.02,83,65,73.82061004638672,3.5361328125,0.6798744201660156,True,True,True,70.29242706298828,0.04779405891895294,False,0,0
3072,Reacher,0.02,84,65,13.990077018737793,3.5020751953125,1.1552523374557495,True,True,True,13.707708358764648,0.08936921507120132,False,0,0
3072,Reacher,0.02,85,65,45.78116989135742,8.861907958984375,1.6496281623840332,True,True,True,40.250850677490234,0.12079903483390808,False,0,0
3072,Reacher,0.02,86,65,1.3978307247161865,6.1732177734375,1.7555502653121948,False,False,True,0.6867035627365112,0.508736252784729,False,25,25
3072,Reacher,0.02,87,65,0.48508453369140625,3.6794281005859375,0.6258985996246338,False,False,True,0.48392820358276367,0.0308477021753788,False,0,0
3072,Reacher,0.02,88,65,3.6301963329315186,5.056915283203125,1.6355316638946533,False,False,True,2.644716501235962,0.271467387676239,False,0,0
3072,Reacher,0.02,89,65,48.464080810546875,0.631988525390625,0.12969355285167694,True,True,True,47.96610641479492,0.010275145061314106,False,0,0
3072,Reacher,0.02,90,65,27.1357364654541,1.08782958984375,0.35992079973220825,True,True,True,26.73174285888672,0.019464826211333275,False,0,0
3072,Reacher,0.02,91,65,5.515771389007568,5.759307861328125,1.8554233312606812,False,False,True,4.708374977111816,0.14637964963912964,False,0,0
3072,Reacher,0.02,92,65,51.37031173706055,3.529449462890625,0.4711229205131531,True,True,True,49.51288604736328,0.036157574504613876,False,0,0
3072,Reacher,0.02,93,65,34.0483512878418,2.3979339599609375,0.3610396981239319,True,True,True,33.13178634643555,0.026919463649392128,False,0,0
3072,Reacher,0.02,94,65,14.464412689208984,13.200820922851562,2.6200029850006104,False,False,True,7.311004638671875,0.49455225467681885,False,0,0
3072,Reacher,0.02,95,65,8.217585563659668,4.50421142578125,1.1738085746765137,False,False,True,7.077720642089844,0.13871046900749207,False,0,0
3072,Reacher,0.02,96,65,2.9429047107696533,2.3081817626953125,0.47718894481658936,False,False,True,2.6772727966308594,0.09026180952787399,False,22,22
3072,Reacher,0.02,97,65,31.630325317382812,1.5098114013671875,0.5003514289855957,True,True,True,31.05324935913086,0.01824440062046051,False,0,0
3072,Reacher,0.02,98,65,1.1495757102966309,2.9433746337890625,0.8051958680152893,False,False,True,0.5285944938659668,0.5401829481124878,False,1,1
3072,Reacher,0.02,99,65,25.291601181030273,3.9711456298828125,0.7548987865447998,True,True,True,23.069913864135742,0.08784288167953491,False,0,0
3072,Reacher,0.03,0,65,13.465263366699219,27.55389404296875,6.766697406768799,False,False,True,12.951972961425781,0.2283683568239212,False,0,0
3072,Reacher,0.03,1,65,22.126747131347656,8.521484375,2.795964241027832,True,True,True,18.741424560546875,0.1581193059682846,False,0,0
3072,Reacher,0.03,2,65,6.816222190856934,1.257080078125,0.3315761089324951,True,True,True,6.2954912185668945,0.07639583200216293,False,0,0
3072,Reacher,0.03,3,65,64.25566101074219,33.734527587890625,5.008149147033691,False,False,True,46.95505142211914,0.2692464292049408,False,0,0
3072,Reacher,0.03,4,65,2.233452081680298,20.449127197265625,5.3614654541015625,False,False,False,-1.8453750610351562,1.826243281364441,True,64,0
3072,Reacher,0.03,5,65,7.965418338775635,7.071044921875,2.06205677986145,False,False,True,5.930808067321777,0.2554304003715515,False,0,0
3072,Reacher,0.03,6,65,30.080839157104492,1.623199462890625,0.26887059211730957,True,True,True,29.776582717895508,0.010114641860127449,False,0,0
3072,Reacher,0.03,7,65,16.830347061157227,12.156158447265625,4.439300537109375,False,False,True,11.160584449768066,0.33687734603881836,False,0,0
3072,Reacher,0.03,8,65,306.6157531738281,2.387542724609375,0.7417312860488892,True,True,True,305.5909729003906,0.00743781216442585,False,0,0
3072,Reacher,0.03,9,65,20.298887252807617,24.768341064453125,3.39717173576355,False,False,True,14.633079528808594,0.4420952796936035,False,0,0
3072,Reacher,0.03,10,65,2.4801559448242188,12.83282470703125,4.424183368682861,False,False,True,0.009753406047821045,0.9960674047470093,False,0,0
3072,Reacher,0.03,11,65,19.05632781982422,23.682159423828125,4.106330871582031,False,False,True,9.924805641174316,0.4791858196258545,False,0,0
3072,Reacher,0.03,12,65,37.75969696044922,20.14007568359375,5.556210041046143,False,False,True,28.289453506469727,0.2817273437976837,False,0,0
3072,Reacher,0.03,13,65,19.08216094970703,7.67291259765625,2.124077320098877,True,True,True,14.95017147064209,0.2165367752313614,False,0,0
3072,Reacher,0.03,14,65,5.555440902709961,11.051849365234375,3.582160472869873,False,False,True,4.959360122680664,0.19030816853046417,False,0,0
3072,Reacher,0.03,15,65,12.965922355651855,18.514434814453125,5.930756568908691,False,False,True,2.0476198196411133,0.84207683801651,False,0,0
3072,Reacher,0.03,16,65,28.501161575317383,10.092788696289062,3.180506706237793,True,True,True,26.103927612304688,0.15405650436878204,False,0,0
3072,Reacher,0.03,17,65,8.910833358764648,22.655014038085938,5.5134477615356445,False,False,True,6.408620357513428,0.3486378490924835,False,0,0
3072,Reacher,0.03,18,65,11.69771671295166,10.249832153320312,3.3343639373779297,False,False,True,6.350646018981934,0.45710378885269165,False,0,0
3072,Reacher,0.03,19,65,19.2237491607666,6.08978271484375,0.8346907496452332,True,True,True,17.43905258178711,0.09283806383609772,False,0,0
3072,Reacher,0.03,20,65,26.32058334350586,9.646453857421875,2.1461338996887207,True,True,True,25.341541290283203,0.06581179052591324,False,0,0
3072,Reacher,0.03,21,65,77.58988189697266,5.25506591796875,0.6401692032814026,True,True,True,77.20219421386719,0.019119150936603546,False,0,0
3072,Reacher,0.03,22,65,0.3488887548446655,15.9671630859375,3.3391010761260986,False,False,False,-0.9740776419639587,3.791943073272705,True,0,64
3072,Reacher,0.03,23,65,0.1496042013168335,32.20982360839844,5.101518630981445,False,False,False,-0.06295549869537354,1.4208136796951294,True,0,54
3072,Reacher,0.03,24,65,27.99991798400879,12.584075927734375,3.178032636642456,True,True,True,22.933673858642578,0.18093784153461456,False,0,0
3072,Reacher,0.03,25,65,30.27922821044922,10.342681884765625,1.5497312545776367,True,True,True,23.31805992126465,0.22989912331104279,False,0,0
3072,Reacher,0.03,26,65,98.0736083984375,9.099609375,1.5796165466308594,True,True,True,91.68258666992188,0.06516559422016144,False,0,0
3072,Reacher,0.03,27,65,258.9276428222656,5.06353759765625,1.4641425609588623,True,True,True,256.1627502441406,0.01778259314596653,False,0,0
3072,Reacher,0.03,28,65,32.366729736328125,14.795318603515625,5.030548572540283,True,True,True,22.261442184448242,0.3122122287750244,False,0,0
3072,Reacher,0.03,29,65,0.40000057220458984,18.14385986328125,6.386663436889648,False,False,False,-1.4569542407989502,4.642380237579346,True,32,0
3072,Reacher,0.03,30,65,27.249412536621094,14.445556640625,3.255690336227417,False,False,True,22.877656936645508,0.18200334906578064,False,0,0
3072,Reacher,0.03,31,65,22.977767944335938,10.622833251953125,2.038206100463867,True,True,True,16.218576431274414,0.29416221380233765,False,0,0
3072,Reacher,0.03,32,65,0.1015007495880127,36.48771667480469,10.747965812683105,False,False,False,-6.128605365753174,59.79227828979492,True,0,64
3072,Reacher,0.03,33,65,12.750884056091309,11.689498901367188,4.5886030197143555,False,False,True,8.340503692626953,0.3458881974220276,False,0,0
3072,Reacher,0.03,34,65,18.764921188354492,3.68505859375,0.726004421710968,True,True,True,16.994020462036133,0.09437295794487,False,0,0
3072,Reacher,0.03,35,65,7.03972053527832,15.597900390625,3.797614574432373,False,False,True,5.492776393890381,0.21974512934684753,False,0,0
3072,Reacher,0.03,36,65,148.92918395996094,4.75262451171875,0.7698173522949219,True,True,True,145.64767456054688,0.02766542136669159,False,0,0
3072,Reacher,0.03,37,65,16.409650802612305,21.96905517578125,4.994348049163818,False,False,True,7.060346603393555,0.5697442293167114,False,0,0
3072,Reacher,0.03,38,65,43.36448669433594,12.649429321289062,2.702443838119507,True,True,True,34.2743034362793,0.20962274074554443,False,0,0
3072,Reacher,0.03,39,65,17.47427749633789,23.594131469726562,4.607205390930176,False,False,True,9.463186264038086,0.4584504961967468,False,0,0
3072,Reacher,0.03,40,65,9.307291030883789,8.974227905273438,2.8527679443359375,False,False,True,6.472923278808594,0.3045319616794586,False,0,0
3072,Reacher,0.03,41,65,15.13156509399414,5.8096923828125,1.9718773365020752,True,True,True,13.929712295532227,0.07942689955234528,False,0,0
3072,Reacher,0.03,42,65,72.25662231445312,2.7249908447265625,0.5859419703483582,True,True,True,71.4660873413086,0.028408048674464226,False,0,0
3072,Reacher,0.03,43,65,13.891023635864258,10.9449462890625,3.1940996646881104,False,False,True,11.238091468811035,0.19098176062107086,False,0,0
3072,Reacher,0.03,44,65,33.81458282470703,9.606689453125,2.1123032569885254,True,True,True,29.250471115112305,0.13497468829154968,False,0,0
3072,Reacher,0.03,45,65,1.8600592613220215,27.06317138671875,8.176986694335938,False,False,False,-1.40580153465271,1.755783200263977,False,0,0
3072,Reacher,0.03,46,65,16.66758155822754,20.8944091796875,5.361785888671875,False,False,True,9.385581016540527,0.43689605593681335,False,0,0
3072,Reacher,0.03,47,65,40.433937072753906,9.62628173828125,2.1953983306884766,True,True,True,37.61176681518555,0.06979702413082123,False,0,0
3072,Reacher,0.03,48,65,6.200786113739014,11.52581787109375,3.394044876098633,False,False,True,5.491818904876709,0.22304648160934448,False,0,0
3072,Reacher,0.03,49,65,17.418067932128906,10.101211547851562,2.406485080718994,False,False,True,11.426876068115234,0.34396418929100037,False,0,0
3072,Reacher,0.03,50,65,14.356757164001465,3.820892333984375,0.7357713580131531,True,True,True,14.078470230102539,0.04124540835618973,False,0,0
3072,Reacher,0.03,51,65,29.395877838134766,20.387741088867188,6.690075397491455,False,False,True,21.852170944213867,0.3324815630912781,False,0,0
3072,Reacher,0.03,52,65,72.60562896728516,14.137344360351562,2.8503994941711426,True,True,True,62.506690979003906,0.13909302651882172,False,0,0
3072,Reacher,0.03,53,65,5.942879676818848,25.98980712890625,4.454452037811279,False,False,False,-1.0497479438781738,1.1766395568847656,True,0,8
3072,Reacher,0.03,54,65,63.323326110839844,4.816551208496094,0.9252583384513855,True,True,True,61.230308532714844,0.05220445990562439,False,0,0
3072,Reacher,0.03,55,65,11.510095596313477,69.1517333984375,13.765475273132324,False,False,True,5.16216516494751,0.6581137180328369,False,0,0
3072,Reacher,0.03,56,65,330.7346496582031,8.7685546875,2.500805139541626,True,True,True,321.26312255859375,0.028637873008847237,False,0,0
3072,Reacher,0.03,57,65,41.23301315307617,3.0731353759765625,0.7821123003959656,True,True,True,39.164955139160156,0.05015537142753601,False,0,0
3072,Reacher,0.03,58,65,9.664076805114746,19.201248168945312,5.4962477684021,False,False,True,4.683733940124512,0.533454179763794,False,0,0
3072,Reacher,0.03,59,65,11.894699096679688,12.809234619140625,2.63162899017334,False,False,True,7.410994529724121,0.37694981694221497,False,0,0
3072,Reacher,0.03,60,65,125.04524230957031,3.728973388671875,0.8055686354637146,True,True,True,124.24970245361328,0.013964472338557243,False,0,0
3072,Reacher,0.03,61,65,232.86672973632812,13.972503662109375,4.610894680023193,True,True,True,220.61477661132812,0.052613578736782074,False,0,0
3072,Reacher,0.03,62,65,48.278987884521484,9.51727294921875,1.6695502996444702,True,True,True,46.41407775878906,0.043212875723838806,False,0,0
3072,Reacher,0.03,63,65,5.4099440574646,13.870101928710938,3.1872823238372803,False,False,True,2.448756217956543,0.5473601818084717,False,0,0
3072,Reacher,0.03,64,65,1.6484992504119873,23.85992431640625,5.781191825866699,False,False,True,0.45230984687805176,0.945702850818634,False,38,38
3072,Reacher,0.03,65,65,93.40129852294922,4.9952545166015625,0.7775121927261353,True,True,True,91.826171875,0.03848790004849434,False,0,0
3072,Reacher,0.03,66,65,14.261601448059082,4.92169189453125,0.7265377640724182,True,True,True,13.82033634185791,0.030940791592001915,False,0,0
3072,Reacher,0.03,67,65,6.175023078918457,1.805816650390625,0.5595365166664124,True,True,True,5.669543266296387,0.0818588137626648,False,0,0
3072,Reacher,0.03,68,65,21.726552963256836,20.865020751953125,3.602043867111206,False,False,True,19.538890838623047,0.18749183416366577,False,0,0
3072,Reacher,0.03,69,65,3.925898551940918,29.884979248046875,7.686774730682373,False,False,False,-1.666058897972107,1.2442506551742554,False,0,0
3072,Reacher,0.03,70,65,0.1102137565612793,10.741104125976562,2.5177950859069824,False,False,False,-1.6221370697021484,15.718099594116211,False,25,25
3072,Reacher,0.03,71,65,2.6163575649261475,11.790115356445312,2.701552152633667,False,False,True,1.5138623714447021,0.4213855266571045,False,0,0
3072,Reacher,0.03,72,65,27.645132064819336,12.287750244140625,3.992206335067749,True,True,True,19.996543884277344,0.27667036652565,False,0,0
3072,Reacher,0.03,73,65,6.058279514312744,20.266525268554688,4.587061882019043,False,False,True,3.6868174076080322,0.5116835236549377,False,0,0
3072,Reacher,0.03,74,65,6.365609645843506,19.904159545898438,6.498518943786621,False,False,True,2.815232753753662,0.5577434301376343,False,0,0
3072,Reacher,0.03,75,65,54.94259262084961,14.678131103515625,2.727414131164551,True,True,True,50.26329040527344,0.1646249145269394,False,0,0
3072,Reacher,0.03,76,65,17.46149253845215,8.168930053710938,2.938718318939209,True,True,True,16.49770736694336,0.12429072707891464,False,0,0
3072,Reacher,0.03,77,65,6.591383934020996,9.028884887695312,1.3610868453979492,False,False,True,3.267984390258789,0.5042036175727844,False,0,0
3072,Reacher,0.03,78,65,8.027115821838379,32.55206298828125,10.252494812011719,False,False,True,4.7232842445373535,0.7972132563591003,False,0,0
3072,Reacher,0.03,79,65,191.79515075683594,15.121826171875,4.340575218200684,True,True,True,184.93740844726562,0.059900205582380295,False,0,0
3072,Reacher,0.03,80,65,21.032121658325195,28.770477294921875,5.905287265777588,False,False,True,20.21916961669922,0.13087370991706848,False,0,0
3072,Reacher,0.03,81,65,37.316368103027344,19.57904052734375,3.1958868503570557,False,False,True,24.935224533081055,0.34443405270576477,False,0,0
3072,Reacher,0.03,82,65,23.480915069580078,26.756942749023438,8.146255493164062,False,False,True,19.589862823486328,0.3376540243625641,False,0,0
3072,Reacher,0.03,83,65,67.34075927734375,14.89337158203125,3.4331839084625244,True,True,True,54.74921798706055,0.21081554889678955,False,0,0
3072,Reacher,0.03,84,65,6.50762414932251,7.7266693115234375,2.1532421112060547,False,False,True,4.570384979248047,0.2976875901222229,False,0,0
3072,Reacher,0.03,85,65,28.9150390625,2.150299072265625,0.5635935664176941,True,True,True,27.96257972717285,0.032939936965703964,False,0,0
3072,Reacher,0.03,86,65,0.04619723558425903,8.204559326171875,2.637094259262085,False,False,False,-0.4780154228210449,11.347272872924805,False,25,25
3072,Reacher,0.03,87,65,2.843313694000244,11.945281982421875,2.8538095951080322,False,False,True,2.6113691329956055,0.0815754383802414,False,0,0
3072,Reacher,0.03,88,65,2.748180627822876,10.24700927734375,1.9334970712661743,False,False,True,2.3250608444213867,0.17253173887729645,False,0,0
3072,Reacher,0.03,89,65,59.54130172729492,8.898017883300781,1.1158949136734009,True,True,True,57.88859558105469,0.07144691795110703,False,0,0
3072,Reacher,0.03,90,65,16.230937957763672,14.732940673828125,4.858010768890381,False,False,True,12.137744903564453,0.2607046365737915,False,0,0
3072,Reacher,0.03,91,65,3.381488800048828,32.06770324707031,9.329784393310547,False,False,False,-9.11300277709961,3.69496750831604,False,0,0
3072,Reacher,0.03,92,65,50.29446029663086,11.765869140625,1.6950645446777344,True,True,True,45.86513900756836,0.08806778490543365,False,0,0
3072,Reacher,0.03,93,65,19.50095558166504,10.9752197265625,2.1339855194091797,False,False,True,17.023181915283203,0.12705910205841064,False,0,0
3072,Reacher,0.03,94,65,18.436904907226562,13.869674682617188,3.3510706424713135,False,False,True,13.261566162109375,0.28070539236068726,False,0,0
3072,Reacher,0.03,95,65,8.876495361328125,13.522918701171875,3.5301003456115723,False,False,True,5.888847351074219,0.33657965064048767,False,0,0
3072,Reacher,0.03,96,65,0.9519877433776855,9.203140258789062,2.2199490070343018,False,False,False,-1.2447056770324707,2.307480812072754,False,22,22
3072,Reacher,0.03,97,65,26.05459213256836,43.66168212890625,10.797183990478516,False,False,True,16.486352920532227,0.3672381341457367,False,0,0
3072,Reacher,0.03,98,65,1.9431731700897217,8.79327392578125,3.1263058185577393,False,False,True,0.46076393127441406,0.7628806829452515,False,0,0
3072,Reacher,0.03,99,65,16.193580627441406,20.651824951171875,3.3600234985351562,False,False,True,5.666499137878418,0.6500774621963501,False,0,0
3072,Reacher,0.04,0,65,14.276409149169922,17.546371459960938,4.4147515296936035,False,False,True,14.139298439025879,0.1595802754163742,False,0,0
3072,Reacher,0.04,1,65,19.08304214477539,11.04937744140625,3.916792154312134,False,False,True,14.747321128845215,0.23298771679401398,False,0,0
3072,Reacher,0.04,2,65,12.78049373626709,12.42987060546875,3.274247884750366,False,False,True,12.046813011169434,0.12431598454713821,False,0,0
3072,Reacher,0.04,3,65,62.68513870239258,30.342849731445312,4.777523994445801,True,True,True,52.405006408691406,0.21043935418128967,False,0,0
3072,Reacher,0.04,4,65,1.2269043922424316,19.42047119140625,4.897646903991699,False,False,False,-1.7917156219482422,2.460354804992676,False,0,0
3072,Reacher,0.04,5,65,6.600205421447754,5.891571044921875,1.4999854564666748,False,False,True,5.422621726989746,0.1784162074327469,False,0,0
3072,Reacher,0.04,6,65,21.702674865722656,7.862060546875,1.5235309600830078,True,True,True,20.499616622924805,0.08917544037103653,False,0,0
3072,Reacher,0.04,7,65,6.667041778564453,9.908203125,3.798879861831665,False,False,True,0.9986248016357422,0.8502147197723389,False,0,0
3072,Reacher,0.04,8,65,309.7112121582031,4.2060546875,0.5622272491455078,True,True,True,308.9819030761719,0.013830890879034996,False,0,0
3072,Reacher,0.04,9,65,20.39666748046875,7.2795257568359375,0.9878765344619751,True,True,True,19.153583526611328,0.16623976826667786,False,0,0
3072,Reacher,0.04,10,65,3.7759711742401123,19.799728393554688,7.233085632324219,False,False,True,1.1721341609954834,0.6895807385444641,False,0,0
3072,Reacher,0.04,11,65,15.062052726745605,15.74615478515625,2.4163873195648193,False,False,True,10.221410751342773,0.32137995958328247,False,0,0
3072,Reacher,0.04,12,65,25.9574031829834,6.865478515625,1.8819471597671509,True,True,True,23.513696670532227,0.12628301978111267,False,0,0
3072,Reacher,0.04,13,65,17.89223289489746,6.211090087890625,1.6629747152328491,True,True,True,14.53570556640625,0.1875968873500824,False,0,0
3072,Reacher,0.04,14,65,7.32050085067749,8.422149658203125,2.640777349472046,False,False,True,6.240968704223633,0.1974058449268341,False,0,0
3072,Reacher,0.04,15,65,11.268847465515137,7.7178497314453125,2.224148750305176,False,False,True,8.88343334197998,0.21168215572834015,False,0,0
3072,Reacher,0.04,16,65,20.871192932128906,9.40966796875,3.3240108489990234,True,True,True,17.49896812438965,0.16157318651676178,False,0,0
3072,Reacher,0.04,17,65,12.138410568237305,6.655181884765625,2.7895586490631104,False,False,True,10.100432395935059,0.16789495944976807,False,0,0
3072,Reacher,0.04,18,65,4.0205397605896,5.411041259765625,1.734487533569336,False,False,True,2.3414146900177,0.4176366925239563,False,0,0
3072,Reacher,0.04,19,65,22.067485809326172,6.4399261474609375,1.5739332437515259,True,True,True,19.001384735107422,0.17844462394714355,False,0,0
3072,Reacher,0.04,20,65,20.546489715576172,7.5451812744140625,2.479017496109009,True,True,True,16.95489501953125,0.17480327188968658,False,0,0
3072,Reacher,0.04,21,65,76.08153533935547,7.143280029296875,0.7776675224304199,True,True,True,73.45510864257812,0.03452116623520851,False,0,0
3072,Reacher,0.04,22,65,0.37262535095214844,24.27862548828125,5.095351219177246,False,False,False,-2.8335959911346436,8.604410171508789,False,64,64
3072,Reacher,0.04,23,65,0.8219382762908936,42.321502685546875,5.343810081481934,False,False,False,-0.43057143688201904,1.5238488912582397,False,54,54
3072,Reacher,0.04,24,65,26.07741355895996,17.923004150390625,4.682956695556641,False,False,True,18.844148635864258,0.27737659215927124,False,0,0
3072,Reacher,0.04,25,65,42.476497650146484,6.702972412109375,2.037959575653076,True,True,True,38.460872650146484,0.09453761577606201,False,0,0
3072,Reacher,0.04,26,65,95.44664001464844,11.554534912109375,1.3385719060897827,True,True,True,84.43858337402344,0.11533202975988388,False,0,0
3072,Reacher,0.04,27,65,261.6776428222656,6.93487548828125,1.8478952646255493,True,True,True,256.01947021484375,0.028090931475162506,False,0,0
3072,Reacher,0.04,28,65,24.82050323486328,8.973114013671875,2.9060428142547607,True,True,True,20.636625289916992,0.16856537759304047,False,0,0
3072,Reacher,0.04,29,65,1.146117091178894,23.279022216796875,8.763059616088867,False,False,False,-4.056879043579102,4.539672374725342,False,0,0
3072,Reacher,0.04,30,65,19.984079360961914,9.798858642578125,2.164099931716919,True,True,True,19.23653793334961,0.1494055688381195,False,0,0
3072,Reacher,0.04,31,65,13.074202537536621,8.596893310546875,1.5964139699935913,False,False,True,12.55453109741211,0.1179925799369812,False,0,0
3072,Reacher,0.04,32,65,0.1694873571395874,12.11529541015625,3.4232418537139893,False,False,False,-0.5134454369544983,4.029402732849121,True,0,64
3072,Reacher,0.04,33,65,11.810019493103027,15.292266845703125,6.615992546081543,False,False,True,6.650543212890625,0.43687281012535095,False,0,0
3072,Reacher,0.04,34,65,14.190427780151367,17.875221252441406,4.864661693572998,False,False,True,13.247474670410156,0.19964340329170227,False,0,0
3072,Reacher,0.04,35,65,6.993027210235596,5.7704010009765625,1.4292210340499878,False,False,True,5.856964111328125,0.16245655715465546,False,0,0
3072,Reacher,0.04,36,65,131.39617919921875,9.454437255859375,2.017383337020874,True,True,True,122.25740814208984,0.0695512592792511,False,0,0
3072,Reacher,0.04,37,65,15.072059631347656,16.449951171875,4.177546501159668,False,False,True,8.237785339355469,0.45344001054763794,False,0,0
3072,Reacher,0.04,38,65,39.94514083862305,3.15887451171875,0.8431002497673035,True,True,True,38.6335334777832,0.04717171937227249,False,0,0
3072,Reacher,0.04,39,65,16.523664474487305,25.73876953125,5.669612884521484,False,False,True,9.915933609008789,0.399895042181015,False,0,0
3072,Reacher,0.04,40,65,14.90960693359375,9.765670776367188,3.2520980834960938,False,False,True,10.627628326416016,0.28719595074653625,False,0,0
3072,Reacher,0.04,41,65,8.476531982421875,18.792510986328125,4.624160289764404,False,False,True,7.852052688598633,0.11783144623041153,False,0,0
3072,Reacher,0.04,42,65,54.429405212402344,7.907867431640625,1.6719200611114502,True,True,True,52.77136993408203,0.07182847708463669,False,0,0
3072,Reacher,0.04,43,65,17.79709243774414,8.020355224609375,2.3450989723205566,True,True,True,16.983797073364258,0.08512572199106216,False,0,0
3072,Reacher,0.04,44,65,32.02557373046875,10.222763061523438,2.0837185382843018,True,True,True,25.670785903930664,0.19842851161956787,False,0,0
3072,Reacher,0.04,45,65,3.9348437786102295,12.159156799316406,1.558736801147461,False,False,True,1.622957468032837,0.5875420570373535,False,0,0
3072,Reacher,0.04,46,65,6.6436686515808105,8.338470458984375,2.259436845779419,False,False,True,3.935436487197876,0.40764105319976807,False,0,0
3072,Reacher,0.04,47,65,46.43304443359375,9.431182861328125,1.1343146562576294,True,True,True,40.24781799316406,0.13320741057395935,False,0,0
3072,Reacher,0.04,48,65,4.306703567504883,13.561538696289062,3.9429869651794434,False,False,True,0.6100332736968994,0.8583526015281677,False,0,0
3072,Reacher,0.04,49,65,17.395954132080078,10.419654846191406,4.050813674926758,False,False,True,8.359085083007812,0.5194810628890991,False,0,0
3072,Reacher,0.04,50,65,7.224706172943115,6.106170654296875,1.8116415739059448,False,False,True,7.088545322418213,0.06319213658571243,False,0,0
3072,Reacher,0.04,51,65,20.478206634521484,13.712142944335938,4.401920318603516,False,False,True,13.368349075317383,0.34719139337539673,False,0,0
3072,Reacher,0.04,52,65,87.402587890625,18.816925048828125,4.370016098022461,True,True,True,71.87975311279297,0.17760157585144043,False,0,0
3072,Reacher,0.04,53,65,3.8070287704467773,8.393310546875,1.7113499641418457,False,False,True,1.0588035583496094,0.7218819260597229,False,0,0
3072,Reacher,0.04,54,65,52.171348571777344,4.762939453125,0.9002830982208252,True,True,True,49.84441375732422,0.06188678368926048,False,0,0
3072,Reacher,0.04,55,65,14.857573509216309,19.85595703125,5.618769645690918,False,False,True,13.403642654418945,0.19736358523368835,False,0,0
3072,Reacher,0.04,56,65,321.886962890625,6.863555908203125,1.5903782844543457,True,True,True,314.761474609375,0.02213664911687374,False,0,0
3072,Reacher,0.04,57,65,44.70198440551758,9.4130859375,2.057676315307617,True,True,True,43.970314025878906,0.057790689170360565,False,0,0
3072,Reacher,0.04,58,65,5.059638023376465,6.7181549072265625,1.8372794389724731,False,False,True,2.390329360961914,0.5275691151618958,False,0,0
3072,Reacher,0.04,59,65,14.494658470153809,10.061874389648438,2.207895040512085,False,False,True,13.819013595581055,0.11988992989063263,False,0,0
3072,Reacher,0.04,60,65,133.7590789794922,7.40283203125,1.5447547435760498,True,True,True,132.61431884765625,0.02700820006430149,False,0,0
3072,Reacher,0.04,61,65,227.6109619140625,16.665771484375,4.582041263580322,True,True,True,212.00680541992188,0.0685562714934349,False,0,0
3072,Reacher,0.04,62,65,42.68722152709961,4.651031494140625,0.9507192373275757,True,True,True,41.74400329589844,0.030754366889595985,False,0,0
3072,Reacher,0.04,63,65,8.68699836730957,2.6317596435546875,0.7316179871559143,True,True,True,8.196686744689941,0.0564420260488987,False,0,0
3072,Reacher,0.04,64,65,0.23855650424957275,8.240524291992188,1.6237921714782715,False,False,False,-0.16391891241073608,1.6871283054351807,True,0,38
3072,Reacher,0.04,65,65,77.72357177734375,5.71636962890625,0.9683640003204346,True,True,True,75.48035430908203,0.0374843068420887,False,0,0
3072,Reacher,0.04,66,65,17.80344009399414,5.22088623046875,1.3311036825180054,True,True,True,15.552291870117188,0.12644454836845398,False,0,0
3072,Reacher,0.04,67,65,1.246769905090332,8.96844482421875,3.2116143703460693,False,False,False,-1.5806477069854736,2.267794132232666,False,0,0
3072,Reacher,0.04,68,65,22.332712173461914,15.81463623046875,4.15604829788208,False,False,True,16.369050979614258,0.267037034034729,False,0,0
3072,Reacher,0.04,69,65,1.5258150100708008,16.621337890625,1.594032645225525,False,False,True,0.7970390319824219,0.477630615234375,False,0,0
3072,Reacher,0.04,70,65,0.1299659013748169,16.299850463867188,4.889711856842041,False,False,False,-0.3066329061985016,3.3593335151672363,False,25,25
3072,Reacher,0.04,71,65,4.154402732849121,18.358001708984375,3.743824005126953,False,False,True,3.2484564781188965,0.21806898713111877,False,0,0
3072,Reacher,0.04,72,65,21.967525482177734,5.4150390625,1.7408177852630615,True,True,True,20.798555374145508,0.0820939838886261,False,0,0
3072,Reacher,0.04,73,65,3.6812169551849365,22.964706420898438,4.930004119873047,False,False,True,2.1110575199127197,0.6610260605812073,False,0,0
3072,Reacher,0.04,74,65,5.3006463050842285,2.271881103515625,0.5554128885269165,True,True,True,5.083654880523682,0.04093678668141365,False,0,0
3072,Reacher,0.04,75,65,58.92075729370117,7.30035400390625,1.9122358560562134,True,True,True,53.60122299194336,0.09028284251689911,False,0,0
3072,Reacher,0.04,76,65,13.676654815673828,14.580535888671875,3.687265634536743,False,False,True,9.426419258117676,0.31076571345329285,False,0,0
3072,Reacher,0.04,77,65,12.236169815063477,6.6867828369140625,1.1112815141677856,False,False,True,11.843138694763184,0.058306459337472916,False,0,0
3072,Reacher,0.04,78,65,11.01954174041748,9.6851806640625,3.413673162460327,False,False,True,7.621747016906738,0.30834266543388367,False,0,0
3072,Reacher,0.04,79,65,193.25418090820312,4.78277587890625,1.0464153289794922,True,True,True,190.18394470214844,0.023139754310250282,False,0,0
3072,Reacher,0.04,80,65,21.845813751220703,22.891677856445312,6.730266094207764,False,False,True,14.802407264709473,0.34762081503868103,False,0,0
3072,Reacher,0.04,81,65,46.287864685058594,7.498687744140625,1.1484684944152832,True,True,True,45.183902740478516,0.0872955173254013,False,0,0
3072,Reacher,0.04,82,65,21.016998291015625,15.443862915039062,4.2720842361450195,False,False,True,13.91145133972168,0.33808571100234985,False,0,0
3072,Reacher,0.04,83,65,61.975074768066406,9.329925537109375,2.3089590072631836,True,True,True,60.300716400146484,0.10208124667406082,False,0,0
3072,Reacher,0.04,84,65,3.7606101036071777,6.600250244140625,1.760807752609253,False,False,True,2.579991102218628,0.313943475484848,False,0,0
3072,Reacher,0.04,85,65,32.91539764404297,13.627716064453125,3.2116408348083496,True,True,True,27.314350128173828,0.17016495764255524,False,0,0
3072,Reacher,0.04,86,65,0.21564030647277832,15.0601806640625,4.425795555114746,False,False,False,-3.874485731124878,18.96735382080078,False,25,25
3072,Reacher,0.04,87,65,3.600707530975342,16.32489013671875,3.8939735889434814,False,False,True,2.267693042755127,0.37020906805992126,False,0,0
3072,Reacher,0.04,88,65,2.270930767059326,5.432373046875,0.917106032371521,False,False,True,1.804300308227539,0.20547983050346375,False,0,0
3072,Reacher,0.04,89,65,64.59748077392578,16.48516845703125,3.779587745666504,True,True,True,56.41813659667969,0.1404724270105362,False,0,0
3072,Reacher,0.04,90,65,20.199249267578125,9.74542236328125,2.541886329650879,True,True,True,18.61968421936035,0.07819917052984238,False,0,0
3072,Reacher,0.04,91,65,6.0650105476379395,20.033889770507812,6.188161849975586,False,False,True,1.0617728233337402,0.824934720993042,False,0,0
3072,Reacher,0.04,92,65,44.234378814697266,8.339157104492188,1.3745627403259277,True,True,True,39.49140548706055,0.10722368210554123,False,0,0
3072,Reacher,0.04,93,65,27.67144012451172,2.85986328125,0.6460045576095581,True,True,True,27.290849685668945,0.01375389751046896,False,0,0
3072,Reacher,0.04,94,65,34.0150032043457,6.5164337158203125,1.3629544973373413,True,True,True,33.168025970458984,0.05410749465227127,False,0,0
3072,Reacher,0.04,95,65,3.9558820724487305,2.388275146484375,0.5728824734687805,False,False,True,3.786742687225342,0.04275645688176155,False,0,0
3072,Reacher,0.04,96,65,0.9961020350456238,9.16168212890625,2.355269432067871,False,False,True,0.09226572513580322,0.9073731899261475,False,22,22
3072,Reacher,0.04,97,65,26.947608947753906,7.0462493896484375,1.5324671268463135,True,True,True,26.863136291503906,0.03959241136908531,False,0,0
3072,Reacher,0.04,98,65,0.34706687927246094,3.43853759765625,1.154440999031067,False,False,False,-0.29813289642333984,1.8590070009231567,False,1,1
3072,Reacher,0.04,99,65,20.55632972717285,2.7528076171875,0.8308656811714172,True,True,True,19.80267906188965,0.036662664264440536,False,0,0
3072,Reacher,0.05,0,65,25.81005859375,14.763092041015625,3.2855780124664307,False,False,True,20.006641387939453,0.22485101222991943,False,0,0
3072,Reacher,0.05,1,65,3.531615734100342,7.5402069091796875,2.204026699066162,False,False,True,1.8839051723480225,0.4665599763393402,False,0,0
3072,Reacher,0.05,2,65,6.959749221801758,2.955902099609375,0.7005405426025391,True,True,True,5.440996170043945,0.21821950376033783,False,0,0
3072,Reacher,0.05,3,65,30.511905670166016,7.045940399169922,2.51883602142334,True,True,True,23.71645164489746,0.2231517732143402,False,0,0
3072,Reacher,0.05,4,65,6.122806549072266,2.62066650390625,0.8468691110610962,True,True,True,5.964630126953125,0.09182719141244888,False,0,0
3072,Reacher,0.05,5,65,4.664652347564697,5.191986083984375,0.5790576338768005,False,False,True,4.467525005340576,0.04228902980685234,False,14,14
3072,Reacher,0.05,6,65,1.7814114093780518,1.0237579345703125,0.25293126702308655,False,False,True,1.4854280948638916,0.1661510169506073,False,34,34
3072,Reacher,0.05,7,65,8.153860092163086,9.54852294921875,2.3405301570892334,False,False,True,5.984411239624023,0.34354954957962036,False,18,18
3072,Reacher,0.05,8,65,164.45040893554688,2.25091552734375,0.767143189907074,True,True,True,162.4116668701172,0.012397333979606628,False,0,0
3072,Reacher,0.05,9,65,11.827507019042969,4.59796142578125,1.1826053857803345,True,True,True,9.621824264526367,0.18648754060268402,False,0,0
3072,Reacher,0.05,10,65,2.3663363456726074,13.062088012695312,3.4008867740631104,False,False,True,1.3652048110961914,0.42307236790657043,False,20,20
3072,Reacher,0.05,11,65,7.774899482727051,4.341453552246094,1.3486456871032715,False,False,True,7.000508785247803,0.0996013805270195,False,47,47
3072,Reacher,0.05,12,65,2.8714847564697266,5.763427734375,1.7121657133102417,False,False,True,1.222548484802246,0.5742451548576355,False,19,19
3072,Reacher,0.05,13,65,26.97638511657715,4.3775177001953125,1.193250060081482,True,True,True,23.156400680541992,0.14160475134849548,False,0,0
3072,Reacher,0.05,14,65,0.9276504516601562,3.3429412841796875,0.9510971307754517,False,False,True,0.2944202423095703,0.6826172471046448,False,3,3
3072,Reacher,0.05,15,65,5.822585105895996,1.0326995849609375,0.3397602438926697,True,True,True,5.50919246673584,0.053823623806238174,False,0,0
3072,Reacher,0.05,16,65,12.99439525604248,2.0848541259765625,0.6655471920967102,True,True,True,12.31220817565918,0.052498526871204376,False,0,0
3072,Reacher,0.05,17,65,5.132596969604492,5.5167388916015625,1.4655746221542358,False,False,True,4.8131608963012695,0.07466110587120056,False,0,0
3072,Reacher,0.05,18,65,16.586973190307617,3.228240966796875,0.9032809138298035,True,True,True,14.683594703674316,0.11475139856338501,False,0,0
3072,Reacher,0.05,19,65,13.016940116882324,4.6399383544921875,1.0312073230743408,True,True,True,10.322803497314453,0.20697157084941864,False,2,2
3072,Reacher,0.05,20,65,14.922136306762695,6.015533447265625,2.198352098464966,True,True,True,12.54792594909668,0.16051314771175385,False,0,0
3072,Reacher,0.05,21,65,69.56625366210938,3.254180908203125,0.6320747137069702,True,True,True,67.554443359375,0.028919389471411705,False,0,0
3072,Reacher,0.05,22,65,3.7302446365356445,3.3681640625,0.8623413443565369,False,False,True,1.4425268173217773,0.613288938999176,False,64,64
3072,Reacher,0.05,23,65,1.4420156478881836,5.470867156982422,1.195264458656311,False,False,True,0.7397603988647461,0.4869955778121948,False,54,54
3072,Reacher,0.05,24,65,16.646728515625,1.913360595703125,0.3681979179382324,True,True,True,16.01654052734375,0.03785652294754982,False,0,0
3072,Reacher,0.05,25,65,30.890670776367188,3.4801712036132812,1.3688105344772339,True,True,True,23.977157592773438,0.22380585968494415,False,0,0
3072,Reacher,0.05,26,65,48.48138427734375,1.1727676391601562,0.2897043228149414,True,True,True,47.19441223144531,0.026545735076069832,False,0,0
3072,Reacher,0.05,27,65,46.80333709716797,1.5909271240234375,0.3826630711555481,True,True,True,45.80602264404297,0.021308597177267075,False,0,0
3072,Reacher,0.05,28,65,65.885986328125,3.9470062255859375,1.328995704650879,True,True,True,61.34617614746094,0.06890406459569931,False,0,0
3072,Reacher,0.05,29,65,0.3297243118286133,8.382064819335938,1.1116950511932373,False,False,False,-0.46394360065460205,2.4070651531219482,False,0,0
3072,Reacher,0.05,30,65,67.86353302001953,1.8298492431640625,0.7062773704528809,True,True,True,67.38724517822266,0.01538622286170721,False,0,0
3072,Reacher,0.05,31,65,22.678016662597656,5.2567138671875,1.9659782648086548,True,True,True,18.9641170501709,0.16376648843288422,False,0,0
3072,Reacher,0.05,32,65,5.002129554748535,1.964691162109375,0.6519547700881958,True,True,True,3.8345279693603516,0.23342089354991913,False,64,64
3072,Reacher,0.05,33,65,2.957575798034668,10.80792236328125,4.0224175453186035,False,False,False,-0.37328433990478516,1.1262129545211792,False,57,57
3072,Reacher,0.05,34,65,26.33090591430664,3.591552734375,1.1516011953353882,True,True,True,22.19884490966797,0.1569281816482544,False,0,0
3072,Reacher,0.05,35,65,17.476531982421875,2.723876953125,0.5959397554397583,True,True,True,17.0942325592041,0.027381716296076775,False,0,0
3072,Reacher,0.05,36,65,105.44763946533203,1.595245361328125,0.6285701394081116,True,True,True,105.25652313232422,0.007095376029610634,False,0,0
3072,Reacher,0.05,37,65,75.1208267211914,4.746894836425781,1.3297600746154785,True,True,True,74.53063201904297,0.04513014107942581,False,0,0
3072,Reacher,0.05,38,65,8.953802108764648,1.6139678955078125,0.4614750146865845,True,True,True,8.541345596313477,0.04606495797634125,False,0,0
3072,Reacher,0.05,39,65,24.590906143188477,5.6981353759765625,2.6630687713623047,True,True,True,18.355331420898438,0.25357237458229065,False,0,0
3072,Reacher,0.05,40,65,1.068192481994629,15.887603759765625,2.913327693939209,False,False,False,-0.8988752365112305,1.8414918184280396,False,0,0
3072,Reacher,0.05,41,65,9.226856231689453,9.0030517578125,1.531645655632019,False,False,True,8.610919952392578,0.0667547807097435,False,0,0
3072,Reacher,0.05,42,65,45.97004318237305,0.83038330078125,0.16906876862049103,True,True,True,45.17591094970703,0.017274953424930573,False,0,0
3072,Reacher,0.05,43,65,27.345413208007812,9.697189331054688,1.6604396104812622,True,True,True,26.143218994140625,0.0770668238401413,False,0,0
3072,Reacher,0.05,44,65,47.161102294921875,2.1444091796875,0.34204235672950745,True,True,True,46.467044830322266,0.01770799607038498,False,0,0
3072,Reacher,0.05,45,65,2.6631088256835938,3.4365386962890625,0.715589165687561,False,False,True,0.5753240585327148,0.7839652299880981,False,59,59
3072,Reacher,0.05,46,65,5.971555709838867,6.330780029296875,2.164520502090454,False,False,True,3.171934127807617,0.46882617473602295,False,0,0
3072,Reacher,0.05,47,65,80.56217956542969,11.091278076171875,2.1720221042633057,True,True,True,72.4910888671875,0.10018457472324371,False,0,0
3072,Reacher,0.05,48,65,9.725269317626953,6.64599609375,0.9795886874198914,False,False,True,9.235668182373047,0.20524363219738007,False,21,21
3072,Reacher,0.05,49,65,7.101560592651367,2.58001708984375,0.5362210273742676,True,True,True,5.725555419921875,0.1937609612941742,False,0,0
3072,Reacher,0.05,50,65,18.43259048461914,5.3084259033203125,1.4052033424377441,True,True,True,15.062775611877441,0.18281829357147217,False,0,0
3072,Reacher,0.05,51,65,28.352384567260742,3.0577239990234375,1.0667870044708252,True,True,True,27.097023010253906,0.04427708312869072,False,0,0
3072,Reacher,0.05,52,65,178.0469207763672,5.529510498046875,1.715151071548462,True,True,True,171.33689880371094,0.03768680617213249,False,0,0
3072,Reacher,0.05,53,65,19.28122329711914,2.3347625732421875,0.3420192003250122,True,True,True,18.50444221496582,0.040286917239427567,False,0,0
3072,Reacher,0.05,54,65,0.21975421905517578,3.834930419921875,0.7574788331985474,False,False,False,-1.5394649505615234,8.005393981933594,True,0,33
3072,Reacher,0.05,55,65,3.254345655441284,8.09869384765625,1.0058530569076538,False,False,True,2.8066511154174805,0.13756822049617767,False,0,0
3072,Reacher,0.05,56,65,353.8055419921875,1.27764892578125,0.24012263119220734,True,True,True,353.1761779785156,0.003910649102181196,False,0,0
3072,Reacher,0.05,57,65,43.880638122558594,1.430145263671875,0.4601714611053467,True,True,True,42.64690017700195,0.028115756809711456,False,0,0
3072,Reacher,0.05,58,65,2.0904154777526855,5.80364990234375,0.9032663702964783,False,False,True,1.1171259880065918,0.46559619903564453,False,24,24
3072,Reacher,0.05,59,65,18.30606460571289,2.648895263671875,0.5580653548240662,True,True,True,17.205595016479492,0.0601150281727314,False,0,0
3072,Reacher,0.05,60,65,37.2283935546875,1.82177734375,0.6830781102180481,True,True,True,35.910667419433594,0.035395730286836624,False,0,0
3072,Reacher,0.05,61,65,147.95643615722656,8.230224609375,1.74857759475708,True,True,True,145.262939453125,0.041366562247276306,False,0,0
3072,Reacher,0.05,62,65,47.776432037353516,4.0328369140625,1.1505786180496216,True,True,True,43.69703674316406,0.08538506925106049,False,0,0
3072,Reacher,0.05,63,65,9.622064590454102,5.2155303955078125,1.6055643558502197,False,False,True,7.902109622955322,0.178751140832901,False,0,0
3072,Reacher,0.05,64,65,2.501025915145874,3.972564697265625,0.864137589931488,False,False,True,2.3537139892578125,0.07305580377578735,False,3,3
3072,Reacher,0.05,65,65,38.24467468261719,4.73516845703125,0.6158580780029297,True,True,True,36.68529510498047,0.04077371954917908,False,0,0
3072,Reacher,0.05,66,65,24.99285316467285,2.3492431640625,0.753105103969574,True,True,True,24.371389389038086,0.02880149520933628,False,0,0
3072,Reacher,0.05,67,65,3.5746288299560547,6.37835693359375,1.2850134372711182,False,False,True,2.4464993476867676,0.3155934512615204,False,0,0
3072,Reacher,0.05,68,65,23.082927703857422,3.9922943115234375,0.9065259099006653,True,True,True,21.347389221191406,0.07518712431192398,False,0,0
3072,Reacher,0.05,69,65,9.048072814941406,6.4263916015625,1.5711100101470947,False,False,True,7.876945972442627,0.1318126618862152,False,0,0
3072,Reacher,0.05,70,65,3.549626588821411,3.49462890625,0.7084307074546814,False,False,True,3.468366861343384,0.04011869058012962,False,25,25
3072,Reacher,0.05,71,65,0.8371362686157227,2.1422119140625,0.5824751853942871,False,False,False,-0.8310022354125977,1.9926725625991821,False,0,0
3072,Reacher,0.05,72,65,58.03141403198242,5.384033203125,1.3923300504684448,True,True,True,54.2834587097168,0.06458492577075958,False,0,0
3072,Reacher,0.05,73,65,3.8511881828308105,7.1326751708984375,1.2842825651168823,False,False,True,1.831648826599121,0.5243938565254211,False,25,25
3072,Reacher,0.05,74,65,0.17430353164672852,6.0880126953125,1.6388235092163086,False,False,False,-0.6532540321350098,4.747795581817627,True,42,0
3072,Reacher,0.05,75,65,38.06443786621094,4.8262786865234375,0.9893011450767517,True,True,True,34.82916259765625,0.08499471098184586,False,0,0
3072,Reacher,0.05,76,65,17.375659942626953,1.4189910888671875,0.38294121623039246,True,True,True,17.17708969116211,0.019282914698123932,False,0,0
3072,Reacher,0.05,77,65,25.112611770629883,24.652694702148438,3.2335128784179688,False,False,True,19.85323143005371,0.20943185687065125,False,0,0
3072,Reacher,0.05,78,65,1.882462501525879,5.9512176513671875,1.5525745153427124,False,False,True,1.615301251411438,0.14192114770412445,False,54,54
3072,Reacher,0.05,79,65,55.99565887451172,1.27447509765625,0.27557238936424255,True,True,True,55.666385650634766,0.007041167933493853,False,0,0
3072,Reacher,0.05,80,65,43.28191375732422,4.011474609375,1.1039097309112549,True,True,True,41.81108856201172,0.05026695132255554,False,0,0
3072,Reacher,0.05,81,65,17.100914001464844,4.246978759765625,0.8148486614227295,True,True,True,16.096885681152344,0.0587119534611702,False,0,0
3072,Reacher,0.05,82,65,1.2988266944885254,5.9327392578125,1.0007665157318115,False,False,True,0.9190821647644043,0.2923750579357147,False,0,0
3072,Reacher,0.05,83,65,10.114371299743652,2.436065673828125,0.4328317642211914,True,True,True,9.282461166381836,0.08225025981664658,False,0,0
3072,Reacher,0.05,84,65,4.661915302276611,8.40557861328125,1.8150745630264282,False,False,True,1.9723963737487793,0.5769128799438477,False,0,0
3072,Reacher,0.05,85,65,28.913803100585938,2.719940185546875,0.3659168481826782,True,True,True,28.55062484741211,0.012560705654323101,False,0,0
3072,Reacher,0.05,86,65,16.78004264831543,16.167266845703125,3.1829750537872314,False,False,True,15.183218002319336,0.11849386245012283,False,0,0
3072,Reacher,0.05,87,65,1.646357536315918,4.6144866943359375,0.6804199814796448,False,False,True,0.7563648223876953,0.5405828952789307,False,0,0
3072,Reacher,0.05,88,65,4.331210613250732,11.655731201171875,0.8244020342826843,False,False,True,4.099455833435059,0.07536082714796066,False,0,0
3072,Reacher,0.05,89,65,2.305434226989746,3.25457763671875,0.5131138563156128,False,False,True,2.0944948196411133,0.09149660915136337,False,12,12
3072,Reacher,0.05,90,65,41.779685974121094,5.074989318847656,1.0780836343765259,True,True,True,39.41893005371094,0.056504830718040466,False,0,0
3072,Reacher,0.05,91,65,4.181818008422852,4.49700927734375,1.0622330904006958,False,False,True,3.5555262565612793,0.14976540207862854,False,1,1
3072,Reacher,0.05,92,65,43.13722229003906,1.789520263671875,0.4921153783798218,True,True,True,40.53464889526367,0.060332439839839935,False,0,0
3072,Reacher,0.05,93,65,87.33085632324219,4.0707550048828125,0.5897236466407776,True,True,True,84.15729522705078,0.036339521408081055,False,0,0
3072,Reacher,0.05,94,65,12.775211334228516,4.150970458984375,0.8868495225906372,True,True,True,11.088353157043457,0.13204151391983032,False,0,0
3072,Reacher,0.05,95,65,11.473320007324219,4.8875579833984375,0.9162732362747192,True,True,True,9.713193893432617,0.153410404920578,False,0,0
3072,Reacher,0.05,96,65,0.6969699859619141,1.2816009521484375,0.32260772585868835,False,False,True,0.4494791030883789,0.3550954759120941,False,22,22
3072,Reacher,0.05,97,65,55.26960754394531,1.9094696044921875,0.4809853136539459,True,True,True,54.12461853027344,0.020716413855552673,False,0,0
3072,Reacher,0.05,98,65,8.64609146118164,6.512298583984375,1.5545519590377808,False,False,True,7.080601692199707,0.18106332421302795,False,62,62
3072,Reacher,0.05,99,65,21.278099060058594,5.026702880859375,0.7054862380027771,True,True,True,18.938682556152344,0.10994480550289154,False,0,0
3072,Reacher,0.06,0,65,14.797056198120117,18.443519592285156,4.497966289520264,False,False,True,12.725486755371094,0.149881973862648,False,0,0
3072,Reacher,0.06,1,65,19.485811233520508,9.150726318359375,3.333082437515259,True,True,True,16.71533203125,0.22691698372364044,False,0,0
3072,Reacher,0.06,2,65,9.798046112060547,6.4812469482421875,1.64238703250885,False,False,True,7.7134270668029785,0.2127586454153061,False,0,0
3072,Reacher,0.06,3,65,54.69125747680664,1.492340087890625,0.11478397995233536,True,True,True,54.32655334472656,0.00705462321639061,False,0,0
3072,Reacher,0.06,4,65,2.2402665615081787,9.495071411132812,2.630056858062744,False,False,True,0.8198158740997314,0.6340543031692505,False,0,0
3072,Reacher,0.06,5,65,8.55742359161377,6.82464599609375,2.220881462097168,False,False,True,5.740032196044922,0.3292336165904999,False,0,0
3072,Reacher,0.06,6,65,31.938404083251953,3.5115509033203125,0.8951963186264038,True,True,True,29.683963775634766,0.07058709859848022,False,0,0
3072,Reacher,0.06,7,65,12.336912155151367,6.19561767578125,1.7312709093093872,False,False,True,8.568163871765137,0.3054855465888977,False,0,0
3072,Reacher,0.06,8,65,318.41082763671875,4.900604248046875,0.6819117665290833,True,True,True,317.5389709472656,0.013082848861813545,False,0,0
3072,Reacher,0.06,9,65,14.661321640014648,5.53228759765625,0.8724803328514099,True,True,True,11.835685729980469,0.1927272230386734,False,0,0
3072,Reacher,0.06,10,65,2.2568163871765137,7.52734375,2.50683331489563,False,False,True,0.7304264903068542,0.676346480846405,False,0,0
3072,Reacher,0.06,11,65,21.274019241333008,3.681427001953125,0.7909982800483704,True,True,True,20.67282485961914,0.02974811941385269,False,0,0
3072,Reacher,0.06,12,65,37.78792953491211,1.9225921630859375,0.5428040623664856,True,True,True,37.05671310424805,0.01935056783258915,False,0,0
3072,Reacher,0.06,13,65,19.28278923034668,1.8819580078125,0.5060082077980042,True,True,True,18.504480361938477,0.040362898260354996,False,0,0
3072,Reacher,0.06,14,65,8.463600158691406,10.776107788085938,2.876329183578491,False,False,True,7.836262226104736,0.3354238271713257,False,0,0
3072,Reacher,0.06,15,65,13.94019603729248,11.19873046875,3.102768898010254,False,False,True,8.55129623413086,0.38657277822494507,False,0,0
3072,Reacher,0.06,16,65,31.13378143310547,7.380279541015625,2.57565975189209,True,True,True,29.17786407470703,0.13391724228858948,False,0,0
3072,Reacher,0.06,17,65,6.483015060424805,11.390960693359375,4.3887224197387695,False,False,True,1.4650335311889648,0.774019718170166,False,0,0
3072,Reacher,0.06,18,65,4.638913631439209,5.46343994140625,1.2853955030441284,False,False,True,4.452509880065918,0.1277589350938797,False,0,0
3072,Reacher,0.06,19,65,22.215145111083984,2.096710205078125,0.5057899355888367,True,True,True,20.55807876586914,0.07459171116352081,False,0,0
3072,Reacher,0.06,20,65,21.26736831665039,5.408660888671875,1.9055850505828857,True,True,True,18.258113861083984,0.14149634540081024,False,0,0
3072,Reacher,0.06,21,65,59.47124481201172,8.89007568359375,1.2882046699523926,True,True,True,55.57594680786133,0.06549887359142303,False,0,0
3072,Reacher,0.06,22,65,0.6553630828857422,1.512420654296875,0.3423038721084595,False,False,True,0.5611897706985474,0.23177795112133026,False,0,0
3072,Reacher,0.06,23,65,1.1793603897094727,23.361007690429688,3.457170248031616,False,False,True,0.40467095375061035,0.6568725109100342,False,54,54
3072,Reacher,0.06,24,65,28.90517807006836,9.479461669921875,2.0479283332824707,True,True,True,24.101123809814453,0.19077089428901672,False,0,0
3072,Reacher,0.06,25,65,45.311134338378906,4.873653411865234,0.8718453645706177,True,True,True,39.75797653198242,0.12255612015724182,False,0,0
3072,Reacher,0.06,26,65,90.61447143554688,3.907562255859375,0.48641127347946167,True,True,True,88.01235961914062,0.0313849151134491,False,0,0
3072,Reacher,0.06,27,65,267.6712341308594,4.069671630859375,1.256672739982605,True,True,True,263.2869567871094,0.01637929491698742,False,0,0
3072,Reacher,0.06,28,65,28.095481872558594,0.5314788818359375,0.11581060290336609,True,True,True,27.888147354125977,0.007379645481705666,False,0,0
3072,Reacher,0.06,29,65,2.056044340133667,2.7274322509765625,0.9934450387954712,False,False,True,1.6129169464111328,0.21552427113056183,False,0,0
3072,Reacher,0.06,30,65,26.730012893676758,7.2620697021484375,1.710581660270691,True,True,True,24.138059616088867,0.0969679057598114,False,0,0
3072,Reacher,0.06,31,65,30.18285369873047,15.231735229492188,2.7525103092193604,False,False,True,17.439754486083984,0.422196626663208,False,0,0
3072,Reacher,0.06,32,65,3.4191250801086426,2.803192138671875,0.9688799381256104,False,False,True,2.918421745300293,0.14644195139408112,False,0,0
3072,Reacher,0.06,33,65,10.119843482971191,12.736648559570312,5.0538482666015625,False,False,True,5.876564025878906,0.41930288076400757,False,0,0
3072,Reacher,0.06,34,65,15.030864715576172,4.4853363037109375,1.1887675523757935,True,True,True,14.464473724365234,0.03938644006848335,False,0,0
3072,Reacher,0.06,35,65,12.408878326416016,3.6335906982421875,0.966044008731842,True,True,True,11.293743133544922,0.08986591547727585,False,0,0
3072,Reacher,0.06,36,65,159.85133361816406,6.972381591796875,1.2974696159362793,True,True,True,152.64154052734375,0.04510309174656868,False,0,0
3072,Reacher,0.06,37,65,20.985530853271484,13.852020263671875,2.949075698852539,False,False,True,15.731231689453125,0.25037726759910583,False,0,0
3072,Reacher,0.06,38,65,43.306640625,13.062103271484375,3.7948215007781982,True,True,True,33.644989013671875,0.22309859097003937,False,0,0
3072,Reacher,0.06,39,65,9.978333473205566,3.42449951171875,1.1345866918563843,True,True,True,7.836736679077148,0.21462470293045044,False,0,0
3072,Reacher,0.06,40,65,10.362017631530762,4.960845947265625,1.3533517122268677,True,True,True,8.412548065185547,0.18813614547252655,False,0,0
3072,Reacher,0.06,41,65,12.361662864685059,4.1369171142578125,1.9337739944458008,True,True,True,10.932416915893555,0.11561919003725052,False,0,0
3072,Reacher,0.06,42,65,59.81990051269531,3.300018310546875,0.5689504742622375,True,True,True,57.58405303955078,0.03737630695104599,False,0,0
3072,Reacher,0.06,43,65,15.786041259765625,8.811004638671875,2.3094661235809326,False,False,True,14.783835411071777,0.08668556809425354,False,0,0
3072,Reacher,0.06,44,65,37.89341735839844,4.401031494140625,0.8153319954872131,True,True,True,35.403079986572266,0.06571954488754272,False,0,0
3072,Reacher,0.06,45,65,6.991495132446289,21.269371032714844,2.6878163814544678,False,False,True,1.9074046611785889,0.7271820902824402,False,0,0
3072,Reacher,0.06,46,65,16.597545623779297,2.7724761962890625,0.4167729616165161,True,True,True,16.272981643676758,0.0231593307107687,False,0,0
3072,Reacher,0.06,47,65,59.144805908203125,5.6583709716796875,0.9641047120094299,True,True,True,54.84683609008789,0.07266858220100403,False,0,0
3072,Reacher,0.06,48,65,6.384174346923828,5.4685516357421875,1.3786380290985107,False,False,True,5.460283279418945,0.1447158306837082,False,0,0
3072,Reacher,0.06,49,65,16.634157180786133,2.113037109375,0.5835971832275391,True,True,True,15.444812774658203,0.07150012999773026,False,0,0
3072,Reacher,0.06,50,65,16.23784637451172,7.6490325927734375,2.3863322734832764,True,True,True,14.198408126831055,0.12559780478477478,False,0,0
3072,Reacher,0.06,51,65,21.24264907836914,5.467987060546875,1.9300733804702759,True,True,True,19.256088256835938,0.09351758658885956,False,0,0
3072,Reacher,0.06,52,65,85.73369598388672,10.81488037109375,2.463439464569092,True,True,True,79.66059875488281,0.07083678245544434,False,0,0
3072,Reacher,0.06,53,65,7.7759552001953125,1.7561798095703125,0.37568560242652893,True,True,True,7.318474769592285,0.058832697570323944,False,0,0
3072,Reacher,0.06,54,65,53.32321548461914,2.904052734375,0.45146724581718445,True,True,True,52.109771728515625,0.022756392136216164,False,0,0
3072,Reacher,0.06,55,65,17.909954071044922,3.57293701171875,1.3631157875061035,True,True,True,17.027271270751953,0.049284469336271286,False,0,0
3072,Reacher,0.06,56,65,324.9866638183594,0.9256591796875,0.19311003386974335,True,True,True,324.5428161621094,0.0025962593499571085,False,0,0
3072,Reacher,0.06,57,65,38.08572769165039,3.723114013671875,0.9737770557403564,True,True,True,35.93605041503906,0.05644316226243973,False,0,0
3072,Reacher,0.06,58,65,8.877662658691406,5.214935302734375,1.1487863063812256,False,False,True,8.429449081420898,0.12792374193668365,False,0,0
3072,Reacher,0.06,59,65,14.418354034423828,9.916473388671875,2.259143829345703,False,False,True,9.460464477539062,0.34385964274406433,False,0,0
3072,Reacher,0.06,60,65,118.82803344726562,6.736358642578125,1.2506442070007324,True,True,True,113.8436279296875,0.041946351528167725,False,0,0
3072,Reacher,0.06,61,65,243.7041473388672,1.15777587890625,0.16352903842926025,True,True,True,243.2668914794922,0.00473663629963994,False,0,0
3072,Reacher,0.06,62,65,49.382484436035156,13.447235107421875,2.375598192214966,True,True,True,47.983577728271484,0.05063461884856224,False,0,0
3072,Reacher,0.06,63,65,8.776972770690918,1.995819091796875,0.6608842611312866,True,True,True,7.828893184661865,0.10801897197961807,False,0,0
3072,Reacher,0.06,64,65,1.6914335489273071,1.954986572265625,0.383075475692749,False,False,True,1.6496537923812866,0.04658772051334381,False,38,38
3072,Reacher,0.06,65,65,76.76893615722656,7.2746124267578125,0.7351875901222229,True,True,True,75.96926879882812,0.05063025280833244,False,0,0
3072,Reacher,0.06,66,65,3.1872127056121826,7.164031982421875,1.434411644935608,False,False,True,2.3389737606048584,0.2661381661891937,False,0,0
3072,Reacher,0.06,67,65,1.975419282913208,5.0750732421875,1.5817378759384155,False,False,True,0.8117852210998535,0.5890567302703857,False,0,0
3072,Reacher,0.06,68,65,16.99564552307129,5.765960693359375,1.3792872428894043,True,True,True,16.294315338134766,0.05497132986783981,False,0,0
3072,Reacher,0.06,69,65,6.735924243927002,9.155517578125,1.585263967514038,False,False,True,5.677927017211914,0.18246915936470032,False,0,0
3072,Reacher,0.06,70,65,0.05793049931526184,4.466888427734375,1.4516613483428955,False,False,False,-0.021070897579193115,1.3637272119522095,False,25,25
3072,Reacher,0.06,71,65,8.672616004943848,18.307388305664062,4.815823554992676,False,False,True,7.068490982055664,0.2818615138530731,False,0,0
3072,Reacher,0.06,72,65,16.32274627685547,6.330657958984375,1.642121434211731,True,True,True,15.880379676818848,0.06399719417095184,False,0,0
3072,Reacher,0.06,73,65,3.749272346496582,11.554229736328125,2.3944225311279297,False,False,True,0.5890908241271973,0.8428786396980286,False,0,0
3072,Reacher,0.06,74,65,4.009588718414307,5.6578369140625,1.7736982107162476,False,False,True,2.64685320854187,0.3398691415786743,False,0,0
3072,Reacher,0.06,75,65,59.94948196411133,13.1700439453125,3.0497729778289795,True,True,True,50.777286529541016,0.15658138692378998,False,0,0
3072,Reacher,0.06,76,65,19.060216903686523,5.318504333496094,1.9889206886291504,True,True,True,17.87722396850586,0.08003337681293488,False,0,0
3072,Reacher,0.06,77,65,9.75212287902832,14.077232360839844,2.4805636405944824,False,False,True,7.209588527679443,0.2607159912586212,False,0,0
3072,Reacher,0.06,78,65,12.731805801391602,11.853958129882812,3.867738723754883,False,False,True,6.241870880126953,0.5097419023513794,False,0,0
3072,Reacher,0.06,79,65,177.70872497558594,6.1942138671875,1.4869990348815918,True,True,True,176.67697143554688,0.0314694419503212,False,0,0
3072,Reacher,0.06,80,65,19.517454147338867,6.9317626953125,1.5955506563186646,True,True,True,18.794458389282227,0.03900676965713501,False,0,0
3072,Reacher,0.06,81,65,38.034202575683594,2.8753814697265625,0.5189951658248901,True,True,True,37.21048355102539,0.05776369571685791,False,0,0
3072,Reacher,0.06,82,65,16.137706756591797,6.661827087402344,2.322458505630493,True,True,True,15.035660743713379,0.19639669358730316,False,0,0
3072,Reacher,0.06,83,65,45.467918395996094,3.174163818359375,0.7767391204833984,True,True,True,42.676597595214844,0.06139097362756729,False,0,0
3072,Reacher,0.06,84,65,10.727396011352539,11.607986450195312,3.586193323135376,False,False,True,7.12235164642334,0.3360596001148224,False,0,0
3072,Reacher,0.06,85,65,19.372610092163086,4.4317779541015625,0.8136257529258728,True,True,True,18.667314529418945,0.036406829953193665,False,0,0
3072,Reacher,0.06,86,65,3.4456419944763184,16.627899169921875,4.844393253326416,False,False,False,-0.5892969369888306,1.1710267066955566,True,0,25
3072,Reacher,0.06,87,65,2.6427805423736572,11.833480834960938,2.786634922027588,False,False,True,1.7240934371948242,0.3476214110851288,False,0,0
3072,Reacher,0.06,88,65,2.6492223739624023,4.6063232421875,1.471541166305542,False,False,True,1.9275426864624023,0.27241188287734985,False,0,0
3072,Reacher,0.06,89,65,62.31262969970703,2.1850738525390625,0.5975311398506165,True,True,True,61.39398193359375,0.02217915467917919,False,0,0
3072,Reacher,0.06,90,65,18.02728271484375,8.87884521484375,2.0914008617401123,True,True,True,16.25408363342285,0.09836196154356003,False,0,0
3072,Reacher,0.06,91,65,4.9005608558654785,13.250091552734375,3.707921266555786,False,False,True,1.6634173393249512,0.6605659127235413,False,0,0
3072,Reacher,0.06,92,65,33.61721420288086,1.9099273681640625,0.2812555134296417,True,True,True,32.76604080200195,0.025319598615169525,False,0,0
3072,Reacher,0.06,93,65,34.14716339111328,1.6835174560546875,0.31424036622047424,True,True,True,33.45184326171875,0.020362501963973045,False,0,0
3072,Reacher,0.06,94,65,12.742016792297363,6.8948822021484375,1.256460189819336,False,False,True,10.846205711364746,0.14878420531749725,False,0,0
3072,Reacher,0.06,95,65,3.438687324523926,7.80120849609375,1.601120948791504,False,False,True,2.058518648147583,0.4013649821281433,False,0,0
3072,Reacher,0.06,96,65,3.4262802600860596,1.32861328125,0.2743244171142578,True,True,True,3.111116409301758,0.09198425710201263,False,22,22
3072,Reacher,0.06,97,65,31.394224166870117,13.456451416015625,2.873990774154663,True,True,True,30.275859832763672,0.07386752218008041,False,0,0
3072,Reacher,0.06,98,65,2.0896477699279785,7.1646728515625,1.9947429895401,False,False,True,0.8129517436027527,0.6109622716903687,False,0,0
3072,Reacher,0.06,99,65,24.992572784423828,3.8439788818359375,0.7529243230819702,True,True,True,22.513900756835938,0.09917634725570679,False,0,0
3072,Reacher,0.07,0,65,16.848649978637695,13.16229248046875,3.581002950668335,False,False,True,14.830633163452148,0.1397469937801361,False,0,0
3072,Reacher,0.07,1,65,11.987940788269043,4.7300262451171875,1.4455910921096802,True,True,True,9.838741302490234,0.1792801171541214,False,0,0
3072,Reacher,0.07,2,65,9.330406188964844,4.206855773925781,1.1228446960449219,True,True,True,9.087138175964355,0.05317113921046257,False,0,0
3072,Reacher,0.07,3,65,58.41759490966797,0.874664306640625,0.16410255432128906,True,True,True,58.1317024230957,0.007041036617010832,False,0,0
3072,Reacher,0.07,4,65,0.5408720970153809,3.085479736328125,1.0779917240142822,False,False,True,0.0456392765045166,0.9156190752983093,False,0,0
3072,Reacher,0.07,5,65,8.9752836227417,3.239227294921875,0.924254298210144,True,True,True,7.761596202850342,0.13522551953792572,False,0,0
3072,Reacher,0.07,6,65,30.031431198120117,4.54742431640625,0.8161371946334839,True,True,True,26.71068572998047,0.11057566106319427,False,0,0
3072,Reacher,0.07,7,65,13.13571834564209,7.2057037353515625,2.532076358795166,False,False,True,8.427040100097656,0.35846367478370667,False,0,0
3072,Reacher,0.07,8,65,314.3804626464844,1.907379150390625,0.30823075771331787,True,True,True,314.1117858886719,0.005844509229063988,False,0,0
3072,Reacher,0.07,9,65,18.503555297851562,3.8348159790039062,0.7246516346931458,True,True,True,16.747947692871094,0.16741494834423065,False,0,0
3072,Reacher,0.07,10,65,3.3623063564300537,14.076004028320312,5.117248058319092,False,False,False,-2.5150554180145264,1.7480149269104004,False,0,0
3072,Reacher,0.07,11,65,18.676679611206055,2.2718353271484375,0.6024008989334106,True,True,True,17.64192771911621,0.05540342628955841,False,0,0
3072,Reacher,0.07,12,65,34.662384033203125,7.543251037597656,2.782780170440674,True,True,True,28.994226455688477,0.16772207617759705,False,0,0
3072,Reacher,0.07,13,65,25.495208740234375,5.6038818359375,1.130147099494934,True,True,True,22.608278274536133,0.12824690341949463,False,0,0
3072,Reacher,0.07,14,65,7.577487468719482,4.5260467529296875,1.1369903087615967,False,False,True,6.404351234436035,0.154818594455719,False,0,0
3072,Reacher,0.07,15,65,5.313791751861572,4.8511505126953125,1.2660205364227295,False,False,True,4.665336608886719,0.12203247100114822,False,0,0
3072,Reacher,0.07,16,65,35.398929595947266,6.5802001953125,2.6194000244140625,True,True,True,31.356618881225586,0.11419303715229034,False,0,0
3072,Reacher,0.07,17,65,13.515308380126953,2.94012451171875,1.044172763824463,True,True,True,12.385457992553711,0.08359784632921219,False,0,0
3072,Reacher,0.07,18,65,5.207057476043701,9.921058654785156,2.0958216190338135,False,False,True,4.0702056884765625,0.2183290719985962,False,0,0
3072,Reacher,0.07,19,65,20.389129638671875,6.323860168457031,1.2474243640899658,True,True,True,19.78786849975586,0.12244574725627899,False,0,0
3072,Reacher,0.07,20,65,8.335723876953125,4.920318603515625,1.5182548761367798,False,False,True,6.469104290008545,0.22393010556697845,False,0,0
3072,Reacher,0.07,21,65,73.68299865722656,4.311798095703125,0.6033540368080139,True,True,True,72.33982849121094,0.01822899840772152,False,0,0
3072,Reacher,0.07,22,65,0.7792237401008606,4.59503173828125,1.184484601020813,False,False,False,-0.3809772729873657,1.4889190196990967,False,64,64
3072,Reacher,0.07,23,65,0.35904791951179504,12.55230712890625,2.5583388805389404,False,False,False,-0.5689895153045654,2.5847175121307373,True,54,0
3072,Reacher,0.07,24,65,25.07225227355957,5.594818115234375,1.3480409383773804,True,True,True,22.052350997924805,0.12044797092676163,False,0,0
3072,Reacher,0.07,25,65,22.21050262451172,2.452606201171875,0.6948856115341187,True,True,True,20.337310791015625,0.08433809131383896,False,0,0
3072,Reacher,0.07,26,65,83.37781524658203,4.2462158203125,0.33707359433174133,True,True,True,81.10627746582031,0.027243928983807564,False,0,0
3072,Reacher,0.07,27,65,248.9745635986328,1.465667724609375,0.3395794928073883,True,True,True,247.44725036621094,0.006134426221251488,False,0,0
3072,Reacher,0.07,28,65,32.807987213134766,5.2152862548828125,1.7022415399551392,True,True,True,30.635658264160156,0.06727509945631027,False,0,0
3072,Reacher,0.07,29,65,0.26735126972198486,15.589080810546875,5.4621405601501465,False,False,False,-1.4189395904541016,6.307397365570068,False,0,0
3072,Reacher,0.07,30,65,25.07243537902832,6.27227783203125,1.7613917589187622,True,True,True,24.05959129333496,0.05962316691875458,False,0,0
3072,Reacher,0.07,31,65,19.612552642822266,9.22454833984375,1.9596993923187256,True,True,True,12.758649826049805,0.34946513175964355,False,0,0
3072,Reacher,0.07,32,65,0.05042695999145508,7.859710693359375,2.8983447551727295,False,False,False,-1.8653957843780518,37.992034912109375,False,0,0
3072,Reacher,0.07,33,65,12.454208374023438,2.7530517578125,0.9099353551864624,True,True,True,11.604966163635254,0.06818914413452148,False,0,0
3072,Reacher,0.07,34,65,16.95534324645996,11.67462158203125,3.082005739212036,False,False,True,10.961353302001953,0.35351625084877014,False,0,0
3072,Reacher,0.07,35,65,11.537400245666504,5.94134521484375,1.5449268817901611,False,False,True,10.891727447509766,0.06802203506231308,False,0,0
3072,Reacher,0.07,36,65,149.30577087402344,5.9959869384765625,1.163674235343933,True,True,True,147.46231079101562,0.0372246615588665,False,0,0
3072,Reacher,0.07,37,65,36.72673034667969,6.4978790283203125,1.4523341655731201,True,True,True,33.2164306640625,0.09557889401912689,False,0,0
3072,Reacher,0.07,38,65,39.074737548828125,1.582244873046875,0.4941815435886383,True,True,True,38.600650787353516,0.018299110233783722,False,0,0
3072,Reacher,0.07,39,65,9.173884391784668,1.7344741821289062,0.5602797269821167,True,True,True,8.835380554199219,0.03689867630600929,False,0,0
3072,Reacher,0.07,40,65,20.676746368408203,7.88336181640625,1.7769862413406372,True,True,True,18.593557357788086,0.10075034946203232,False,0,0
3072,Reacher,0.07,41,65,13.407416343688965,17.49365234375,4.5225090980529785,False,False,True,11.864961624145508,0.13393966853618622,False,0,0
3072,Reacher,0.07,42,65,68.01958465576172,7.67864990234375,1.2519145011901855,True,True,True,66.3154525756836,0.07877439260482788,False,0,0
3072,Reacher,0.07,43,65,9.862455368041992,16.21875,4.488463401794434,False,False,True,7.932865142822266,0.19565005600452423,False,0,0
3072,Reacher,0.07,44,65,37.607765197753906,7.055206298828125,1.5351128578186035,True,True,True,34.249168395996094,0.08930592983961105,False,0,0
3072,Reacher,0.07,45,65,8.90320110321045,14.70294189453125,2.0705981254577637,False,False,True,5.6407318115234375,0.389915406703949,False,0,0
3072,Reacher,0.07,46,65,13.323951721191406,5.13067626953125,1.3519641160964966,True,True,True,12.759902000427246,0.04233348369598389,False,0,0
3072,Reacher,0.07,47,65,43.42241668701172,5.893280029296875,0.9551994800567627,True,True,True,42.65319061279297,0.03623475879430771,False,0,0
3072,Reacher,0.07,48,65,0.9711484909057617,1.090972900390625,0.2153812199831009,False,False,True,0.7929916381835938,0.1834496557712555,False,0,0
3072,Reacher,0.07,49,65,8.9629545211792,2.278076171875,0.25991302728652954,True,True,True,8.386683464050293,0.06429476290941238,False,0,0
3072,Reacher,0.07,50,65,8.117044448852539,6.985565185546875,2.637213945388794,False,False,True,5.872589111328125,0.27651140093803406,False,0,0
3072,Reacher,0.07,51,65,24.045120239257812,10.816390991210938,3.8289809226989746,True,True,True,20.693479537963867,0.14846216142177582,False,0,0
3072,Reacher,0.07,52,65,77.03402709960938,9.688400268554688,1.9318299293518066,True,True,True,73.74835968017578,0.05403647944331169,False,0,0
3072,Reacher,0.07,53,65,5.440568923950195,3.2693634033203125,0.5272453427314758,False,False,True,4.5768632888793945,0.15875276923179626,False,0,0
3072,Reacher,0.07,54,65,54.36222457885742,7.367706298828125,1.509065866470337,True,True,True,49.30563735961914,0.09301654249429703,False,0,0
3072,Reacher,0.07,55,65,15.607595443725586,16.136459350585938,4.153965950012207,False,False,True,9.086113929748535,0.41784027218818665,False,0,0
3072,Reacher,0.07,56,65,322.5666809082031,3.44525146484375,0.9892836213111877,True,True,True,319.62322998046875,0.012963027693331242,False,0,0
3072,Reacher,0.07,57,65,32.40610885620117,11.671417236328125,3.04141902923584,True,True,True,27.84330177307129,0.1408008486032486,False,0,0
3072,Reacher,0.07,58,65,9.542176246643066,3.582061767578125,0.9913564920425415,True,True,True,8.394311904907227,0.12029372155666351,False,0,0
3072,Reacher,0.07,59,65,16.4887752532959,10.511520385742188,1.6264368295669556,False,False,True,13.959526062011719,0.15339219570159912,False,0,0
3072,Reacher,0.07,60,65,126.45097351074219,8.134902954101562,1.8783533573150635,True,True,True,123.24983215332031,0.044289588928222656,False,0,0
3072,Reacher,0.07,61,65,240.35658264160156,3.3922576904296875,0.827016294002533,True,True,True,237.04135131835938,0.01599249802529812,False,0,0
3072,Reacher,0.07,62,65,39.20819854736328,8.537078857421875,1.6670966148376465,True,True,True,35.83708953857422,0.08597969263792038,False,0,0
3072,Reacher,0.07,63,65,9.075839042663574,7.4981231689453125,1.79897141456604,False,False,True,8.083871841430664,0.13578854501247406,False,0,0
3072,Reacher,0.07,64,65,0.6320182085037231,13.184700012207031,3.516613245010376,False,False,False,-1.6843769550323486,3.665076732635498,True,0,38
3072,Reacher,0.07,65,65,76.622802734375,1.5206756591796875,0.30579861998558044,True,True,True,75.46614837646484,0.01509538572281599,False,0,0
3072,Reacher,0.07,66,65,10.799280166625977,4.6440887451171875,1.0346181392669678,True,True,True,9.869277000427246,0.08611711859703064,False,0,0
3072,Reacher,0.07,67,65,5.7497453689575195,2.829010009765625,1.0025924444198608,True,True,True,5.71213436126709,0.10454815626144409,False,0,0
3072,Reacher,0.07,68,65,15.11983871459961,5.2568817138671875,1.3188183307647705,True,True,True,14.051661491394043,0.07064738124608994,False,0,0
3072,Reacher,0.07,69,65,5.166752338409424,1.240203857421875,0.26084601879119873,True,True,True,4.977111339569092,0.04457515850663185,False,0,0
3072,Reacher,0.07,70,65,0.16919657588005066,9.459518432617188,2.822864294052124,False,False,False,-0.13090300559997559,1.7736741304397583,False,25,25
3072,Reacher,0.07,71,65,6.075160503387451,14.56878662109375,3.4455208778381348,False,False,True,4.631499290466309,0.23763345181941986,False,0,0
3072,Reacher,0.07,72,65,22.438392639160156,21.146102905273438,5.66388463973999,False,False,True,20.51069450378418,0.24572902917861938,False,0,0
3072,Reacher,0.07,73,65,2.8159496784210205,7.969329833984375,1.7026042938232422,False,False,True,1.9699020385742188,0.36871904134750366,False,0,0
3072,Reacher,0.07,74,65,5.564334392547607,5.4761962890625,1.9117095470428467,False,False,True,4.460756301879883,0.19833067059516907,False,0,0
3072,Reacher,0.07,75,65,58.03590393066406,8.324005126953125,1.7575719356536865,True,True,True,52.8604850769043,0.08917615562677383,False,0,0
3072,Reacher,0.07,76,65,18.503822326660156,8.65875244140625,2.9733633995056152,True,True,True,17.154373168945312,0.10236518830060959,False,0,0
3072,Reacher,0.07,77,65,10.447402000427246,1.89129638671875,0.37799072265625,True,True,True,9.455434799194336,0.09494870901107788,False,0,0
3072,Reacher,0.07,78,65,15.603080749511719,3.0052947998046875,1.1927884817123413,True,True,True,14.470419883728027,0.0725921243429184,False,0,0
3072,Reacher,0.07,79,65,179.07620239257812,5.2106475830078125,1.2659963369369507,True,True,True,178.5975341796875,0.02454923838376999,False,0,0
3072,Reacher,0.07,80,65,20.271060943603516,15.05877685546875,3.2656569480895996,False,False,True,18.94156265258789,0.07509931921958923,False,0,0
3072,Reacher,0.07,81,65,40.780426025390625,3.9093475341796875,0.7189844846725464,True,True,True,39.957130432128906,0.07286694645881653,False,0,0
3072,Reacher,0.07,82,65,18.838756561279297,8.17828369140625,2.322890520095825,True,True,True,14.660524368286133,0.2217891663312912,False,0,0
3072,Reacher,0.07,83,65,49.771148681640625,4.18408203125,1.0055142641067505,True,True,True,46.882442474365234,0.05803975462913513,False,0,0
3072,Reacher,0.07,84,65,10.517242431640625,5.399383544921875,1.6371169090270996,False,False,True,10.097418785095215,0.10837016999721527,False,0,0
3072,Reacher,0.07,85,65,25.19274139404297,4.4762115478515625,1.1756950616836548,True,True,True,21.827228546142578,0.13359059393405914,False,0,0
3072,Reacher,0.07,86,65,1.3492488861083984,27.8076171875,6.700781345367432,False,False,False,-0.19954723119735718,1.147895097732544,False,25,25
3072,Reacher,0.07,87,65,1.6925389766693115,5.224884033203125,0.9554721117019653,False,False,True,1.4474387168884277,0.1448121815919876,False,0,0
3072,Reacher,0.07,88,65,4.178164958953857,2.25897216796875,0.571815013885498,False,False,True,3.784499168395996,0.09421975165605545,False,0,0
3072,Reacher,0.07,89,65,60.80349349975586,4.421295166015625,1.0254287719726562,True,True,True,58.45783615112305,0.05341680720448494,False,0,0
3072,Reacher,0.07,90,65,15.466262817382812,13.876220703125,1.728981614112854,False,False,True,14.056317329406738,0.09116265177726746,False,0,0
3072,Reacher,0.07,91,65,3.06794810295105,8.7335205078125,3.0054495334625244,False,False,True,0.13577890396118164,0.9557427763938904,False,0,0
3072,Reacher,0.07,92,65,44.183494567871094,2.563629150390625,0.5076457858085632,True,True,True,42.38199996948242,0.040773022919893265,False,0,0
3072,Reacher,0.07,93,65,30.192638397216797,4.120880126953125,0.5514438152313232,True,True,True,28.07040023803711,0.07028995454311371,False,0,0
3072,Reacher,0.07,94,65,22.055646896362305,2.190643310546875,0.40584704279899597,True,True,True,21.79857063293457,0.019744042307138443,False,0,0
3072,Reacher,0.07,95,65,4.026699066162109,4.313018798828125,0.9114809632301331,False,False,True,3.514781951904297,0.12713071703910828,False,0,0
3072,Reacher,0.07,96,65,1.5719177722930908,3.50701904296875,0.7131544351577759,False,False,True,0.8153554797172546,0.48129889369010925,False,22,22
3072,Reacher,0.07,97,65,31.327749252319336,19.104949951171875,4.000605583190918,False,False,True,29.088462829589844,0.12478333711624146,False,0,0
3072,Reacher,0.07,98,65,1.5579478740692139,9.6842041015625,3.0892951488494873,False,False,False,-0.2053518295288086,1.1318092346191406,True,0,1
3072,Reacher,0.07,99,65,12.459763526916504,2.803436279296875,0.6861920952796936,True,True,True,11.519289016723633,0.07548089325428009,False,0,0
3072,Reacher,0.08,0,65,13.25171184539795,14.451217651367188,3.7923450469970703,False,False,True,12.88374137878418,0.11867519468069077,False,0,0
3072,Reacher,0.08,1,65,22.91299819946289,4.650146484375,1.446333646774292,True,True,True,21.830711364746094,0.04723465070128441,False,0,0
3072,Reacher,0.08,2,65,10.793362617492676,3.1853790283203125,0.8503548502922058,True,True,True,8.963024139404297,0.16957999765872955,False,0,0
3072,Reacher,0.08,3,65,54.424747467041016,10.9783935546875,1.570646047592163,True,True,True,49.2560920715332,0.1051093265414238,False,0,0
3072,Reacher,0.08,4,65,1.9369926452636719,5.8255615234375,2.233912944793701,False,False,True,0.4479188919067383,0.7687554955482483,False,0,0
3072,Reacher,0.08,5,65,9.186800003051758,1.9457244873046875,0.5651599764823914,True,True,True,8.560765266418457,0.0681450143456459,False,0,0
3072,Reacher,0.08,6,65,28.949935913085938,1.5218963623046875,0.3068760335445404,True,True,True,27.90125274658203,0.03622404858469963,False,0,0
3072,Reacher,0.08,7,65,19.231754302978516,8.58441162109375,2.5849485397338867,True,True,True,15.776698112487793,0.17965371906757355,False,0,0
3072,Reacher,0.08,8,65,308.2984313964844,1.71893310546875,0.21068613231182098,True,True,True,308.09967041015625,0.004787510726600885,False,0,0
3072,Reacher,0.08,9,65,17.784603118896484,5.9937591552734375,1.5146093368530273,True,True,True,13.601226806640625,0.23522460460662842,False,0,0
3072,Reacher,0.08,10,65,3.2114269733428955,6.8016204833984375,2.3442060947418213,False,False,True,0.7774364948272705,0.7579155564308167,False,0,0
3072,Reacher,0.08,11,65,23.71880531311035,10.104522705078125,2.316664695739746,True,True,True,20.174152374267578,0.1692001074552536,False,0,0
3072,Reacher,0.08,12,65,21.548778533935547,10.926727294921875,3.65716552734375,False,False,True,16.121225357055664,0.25187283754348755,False,0,0
3072,Reacher,0.08,13,65,22.933191299438477,6.274810791015625,1.3342409133911133,True,True,True,20.496068954467773,0.14478947222232819,False,0,0
3072,Reacher,0.08,14,65,7.6868391036987305,3.282806396484375,0.6397284269332886,True,True,True,7.037890434265137,0.08442331850528717,False,0,0
3072,Reacher,0.08,15,65,10.354684829711914,9.454681396484375,2.5140469074249268,False,False,True,7.610630989074707,0.26500603556632996,False,0,0
3072,Reacher,0.08,16,65,24.696748733520508,3.0913009643554688,1.0814892053604126,True,True,True,23.622661590576172,0.04349106177687645,False,0,0
3072,Reacher,0.08,17,65,7.285409927368164,1.539093017578125,0.4142477214336395,True,True,True,6.944056510925293,0.046854354441165924,False,0,0
3072,Reacher,0.08,18,65,2.880399703979492,10.111625671386719,2.579113245010376,False,False,True,2.5084023475646973,0.22211048007011414,False,0,0
3072,Reacher,0.08,19,65,21.28707504272461,9.830078125,2.0690853595733643,True,True,True,18.67569351196289,0.16630016267299652,False,0,0
3072,Reacher,0.08,20,65,16.204021453857422,6.0106201171875,1.6107362508773804,True,True,True,13.822680473327637,0.1469598412513733,False,0,0
3072,Reacher,0.08,21,65,66.50291442871094,2.988311767578125,0.44441694021224976,True,True,True,64.47210693359375,0.03053712658584118,False,0,0
3072,Reacher,0.08,22,65,0.3168013095855713,3.439300537109375,0.7693521976470947,False,False,True,0.004800677299499512,0.9848464131355286,False,52,52
3072,Reacher,0.08,23,65,0.035671234130859375,15.932937622070312,1.6517153978347778,False,False,False,-0.06947541236877441,2.9476592540740967,True,0,54
3072,Reacher,0.08,24,65,22.0944881439209,3.470947265625,1.046324610710144,True,True,True,20.660581588745117,0.07130181044340134,False,0,0
3072,Reacher,0.08,25,65,27.921077728271484,2.472452163696289,0.4166097640991211,True,True,True,25.172100067138672,0.09845531731843948,False,0,0
3072,Reacher,0.08,26,65,110.74368286132812,10.9580078125,1.2432698011398315,True,True,True,107.52660369873047,0.08695705235004425,False,0,0
3072,Reacher,0.08,27,65,253.394775390625,7.92840576171875,1.335376501083374,True,True,True,247.90045166015625,0.031303469091653824,False,0,0
3072,Reacher,0.08,28,65,32.14724349975586,8.515899658203125,2.8333685398101807,True,True,True,30.25501823425293,0.10147150605916977,False,0,0
3072,Reacher,0.08,29,65,0.3958047032356262,3.402923583984375,1.1132113933563232,False,False,True,0.06745052337646484,0.8295863270759583,False,0,0
3072,Reacher,0.08,30,65,23.628042221069336,6.31134033203125,1.408311367034912,True,True,True,21.27996826171875,0.0993766188621521,False,0,0
3072,Reacher,0.08,31,65,32.171607971191406,11.752288818359375,2.6451282501220703,True,True,True,27.6319522857666,0.1640198677778244,False,0,0
3072,Reacher,0.08,32,65,4.167941570281982,9.54248046875,3.161593198776245,False,False,True,0.6913782358169556,0.8341200351715088,False,0,0
3072,Reacher,0.08,33,65,8.114192962646484,11.1822509765625,4.417708396911621,False,False,True,3.519834518432617,0.5662125945091248,False,0,0
3072,Reacher,0.08,34,65,16.653127670288086,10.67462158203125,2.6404247283935547,False,False,True,12.689645767211914,0.2380022555589676,False,0,0
3072,Reacher,0.08,35,65,6.677533149719238,4.0452423095703125,1.148984432220459,False,False,True,5.929893493652344,0.11196348816156387,False,0,0
3072,Reacher,0.08,36,65,150.8768768310547,5.9158935546875,0.7721489071846008,True,True,True,147.4232177734375,0.03230828791856766,False,0,0
3072,Reacher,0.08,37,65,29.008180618286133,14.556549072265625,2.978069543838501,False,False,True,18.348920822143555,0.3674570620059967,False,0,0
3072,Reacher,0.08,38,65,46.77458953857422,3.003082275390625,0.8807105422019958,True,True,True,45.79389190673828,0.029475856572389603,False,0,0
3072,Reacher,0.08,39,65,16.194683074951172,2.81097412109375,0.8018642663955688,True,True,True,14.568737983703613,0.10039995610713959,False,0,0
3072,Reacher,0.08,40,65,14.212554931640625,3.0901031494140625,0.7396031022071838,True,True,True,13.26205825805664,0.06687722355127335,False,0,0
3072,Reacher,0.08,41,65,15.369244575500488,2.1519775390625,0.5889539122581482,True,True,True,15.241349220275879,0.01614866405725479,False,0,0
3072,Reacher,0.08,42,65,45.367881774902344,2.3938980102539062,0.512461245059967,True,True,True,44.34629821777344,0.027074014768004417,False,0,0
3072,Reacher,0.08,43,65,12.959691047668457,9.709075927734375,2.665818452835083,False,False,True,11.514402389526367,0.1115218847990036,False,0,0
3072,Reacher,0.08,44,65,39.76881790161133,5.6446380615234375,1.233018398284912,True,True,True,38.973636627197266,0.049254536628723145,False,0,0
3072,Reacher,0.08,45,65,10.858820915222168,15.100830078125,1.7762281894683838,False,False,True,5.753321647644043,0.4828379154205322,False,0,0
3072,Reacher,0.08,46,65,21.194223403930664,1.6797103881835938,0.5081297755241394,True,True,True,20.895662307739258,0.021032385528087616,False,0,0
3072,Reacher,0.08,47,65,38.67397689819336,2.6060714721679688,0.30323854088783264,True,True,True,36.901206970214844,0.04583878442645073,False,0,0
3072,Reacher,0.08,48,65,1.420609474182129,8.519363403320312,2.25079345703125,False,False,True,0.1867814064025879,0.8685202598571777,False,0,0
3072,Reacher,0.08,49,65,23.003459930419922,5.729942321777344,1.839282751083374,True,True,True,18.40410041809082,0.19994209706783295,False,0,0
3072,Reacher,0.08,50,65,14.23697566986084,14.904998779296875,4.606766700744629,False,False,True,13.002925872802734,0.14895440638065338,False,0,0
3072,Reacher,0.08,51,65,23.126327514648438,9.167327880859375,2.3478503227233887,True,True,True,21.543119430541992,0.11911868304014206,False,0,0
3072,Reacher,0.08,52,65,87.07113647460938,3.883453369140625,0.8177787661552429,True,True,True,84.42473602294922,0.030393581837415695,False,0,0
3072,Reacher,0.08,53,65,3.899700880050659,5.9458160400390625,1.2200639247894287,False,False,True,3.489769220352173,0.1051187589764595,False,0,0
3072,Reacher,0.08,54,65,49.56346893310547,6.084014892578125,1.2989121675491333,True,True,True,44.860992431640625,0.09487783163785934,False,0,0
3072,Reacher,0.08,55,65,16.86095428466797,16.4561767578125,2.9213197231292725,False,False,True,11.941915512084961,0.29174143075942993,False,0,0
3072,Reacher,0.08,56,65,318.1687316894531,2.47650146484375,0.6409595012664795,True,True,True,316.3727111816406,0.008404705673456192,False,0,0
3072,Reacher,0.08,57,65,42.006038665771484,4.59136962890625,1.1373329162597656,True,True,True,41.62287902832031,0.035589318722486496,False,0,0
3072,Reacher,0.08,58,65,14.954545021057129,3.49395751953125,0.882793128490448,True,True,True,13.329410552978516,0.1086716428399086,False,0,0
3072,Reacher,0.08,59,65,10.445484161376953,7.7882232666015625,1.3681259155273438,False,False,True,8.982149124145508,0.14009255170822144,False,0,0
3072,Reacher,0.08,60,65,131.28770446777344,4.42742919921875,0.8386572599411011,True,True,True,131.0012969970703,0.01773800700902939,False,0,0
3072,Reacher,0.08,61,65,229.25514221191406,3.6934814453125,0.8430569767951965,True,True,True,225.99856567382812,0.015287569724023342,False,0,0
3072,Reacher,0.08,62,65,43.46792221069336,13.333175659179688,1.874459981918335,True,True,True,41.047691345214844,0.06102561950683594,False,0,0
3072,Reacher,0.08,63,65,8.65975570678711,4.4942169189453125,1.1128641366958618,False,False,True,7.246219635009766,0.1632305085659027,False,0,0
3072,Reacher,0.08,64,65,0.5483090877532959,2.3985748291015625,0.866780698299408,False,False,True,0.08271372318267822,0.849147617816925,False,38,38
3072,Reacher,0.08,65,65,86.19346618652344,1.646453857421875,0.1888727843761444,True,True,True,86.08888244628906,0.00677089300006628,False,0,0
3072,Reacher,0.08,66,65,8.897115707397461,7.562652587890625,1.3480795621871948,False,False,True,7.756002426147461,0.12825654447078705,False,0,0
3072,Reacher,0.08,67,65,3.1118483543395996,3.7921905517578125,1.0086628198623657,False,False,True,2.63242244720459,0.15406471490859985,False,0,0
3072,Reacher,0.08,68,65,26.842994689941406,9.556976318359375,1.7508373260498047,True,True,True,26.333139419555664,0.06916569918394089,False,0,0
3072,Reacher,0.08,69,65,0.9128365516662598,12.64898681640625,1.3186266422271729,False,False,True,0.691521167755127,0.36325955390930176,False,0,0
3072,Reacher,0.08,70,65,0.0467396080493927,8.218917846679688,2.3369674682617188,False,False,False,-0.34843191504478455,8.45474624633789,True,25,0
3072,Reacher,0.08,71,65,7.093912124633789,7.539398193359375,1.8446186780929565,False,False,True,6.460975646972656,0.08922246843576431,False,0,0
3072,Reacher,0.08,72,65,24.05988121032715,22.474029541015625,4.849831581115723,False,False,True,20.240110397338867,0.20365385711193085,False,0,0
3072,Reacher,0.08,73,65,0.6238757371902466,5.1632843017578125,1.258341908454895,False,False,False,-0.006696820259094238,1.0107342004776,False,0,0
3072,Reacher,0.08,74,65,7.224255561828613,2.68450927734375,0.9180244207382202,True,True,True,6.31099796295166,0.12641549110412598,False,0,0
3072,Reacher,0.08,75,65,64.75724792480469,10.254608154296875,2.1963706016540527,True,True,True,57.88166427612305,0.10617475211620331,False,0,0
3072,Reacher,0.08,76,65,18.94633674621582,9.885223388671875,3.043405294418335,False,False,True,15.010705947875977,0.2077251374721527,False,0,0
3072,Reacher,0.08,77,65,7.273035049438477,9.26220703125,1.5845221281051636,False,False,True,6.3274245262146,0.13001596927642822,False,0,0
3072,Reacher,0.08,78,65,6.535902976989746,13.165313720703125,4.317255020141602,False,False,True,4.5046586990356445,0.31078246235847473,False,0,0
3072,Reacher,0.08,79,65,171.27938842773438,0.526275634765625,0.13445135951042175,True,True,True,170.75926208496094,0.0030367353465408087,False,0,0
3072,Reacher,0.08,80,65,29.345909118652344,11.732025146484375,3.650569438934326,True,True,True,25.007190704345703,0.18382692337036133,False,0,0
3072,Reacher,0.08,81,65,53.07619857788086,7.19842529296875,1.201654314994812,True,True,True,49.870243072509766,0.11560238152742386,False,0,0
3072,Reacher,0.08,82,65,19.19387435913086,5.39593505859375,1.4839423894882202,True,True,True,16.77932357788086,0.12579795718193054,False,0,0
3072,Reacher,0.08,83,65,53.726661682128906,3.38726806640625,0.7249764204025269,True,True,True,51.83399200439453,0.035227786749601364,False,0,0
3072,Reacher,0.08,84,65,11.658706665039062,1.840301513671875,0.4847165644168854,True,True,True,11.12781047821045,0.045536480844020844,False,0,0
3072,Reacher,0.08,85,65,32.743797302246094,3.7864837646484375,0.8521537780761719,True,True,True,31.004985809326172,0.05310351029038429,False,0,0
3072,Reacher,0.08,86,65,0.36760520935058594,6.37420654296875,1.6288164854049683,False,False,True,0.11545372009277344,0.6859301328659058,False,25,25
3072,Reacher,0.08,87,65,0.3540973663330078,9.572555541992188,2.2305917739868164,False,False,True,0.03391468524932861,0.9042221307754517,False,0,0
3072,Reacher,0.08,88,65,2.901601552963257,4.9010467529296875,1.4602593183517456,False,False,True,2.0756475925445557,0.28465452790260315,False,0,0
3072,Reacher,0.08,89,65,61.49204635620117,3.361785888671875,0.7246523499488831,True,True,True,57.96044158935547,0.05743187293410301,False,0,0
3072,Reacher,0.08,90,65,26.25174331665039,8.144195556640625,1.9535843133926392,True,True,True,24.352739334106445,0.07233817130327225,False,0,0
3072,Reacher,0.08,91,65,4.951346397399902,9.273796081542969,2.635024309158325,False,False,True,2.7704131603240967,0.4404727518558502,False,0,0
3072,Reacher,0.08,92,65,49.66048812866211,4.603759765625,0.7575995326042175,True,True,True,46.47145080566406,0.06421682238578796,False,0,0
3072,Reacher,0.08,93,65,30.96717071533203,10.234222412109375,1.6339043378829956,True,True,True,28.953250885009766,0.06503403186798096,False,0,0
3072,Reacher,0.08,94,65,19.56736946105957,4.5070648193359375,0.9883063435554504,True,True,True,17.99356460571289,0.0804300308227539,False,0,0
3072,Reacher,0.08,95,65,3.749307632446289,4.469573974609375,1.2444732189178467,False,False,True,3.15433406829834,0.15868894755840302,False,0,0
3072,Reacher,0.08,96,65,0.34664326906204224,6.410430908203125,1.2535747289657593,False,False,True,0.011697173118591309,0.9662559032440186,False,22,22
3072,Reacher,0.08,97,65,24.52008628845215,10.133148193359375,2.052375555038452,True,True,True,22.758167266845703,0.07185618579387665,False,0,0
3072,Reacher,0.08,98,65,5.672825813293457,3.487945556640625,1.123885989189148,False,False,True,4.929085731506348,0.1311057209968567,False,0,0
3072,Reacher,0.08,99,65,12.369239807128906,7.841949462890625,1.7162504196166992,False,False,True,8.791730880737305,0.2892262637615204,False,0,0
