training_seed,task,std_key,sample_index,candidate_count,clean_margin,sample_max_drift,sample_mean_drift,coarse_cert_pass,cert_pass,sharp_cert_pass,sharp_cert_slack,sharp_normalized_score,top1_flip,clean_best,noisy_best
3073,TwoRoom,0.0,0,65,362.13287353515625,612.170654296875,156.31240844726562,False,False,False,-484.4061279296875,2.3233273029327393,True,0,58
3073,TwoRoom,0.0,1,65,192.7527618408203,370.3890380859375,21.137920379638672,False,False,False,-207.35379028320312,2.0757501125335693,True,0,64
3073,TwoRoom,0.0,2,65,332.5408935546875,642.3709716796875,118.5275650024414,False,False,False,-545.4869384765625,2.372225761413574,True,0,56
3073,TwoRoom,0.0,3,65,234.1307373046875,446.6382141113281,91.82718658447266,False,False,False,-417.4026794433594,2.4265787601470947,True,0,5
3073,TwoRoom,0.0,4,65,26.817054748535156,389.50390625,161.75845336914062,False,False,False,-601.9945068359375,23.44819450378418,True,0,19
3073,TwoRoom,0.0,5,65,50.625457763671875,339.2594909667969,79.48823547363281,False,False,False,-573.7109375,12.332459449768066,True,0,54
3073,TwoRoom,0.0,6,65,276.5840148925781,112.9884033203125,20.354202270507812,True,True,True,101.40288543701172,0.6472851634025574,False,0,0
3073,TwoRoom,0.0,7,65,8.149578094482422,335.20892333984375,68.86164093017578,False,False,False,-652.1956176757812,81.02814483642578,True,49,27
3073,TwoRoom,0.0,8,65,22.935033798217773,116.9632568359375,12.702808380126953,False,False,True,19.342496871948242,0.6876056790351868,False,31,31
3073,TwoRoom,0.0,9,65,75.72512817382812,415.3054504394531,88.86202239990234,False,False,False,-635.1018676757812,9.329268455505371,True,0,31
3073,TwoRoom,0.0,10,65,192.0094451904297,456.6106262207031,94.25687408447266,False,False,False,-537.8967895507812,3.801408052444458,True,0,26
3073,TwoRoom,0.0,11,65,124.02184295654297,218.54742431640625,63.83952713012695,False,False,False,-252.625244140625,2.7724268436431885,True,0,64
3073,TwoRoom,0.0,12,65,316.4754943847656,463.6825866699219,163.93438720703125,False,False,False,-347.6589660644531,1.9622313976287842,True,0,49
3073,TwoRoom,0.0,13,65,92.90840148925781,295.00701904296875,54.504764556884766,False,False,False,-255.448486328125,3.7494657039642334,True,0,57
3073,TwoRoom,0.0,14,65,118.6375503540039,208.197265625,56.006473541259766,False,False,False,-278.13641357421875,3.34442138671875,False,0,0
3073,TwoRoom,0.0,15,65,7.299665927886963,403.4436340332031,92.42259979248047,False,False,False,-775.4676513671875,107.2332992553711,True,17,56
3073,TwoRoom,0.0,16,65,79.89595031738281,433.26336669921875,169.6250762939453,False,False,False,-334.0459289550781,5.181012153625488,True,0,47
3073,TwoRoom,0.0,17,65,243.13592529296875,268.8757629394531,69.75408935546875,False,False,False,-211.8286895751953,1.8626784086227417,True,0,54
3073,TwoRoom,0.0,18,65,197.14666748046875,374.23583984375,129.49339294433594,False,False,False,-452.26739501953125,3.2940657138824463,True,0,57
3073,TwoRoom,0.0,19,65,38.53507995605469,330.7115478515625,102.36955261230469,False,False,False,-462.76727294921875,13.008986473083496,True,0,38
3073,TwoRoom,0.0,20,65,119.68081665039062,77.48655700683594,14.225687026977539,False,False,True,34.191993713378906,0.7143068313598633,False,0,0
3073,TwoRoom,0.0,21,65,147.57479858398438,290.484619140625,124.29264068603516,False,False,False,-353.61785888671875,3.2535338401794434,True,0,49
3073,TwoRoom,0.0,22,65,53.78346252441406,122.42174530029297,27.065956115722656,False,False,False,-90.42943572998047,2.681361198425293,False,0,0
3073,TwoRoom,0.0,23,65,149.45941162109375,489.0957336425781,125.52996063232422,False,False,False,-166.10623168945312,1.8544096946716309,True,0,23
3073,TwoRoom,0.0,24,65,93.55133056640625,361.73992919921875,45.67988204956055,False,False,False,-528.9899291992188,6.654541969299316,True,0,41
3073,TwoRoom,0.0,25,65,43.03266525268555,516.7138671875,193.7759246826172,False,False,False,-277.3323974609375,7.444694519042969,True,0,5
3073,TwoRoom,0.0,26,65,209.1649932861328,305.2099304199219,66.33897399902344,False,False,False,-255.3353729248047,2.2207367420196533,False,0,0
3073,TwoRoom,0.0,27,65,20.744976043701172,192.8667449951172,46.44058609008789,False,False,False,-200.925537109375,6.8384294509887695,True,0,49
3073,TwoRoom,0.0,28,65,60.770172119140625,281.94000244140625,47.89768600463867,False,False,False,-478.4415283203125,8.872965812683105,True,0,21
3073,TwoRoom,0.0,29,65,55.99132537841797,546.3594360351562,142.15017700195312,False,False,False,-827.97216796875,15.787508010864258,True,0,48
3073,TwoRoom,0.0,30,65,206.87591552734375,274.73248291015625,45.39491653442383,False,False,False,-218.5410919189453,2.056387186050415,True,0,55
3073,TwoRoom,0.0,31,65,277.4801025390625,206.65625,54.755104064941406,False,False,True,166.11856079101562,0.5600602030754089,False,0,0
3073,TwoRoom,0.0,32,65,1.1005172729492188,294.29620361328125,113.54244232177734,False,False,False,-295.9906005859375,173.26425170898438,True,0,34
3073,TwoRoom,0.0,33,65,281.0679016113281,392.9405517578125,84.48049926757812,False,False,False,-120.58259582519531,1.2866895198822021,True,0,43
3073,TwoRoom,0.0,34,65,80.71177673339844,217.1746826171875,44.909751892089844,False,False,False,-330.4658203125,5.094394207000732,True,0,50
3073,TwoRoom,0.0,35,65,59.33636474609375,160.9261016845703,22.391481399536133,False,False,False,-43.40418243408203,1.3435919284820557,False,0,0
3073,TwoRoom,0.0,36,65,167.89895629882812,453.5455322265625,119.54751586914062,False,False,False,-713.4314575195312,5.249171733856201,True,0,41
3073,TwoRoom,0.0,37,65,41.14690399169922,317.62432861328125,77.31863403320312,False,False,False,-353.03021240234375,8.041643142700195,True,0,12
3073,TwoRoom,0.0,38,65,46.36460494995117,343.46148681640625,67.92676544189453,False,False,False,-357.2764587402344,8.705801963806152,True,0,14
3073,TwoRoom,0.0,39,65,297.4792175292969,507.64239501953125,85.24275970458984,False,False,False,-499.8992004394531,2.3768558502197266,True,0,31
3073,TwoRoom,0.0,40,65,316.38641357421875,140.64239501953125,26.541553497314453,True,True,True,270.4386291503906,0.33161333203315735,False,0,0
3073,TwoRoom,0.0,41,65,289.6375427246094,512.7381591796875,76.28233337402344,False,False,False,-68.77314758300781,1.2374454736709595,False,0,0
3073,TwoRoom,0.0,42,65,70.86436462402344,217.37322998046875,32.5601921081543,False,False,False,-325.47967529296875,5.592994689941406,True,0,61
3073,TwoRoom,0.0,43,65,246.981689453125,397.1434631347656,76.79509735107422,False,False,False,-293.5855407714844,2.1886937618255615,True,0,10
3073,TwoRoom,0.0,44,65,203.4012908935547,406.35247802734375,30.008899688720703,False,False,False,-218.6095428466797,2.0747697353363037,True,0,3
3073,TwoRoom,0.0,45,65,352.8509521484375,210.39910888671875,65.3008804321289,False,False,True,102.28413391113281,0.7312170267105103,False,0,0
3073,TwoRoom,0.0,46,65,131.85183715820312,431.41802978515625,60.3054084777832,False,False,False,-668.2017822265625,6.06782341003418,True,0,10
3073,TwoRoom,0.0,47,65,135.29641723632812,402.49383544921875,65.70117950439453,False,False,False,-525.5469360351562,4.884411334991455,True,0,21
3073,TwoRoom,0.0,48,65,291.3719787597656,431.2880554199219,91.3485336303711,False,False,False,-353.4062805175781,1.9043238162994385,True,0,1
3073,TwoRoom,0.0,49,65,5.373101234436035,431.900146484375,121.09010314941406,False,False,False,-833.6138305664062,156.145751953125,True,0,3
3073,TwoRoom,0.0,50,65,226.0946044921875,86.92401123046875,20.59098243713379,True,True,True,118.44750213623047,0.47611531615257263,False,0,0
3073,TwoRoom,0.0,51,65,226.12939453125,385.3489990234375,73.74758911132812,False,False,False,-340.26806640625,2.2467637062072754,True,0,39
3073,TwoRoom,0.0,52,65,173.18572998046875,527.94970703125,95.7412109375,False,False,False,-695.52783203125,5.016080856323242,True,0,43
3073,TwoRoom,0.0,53,65,79.94163513183594,497.4963073730469,106.82659149169922,False,False,False,-827.720947265625,11.354065895080566,True,0,17
3073,TwoRoom,0.0,54,65,176.00991821289062,340.225341796875,78.27010345458984,False,False,False,-362.98565673828125,2.8898746967315674,True,0,2
3073,TwoRoom,0.0,55,65,313.1383361816406,419.1391906738281,92.90440368652344,False,False,False,-304.65264892578125,1.960099697113037,True,0,31
3073,TwoRoom,0.0,56,65,9.157230377197266,61.32695007324219,4.46088981628418,False,False,False,-34.74641036987305,4.794423580169678,True,0,45
3073,TwoRoom,0.0,57,65,13.995976448059082,581.36328125,153.94581604003906,False,False,False,-831.57861328125,36.967098236083984,True,0,43
3073,TwoRoom,0.0,58,65,186.21803283691406,539.1815795898438,123.77111053466797,False,False,False,-838.521240234375,5.502900123596191,True,0,53
3073,TwoRoom,0.0,59,65,96.53160095214844,367.9659423828125,64.66686248779297,False,False,False,-485.1768798828125,6.02609395980835,True,0,15
3073,TwoRoom,0.0,60,65,269.84442138671875,436.865478515625,83.19046020507812,False,False,False,-331.3231201171875,2.227830171585083,True,0,48
3073,TwoRoom,0.0,61,65,108.17066192626953,59.0828857421875,8.477747917175293,False,False,True,91.05741882324219,0.4142244756221771,False,0,0
3073,TwoRoom,0.0,62,65,48.87091827392578,248.7408905029297,52.10258865356445,False,False,False,-370.97540283203125,8.590924263000488,True,0,60
3073,TwoRoom,0.0,63,65,366.1711120605469,354.2193298339844,89.18172454833984,False,False,False,-232.93865966796875,1.58725905418396,True,0,24
3073,TwoRoom,0.0,64,65,76.3127670288086,446.109619140625,118.87556457519531,False,False,False,-723.619140625,10.482281684875488,True,0,33
3073,TwoRoom,0.0,65,65,98.91725158691406,317.17431640625,72.71639251708984,False,False,False,-355.41644287109375,4.4899115562438965,True,0,6
3073,TwoRoom,0.0,66,65,228.8491973876953,358.5198059082031,54.58458709716797,False,False,False,-234.45260620117188,2.0244851112365723,True,0,40
3073,TwoRoom,0.0,67,65,23.646774291992188,428.7144470214844,83.2894287109375,False,False,False,-785.4219970703125,30.749279022216797,True,0,46
3073,TwoRoom,0.0,68,65,276.1861877441406,282.8955993652344,42.935935974121094,False,False,False,-79.3619384765625,1.2741734981536865,False,0,0
3073,TwoRoom,0.0,69,65,275.5845031738281,437.83416748046875,41.562252044677734,False,False,False,-241.64593505859375,1.8768489360809326,True,0,53
3073,TwoRoom,0.0,70,65,319.9716796875,495.95513916015625,132.1359100341797,False,False,False,-418.2150573730469,1.9381365776062012,True,0,52
3073,TwoRoom,0.0,71,65,47.9598274230957,453.7997741699219,33.87127685546875,False,False,False,-716.767822265625,15.945171356201172,True,0,21
3073,TwoRoom,0.0,72,65,2.8703341484069824,229.08168029785156,64.91899108886719,False,False,False,-311.28167724609375,109.4478759765625,True,28,11
3073,TwoRoom,0.0,73,65,38.871002197265625,429.905029296875,64.10142517089844,False,False,False,-324.7625427246094,9.354879379272461,True,25,0
3073,TwoRoom,0.0,74,65,174.54225158691406,257.9448547363281,30.35984230041504,False,False,False,-109.0032730102539,1.5072541236877441,True,3,37
3073,TwoRoom,0.0,75,65,112.68197631835938,65.89152526855469,15.53591537475586,False,False,True,100.94288635253906,0.30672937631607056,False,0,0
3073,TwoRoom,0.0,76,65,86.78643035888672,280.1429443359375,65.04142761230469,False,False,False,-428.943359375,5.942516326904297,False,0,0
3073,TwoRoom,0.0,77,65,19.1254825592041,361.26934814453125,81.69435119628906,False,False,False,-411.84161376953125,10.490215301513672,True,0,27
3073,TwoRoom,0.0,78,65,47.578819274902344,289.3505859375,23.938302993774414,False,False,False,-274.74139404296875,6.774447441101074,True,0,4
3073,TwoRoom,0.0,79,65,185.03662109375,79.00863647460938,20.145782470703125,True,True,True,101.8332748413086,0.5355227589607239,False,0,0
3073,TwoRoom,0.0,80,65,144.04063415527344,205.88705444335938,15.325422286987305,False,False,True,47.43214797973633,0.7144352793693542,False,0,0
3073,TwoRoom,0.0,81,65,73.34093475341797,533.4988403320312,150.73390197753906,False,False,False,-920.9892578125,13.557642936706543,True,0,12
3073,TwoRoom,0.0,82,65,267.8844909667969,468.4617004394531,103.03824615478516,False,False,False,-599.1907348632812,3.236750364303589,True,0,57
3073,TwoRoom,0.0,83,65,240.21099853515625,466.1798095703125,76.3694839477539,False,False,False,-444.88690185546875,2.852067232131958,True,0,17
3073,TwoRoom,0.0,84,65,2.842161178588867,375.7411193847656,67.23069763183594,False,False,False,-732.6065673828125,258.763916015625,True,0,45
3073,TwoRoom,0.0,85,65,283.97357177734375,333.4413757324219,81.92573547363281,False,False,False,-136.0554656982422,1.4335048198699951,False,0,0
3073,TwoRoom,0.0,86,65,66.80542755126953,263.5482482910156,42.613555908203125,False,False,False,-323.5821533203125,5.8436503410339355,False,0,0
3073,TwoRoom,0.0,87,65,71.52326965332031,352.3526611328125,55.725337982177734,False,False,False,-520.5882568359375,8.278585433959961,True,0,1
3073,TwoRoom,0.0,88,65,129.54930114746094,394.5716247558594,108.877685546875,False,False,False,-460.69775390625,3.8404345512390137,True,5,38
3073,TwoRoom,0.0,89,65,40.37152099609375,403.0683898925781,64.68708038330078,False,False,False,-345.29974365234375,4.71928596496582,True,37,24
3073,TwoRoom,0.0,90,65,126.57984161376953,484.0491027832031,147.07638549804688,False,False,False,-680.854736328125,6.3788557052612305,True,0,29
3073,TwoRoom,0.0,91,65,165.34613037109375,589.9276123046875,114.50752258300781,False,False,False,-813.4674072265625,5.9197845458984375,True,0,57
3073,TwoRoom,0.0,92,65,280.32183837890625,123.63018798828125,40.12580108642578,True,True,True,130.55667114257812,0.5342615246772766,False,0,0
3073,TwoRoom,0.0,93,65,324.53863525390625,426.7444763183594,55.942771911621094,False,False,False,-216.9775390625,1.6685723066329956,True,0,58
3073,TwoRoom,0.0,94,65,135.8739471435547,368.30462646484375,64.90525817871094,False,False,False,-456.5373840332031,4.360006809234619,True,0,54
3073,TwoRoom,0.0,95,65,270.3099365234375,240.81741333007812,66.98843383789062,False,False,False,-58.2169189453125,1.215371012687683,False,0,0
3073,TwoRoom,0.0,96,65,292.493896484375,467.6770324707031,141.29196166992188,False,False,False,-400.0017395019531,2.343064069747925,True,0,55
3073,TwoRoom,0.0,97,65,311.9775695800781,464.1408996582031,153.94337463378906,False,False,False,-397.3221740722656,2.2615766525268555,True,0,35
3073,TwoRoom,0.0,98,65,315.6973876953125,473.1979675292969,115.38282775878906,False,False,False,-347.09912109375,2.0994677543640137,True,0,18
3073,TwoRoom,0.0,99,65,7.422820091247559,137.48403930664062,44.54441833496094,False,False,False,-1.257542610168457,1.1694157123565674,False,0,0
3073,TwoRoom,0.01,0,65,363.6762390136719,105.82305908203125,13.152851104736328,True,True,True,314.1374816894531,0.2871529459953308,False,0,0
3073,TwoRoom,0.01,1,65,197.5513153076172,278.5458984375,16.166095733642578,False,False,False,-108.73081970214844,1.550392746925354,True,0,62
3073,TwoRoom,0.01,2,65,282.7320251464844,194.22052001953125,35.73765563964844,False,False,False,-19.401153564453125,1.0667455196380615,False,0,0
3073,TwoRoom,0.01,3,65,221.5764617919922,17.15185546875,2.6152167320251465,True,True,True,220.87335205078125,0.05400511994957924,False,0,0
3073,TwoRoom,0.01,4,65,25.57093048095703,181.55911254882812,63.23777770996094,False,False,False,-143.7041015625,5.617141246795654,True,0,58
3073,TwoRoom,0.01,5,65,75.22872161865234,432.88372802734375,85.58392333984375,False,False,False,-723.0728759765625,10.61166000366211,True,0,60
3073,TwoRoom,0.01,6,65,288.686767578125,332.37884521484375,31.132312774658203,False,False,False,-21.595947265625,1.065826654434204,True,0,48
3073,TwoRoom,0.01,7,65,19.489004135131836,243.33163452148438,21.56818199157715,False,False,False,-231.67807006835938,12.887628555297852,False,49,49
3073,TwoRoom,0.01,8,65,40.06877899169922,318.5351867675781,39.37250900268555,False,False,False,-471.0271911621094,12.75546646118164,True,31,0
3073,TwoRoom,0.01,9,65,68.3960189819336,197.74713134765625,18.36077117919922,False,False,False,-161.17532348632812,3.356501579284668,False,0,0
3073,TwoRoom,0.01,10,65,187.9971160888672,125.74697875976562,16.4202880859375,False,False,True,59.05195617675781,0.7749048471450806,False,0,0
3073,TwoRoom,0.01,11,65,108.03095245361328,56.74830627441406,4.177685737609863,False,False,True,31.092044830322266,0.7121931314468384,False,0,0
3073,TwoRoom,0.01,12,65,324.62652587890625,494.9300842285156,27.205183029174805,False,False,False,-258.8797607421875,1.6938847303390503,True,0,44
3073,TwoRoom,0.01,13,65,47.65724563598633,189.24664306640625,63.16742706298828,False,False,False,-177.45704650878906,3.6927177906036377,True,0,3
3073,TwoRoom,0.01,14,65,80.93977355957031,182.14056396484375,37.227298736572266,False,False,False,-30.742294311523438,1.3798168897628784,True,0,30
3073,TwoRoom,0.01,15,65,1.5273916721343994,157.4801025390625,16.54521942138672,False,False,False,-36.43327713012695,8.535965919494629,False,17,17
3073,TwoRoom,0.01,16,65,106.24898529052734,286.0440368652344,143.16586303710938,False,False,True,30.944583892822266,0.890354335308075,False,0,0
3073,TwoRoom,0.01,17,65,250.82493591308594,24.7010498046875,3.2437853813171387,True,True,True,243.75357055664062,0.07373259961605072,False,0,0
3073,TwoRoom,0.01,18,65,224.4313507080078,71.31927490234375,17.08074188232422,True,True,True,192.79733276367188,0.1873370110988617,False,0,0
3073,TwoRoom,0.01,19,65,36.44321823120117,25.70404052734375,7.654693126678467,False,False,True,24.14736557006836,0.33739757537841797,False,0,0
3073,TwoRoom,0.01,20,65,151.91836547851562,85.20204162597656,22.907827377319336,False,False,True,128.36517333984375,0.32599377632141113,False,0,0
3073,TwoRoom,0.01,21,65,139.52513122558594,112.37091064453125,12.983375549316406,False,False,True,7.194477081298828,0.9484360218048096,False,0,0
3073,TwoRoom,0.01,22,65,91.75037384033203,127.76882934570312,25.201879501342773,False,False,True,54.328094482421875,0.4078705906867981,False,0,0
3073,TwoRoom,0.01,23,65,128.9845733642578,414.39813232421875,102.16056823730469,False,False,False,-91.82117462158203,1.2894141674041748,True,0,25
3073,TwoRoom,0.01,24,65,48.24385070800781,58.219451904296875,11.388009071350098,False,False,False,-59.87689208984375,2.2411301136016846,True,0,24
3073,TwoRoom,0.01,25,65,29.868165969848633,276.53302001953125,59.06856155395508,False,False,False,-89.41424560546875,3.9936301708221436,False,0,0
3073,TwoRoom,0.01,26,65,163.22314453125,92.24234008789062,15.970611572265625,False,False,True,97.44666290283203,0.4212855100631714,False,0,0
3073,TwoRoom,0.01,27,65,7.721858978271484,217.8208770751953,55.56861114501953,False,False,False,-239.6283721923828,18.790224075317383,True,0,9
3073,TwoRoom,0.01,28,65,70.51431274414062,84.26812744140625,16.27841567993164,False,False,True,5.369396209716797,0.9238537549972534,False,0,0
3073,TwoRoom,0.01,29,65,92.0385513305664,241.51547241210938,42.23412322998047,False,False,False,-198.44515991210938,2.8173086643218994,False,0,0
3073,TwoRoom,0.01,30,65,228.20687866210938,103.23322296142578,6.803153991699219,True,True,True,115.57305145263672,0.4942226707935333,False,0,0
3073,TwoRoom,0.01,31,65,294.99072265625,141.89492797851562,17.788497924804688,True,True,True,271.14849853515625,0.37404462695121765,False,0,0
3073,TwoRoom,0.01,32,65,4.146575927734375,281.4913635253906,73.13910675048828,False,False,False,-261.3817138671875,58.77909851074219,True,64,12
3073,TwoRoom,0.01,33,65,307.79498291015625,40.333160400390625,10.89175033569336,True,True,True,289.8531799316406,0.09443479776382446,False,0,0
3073,TwoRoom,0.01,34,65,117.36674499511719,289.3460998535156,25.384689331054688,False,False,False,-324.15789794921875,3.76192307472229,True,0,53
3073,TwoRoom,0.01,35,65,39.04149627685547,53.63848876953125,6.617238521575928,False,False,True,29.022682189941406,0.3563357889652252,False,0,0
3073,TwoRoom,0.01,36,65,141.89163208007812,353.62774658203125,70.49327087402344,False,False,False,-239.9703826904297,2.69122314453125,True,0,34
3073,TwoRoom,0.01,37,65,19.278728485107422,88.89895629882812,23.82294464111328,False,False,True,6.619655609130859,0.6574922800064087,False,0,0
3073,TwoRoom,0.01,38,65,29.89069366455078,396.31719970703125,59.493080139160156,False,False,False,-554.7257690429688,13.425228118896484,True,0,23
3073,TwoRoom,0.01,39,65,256.71295166015625,75.06402587890625,9.626331329345703,True,True,True,252.64576721191406,0.159123957157135,False,0,0
3073,TwoRoom,0.01,40,65,286.3355712890625,227.14059448242188,60.676090240478516,False,False,False,-20.02081298828125,1.0558178424835205,False,0,0
3073,TwoRoom,0.01,41,65,313.8752136230469,176.91796875,54.613433837890625,False,False,True,24.971817016601562,0.9215431213378906,False,0,0
3073,TwoRoom,0.01,42,65,74.03427124023438,193.91082763671875,8.87830924987793,False,False,False,-99.9577407836914,1.9206669330596924,False,0,0
3073,TwoRoom,0.01,43,65,30.945552825927734,320.0464782714844,16.216251373291016,False,False,False,-303.2317199707031,10.79887866973877,False,0,0
3073,TwoRoom,0.01,44,65,200.57205200195312,341.792236328125,27.340282440185547,False,False,False,-296.29473876953125,2.477248430252075,True,0,3
3073,TwoRoom,0.01,45,65,337.07318115234375,58.298095703125,9.852413177490234,True,True,True,302.0674743652344,0.14579683542251587,False,0,0
3073,TwoRoom,0.01,46,65,114.14262390136719,535.9414672851562,60.89745330810547,False,False,False,-912.8846435546875,8.99775505065918,True,0,9
3073,TwoRoom,0.01,47,65,145.83949279785156,159.06309509277344,15.958465576171875,False,False,True,57.26124954223633,0.7451751232147217,False,0,0
3073,TwoRoom,0.01,48,65,322.8211669921875,321.60198974609375,25.495559692382812,False,False,False,-28.06060791015625,1.078281283378601,True,0,18
3073,TwoRoom,0.01,49,65,2.872885227203369,46.88238525390625,9.881291389465332,False,False,False,-1.1358860731124878,1.3953816890716553,False,12,12
3073,TwoRoom,0.01,50,65,227.28533935546875,98.25579833984375,13.261628150939941,True,True,True,106.9886474609375,0.5437285304069519,False,0,0
3073,TwoRoom,0.01,51,65,226.56272888183594,273.90716552734375,22.57526397705078,False,False,False,-243.8484344482422,2.0762953758239746,True,0,34
3073,TwoRoom,0.01,52,65,177.3631591796875,195.109619140625,37.546966552734375,False,False,False,-12.159461975097656,1.0619534254074097,True,0,14
3073,TwoRoom,0.01,53,65,37.070926666259766,427.40740966796875,113.62642669677734,False,False,False,-795.1985473632812,22.450733184814453,True,0,27
3073,TwoRoom,0.01,54,65,169.98544311523438,201.56698608398438,9.67260456085205,False,False,True,88.89163208007812,0.5458186268806458,False,0,0
3073,TwoRoom,0.01,55,65,349.9037780761719,10.487213134765625,2.8189330101013184,True,True,True,348.0433349609375,0.024883976206183434,False,0,0
3073,TwoRoom,0.01,56,65,8.527188301086426,25.39324951171875,2.537405014038086,False,False,True,6.266420364379883,0.41324084997177124,False,0,0
3073,TwoRoom,0.01,57,65,3.1217145919799805,172.58706665039062,51.31281661987305,False,False,False,-111.34941101074219,36.669307708740234,True,0,34
3073,TwoRoom,0.01,58,65,147.4281768798828,193.6189422607422,12.163825988769531,False,False,False,-55.319183349609375,1.3752280473709106,False,0,0
3073,TwoRoom,0.01,59,65,93.25880432128906,87.99974060058594,11.431534767150879,False,False,True,49.309654235839844,0.6530046463012695,False,0,0
3073,TwoRoom,0.01,60,65,257.2463684082031,258.7240295410156,22.293134689331055,False,False,False,-70.560791015625,1.2593148946762085,True,0,21
3073,TwoRoom,0.01,61,65,150.8961181640625,206.03826904296875,25.893009185791016,False,False,False,-18.652755737304688,1.1236132383346558,False,0,0
3073,TwoRoom,0.01,62,65,56.08635330200195,273.6349792480469,42.19286346435547,False,False,False,-195.8948974609375,4.492737293243408,True,0,41
3073,TwoRoom,0.01,63,65,330.5785827636719,163.96771240234375,27.91693878173828,True,True,True,143.34292602539062,0.6114444732666016,False,0,0
3073,TwoRoom,0.01,64,65,46.647178649902344,59.83868408203125,12.029335975646973,False,False,True,36.97795867919922,0.2072841376066208,False,0,0
3073,TwoRoom,0.01,65,65,92.05492401123047,77.89334106445312,3.7711756229400635,False,False,True,6.726310729980469,0.9269315600395203,False,0,0
3073,TwoRoom,0.01,66,65,228.21095275878906,277.4827880859375,30.471508026123047,False,False,False,-156.4152374267578,1.6853976249694824,True,0,8
3073,TwoRoom,0.01,67,65,20.191808700561523,537.2527465820312,143.15414428710938,False,False,False,-962.3511962890625,42.566768646240234,True,0,40
3073,TwoRoom,0.01,68,65,308.489990234375,280.51641845703125,32.215919494628906,False,False,False,-247.54266357421875,1.8024333715438843,True,0,10
3073,TwoRoom,0.01,69,65,287.55145263671875,30.7471923828125,4.802200794219971,True,True,True,280.5079040527344,0.0848870575428009,False,0,0
3073,TwoRoom,0.01,70,65,144.96893310546875,407.848388671875,78.63249969482422,False,False,False,-340.4187927246094,3.0098164081573486,True,0,35
3073,TwoRoom,0.01,71,65,33.062740325927734,19.10760498046875,3.9076805114746094,False,False,True,28.312955856323242,0.14365974068641663,False,0,0
3073,TwoRoom,0.01,72,65,20.01104736328125,72.34783172607422,25.42437171936035,False,False,False,-17.655200958251953,1.882272720336914,True,0,28
3073,TwoRoom,0.01,73,65,76.20552062988281,49.554656982421875,7.301888942718506,False,False,True,35.458740234375,0.5346959233283997,False,25,25
3073,TwoRoom,0.01,74,65,105.38143157958984,214.58013916015625,26.384246826171875,False,False,False,-63.94779586791992,1.6068222522735596,True,3,37
3073,TwoRoom,0.01,75,65,86.92388916015625,260.14501953125,34.85176086425781,False,False,False,-298.78704833984375,3.7649054527282715,True,0,55
3073,TwoRoom,0.01,76,65,82.83279418945312,131.69793701171875,21.151107788085938,False,False,True,10.002998352050781,0.8792386651039124,False,0,0
3073,TwoRoom,0.01,77,65,11.875014305114746,144.94740295410156,16.442440032958984,False,False,False,-27.78836441040039,3.3400697708129883,False,0,0
3073,TwoRoom,0.01,78,65,39.215023040771484,196.81948852539062,16.381994247436523,False,False,False,-158.67401123046875,5.046255588531494,True,0,4
3073,TwoRoom,0.01,79,65,194.4950408935547,279.7950439453125,15.9647855758667,False,False,False,-216.320068359375,2.1122138500213623,True,0,34
3073,TwoRoom,0.01,80,65,188.62557983398438,188.24221801757812,22.659961700439453,False,False,False,-23.051864624023438,1.1222096681594849,True,0,30
3073,TwoRoom,0.01,81,65,85.42745208740234,104.85812377929688,34.378726959228516,False,False,True,60.94459915161133,0.4743356704711914,False,0,0
3073,TwoRoom,0.01,82,65,279.41351318359375,193.64712524414062,26.804645538330078,False,False,False,-12.672210693359375,1.0412617921829224,False,0,0
3073,TwoRoom,0.01,83,65,262.9245910644531,50.595855712890625,5.694255352020264,True,True,True,213.52626037597656,0.2874399721622467,False,0,0
3073,TwoRoom,0.01,84,65,14.474706649780273,341.0948486328125,56.36117935180664,False,False,False,-612.9653930664062,41.57646179199219,True,0,42
3073,TwoRoom,0.01,85,65,317.798828125,40.758331298828125,9.289522171020508,True,True,True,302.1991882324219,0.11435666680335999,False,0,0
3073,TwoRoom,0.01,86,65,63.831966400146484,76.32574462890625,21.9080753326416,False,False,True,15.2738037109375,0.760718584060669,False,0,0
3073,TwoRoom,0.01,87,65,55.89081573486328,144.5392608642578,16.257966995239258,False,False,False,-127.48149871826172,3.28090238571167,True,0,44
3073,TwoRoom,0.01,88,65,45.8297119140625,56.490478515625,4.750581741333008,False,False,False,-15.455413818359375,1.2999517917633057,True,5,21
3073,TwoRoom,0.01,89,65,23.767578125,59.65838623046875,17.913562774658203,False,False,False,-18.067596435546875,1.7601783275604248,True,37,48
3073,TwoRoom,0.01,90,65,144.9387664794922,62.41438293457031,6.280050277709961,True,True,True,68.04806518554688,0.5305047035217285,False,0,0
3073,TwoRoom,0.01,91,65,184.01148986816406,401.1850891113281,82.60150909423828,False,False,False,-482.12744140625,3.620094060897827,True,0,4
3073,TwoRoom,0.01,92,65,250.61204528808594,85.13015747070312,18.456796646118164,True,True,True,154.26016235351562,0.384466290473938,False,0,0
3073,TwoRoom,0.01,93,65,282.6560363769531,437.090087890625,95.65336608886719,False,False,False,-315.89434814453125,1.71876859664917,True,0,60
3073,TwoRoom,0.01,94,65,143.02828979492188,53.84698486328125,8.006610870361328,True,True,True,134.95237731933594,0.23679794371128082,False,0,0
3073,TwoRoom,0.01,95,65,197.23263549804688,414.2603454589844,90.77407836914062,False,False,False,-353.832763671875,2.7939870357513428,True,0,61
3073,TwoRoom,0.01,96,65,292.03936767578125,172.48867797851562,11.505542755126953,False,False,True,273.05853271484375,0.3775537312030792,False,0,0
3073,TwoRoom,0.01,97,65,299.9488220214844,125.30230712890625,16.977436065673828,True,True,True,231.00051879882812,0.3552554249763489,False,0,0
3073,TwoRoom,0.01,98,65,125.36724090576172,298.9661865234375,44.460426330566406,False,False,True,44.434486389160156,0.645565390586853,False,0,0
3073,TwoRoom,0.01,99,65,6.710634231567383,46.796630859375,7.095244884490967,False,False,True,5.0358734130859375,0.2495681494474411,False,0,0
3073,TwoRoom,0.02,0,65,388.8495788574219,82.86279296875,10.81224250793457,True,True,True,337.7364196777344,0.21511724591255188,False,0,0
3073,TwoRoom,0.02,1,65,204.70065307617188,13.9757080078125,3.283510208129883,True,True,True,195.10523986816406,0.055282432585954666,False,0,0
3073,TwoRoom,0.02,2,65,283.5408630371094,55.741302490234375,12.23512077331543,True,True,True,266.5268249511719,0.1365886777639389,False,0,0
3073,TwoRoom,0.02,3,65,216.7443389892578,44.6158447265625,9.708272933959961,True,True,True,195.59423828125,0.15983599424362183,False,0,0
3073,TwoRoom,0.02,4,65,51.11349105834961,232.63772583007812,82.11255645751953,False,False,False,-326.10882568359375,7.380093097686768,True,0,51
3073,TwoRoom,0.02,5,65,136.4169921875,264.7783203125,26.81271743774414,False,False,False,-28.176658630371094,1.1079837083816528,False,0,0
3073,TwoRoom,0.02,6,65,235.65957641601562,75.36053466796875,8.093069076538086,True,True,True,222.48284912109375,0.260693222284317,False,0,0
3073,TwoRoom,0.02,7,65,3.4491806030273438,33.547088623046875,1.8807522058486938,False,False,True,2.6045608520507812,0.2742934823036194,False,49,49
3073,TwoRoom,0.02,8,65,6.771610260009766,102.16854858398438,14.495967864990234,False,False,False,-11.584022521972656,2.71067476272583,True,31,52
3073,TwoRoom,0.02,9,65,63.846805572509766,188.39474487304688,16.728944778442383,False,False,False,-172.3836212158203,3.6999568939208984,False,0,0
3073,TwoRoom,0.02,10,65,196.6759033203125,23.716537475585938,2.959993839263916,True,True,True,164.6332244873047,0.16842882335186005,False,0,0
3073,TwoRoom,0.02,11,65,107.57881164550781,70.50833129882812,6.761829376220703,False,False,False,-19.956344604492188,1.18550443649292,True,0,44
3073,TwoRoom,0.02,12,65,345.09027099609375,80.25506591796875,7.487777233123779,True,True,True,299.98291015625,0.1845872700214386,False,0,0
3073,TwoRoom,0.02,13,65,78.13458251953125,99.98077392578125,27.700485229492188,False,False,True,8.829874038696289,0.9140076637268066,False,0,0
3073,TwoRoom,0.02,14,65,117.4414291381836,56.46504211425781,8.32181453704834,True,True,True,55.818138122558594,0.5247151255607605,False,0,0
3073,TwoRoom,0.02,15,65,1.3544652462005615,64.98748779296875,10.184324264526367,False,False,False,-14.334866523742676,11.583414077758789,True,0,17
3073,TwoRoom,0.02,16,65,142.69729614257812,25.046539306640625,9.76923656463623,True,True,True,137.08767700195312,0.10865535587072372,False,0,0
3073,TwoRoom,0.02,17,65,301.4299011230469,241.38156127929688,26.241928100585938,False,False,True,87.99004364013672,0.708091139793396,False,0,0
3073,TwoRoom,0.02,18,65,206.64627075195312,8.16143798828125,1.4509955644607544,True,True,True,204.28858947753906,0.019263409078121185,False,0,0
3073,TwoRoom,0.02,19,65,4.991328239440918,13.23370361328125,1.1602637767791748,False,False,True,4.774730205535889,0.045637257397174835,False,0,0
3073,TwoRoom,0.02,20,65,127.09771728515625,78.63731384277344,11.922148704528809,False,False,True,19.22054672241211,0.8487734198570251,False,0,0
3073,TwoRoom,0.02,21,65,94.29627227783203,17.31048583984375,3.2687668800354004,True,True,True,82.05879211425781,0.1297769695520401,False,0,0
3073,TwoRoom,0.02,22,65,78.3421630859375,27.339813232421875,4.139065742492676,True,True,True,63.95431900024414,0.18365392088890076,False,0,0
3073,TwoRoom,0.02,23,65,134.77084350585938,55.53729248046875,5.972574710845947,True,True,True,77.74105072021484,0.42316123843193054,False,0,0
3073,TwoRoom,0.02,24,65,57.39244079589844,64.92750549316406,11.98957347869873,False,False,False,-44.16361618041992,1.7695024013519287,True,0,24
3073,TwoRoom,0.02,25,65,19.16496467590332,47.875,9.817543983459473,False,False,True,18.0938663482666,0.2543795108795166,False,0,0
3073,TwoRoom,0.02,26,65,148.0134735107422,92.14865112304688,15.690760612487793,False,False,True,22.1123046875,0.8506061434745789,False,0,0
3073,TwoRoom,0.02,27,65,18.763469696044922,60.993255615234375,9.075536727905273,False,False,True,8.22921085357666,0.5614238381385803,False,0,0
3073,TwoRoom,0.02,28,65,84.26591491699219,41.686676025390625,4.323877811431885,True,True,True,41.57497787475586,0.5066216588020325,False,0,0
3073,TwoRoom,0.02,29,65,137.15708923339844,238.53041076660156,50.19563674926758,False,False,False,-209.4954833984375,2.485959529876709,True,0,10
3073,TwoRoom,0.02,30,65,225.3256378173828,389.2497253417969,14.366456985473633,False,False,False,-175.33982849121094,1.7690589427947998,True,0,51
3073,TwoRoom,0.02,31,65,273.7642822265625,45.5845947265625,11.967926025390625,True,True,True,226.70101928710938,0.26337766647338867,False,0,0
3073,TwoRoom,0.02,32,65,2.2279348373413086,69.00390625,14.59862995147705,False,False,False,-7.264778137207031,2.7430543899536133,True,58,64
3073,TwoRoom,0.02,33,65,237.47914123535156,55.04852294921875,13.967272758483887,True,True,True,234.28170776367188,0.1257077157497406,False,0,0
3073,TwoRoom,0.02,34,65,108.81798553466797,78.97805786132812,7.567643165588379,False,False,True,24.95702362060547,0.770653486251831,False,0,0
3073,TwoRoom,0.02,35,65,37.551124572753906,6.6059112548828125,1.2860091924667358,True,True,True,36.294158935546875,0.040669336915016174,False,0,0
3073,TwoRoom,0.02,36,65,162.60787963867188,138.80264282226562,11.534927368164062,False,False,True,151.35369873046875,0.30017539858818054,False,0,0
3073,TwoRoom,0.02,37,65,26.90909767150879,22.779205322265625,6.594557285308838,False,False,True,21.51932716369629,0.23602451384067535,False,0,0
3073,TwoRoom,0.02,38,65,37.39299774169922,191.55726623535156,21.439708709716797,False,False,False,-254.76358032226562,7.813135623931885,True,0,4
3073,TwoRoom,0.02,39,65,293.67144775390625,295.7193298339844,15.122321128845215,False,False,True,53.912864685058594,0.8221792578697205,False,0,0
3073,TwoRoom,0.02,40,65,361.3689880371094,114.83901977539062,23.801795959472656,True,True,True,292.2494201660156,0.27300509810447693,False,0,0
3073,TwoRoom,0.02,41,65,314.5663757324219,37.17974853515625,3.8506221771240234,True,True,True,311.71685791015625,0.07140737771987915,False,0,0
3073,TwoRoom,0.02,42,65,67.28301239013672,5.216033935546875,0.8180519938468933,True,True,True,66.4881591796875,0.05664202570915222,False,0,0
3073,TwoRoom,0.02,43,65,259.2644958496094,39.507205963134766,7.074686050415039,True,True,True,185.21719360351562,0.285605251789093,False,0,0
3073,TwoRoom,0.02,44,65,204.0897674560547,9.10113525390625,1.7025933265686035,True,True,True,195.05020141601562,0.044292088598012924,False,0,0
3073,TwoRoom,0.02,45,65,359.4991455078125,350.8246765136719,17.992414474487305,False,False,True,115.28831481933594,0.7526986002922058,False,0,0
3073,TwoRoom,0.02,46,65,96.13934326171875,241.8622283935547,36.32130432128906,False,False,False,-258.282958984375,3.6865479946136475,False,0,0
3073,TwoRoom,0.02,47,65,121.77433013916016,13.102783203125,1.90576171875,True,True,True,118.45800018310547,0.03521290421485901,False,0,0
3073,TwoRoom,0.02,48,65,245.97592163085938,102.14149475097656,8.437164306640625,True,True,True,137.5168914794922,0.5558122396469116,False,0,0
3073,TwoRoom,0.02,49,65,0.3296356201171875,117.15292358398438,3.871821641921997,False,False,False,-0.12058329582214355,1.3658078908920288,False,12,12
3073,TwoRoom,0.02,50,65,188.7613525390625,188.20518493652344,14.507990837097168,False,False,False,-31.846534729003906,1.1687132120132446,False,0,0
3073,TwoRoom,0.02,51,65,194.74618530273438,161.36257934570312,9.520467758178711,False,False,True,17.498428344726562,0.910147488117218,False,0,0
3073,TwoRoom,0.02,52,65,148.4028778076172,32.721832275390625,6.726039886474609,True,True,True,109.54403686523438,0.26184695959091187,False,0,0
3073,TwoRoom,0.02,53,65,39.0803108215332,365.61322021484375,77.83578491210938,False,False,False,-251.21800231933594,7.428249835968018,False,0,0
3073,TwoRoom,0.02,54,65,219.75204467773438,14.53533935546875,2.259519100189209,True,True,True,212.20831298828125,0.07014553248882294,False,0,0
3073,TwoRoom,0.02,55,65,308.169677734375,14.606842041015625,1.4952352046966553,True,True,True,307.1695556640625,0.036068394780159,False,0,0
3073,TwoRoom,0.02,56,65,9.654844284057617,67.16525268554688,8.608247756958008,False,False,False,-34.92042541503906,3.6334095001220703,False,0,0
3073,TwoRoom,0.02,57,65,13.11601734161377,141.1202392578125,33.864051818847656,False,False,False,-84.48289489746094,7.441199779510498,True,0,35
3073,TwoRoom,0.02,58,65,260.4986877441406,56.30926513671875,8.64421558380127,True,True,True,203.9977569580078,0.21689529716968536,False,0,0
3073,TwoRoom,0.02,59,65,106.3223876953125,15.55426025390625,1.4472877979278564,True,True,True,103.42444610595703,0.09329838305711746,False,0,0
3073,TwoRoom,0.02,60,65,254.53375244140625,49.21403884887695,6.2600908279418945,True,True,True,190.71409606933594,0.3088253140449524,False,0,0
3073,TwoRoom,0.02,61,65,97.09944915771484,26.242713928222656,4.846337795257568,True,True,True,66.89056396484375,0.3111128509044647,False,0,0
3073,TwoRoom,0.02,62,65,73.20574188232422,33.921173095703125,4.224939823150635,True,True,True,50.54823303222656,0.30950453877449036,False,0,0
3073,TwoRoom,0.02,63,65,342.7723083496094,64.74578857421875,13.255483627319336,True,True,True,299.6747131347656,0.19917789101600647,False,0,0
3073,TwoRoom,0.02,64,65,35.72252655029297,86.9034423828125,10.335084915161133,False,False,True,28.01963996887207,0.3243332803249359,False,0,0
3073,TwoRoom,0.02,65,65,107.54273986816406,67.08267211914062,7.8317365646362305,False,False,True,16.38800048828125,0.847614049911499,False,0,0
3073,TwoRoom,0.02,66,65,235.95843505859375,47.825897216796875,6.604091167449951,True,True,True,183.87115478515625,0.2931893467903137,False,0,0
3073,TwoRoom,0.02,67,65,202.63754272460938,112.532958984375,26.460487365722656,False,False,True,59.50853729248047,0.7075955867767334,False,0,0
3073,TwoRoom,0.02,68,65,294.3854064941406,45.5435791015625,6.458040237426758,True,True,True,228.96395874023438,0.2376520335674286,False,0,0
3073,TwoRoom,0.02,69,65,301.42596435546875,21.43243408203125,5.3692474365234375,True,True,True,286.6582946777344,0.07941988855600357,False,0,0
3073,TwoRoom,0.02,70,65,270.17510986328125,48.7216796875,8.135336875915527,True,True,True,230.50872802734375,0.19831177592277527,False,0,0
3073,TwoRoom,0.02,71,65,49.55991744995117,20.796875,4.772493362426758,True,True,True,33.9692497253418,0.3145822286605835,False,0,0
3073,TwoRoom,0.02,72,65,9.59840202331543,33.208221435546875,6.165995121002197,False,False,True,3.656047821044922,0.6190983057022095,False,0,0
3073,TwoRoom,0.02,73,65,13.345352172851562,28.16680908203125,4.455945014953613,False,False,False,-8.437744140625,1.6322609186172485,False,8,8
3073,TwoRoom,0.02,74,65,185.7217559814453,213.08041381835938,17.785823822021484,False,False,False,-47.25309753417969,1.2177608013153076,True,3,37
3073,TwoRoom,0.02,75,65,110.7557601928711,37.53828430175781,3.618774652481079,True,True,True,64.43637084960938,0.41821202635765076,False,0,0
3073,TwoRoom,0.02,76,65,60.98039245605469,185.99411010742188,26.645673751831055,False,False,False,-27.401931762695312,1.4493564367294312,True,0,25
3073,TwoRoom,0.02,77,65,20.944726943969727,55.498931884765625,8.530487060546875,False,False,True,17.838058471679688,0.20722004771232605,False,0,0
3073,TwoRoom,0.02,78,65,37.658260345458984,46.2427978515625,6.200645923614502,False,False,False,-50.07013702392578,2.329592227935791,False,0,0
3073,TwoRoom,0.02,79,65,199.7607421875,20.1878662109375,2.5459890365600586,True,True,True,197.9317626953125,0.06014434993267059,False,0,0
3073,TwoRoom,0.02,80,65,188.2484130859375,385.8793640136719,33.701473236083984,False,False,False,-393.13128662109375,2.9184696674346924,True,0,30
3073,TwoRoom,0.02,81,65,77.97428131103516,34.10246276855469,4.847372055053711,True,True,True,72.65009307861328,0.29003480076789856,False,0,0
3073,TwoRoom,0.02,82,65,285.85595703125,38.5621337890625,4.196213722229004,True,True,True,278.5283203125,0.0828918069601059,False,0,0
3073,TwoRoom,0.02,83,65,272.6397399902344,28.033729553222656,3.559596538543701,True,True,True,242.53094482421875,0.1284913718700409,False,0,0
3073,TwoRoom,0.02,84,65,2.9026269912719727,108.71435546875,18.69194793701172,False,False,False,-74.286865234375,26.592975616455078,True,14,0
3073,TwoRoom,0.02,85,65,323.6655578613281,35.234283447265625,9.690539360046387,True,True,True,300.64013671875,0.10642290115356445,False,0,0
3073,TwoRoom,0.02,86,65,76.30988311767578,162.8573760986328,4.722843647003174,False,False,True,16.4539852142334,0.9087287783622742,False,0,0
3073,TwoRoom,0.02,87,65,73.0319595336914,53.21247863769531,4.370563983917236,False,False,True,43.332584381103516,0.4887810945510864,False,0,0
3073,TwoRoom,0.02,88,65,24.125152587890625,16.48126220703125,0.9784148931503296,False,False,True,17.299972534179688,0.2829072177410126,False,5,5
3073,TwoRoom,0.02,89,65,111.65234375,237.86807250976562,10.418181419372559,False,False,False,-146.35589599609375,2.3108179569244385,True,0,57
3073,TwoRoom,0.02,90,65,106.8670654296875,3.81939697265625,1.3496437072753906,True,True,True,105.3392333984375,0.014296529814600945,False,0,0
3073,TwoRoom,0.02,91,65,142.76593017578125,84.88031005859375,16.683719635009766,False,False,True,98.36969757080078,0.4214901328086853,False,0,0
3073,TwoRoom,0.02,92,65,285.88653564453125,38.865631103515625,7.065706729888916,True,True,True,276.2095947265625,0.09478283673524857,False,0,0
3073,TwoRoom,0.02,93,65,281.2342529296875,134.72314453125,23.282329559326172,True,True,True,127.9609146118164,0.5450024008750916,False,0,0
3073,TwoRoom,0.02,94,65,131.80836486816406,145.66844177246094,6.857968807220459,False,False,False,-2.5820159912109375,1.0120563507080078,False,0,0
3073,TwoRoom,0.02,95,65,217.804931640625,66.34707641601562,9.782313346862793,True,True,True,150.989990234375,0.306765079498291,False,0,0
3073,TwoRoom,0.02,96,65,288.4489440917969,86.84259033203125,5.749423503875732,True,True,True,285.4355773925781,0.202522411942482,False,0,0
3073,TwoRoom,0.02,97,65,297.5384521484375,36.431304931640625,4.934027671813965,True,True,True,294.3587951660156,0.07966338098049164,False,0,0
3073,TwoRoom,0.02,98,65,187.1108856201172,107.59051513671875,7.799922943115234,False,False,True,183.354736328125,0.2366340309381485,False,0,0
3073,TwoRoom,0.02,99,65,1.8678138256072998,26.33782958984375,3.53064227104187,False,False,True,1.2998969554901123,0.304054319858551,False,0,0
3073,TwoRoom,0.03,0,65,331.0851135253906,13.53759765625,3.2047927379608154,True,True,True,327.7525634765625,0.034496549516916275,False,0,0
3073,TwoRoom,0.03,1,65,210.31748962402344,13.8878173828125,2.191195011138916,True,True,True,194.0718994140625,0.07724317908287048,False,0,0
3073,TwoRoom,0.03,2,65,350.8302917480469,73.8651123046875,13.9720458984375,True,True,True,326.431884765625,0.18037384748458862,False,0,0
3073,TwoRoom,0.03,3,65,233.2387237548828,46.1300048828125,7.557204723358154,True,True,True,221.1466522216797,0.1314639449119568,False,0,0
3073,TwoRoom,0.03,4,65,30.661849975585938,171.87960815429688,42.20348358154297,False,False,False,-9.559469223022461,1.3117707967758179,False,0,0
3073,TwoRoom,0.03,5,65,40.21690368652344,137.2161102294922,21.099872589111328,False,False,False,-172.787353515625,5.296386241912842,True,0,32
3073,TwoRoom,0.03,6,65,261.25115966796875,5.3265380859375,0.9383877515792847,True,True,True,259.00146484375,0.013939711265265942,False,0,0
3073,TwoRoom,0.03,7,65,9.985210418701172,47.16259765625,5.878570079803467,False,False,False,-31.157400131225586,4.120354652404785,True,49,64
3073,TwoRoom,0.03,8,65,18.534645080566406,109.78326416015625,13.849549293518066,False,False,False,-123.9249267578125,7.686122894287109,True,31,0
3073,TwoRoom,0.03,9,65,104.18602752685547,56.83935546875,6.208616733551025,False,False,True,56.631439208984375,0.5372025370597839,False,0,0
3073,TwoRoom,0.03,10,65,159.44305419921875,85.6854248046875,4.631344795227051,False,False,True,135.88157653808594,0.2240363210439682,False,0,0
3073,TwoRoom,0.03,11,65,123.39460754394531,11.030303955078125,1.7207258939743042,True,True,True,108.27259826660156,0.12255001813173294,False,0,0
3073,TwoRoom,0.03,12,65,321.9686584472656,33.00079345703125,5.382998466491699,True,True,True,288.9009094238281,0.10404568910598755,False,0,0
3073,TwoRoom,0.03,13,65,43.740867614746094,25.730255126953125,6.8561224937438965,False,False,True,42.51115417480469,0.19222019612789154,False,0,0
3073,TwoRoom,0.03,14,65,129.49676513671875,13.6837158203125,3.201848268508911,True,True,True,112.30101013183594,0.13278910517692566,False,0,0
3073,TwoRoom,0.03,15,65,4.542497634887695,18.3138427734375,2.8703269958496094,False,False,True,0.39656782150268555,0.9126982688903809,False,0,0
3073,TwoRoom,0.03,16,65,151.01852416992188,32.02239990234375,11.909491539001465,True,True,True,145.1477813720703,0.09845751523971558,False,0,0
3073,TwoRoom,0.03,17,65,235.80697631835938,5.873931884765625,0.9420341849327087,True,True,True,233.86672973632812,0.02137773111462593,False,0,0
3073,TwoRoom,0.03,18,65,149.89675903320312,50.530914306640625,1.6388568878173828,True,True,True,149.46990966796875,0.12757515907287598,False,0,0
3073,TwoRoom,0.03,19,65,64.6082763671875,9.4703369140625,1.003402829170227,True,True,True,63.944862365722656,0.025575580075383186,False,0,0
3073,TwoRoom,0.03,20,65,111.97735595703125,19.9791259765625,4.9029107093811035,True,True,True,99.78742980957031,0.10886060446500778,False,0,0
3073,TwoRoom,0.03,21,65,133.84902954101562,20.186553955078125,2.959475517272949,True,True,True,112.12991333007812,0.162265807390213,False,0,0
3073,TwoRoom,0.03,22,65,71.92144775390625,23.548049926757812,4.668246746063232,True,True,True,61.36079788208008,0.14683590829372406,False,0,0
3073,TwoRoom,0.03,23,65,127.9243392944336,29.185096740722656,6.659070014953613,True,True,True,96.51564025878906,0.24685055017471313,False,0,0
3073,TwoRoom,0.03,24,65,45.697853088378906,53.8272705078125,9.681168556213379,False,False,False,-12.231696128845215,1.2676645517349243,False,0,0
3073,TwoRoom,0.03,25,65,40.911136627197266,39.103179931640625,4.0828986167907715,False,False,True,40.28273391723633,0.1288391351699829,False,0,0
3073,TwoRoom,0.03,26,65,157.74314880371094,74.20541381835938,12.892837524414062,True,True,True,78.335693359375,0.5033971667289734,False,0,0
3073,TwoRoom,0.03,27,65,6.311125755310059,20.5189208984375,5.765761852264404,False,False,True,0.38822460174560547,0.9384856820106506,False,0,0
3073,TwoRoom,0.03,28,65,49.84256362915039,7.1002044677734375,0.6902986168861389,True,True,True,49.30455780029297,0.04871717095375061,False,0,0
3073,TwoRoom,0.03,29,65,104.57463073730469,115.77008056640625,15.532980918884277,False,False,True,49.324195861816406,0.5283349752426147,False,0,0
3073,TwoRoom,0.03,30,65,223.36367797851562,19.885948181152344,1.9695688486099243,True,True,True,200.86056518554688,0.1039150059223175,False,0,0
3073,TwoRoom,0.03,31,65,264.8787841796875,17.816741943359375,3.9813315868377686,True,True,True,255.905517578125,0.05959562212228775,False,0,0
3073,TwoRoom,0.03,32,65,5.965733528137207,51.336761474609375,14.856341361999512,False,False,False,-2.7558441162109375,1.4619455337524414,False,64,64
3073,TwoRoom,0.03,33,65,334.763427734375,162.2967529296875,8.093924522399902,True,True,True,323.9157409667969,0.30512145161628723,False,0,0
3073,TwoRoom,0.03,34,65,104.97286224365234,12.001434326171875,2.4000251293182373,True,True,True,103.7405014038086,0.05243783816695213,False,0,0
3073,TwoRoom,0.03,35,65,55.60177993774414,80.89400482177734,5.467218399047852,False,False,True,34.14794158935547,0.709051251411438,False,0,0
3073,TwoRoom,0.03,36,65,172.79330444335938,143.07965087890625,8.70616340637207,False,False,True,168.65463256835938,0.24863004684448242,False,0,0
3073,TwoRoom,0.03,37,65,26.771305084228516,39.78240966796875,11.198883056640625,False,False,True,4.888900279998779,0.8173828125,False,0,0
3073,TwoRoom,0.03,38,65,62.84077072143555,115.97970581054688,10.599628448486328,False,False,True,54.31101608276367,0.6002435684204102,False,0,0
3073,TwoRoom,0.03,39,65,273.4296569824219,281.037841796875,8.378776550292969,False,False,True,7.328943252563477,0.9746139049530029,False,0,0
3073,TwoRoom,0.03,40,65,276.6231384277344,17.2855224609375,3.4649550914764404,True,True,True,273.97259521484375,0.05704684183001518,False,0,0
3073,TwoRoom,0.03,41,65,277.3555908203125,36.8326416015625,7.9729156494140625,True,True,True,273.8663635253906,0.08331260085105896,False,0,0
3073,TwoRoom,0.03,42,65,75.76983642578125,24.097366333007812,2.7853851318359375,True,True,True,68.13578796386719,0.2825019955635071,False,0,0
3073,TwoRoom,0.03,43,65,251.1856231689453,45.3138313293457,10.371621131896973,True,True,True,186.24122619628906,0.2585514187812805,False,0,0
3073,TwoRoom,0.03,44,65,173.92538452148438,11.101425170898438,0.9985145926475525,True,True,True,163.5425567626953,0.05969706177711487,False,0,0
3073,TwoRoom,0.03,45,65,270.8900451660156,231.85198974609375,7.996968746185303,False,False,True,37.52051544189453,0.8614916801452637,False,0,0
3073,TwoRoom,0.03,46,65,120.18617248535156,58.43878936767578,16.790828704833984,True,True,True,10.501235961914062,0.912625253200531,False,0,0
3073,TwoRoom,0.03,47,65,106.59730529785156,55.16902160644531,6.135892391204834,False,False,True,74.16641235351562,0.3971043527126312,False,0,0
3073,TwoRoom,0.03,48,65,241.1031494140625,33.13618087768555,3.1677494049072266,True,True,True,206.27383422851562,0.1444581300020218,False,0,0
3073,TwoRoom,0.03,49,65,0.653414249420166,17.182098388671875,2.819722890853882,False,False,False,-1.5874758958816528,3.429508924484253,False,0,0
3073,TwoRoom,0.03,50,65,242.79629516601562,13.222152709960938,2.3234848976135254,True,True,True,228.64700317382812,0.05827642232179642,False,0,0
3073,TwoRoom,0.03,51,65,174.39845275878906,60.63132858276367,11.220401763916016,True,True,True,77.2193603515625,0.5572245121002197,False,0,0
3073,TwoRoom,0.03,52,65,111.64098358154297,13.737625122070312,2.4113335609436035,True,True,True,107.85147094726562,0.1071883961558342,False,0,0
3073,TwoRoom,0.03,53,65,33.73048400878906,138.19650268554688,42.5695915222168,False,False,False,-123.0083999633789,4.6468024253845215,True,0,5
3073,TwoRoom,0.03,54,65,211.62176513671875,96.97866821289062,2.0446088314056396,True,True,True,194.568359375,0.34064042568206787,False,0,0
3073,TwoRoom,0.03,55,65,310.74005126953125,3.33251953125,0.6613168716430664,True,True,True,310.2566833496094,0.007631275337189436,False,0,0
3073,TwoRoom,0.03,56,65,4.953906536102295,49.23341369628906,5.004378318786621,False,False,False,-21.250900268554688,3.7952253818511963,False,0,0
3073,TwoRoom,0.03,57,65,20.632780075073242,14.35455322265625,2.7088210582733154,False,False,True,18.388397216796875,0.10877753049135208,False,0,0
3073,TwoRoom,0.03,58,65,268.9640808105469,145.0338134765625,9.417784690856934,False,False,True,227.6097412109375,0.38975805044174194,False,0,0
3073,TwoRoom,0.03,59,65,79.9118881225586,64.90141296386719,2.885352611541748,False,False,True,14.384506225585938,0.8199954032897949,False,0,0
3073,TwoRoom,0.03,60,65,242.91065979003906,13.8475341796875,2.90341854095459,True,True,True,229.99610900878906,0.06540381163358688,False,0,0
3073,TwoRoom,0.03,61,65,111.01670837402344,51.19818115234375,9.832915306091309,True,True,True,106.4619140625,0.21606051921844482,False,0,0
3073,TwoRoom,0.03,62,65,55.35346221923828,54.28672790527344,7.965579986572266,False,False,True,24.950241088867188,0.5492560267448425,False,0,0
3073,TwoRoom,0.03,63,65,329.9498596191406,45.1068115234375,9.71361255645752,True,True,True,284.5440673828125,0.1376142054796219,False,0,0
3073,TwoRoom,0.03,64,65,33.27470016479492,15.938232421875,2.0124013423919678,True,True,True,30.08280372619629,0.09592563658952713,False,0,0
3073,TwoRoom,0.03,65,65,147.7554931640625,69.8870849609375,3.796776056289673,True,True,True,72.87864685058594,0.5067618489265442,False,0,0
3073,TwoRoom,0.03,66,65,231.4979705810547,20.9697265625,3.353116273880005,True,True,True,229.27166748046875,0.06458042562007904,False,0,0
3073,TwoRoom,0.03,67,65,101.36940002441406,171.72024536132812,53.82914733886719,False,False,True,6.718292236328125,0.9627974033355713,False,0,0
3073,TwoRoom,0.03,68,65,254.70306396484375,66.5316390991211,6.0405168533325195,True,True,True,166.98092651367188,0.3946581482887268,False,0,0
3073,TwoRoom,0.03,69,65,269.056640625,21.739044189453125,3.594714403152466,True,True,True,264.8392639160156,0.07956374436616898,False,0,0
3073,TwoRoom,0.03,70,65,342.9766845703125,138.75396728515625,31.207773208618164,True,True,True,253.95062255859375,0.2732714116573334,False,0,0
3073,TwoRoom,0.03,71,65,43.96005630493164,11.361656188964844,1.5881690979003906,True,True,True,32.48897933959961,0.260943204164505,False,0,0
3073,TwoRoom,0.03,72,65,27.251760482788086,20.71063232421875,5.951356887817383,False,False,True,9.719847679138184,0.6433314085006714,False,0,0
3073,TwoRoom,0.03,73,65,16.24615478515625,75.17135620117188,11.304142951965332,False,False,False,-82.26190185546875,6.063468933105469,False,25,25
3073,TwoRoom,0.03,74,65,155.21780395507812,32.37510681152344,2.053962230682373,True,True,True,143.90895080566406,0.19005413353443146,False,3,3
3073,TwoRoom,0.03,75,65,84.21067810058594,62.95703887939453,9.107142448425293,False,False,False,-24.059070587158203,1.2857009172439575,False,0,0
3073,TwoRoom,0.03,76,65,102.375,56.749664306640625,10.53148078918457,False,False,True,72.20094299316406,0.295726478099823,False,0,0
3073,TwoRoom,0.03,77,65,18.91360092163086,21.082489013671875,3.32139253616333,False,False,True,11.437413215637207,0.395281046628952,False,0,0
3073,TwoRoom,0.03,78,65,11.23025894165039,53.573219299316406,3.6869497299194336,False,False,False,-87.0019302368164,8.747099876403809,False,0,0
3073,TwoRoom,0.03,79,65,185.58688354492188,29.791481018066406,4.289755344390869,True,True,True,147.66189575195312,0.20435170829296112,False,0,0
3073,TwoRoom,0.03,80,65,139.27540588378906,55.042083740234375,7.501917839050293,True,True,True,75.34284210205078,0.45903700590133667,False,0,0
3073,TwoRoom,0.03,81,65,39.692466735839844,76.78823852539062,25.57083511352539,False,False,True,34.83168029785156,0.4975595772266388,False,0,0
3073,TwoRoom,0.03,82,65,300.291748046875,96.28854370117188,7.9928297996521,True,True,True,277.12078857421875,0.19243407249450684,False,0,0
3073,TwoRoom,0.03,83,65,272.8554382324219,72.31501770019531,7.93113374710083,True,True,True,166.81861877441406,0.443043053150177,False,0,0
3073,TwoRoom,0.03,84,65,5.663177490234375,38.01960754394531,4.066732883453369,False,False,False,-20.153972625732422,4.558774471282959,False,0,0
3073,TwoRoom,0.03,85,65,320.05914306640625,39.54119873046875,7.861698627471924,True,True,True,294.1630859375,0.10922317206859589,False,0,0
3073,TwoRoom,0.03,86,65,59.45949172973633,6.62200927734375,0.9322813749313354,True,True,True,54.63029098510742,0.08121835440397263,False,0,0
3073,TwoRoom,0.03,87,65,52.567657470703125,36.73036193847656,3.2755258083343506,False,False,True,29.586952209472656,0.49351340532302856,False,0,0
3073,TwoRoom,0.03,88,65,85.98910522460938,105.52099609375,9.353507995605469,False,False,False,-30.8450927734375,1.3587093353271484,True,5,21
3073,TwoRoom,0.03,89,65,61.611114501953125,50.0963134765625,2.0528767108917236,False,False,True,36.87933349609375,0.5760108232498169,False,37,37
3073,TwoRoom,0.03,90,65,89.99777221679688,4.232330322265625,0.9265003204345703,True,True,True,85.85321044921875,0.046051837503910065,False,0,0
3073,TwoRoom,0.03,91,65,120.75508117675781,30.788909912109375,4.662940502166748,True,True,True,105.10265350341797,0.15026158094406128,False,0,0
3073,TwoRoom,0.03,92,65,250.5296173095703,54.315704345703125,9.692305564880371,True,True,True,239.87362670898438,0.1261603683233261,False,0,0
3073,TwoRoom,0.03,93,65,253.324951171875,56.86517333984375,12.057217597961426,True,True,True,193.18548583984375,0.2394484281539917,False,0,0
3073,TwoRoom,0.03,94,65,137.82037353515625,75.89494323730469,7.282844066619873,False,False,True,61.484466552734375,0.5538796782493591,False,0,0
3073,TwoRoom,0.03,95,65,178.88893127441406,41.270050048828125,5.177206516265869,True,True,True,137.3003387451172,0.23248276114463806,False,0,0
3073,TwoRoom,0.03,96,65,317.5709533691406,21.6278076171875,2.73175311088562,True,True,True,310.3543701171875,0.04336808621883392,False,0,0
3073,TwoRoom,0.03,97,65,290.4793395996094,45.9893798828125,1.9287327527999878,True,True,True,290.2841796875,0.1267065703868866,False,0,0
3073,TwoRoom,0.03,98,65,144.41224670410156,56.01104736328125,9.362796783447266,True,True,True,139.54086303710938,0.11642605066299438,False,0,0
3073,TwoRoom,0.03,99,65,11.889725685119629,151.91766357421875,17.77833366394043,False,False,True,6.501731872558594,0.4927141070365906,False,0,0
3073,TwoRoom,0.04,0,65,355.8087463378906,19.54132080078125,1.834201693534851,True,True,True,352.9246520996094,0.04708576202392578,False,0,0
3073,TwoRoom,0.04,1,65,201.0538330078125,1.476348876953125,0.4717743694782257,True,True,True,199.41285705566406,0.011964809149503708,False,0,0
3073,TwoRoom,0.04,2,65,300.1485900878906,15.16351318359375,3.9107534885406494,True,True,True,289.9759826660156,0.04504618048667908,False,0,0
3073,TwoRoom,0.04,3,65,208.123046875,24.3250732421875,3.9538967609405518,True,True,True,203.06471252441406,0.07829026877880096,False,0,0
3073,TwoRoom,0.04,4,65,23.168283462524414,115.19821166992188,21.067184448242188,False,False,False,-23.51880645751953,2.015129327774048,True,0,58
3073,TwoRoom,0.04,5,65,100.28115844726562,31.24041748046875,5.939985752105713,True,True,True,89.7055435180664,0.1568029522895813,False,0,0
3073,TwoRoom,0.04,6,65,292.7559509277344,6.257781982421875,0.7072957158088684,True,True,True,291.22332763671875,0.015669796615839005,False,0,0
3073,TwoRoom,0.04,7,65,9.141130447387695,5.1290283203125,0.9190376996994019,False,False,True,5.131402969360352,0.4386467933654785,False,49,49
3073,TwoRoom,0.04,8,65,25.63888168334961,14.380218505859375,2.065788984298706,False,False,True,20.42233657836914,0.20346227288246155,False,31,31
3073,TwoRoom,0.04,9,65,31.580257415771484,5.878288269042969,0.8159976601600647,True,True,True,23.72123908996582,0.24885858595371246,False,0,0
3073,TwoRoom,0.04,10,65,54.63136291503906,29.362655639648438,2.5287821292877197,False,False,True,43.984283447265625,0.2679608464241028,False,0,0
3073,TwoRoom,0.04,11,65,111.92420959472656,4.947429656982422,0.6560459136962891,True,True,True,106.90339660644531,0.044859010726213455,False,0,0
3073,TwoRoom,0.04,12,65,364.8908996582031,69.29776000976562,3.972320556640625,True,True,True,363.3765869140625,0.14327627420425415,False,0,0
3073,TwoRoom,0.04,13,65,78.19647979736328,7.8692626953125,1.8092678785324097,True,True,True,73.52161407470703,0.06681307405233383,False,0,0
3073,TwoRoom,0.04,14,65,120.68773651123047,15.00091552734375,2.7519798278808594,True,True,True,105.62422180175781,0.1248139813542366,False,0,0
3073,TwoRoom,0.04,15,65,0.7910444736480713,33.9053955078125,5.88368034362793,False,False,False,-2.3214380741119385,3.9346492290496826,True,0,17
3073,TwoRoom,0.04,16,65,192.21795654296875,36.76129150390625,8.688804626464844,True,True,True,181.43870544433594,0.08703350275754929,False,0,0
3073,TwoRoom,0.04,17,65,244.66690063476562,24.4681396484375,4.401495456695557,True,True,True,226.4189453125,0.07458286732435226,False,0,0
3073,TwoRoom,0.04,18,65,172.99339294433594,10.284820556640625,1.0296622514724731,True,True,True,172.72317504882812,0.037095583975315094,False,0,0
3073,TwoRoom,0.04,19,65,110.26026916503906,2.930572509765625,0.671803891658783,True,True,True,107.91899108886719,0.021234117448329926,False,0,0
3073,TwoRoom,0.04,20,65,129.9000701904297,38.79087829589844,5.754058361053467,True,True,True,118.7093734741211,0.2147134393453598,False,0,0
3073,TwoRoom,0.04,21,65,117.0696792602539,28.646575927734375,4.456803798675537,True,True,True,87.2158203125,0.2550092935562134,False,0,0
3073,TwoRoom,0.04,22,65,58.73904037475586,20.75128173828125,2.9935190677642822,True,True,True,48.22866439819336,0.17893339693546295,False,0,0
3073,TwoRoom,0.04,23,65,72.88179016113281,37.73968505859375,8.247068405151367,False,False,True,49.72484588623047,0.31773290038108826,False,0,0
3073,TwoRoom,0.04,24,65,10.668968200683594,45.319976806640625,3.9443576335906982,False,False,True,3.3461456298828125,0.6863664984703064,False,0,0
3073,TwoRoom,0.04,25,65,23.2109432220459,21.609893798828125,4.093672275543213,False,False,True,22.502254486083984,0.10606503486633301,False,0,0
3073,TwoRoom,0.04,26,65,108.0793228149414,66.56592559814453,5.856436729431152,False,False,True,27.733192443847656,0.7433996200561523,False,0,0
3073,TwoRoom,0.04,27,65,8.855265617370605,3.83648681640625,0.6912068724632263,True,True,True,7.118683815002441,0.19610725343227386,False,0,0
3073,TwoRoom,0.04,28,65,26.734827041625977,13.04278564453125,1.9561184644699097,True,True,True,13.828215599060059,0.48276397585868835,False,0,0
3073,TwoRoom,0.04,29,65,62.986942291259766,62.069549560546875,16.06451988220215,False,False,True,45.289146423339844,0.5246664881706238,False,0,0
3073,TwoRoom,0.04,30,65,230.74169921875,107.65032196044922,5.7725300788879395,True,True,True,116.0119857788086,0.4972214102745056,False,0,0
3073,TwoRoom,0.04,31,65,253.59652709960938,18.720184326171875,3.1146109104156494,True,True,True,236.46627807617188,0.08691101521253586,False,0,0
3073,TwoRoom,0.04,32,65,4.067575454711914,44.35662841796875,14.413076400756836,False,False,False,-20.437076568603516,6.024387359619141,True,9,64
3073,TwoRoom,0.04,33,65,305.0401611328125,9.30718994140625,2.0921883583068848,True,True,True,302.95855712890625,0.01827950030565262,False,0,0
3073,TwoRoom,0.04,34,65,93.75719451904297,15.103012084960938,2.100989818572998,True,True,True,72.89201354980469,0.2225448489189148,False,0,0
3073,TwoRoom,0.04,35,65,41.62855529785156,111.05471801757812,6.435531139373779,False,False,True,27.64511489868164,0.8039299845695496,False,0,0
3073,TwoRoom,0.04,36,65,108.34393310546875,105.85272216796875,7.949367046356201,False,False,True,105.70796203613281,0.2179414927959442,False,0,0
3073,TwoRoom,0.04,37,65,10.326346397399902,5.490570068359375,1.729917287826538,False,False,True,8.2713623046875,0.19900403916835785,False,0,0
3073,TwoRoom,0.04,38,65,73.09355926513672,46.397308349609375,8.207454681396484,False,False,True,53.743446350097656,0.33430927991867065,False,0,0
3073,TwoRoom,0.04,39,65,81.05574798583984,309.4743957519531,7.7714457511901855,False,False,False,-228.610107421875,3.820405960083008,False,0,0
3073,TwoRoom,0.04,40,65,240.75711059570312,23.555633544921875,6.637385845184326,True,True,True,237.38778686523438,0.06446191668510437,False,0,0
3073,TwoRoom,0.04,41,65,296.44952392578125,84.15151977539062,7.113315105438232,True,True,True,286.739013671875,0.2067481130361557,False,0,0
3073,TwoRoom,0.04,42,65,42.0987548828125,2.000396728515625,0.28917306661605835,True,True,True,40.61113739013672,0.03533637896180153,False,0,0
3073,TwoRoom,0.04,43,65,242.59036254882812,24.006011962890625,5.889425754547119,True,True,True,217.02267456054688,0.11527586728334427,False,0,0
3073,TwoRoom,0.04,44,65,141.43414306640625,25.806716918945312,1.8326694965362549,True,True,True,107.50164794921875,0.2399173080921173,False,0,0
3073,TwoRoom,0.04,45,65,172.84527587890625,1.293792724609375,0.30240926146507263,True,True,True,172.31983947753906,0.0030399372335523367,False,0,0
3073,TwoRoom,0.04,46,65,101.00202178955078,73.3516845703125,11.968335151672363,False,False,True,70.27986145019531,0.3041737377643585,False,0,0
3073,TwoRoom,0.04,47,65,133.22865295410156,16.31683349609375,3.7953922748565674,True,True,True,120.84715270996094,0.09293422847986221,False,0,0
3073,TwoRoom,0.04,48,65,201.3341064453125,4.655792236328125,0.8276640176773071,True,True,True,196.80899047851562,0.022475674748420715,False,0,0
3073,TwoRoom,0.04,49,65,2.086087703704834,4.276336669921875,0.6826376914978027,False,False,True,1.360429286956787,0.3478561341762543,False,12,12
3073,TwoRoom,0.04,50,65,239.07534790039062,87.76724243164062,6.958863735198975,True,True,True,150.655029296875,0.36984285712242126,False,0,0
3073,TwoRoom,0.04,51,65,163.11111450195312,31.932876586914062,2.700658082962036,True,True,True,153.70079040527344,0.17352178692817688,False,0,0
3073,TwoRoom,0.04,52,65,159.90293884277344,13.078399658203125,2.9817943572998047,True,True,True,149.02598571777344,0.09489541500806808,False,0,0
3073,TwoRoom,0.04,53,65,33.02912139892578,114.73614501953125,26.877790451049805,False,False,False,-55.136802673339844,2.552706241607666,False,0,0
3073,TwoRoom,0.04,54,65,222.04507446289062,8.21575927734375,2.295790433883667,True,True,True,211.6087646484375,0.047835592180490494,False,0,0
3073,TwoRoom,0.04,55,65,382.39288330078125,22.6058349609375,3.645352840423584,True,True,True,377.48468017578125,0.04539657384157181,False,0,0
3073,TwoRoom,0.04,56,65,7.742725372314453,5.1968231201171875,0.4384934604167938,False,False,True,7.081425189971924,0.08540922403335571,False,0,0
3073,TwoRoom,0.04,57,65,8.835824012756348,25.807662963867188,6.403260231018066,False,False,True,6.85222864151001,0.22449465095996857,False,0,0
3073,TwoRoom,0.04,58,65,184.5850067138672,40.15594482421875,2.5562667846679688,True,True,True,180.06866455078125,0.10350364446640015,False,0,0
3073,TwoRoom,0.04,59,65,93.80126953125,10.691986083984375,1.6233288049697876,True,True,True,86.8179702758789,0.08347585052251816,False,0,0
3073,TwoRoom,0.04,60,65,241.7705078125,5.6986083984375,0.9994013905525208,True,True,True,236.80987548828125,0.029025346040725708,False,0,0
3073,TwoRoom,0.04,61,65,93.64632415771484,9.453704833984375,1.2760493755340576,True,True,True,81.96538543701172,0.12473464012145996,False,0,0
3073,TwoRoom,0.04,62,65,80.7487564086914,53.36027526855469,8.453689575195312,False,False,True,38.56019973754883,0.6193300485610962,False,0,0
3073,TwoRoom,0.04,63,65,354.08526611328125,33.94525146484375,4.933541297912598,True,True,True,337.68170166015625,0.08571995794773102,False,0,0
3073,TwoRoom,0.04,64,65,47.319854736328125,7.52490234375,1.4032524824142456,True,True,True,43.240230560302734,0.08859820663928986,False,0,0
3073,TwoRoom,0.04,65,65,177.61627197265625,13.400146484375,2.5459144115448,True,True,True,161.72865295410156,0.08944913744926453,False,0,0
3073,TwoRoom,0.04,66,65,230.14596557617188,17.83660888671875,2.935176372528076,True,True,True,224.13055419921875,0.06890781223773956,False,0,0
3073,TwoRoom,0.04,67,65,9.290237426757812,88.4140625,23.88702964782715,False,False,False,-81.0033950805664,9.719195365905762,True,0,18
3073,TwoRoom,0.04,68,65,246.82855224609375,4.590530872344971,0.6490710973739624,True,True,True,237.9098663330078,0.03613312169909477,False,0,0
3073,TwoRoom,0.04,69,65,262.7900390625,19.66937255859375,4.79809045791626,True,True,True,241.39109802246094,0.09780123829841614,False,0,0
3073,TwoRoom,0.04,70,65,174.51075744628906,148.12380981445312,12.13992691040039,False,False,True,158.63525390625,0.495869517326355,False,0,0
3073,TwoRoom,0.04,71,65,50.47922897338867,12.782062530517578,1.648462176322937,True,True,True,37.02392578125,0.26655128598213196,False,0,0
3073,TwoRoom,0.04,72,65,7.666949272155762,11.529571533203125,2.718329906463623,False,False,True,4.483061790466309,0.41527438163757324,False,0,0
3073,TwoRoom,0.04,73,65,6.963127136230469,23.4329833984375,2.3373634815216064,False,False,False,-0.9889984130859375,1.1420336961746216,True,25,8
3073,TwoRoom,0.04,74,65,62.32884979248047,10.069366455078125,1.0368540287017822,True,True,True,55.45207214355469,0.11033057421445847,False,3,3
3073,TwoRoom,0.04,75,65,63.78124237060547,6.471717834472656,0.9856942892074585,True,True,True,53.906883239746094,0.15481604635715485,False,0,0
3073,TwoRoom,0.04,76,65,53.47224807739258,48.639678955078125,7.484562873840332,False,False,True,34.528106689453125,0.3877677917480469,False,0,0
3073,TwoRoom,0.04,77,65,13.559304237365723,11.754364013671875,2.3707799911499023,False,False,True,11.390398025512695,0.15995706617832184,False,0,0
3073,TwoRoom,0.04,78,65,48.717994689941406,23.149932861328125,3.0947787761688232,True,True,True,35.71719741821289,0.2668582499027252,False,0,0
3073,TwoRoom,0.04,79,65,208.45697021484375,16.811279296875,2.830341339111328,True,True,True,194.55706787109375,0.06815365701913834,False,0,0
3073,TwoRoom,0.04,80,65,182.984130859375,5.1063690185546875,0.7944734692573547,True,True,True,177.71090698242188,0.028817912563681602,False,0,0
3073,TwoRoom,0.04,81,65,92.66728973388672,38.75775146484375,12.082371711730957,True,True,True,72.41957092285156,0.21849913895130157,False,0,0
3073,TwoRoom,0.04,82,65,301.722412109375,55.5260009765625,3.998626708984375,True,True,True,291.8605651855469,0.10964703559875488,False,0,0
3073,TwoRoom,0.04,83,65,280.443359375,4.431671142578125,1.0204048156738281,True,True,True,275.8717346191406,0.01630146987736225,False,0,0
3073,TwoRoom,0.04,84,65,14.989206314086914,37.497406005859375,8.592000007629395,False,False,False,-7.339267730712891,1.4896368980407715,True,0,14
3073,TwoRoom,0.04,85,65,330.4903259277344,15.475591659545898,2.824918270111084,True,True,True,313.03924560546875,0.05963815748691559,False,0,0
3073,TwoRoom,0.04,86,65,56.32836151123047,26.539581298828125,1.6241508722305298,True,True,True,54.150108337402344,0.09996016323566437,False,0,0
3073,TwoRoom,0.04,87,65,49.39413070678711,28.148834228515625,2.321316719055176,False,False,True,37.74124526977539,0.235916405916214,False,0,0
3073,TwoRoom,0.04,88,65,23.130172729492188,14.65264892578125,3.5430245399475098,False,False,True,3.9172210693359375,0.8306445479393005,False,5,5
3073,TwoRoom,0.04,89,65,166.58953857421875,5.7907257080078125,0.5021955966949463,True,True,True,160.7317352294922,0.03534560278058052,False,0,0
3073,TwoRoom,0.04,90,65,108.10745239257812,6.31597900390625,1.1600329875946045,True,True,True,105.9094467163086,0.022864826023578644,False,0,0
3073,TwoRoom,0.04,91,65,183.3444061279297,64.8828125,14.465198516845703,True,True,True,111.11997985839844,0.415523886680603,False,0,0
3073,TwoRoom,0.04,92,65,256.50555419921875,7.02294921875,1.2701019048690796,True,True,True,254.29225158691406,0.02524016797542572,False,0,0
3073,TwoRoom,0.04,93,65,255.08639526367188,2.64569091796875,0.4959636926651001,True,True,True,251.8590087890625,0.012652138248085976,False,0,0
3073,TwoRoom,0.04,94,65,144.294189453125,59.20636749267578,5.523835182189941,True,True,True,65.0999984741211,0.5488383769989014,False,0,0
3073,TwoRoom,0.04,95,65,119.62523651123047,21.55517578125,5.9781694412231445,True,True,True,101.07203674316406,0.17074212431907654,False,0,0
3073,TwoRoom,0.04,96,65,266.00018310546875,21.627227783203125,2.1097214221954346,True,True,True,264.2506408691406,0.04730137437582016,False,0,0
3073,TwoRoom,0.04,97,65,294.0424499511719,37.382781982421875,2.393557548522949,True,True,True,293.14031982421875,0.10136473178863525,False,0,0
3073,TwoRoom,0.04,98,65,215.000244140625,20.998779296875,3.5873610973358154,True,True,True,208.76080322265625,0.041591886430978775,False,0,0
3073,TwoRoom,0.04,99,65,7.871779441833496,27.457061767578125,2.601426601409912,False,False,True,6.914011478424072,0.12167108803987503,False,0,0
3073,TwoRoom,0.05,0,65,311.488037109375,10.64202880859375,1.1162590980529785,True,True,True,310.6914978027344,0.022446483373641968,False,0,0
3073,TwoRoom,0.05,1,65,193.20639038085938,4.399225234985352,1.2116742134094238,True,True,True,188.6541290283203,0.03082582727074623,False,0,0
3073,TwoRoom,0.05,2,65,280.46160888671875,6.517333984375,1.307625412940979,True,True,True,276.70782470703125,0.013384251855313778,False,0,0
3073,TwoRoom,0.05,3,65,201.775146484375,17.13018798828125,3.219589948654175,True,True,True,194.04026794433594,0.06509653478860855,False,0,0
3073,TwoRoom,0.05,4,65,28.11871337890625,35.02998352050781,5.7015557289123535,False,False,True,26.1287899017334,0.15659229457378387,False,0,0
3073,TwoRoom,0.05,5,65,96.74120330810547,50.20831298828125,7.488583087921143,False,False,True,90.91366577148438,0.1478455662727356,False,0,0
3073,TwoRoom,0.05,6,65,262.1430358886719,105.22932434082031,7.612158298492432,True,True,True,171.4925079345703,0.38094785809516907,False,0,0
3073,TwoRoom,0.05,7,65,6.103786468505859,2.7829742431640625,0.4072183668613434,True,True,True,5.156938552856445,0.15512467920780182,False,64,64
3073,TwoRoom,0.05,8,65,17.581222534179688,8.404205322265625,0.9998744130134583,True,True,True,16.932552337646484,0.06420881301164627,False,31,31
3073,TwoRoom,0.05,9,65,96.25343322753906,26.696044921875,2.2655608654022217,True,True,True,83.14041900634766,0.23597510159015656,False,0,0
3073,TwoRoom,0.05,10,65,173.72349548339844,13.14886474609375,1.2575085163116455,True,True,True,165.720947265625,0.052389804273843765,False,0,0
3073,TwoRoom,0.05,11,65,76.63142395019531,4.524814605712891,0.9973890781402588,True,True,True,70.62564086914062,0.07837237417697906,False,0,0
3073,TwoRoom,0.05,12,65,360.96221923828125,183.8426513671875,8.361204147338867,False,False,True,314.79559326171875,0.31146782636642456,False,0,0
3073,TwoRoom,0.05,13,65,68.49190521240234,51.0841064453125,9.761587142944336,False,False,True,56.942142486572266,0.16862960159778595,False,0,0
3073,TwoRoom,0.05,14,65,127.84542083740234,8.881484985351562,1.3311359882354736,True,True,True,117.51884460449219,0.08077391982078552,False,0,0
3073,TwoRoom,0.05,15,65,1.0135412216186523,81.64910888671875,17.039257049560547,False,False,False,-24.07998275756836,24.75826644897461,False,17,17
3073,TwoRoom,0.05,16,65,154.1349639892578,16.110870361328125,3.7816238403320312,True,True,True,150.57411193847656,0.06690945476293564,False,0,0
3073,TwoRoom,0.05,17,65,179.85202026367188,2.3560791015625,0.38944679498672485,True,True,True,177.64132690429688,0.012291735038161278,False,0,0
3073,TwoRoom,0.05,18,65,211.87588500976562,79.43655395507812,3.660358428955078,True,True,True,209.44839477539062,0.21421757340431213,False,0,0
3073,TwoRoom,0.05,19,65,30.06599998474121,3.2711181640625,1.094614863395691,True,True,True,28.83102035522461,0.041075628250837326,False,0,0
3073,TwoRoom,0.05,20,65,138.96302795410156,15.152435302734375,2.7074575424194336,True,True,True,138.2118682861328,0.04863967373967171,False,0,0
3073,TwoRoom,0.05,21,65,108.3004379272461,17.042266845703125,1.9952106475830078,True,True,True,90.20329284667969,0.16710130870342255,False,0,0
3073,TwoRoom,0.05,22,65,62.35496520996094,3.75970458984375,0.7572200298309326,True,True,True,58.65425491333008,0.05934910476207733,False,0,0
3073,TwoRoom,0.05,23,65,57.207359313964844,24.93426513671875,4.589583396911621,True,True,True,48.91301727294922,0.1449873149394989,False,0,0
3073,TwoRoom,0.05,24,65,51.47377014160156,14.23126220703125,3.232882499694824,True,True,True,39.55393600463867,0.2315710484981537,False,0,0
3073,TwoRoom,0.05,25,65,63.02002716064453,29.66094970703125,4.721116065979004,True,True,True,62.18264389038086,0.10673211514949799,False,0,0
3073,TwoRoom,0.05,26,65,135.60073852539062,31.428054809570312,3.2275173664093018,True,True,True,93.60942840576172,0.30966871976852417,False,0,0
3073,TwoRoom,0.05,27,65,11.536798477172852,47.19752502441406,10.098313331604004,False,False,False,-7.4141693115234375,1.5941917896270752,False,0,0
3073,TwoRoom,0.05,28,65,41.200828552246094,9.414505004882812,1.1305087804794312,True,True,True,30.210311889648438,0.26675477623939514,False,0,0
3073,TwoRoom,0.05,29,65,66.95863342285156,35.85206604003906,6.706631183624268,False,False,True,51.47408676147461,0.351264089345932,False,0,0
3073,TwoRoom,0.05,30,65,217.2380828857422,32.072750091552734,2.5170650482177734,True,True,True,179.42218017578125,0.17407582700252533,False,0,0
3073,TwoRoom,0.05,31,65,229.19015502929688,13.42266845703125,3.0256876945495605,True,True,True,213.801513671875,0.0798657238483429,False,0,0
3073,TwoRoom,0.05,32,65,0.19148826599121094,20.985504150390625,6.643829345703125,False,False,False,-2.649937629699707,14.838642120361328,True,58,0
3073,TwoRoom,0.05,33,65,66.95646667480469,17.00225830078125,4.187736988067627,True,True,True,65.66651916503906,0.07517146319150925,False,0,0
3073,TwoRoom,0.05,34,65,68.4002456665039,27.83099365234375,3.0432281494140625,True,True,True,44.712032318115234,0.34631767868995667,False,0,0
3073,TwoRoom,0.05,35,65,60.82459259033203,33.731048583984375,2.241781711578369,False,False,True,56.7167854309082,0.17040325701236725,False,0,0
3073,TwoRoom,0.05,36,65,110.03954315185547,7.40234375,0.8741872906684875,True,True,True,109.1427993774414,0.01689671352505684,False,0,0
3073,TwoRoom,0.05,37,65,39.95517349243164,10.088470458984375,2.7605459690093994,True,True,True,37.565696716308594,0.09848178923130035,False,0,0
3073,TwoRoom,0.05,38,65,69.02682495117188,17.391448974609375,5.221810340881348,True,True,True,56.94462585449219,0.17503629624843597,False,0,0
3073,TwoRoom,0.05,39,65,278.529296875,9.8941650390625,1.6273046731948853,True,True,True,278.505859375,0.03256136178970337,False,0,0
3073,TwoRoom,0.05,40,65,204.59828186035156,2.747589111328125,0.3799125552177429,True,True,True,204.25442504882812,0.005925668403506279,False,0,0
3073,TwoRoom,0.05,41,65,262.8060607910156,20.15826416015625,2.7584571838378906,True,True,True,261.68121337890625,0.030934173613786697,False,0,0
3073,TwoRoom,0.05,42,65,76.67163848876953,1.9956512451171875,0.3041440546512604,True,True,True,76.29964447021484,0.02379392832517624,False,0,0
3073,TwoRoom,0.05,43,65,29.86663055419922,35.41644287109375,4.132628440856934,False,False,False,-8.402490615844727,1.2813336849212646,False,0,0
3073,TwoRoom,0.05,44,65,151.4705352783203,20.705780029296875,1.5917645692825317,True,True,True,128.17640686035156,0.1537865698337555,False,0,0
3073,TwoRoom,0.05,45,65,277.7197265625,13.206512451171875,2.356139659881592,True,True,True,268.7787170410156,0.035493649542331696,False,0,0
3073,TwoRoom,0.05,46,65,75.78495788574219,13.1331787109375,3.1064558029174805,True,True,True,66.48943328857422,0.12265657633543015,False,0,0
3073,TwoRoom,0.05,47,65,144.16831970214844,17.021392822265625,1.7589647769927979,True,True,True,137.80906677246094,0.07239852845668793,False,0,0
3073,TwoRoom,0.05,48,65,300.3931884765625,17.241649627685547,3.0307741165161133,True,True,True,270.6448974609375,0.11086165904998779,False,0,0
3073,TwoRoom,0.05,49,65,0.044098734855651855,1.6911163330078125,0.42620304226875305,False,False,False,-0.41910815238952637,10.50385856628418,True,12,0
3073,TwoRoom,0.05,50,65,133.9332275390625,11.156341552734375,2.1996257305145264,True,True,True,127.75370788574219,0.04613878205418587,False,0,0
3073,TwoRoom,0.05,51,65,176.27471923828125,15.7293701171875,1.5673092603683472,True,True,True,160.27749633789062,0.09075161069631577,False,0,0
3073,TwoRoom,0.05,52,65,165.56365966796875,23.516189575195312,3.948347330093384,True,True,True,156.23959350585938,0.14820881187915802,False,0,0
3073,TwoRoom,0.05,53,65,34.797760009765625,42.63499450683594,9.426502227783203,False,False,False,-9.664905548095703,1.277745008468628,False,0,0
3073,TwoRoom,0.05,54,65,214.03753662109375,15.32269287109375,2.7293295860290527,True,True,True,206.7835235595703,0.06939010322093964,False,0,0
3073,TwoRoom,0.05,55,65,296.7675476074219,32.521484375,6.261393070220947,True,True,True,290.6484680175781,0.061597809195518494,False,0,0
3073,TwoRoom,0.05,56,65,9.87289047241211,20.964584350585938,2.3785252571105957,False,False,True,8.507473945617676,0.42235884070396423,False,0,0
3073,TwoRoom,0.05,57,65,9.130144119262695,51.33807373046875,12.05684757232666,False,False,True,6.445752143859863,0.3394438624382019,False,0,0
3073,TwoRoom,0.05,58,65,183.91282653808594,19.708404541015625,3.1361799240112305,True,True,True,169.42822265625,0.07875799387693405,False,0,0
3073,TwoRoom,0.05,59,65,84.87336730957031,4.578460693359375,0.7754780650138855,True,True,True,80.83075714111328,0.056351032108068466,False,0,0
3073,TwoRoom,0.05,60,65,232.81637573242188,9.757171630859375,1.073821783065796,True,True,True,231.23239135742188,0.0352851077914238,False,0,0
3073,TwoRoom,0.05,61,65,86.56684875488281,9.113800048828125,1.7036237716674805,True,True,True,82.43583679199219,0.0477205291390419,False,0,0
3073,TwoRoom,0.05,62,65,61.763797760009766,23.37744140625,4.87297248840332,True,True,True,43.01838302612305,0.3035016655921936,False,0,0
3073,TwoRoom,0.05,63,65,311.0167236328125,8.15814208984375,2.0066537857055664,True,True,True,307.0789489746094,0.01821132004261017,False,0,0
3073,TwoRoom,0.05,64,65,49.75541687011719,66.4296875,3.650635004043579,False,False,True,39.349910736083984,0.209133118391037,False,0,0
3073,TwoRoom,0.05,65,65,148.48391723632812,77.75852966308594,4.9485907554626465,False,False,True,53.52607727050781,0.6395159959793091,False,0,0
3073,TwoRoom,0.05,66,65,87.17082214355469,8.6702880859375,2.0787065029144287,True,True,True,85.3398208618164,0.04950685426592827,False,0,0
3073,TwoRoom,0.05,67,65,70.40547180175781,29.07843017578125,4.592296600341797,True,True,True,61.34476852416992,0.12869316339492798,False,0,0
3073,TwoRoom,0.05,68,65,274.9323425292969,36.81895446777344,3.289663076400757,True,True,True,210.88031005859375,0.23297379910945892,False,0,0
3073,TwoRoom,0.05,69,65,273.4339904785156,4.763397216796875,1.6197465658187866,True,True,True,272.0754699707031,0.014493427239358425,False,0,0
3073,TwoRoom,0.05,70,65,217.75270080566406,5.2205810546875,1.534056544303894,True,True,True,212.95298767089844,0.022042063996195793,False,0,0
3073,TwoRoom,0.05,71,65,39.41861343383789,10.445419311523438,2.1634247303009033,True,True,True,28.66080093383789,0.2729119658470154,False,0,0
3073,TwoRoom,0.05,72,65,6.463156700134277,10.053253173828125,2.484898805618286,False,False,True,4.414534568786621,0.31696927547454834,False,0,0
3073,TwoRoom,0.05,73,65,30.73944091796875,21.425567626953125,2.582428216934204,False,False,True,16.626052856445312,0.4591296315193176,False,25,25
3073,TwoRoom,0.05,74,65,103.33200073242188,5.976776123046875,0.3174280524253845,True,True,True,102.48973083496094,0.03970108553767204,False,3,3
3073,TwoRoom,0.05,75,65,75.9741439819336,19.5552978515625,3.0503592491149902,True,True,True,59.937522888183594,0.21107998490333557,False,0,0
3073,TwoRoom,0.05,76,65,66.8775863647461,27.74359130859375,3.672473430633545,True,True,True,53.63999557495117,0.19793762266635895,False,0,0
3073,TwoRoom,0.05,77,65,13.892719268798828,10.388946533203125,1.0280895233154297,False,False,True,9.8602876663208,0.290255069732666,False,0,0
3073,TwoRoom,0.05,78,65,27.54985809326172,6.1904296875,1.6165125370025635,True,True,True,20.867107391357422,0.24256932735443115,False,0,0
3073,TwoRoom,0.05,79,65,155.97085571289062,35.15081787109375,2.956674575805664,True,True,True,119.13787078857422,0.2361529916524887,False,0,0
3073,TwoRoom,0.05,80,65,143.37710571289062,27.959136962890625,3.921170473098755,True,True,True,118.58686828613281,0.17290231585502625,False,0,0
3073,TwoRoom,0.05,81,65,85.72869873046875,19.805267333984375,5.346699237823486,True,True,True,83.82769775390625,0.05094262585043907,False,0,0
3073,TwoRoom,0.05,82,65,271.8872985839844,44.208648681640625,2.69645619392395,True,True,True,265.166015625,0.09723341464996338,False,0,0
3073,TwoRoom,0.05,83,65,281.2761535644531,6.980133056640625,0.5151938796043396,True,True,True,280.876953125,0.01951168105006218,False,0,0
3073,TwoRoom,0.05,84,65,4.263645172119141,46.24858093261719,7.038137435913086,False,False,False,-31.42082405090332,8.369474411010742,True,14,0
3073,TwoRoom,0.05,85,65,260.392578125,13.92755126953125,0.9414838552474976,True,True,True,259.40484619140625,0.0449727438390255,False,0,0
3073,TwoRoom,0.05,86,65,39.61943054199219,265.4647216796875,7.848678112030029,False,False,True,4.476016521453857,0.9834591150283813,False,0,0
3073,TwoRoom,0.05,87,65,75.84864807128906,27.763046264648438,2.753682851791382,True,True,True,61.279232025146484,0.1920853555202484,False,0,0
3073,TwoRoom,0.05,88,65,47.357574462890625,6.641021728515625,0.7256984114646912,True,True,True,40.97419738769531,0.1347910463809967,False,5,5
3073,TwoRoom,0.05,89,65,58.2760009765625,23.373886108398438,5.271888732910156,True,True,True,28.003433227539062,0.5194688439369202,False,13,13
3073,TwoRoom,0.05,90,65,97.69277954101562,8.09429931640625,1.2340959310531616,True,True,True,93.45558166503906,0.04337267205119133,False,0,0
3073,TwoRoom,0.05,91,65,126.82429504394531,4.272918701171875,1.0651925802230835,True,True,True,122.83731079101562,0.035826489329338074,False,0,0
3073,TwoRoom,0.05,92,65,278.6068115234375,7.3218994140625,0.9322962760925293,True,True,True,277.1766052246094,0.014969580806791782,False,0,0
3073,TwoRoom,0.05,93,65,257.3605041503906,13.8936767578125,2.652071475982666,True,True,True,237.81033325195312,0.07919569313526154,False,0,0
3073,TwoRoom,0.05,94,65,119.63270568847656,16.2359619140625,1.693618893623352,True,True,True,106.09473419189453,0.1131628155708313,False,0,0
3073,TwoRoom,0.05,95,65,144.814697265625,12.86553955078125,2.4576992988586426,True,True,True,137.7218780517578,0.0489785373210907,False,0,0
3073,TwoRoom,0.05,96,65,210.73184204101562,32.44317626953125,4.433595180511475,True,True,True,207.9151611328125,0.08115239441394806,False,0,0
3073,TwoRoom,0.05,97,65,250.17919921875,32.6837158203125,3.6873223781585693,True,True,True,224.0330047607422,0.1045098826289177,False,0,0
3073,TwoRoom,0.05,98,65,120.90947723388672,86.30731201171875,6.857247352600098,False,False,True,108.780517578125,0.1706002801656723,False,0,0
3073,TwoRoom,0.05,99,65,19.398300170898438,75.00738525390625,3.3291821479797363,False,False,True,18.57195472717285,0.1920110285282135,False,0,0
3073,TwoRoom,0.06,0,65,399.4634094238281,12.15069580078125,2.8822402954101562,True,True,True,391.17950439453125,0.02173885703086853,False,0,0
3073,TwoRoom,0.06,1,65,202.9386444091797,3.88653564453125,1.148519515991211,True,True,True,199.4267120361328,0.01834293268620968,False,0,0
3073,TwoRoom,0.06,2,65,287.7425842285156,15.997833251953125,2.9708664417266846,True,True,True,285.21490478515625,0.04286922886967659,False,0,0
3073,TwoRoom,0.06,3,65,223.50503540039062,23.48504638671875,3.641573905944824,True,True,True,218.5215606689453,0.07814715802669525,False,0,0
3073,TwoRoom,0.06,4,65,3.2036590576171875,7.993408203125,2.858412981033325,False,False,False,-3.2301979064941406,2.008283853530884,False,51,51
3073,TwoRoom,0.06,5,65,6.793365478515625,9.774200439453125,1.4911943674087524,False,False,True,3.8083877563476562,0.4393960237503052,False,49,49
3073,TwoRoom,0.06,6,65,249.03982543945312,16.450897216796875,2.5566482543945312,True,True,True,245.00155639648438,0.05704449117183685,False,0,0
3073,TwoRoom,0.06,7,65,25.560792922973633,23.33880615234375,1.7827047109603882,False,False,True,21.481643676757812,0.15958617627620697,False,49,49
3073,TwoRoom,0.06,8,65,21.623706817626953,13.139312744140625,2.115781545639038,False,False,True,19.311429977416992,0.11497177928686142,False,31,31
3073,TwoRoom,0.06,9,65,72.55598449707031,21.792495727539062,2.543318748474121,True,True,True,48.88288879394531,0.32627347111701965,False,0,0
3073,TwoRoom,0.06,10,65,159.6666717529297,11.694244384765625,1.6612955331802368,True,True,True,147.73193359375,0.07474783807992935,False,0,0
3073,TwoRoom,0.06,11,65,65.59943389892578,45.48809051513672,5.502878665924072,False,False,False,-19.148704528808594,1.2919034957885742,True,0,44
3073,TwoRoom,0.06,12,65,336.63653564453125,61.247283935546875,2.8802168369293213,True,True,True,330.2319641113281,0.15593333542346954,False,0,0
3073,TwoRoom,0.06,13,65,68.91165161132812,21.981964111328125,5.329835891723633,True,True,True,64.2892837524414,0.1079656258225441,False,0,0
3073,TwoRoom,0.06,14,65,60.3621826171875,21.748260498046875,1.1420421600341797,True,True,True,53.90910339355469,0.106905996799469,False,0,0
3073,TwoRoom,0.06,15,65,1.1646676063537598,30.608245849609375,4.3632493019104,False,False,False,-1.865412712097168,2.6016695499420166,True,17,0
3073,TwoRoom,0.06,16,65,154.2235107421875,3.709259033203125,1.25449800491333,True,True,True,153.68255615234375,0.009945521131157875,False,0,0
3073,TwoRoom,0.06,17,65,163.8007049560547,19.3072509765625,3.1334197521209717,True,True,True,135.91859436035156,0.17021971940994263,False,0,0
3073,TwoRoom,0.06,18,65,173.255859375,4.22979736328125,0.9291661381721497,True,True,True,170.59361267089844,0.015365973114967346,False,0,0
3073,TwoRoom,0.06,19,65,27.802791595458984,18.9951171875,5.151325225830078,False,False,True,20.996597290039062,0.2448025494813919,False,0,0
3073,TwoRoom,0.06,20,65,122.0361328125,14.416793823242188,3.9134538173675537,True,True,True,110.78080749511719,0.0922294333577156,False,0,0
3073,TwoRoom,0.06,21,65,84.46592712402344,17.019989013671875,2.5698294639587402,True,True,True,57.28663635253906,0.32177814841270447,False,0,0
3073,TwoRoom,0.06,22,65,42.32811737060547,10.47308349609375,1.1449509859085083,True,True,True,38.81201934814453,0.0830676481127739,False,0,0
3073,TwoRoom,0.06,23,65,74.9295425415039,7.372039794921875,1.435292363166809,True,True,True,73.1893310546875,0.032747454941272736,False,0,0
3073,TwoRoom,0.06,24,65,9.840917587280273,18.83062744140625,2.687312126159668,False,False,False,-4.264888763427734,1.4333832263946533,False,0,0
3073,TwoRoom,0.06,25,65,9.981619834899902,46.013580322265625,5.957291126251221,False,False,True,8.98940658569336,0.3726423978805542,False,0,0
3073,TwoRoom,0.06,26,65,126.23808288574219,5.94464111328125,0.9546409845352173,True,True,True,123.5196762084961,0.02299453504383564,False,0,0
3073,TwoRoom,0.06,27,65,0.8507575988769531,6.811576843261719,1.8601868152618408,False,False,False,-2.130337715148926,3.5040478706359863,False,23,23
3073,TwoRoom,0.06,28,65,42.19099426269531,35.29302978515625,1.5047461986541748,False,False,True,31.991426467895508,0.24174752831459045,False,0,0
3073,TwoRoom,0.06,29,65,80.7470703125,10.658203125,2.1851017475128174,True,True,True,70.93765258789062,0.14610140025615692,False,0,0
3073,TwoRoom,0.06,30,65,175.9561767578125,64.31436920166016,3.278099298477173,True,True,True,110.35150909423828,0.4024215638637543,False,0,0
3073,TwoRoom,0.06,31,65,282.97235107421875,20.047607421875,3.628591299057007,True,True,True,281.19073486328125,0.04916276037693024,False,0,0
3073,TwoRoom,0.06,32,65,20.267919540405273,19.24029541015625,6.492355823516846,False,False,True,13.66364860534668,0.3258485198020935,False,0,0
3073,TwoRoom,0.06,33,65,322.1914978027344,5.31024169921875,1.0682873725891113,True,True,True,322.09088134765625,0.013523057103157043,False,0,0
3073,TwoRoom,0.06,34,65,95.5623779296875,19.980514526367188,1.93892502784729,True,True,True,82.0047607421875,0.17333164811134338,False,0,0
3073,TwoRoom,0.06,35,65,45.653987884521484,27.335235595703125,1.721989393234253,False,False,True,42.63560104370117,0.2639472782611847,False,0,0
3073,TwoRoom,0.06,36,65,34.87343215942383,16.5137939453125,2.9387428760528564,True,True,True,33.2083625793457,0.07735279202461243,False,0,0
3073,TwoRoom,0.06,37,65,7.92057991027832,11.887664794921875,3.799269914627075,False,False,True,2.761411190032959,0.6513624787330627,False,0,0
3073,TwoRoom,0.06,38,65,75.7193603515625,9.0419921875,2.2212843894958496,True,True,True,67.04832458496094,0.11451542377471924,False,0,0
3073,TwoRoom,0.06,39,65,285.3165283203125,70.47561645507812,1.9762009382247925,True,True,True,256.4072265625,0.21583856642246246,False,0,0
3073,TwoRoom,0.06,40,65,241.79112243652344,2.607330322265625,0.6845848560333252,True,True,True,241.73684692382812,0.006860543508082628,False,0,0
3073,TwoRoom,0.06,41,65,290.68548583984375,12.76300048828125,2.234654426574707,True,True,True,287.9100036621094,0.032271988689899445,False,0,0
3073,TwoRoom,0.06,42,65,72.64137268066406,25.520156860351562,3.0206305980682373,True,True,True,47.01744079589844,0.3527457118034363,False,0,0
3073,TwoRoom,0.06,43,65,231.76116943359375,24.39520263671875,2.2652533054351807,True,True,True,213.4188995361328,0.12735645473003387,False,0,0
3073,TwoRoom,0.06,44,65,131.5445556640625,44.54595184326172,3.350255250930786,True,True,True,75.63423156738281,0.4250295162200928,False,0,0
3073,TwoRoom,0.06,45,65,304.3956298828125,17.537811279296875,4.087489128112793,True,True,True,300.2948913574219,0.052039120346307755,False,0,0
3073,TwoRoom,0.06,46,65,100.06706237792969,20.33892822265625,3.3016226291656494,True,True,True,84.70600128173828,0.15350766479969025,False,0,0
3073,TwoRoom,0.06,47,65,161.4873504638672,12.288223266601562,2.0313563346862793,True,True,True,152.34498596191406,0.06260611116886139,False,0,0
3073,TwoRoom,0.06,48,65,240.9868621826172,5.5692291259765625,0.9469937682151794,True,True,True,235.3999786376953,0.023183345794677734,False,0,0
3073,TwoRoom,0.06,49,65,0.20667529106140137,8.818572998046875,0.7758392691612244,False,False,True,0.1709195375442505,0.17300449311733246,False,12,12
3073,TwoRoom,0.06,50,65,250.27581787109375,16.049896240234375,3.2427473068237305,True,True,True,242.49661254882812,0.06227004528045654,False,0,0
3073,TwoRoom,0.06,51,65,139.30465698242188,19.186065673828125,2.4439661502838135,True,True,True,121.89997863769531,0.1249397024512291,False,0,0
3073,TwoRoom,0.06,52,65,98.03146362304688,10.380859375,2.7060112953186035,True,True,True,94.32081604003906,0.037851568311452866,False,0,0
3073,TwoRoom,0.06,53,65,41.592063903808594,38.5797119140625,9.139580726623535,False,False,True,22.632598876953125,0.45584332942962646,False,0,0
3073,TwoRoom,0.06,54,65,150.21839904785156,9.309951782226562,0.4756174087524414,True,True,True,140.68568420410156,0.06345903873443604,False,0,0
3073,TwoRoom,0.06,55,65,218.62351989746094,3.568267822265625,0.613833487033844,True,True,True,218.5732421875,0.009501267224550247,False,0,0
3073,TwoRoom,0.06,56,65,10.503999710083008,8.881187438964844,1.0487937927246094,False,False,True,6.788268566131592,0.40686774253845215,False,0,0
3073,TwoRoom,0.06,57,65,0.34359169006347656,26.18701171875,6.890140533447266,False,False,False,-5.033517837524414,15.649707794189453,False,0,0
3073,TwoRoom,0.06,58,65,291.8090515136719,37.87432861328125,4.437096118927002,True,True,True,265.5086669921875,0.1248922124505043,False,0,0
3073,TwoRoom,0.06,59,65,52.858951568603516,43.8359489440918,3.0171754360198975,False,False,True,4.986595153808594,0.9056622385978699,False,0,0
3073,TwoRoom,0.06,60,65,198.54347229003906,5.819999694824219,0.6654901504516602,True,True,True,192.29959106445312,0.03711162507534027,False,0,0
3073,TwoRoom,0.06,61,65,52.76808547973633,7.846832275390625,1.3565661907196045,True,True,True,41.882511138916016,0.20629087090492249,False,0,0
3073,TwoRoom,0.06,62,65,57.868656158447266,41.13725280761719,5.005831718444824,False,False,True,38.632225036621094,0.3324154019355774,False,0,0
3073,TwoRoom,0.06,63,65,329.307861328125,9.023193359375,1.1909117698669434,True,True,True,326.11376953125,0.01806987076997757,False,0,0
3073,TwoRoom,0.06,64,65,59.176116943359375,10.190216064453125,1.1666821241378784,True,True,True,55.662811279296875,0.059370316565036774,False,0,0
3073,TwoRoom,0.06,65,65,144.26141357421875,26.15865135192871,2.5339395999908447,True,True,True,111.98442840576172,0.22373956441879272,False,0,0
3073,TwoRoom,0.06,66,65,230.21083068847656,5.611602783203125,0.6062721610069275,True,True,True,229.6411590576172,0.019899925217032433,False,0,0
3073,TwoRoom,0.06,67,65,99.56073760986328,41.341156005859375,8.391611099243164,True,True,True,48.85340881347656,0.5093104839324951,False,0,0
3073,TwoRoom,0.06,68,65,264.55450439453125,9.092681884765625,1.3290177583694458,True,True,True,262.6945495605469,0.02128514274954796,False,0,0
3073,TwoRoom,0.06,69,65,283.3355407714844,11.610107421875,2.372023820877075,True,True,True,276.0326232910156,0.03383777290582657,False,0,0
3073,TwoRoom,0.06,70,65,232.69677734375,49.39141845703125,12.579080581665039,True,True,True,208.92189025878906,0.2194860726594925,False,0,0
3073,TwoRoom,0.06,71,65,72.2417221069336,14.117683410644531,1.684029459953308,True,True,True,58.05855178833008,0.19632934033870697,False,0,0
3073,TwoRoom,0.06,72,65,27.168418884277344,19.74822998046875,3.15669322013855,False,False,True,18.210216522216797,0.32972848415374756,False,0,0
3073,TwoRoom,0.06,73,65,7.745750427246094,7.573272705078125,0.6645225882530212,False,False,True,4.067878723144531,0.474824458360672,False,8,8
3073,TwoRoom,0.06,74,65,81.02256774902344,47.516754150390625,1.1898943185806274,False,False,True,79.45929718017578,0.17059609293937683,False,3,3
3073,TwoRoom,0.06,75,65,103.33232879638672,13.609512329101562,2.7329835891723633,True,True,True,90.18702697753906,0.12721379101276398,False,0,0
3073,TwoRoom,0.06,76,65,51.442962646484375,51.11083984375,6.124110221862793,False,False,True,43.10424041748047,0.2532040774822235,False,0,0
3073,TwoRoom,0.06,77,65,12.335710525512695,12.947998046875,1.7342681884765625,False,False,True,6.534794807434082,0.4702538847923279,False,0,0
3073,TwoRoom,0.06,78,65,42.45367431640625,2.111583709716797,0.4954981803894043,True,True,True,39.92637634277344,0.059530723839998245,False,0,0
3073,TwoRoom,0.06,79,65,144.41355895996094,13.008514404296875,2.2474141120910645,True,True,True,139.80252075195312,0.06569027155637741,False,0,0
3073,TwoRoom,0.06,80,65,121.98286437988281,155.47805786132812,5.985137462615967,False,False,True,108.78125,0.3641355633735657,False,0,0
3073,TwoRoom,0.06,81,65,54.789634704589844,31.26177978515625,9.40300178527832,False,False,True,47.08852005004883,0.1405578851699829,False,0,0
3073,TwoRoom,0.06,82,65,265.8300476074219,23.004150390625,2.5660364627838135,True,True,True,260.0782775878906,0.045846033841371536,False,0,0
3073,TwoRoom,0.06,83,65,268.04901123046875,14.548187255859375,2.5466222763061523,True,True,True,251.92445373535156,0.060155272483825684,False,0,0
3073,TwoRoom,0.06,84,65,10.130796432495117,30.314422607421875,3.674799680709839,False,False,False,-4.52507209777832,1.4466650485992432,False,0,0
3073,TwoRoom,0.06,85,65,219.4858856201172,5.951629638671875,1.4000310897827148,True,True,True,210.79513549804688,0.039595913141965866,False,0,0
3073,TwoRoom,0.06,86,65,58.39346694946289,3.025634765625,0.5874485969543457,True,True,True,56.52547073364258,0.03198979049921036,False,0,0
3073,TwoRoom,0.06,87,65,40.125953674316406,33.34712219238281,2.605649471282959,False,False,True,13.6476469039917,0.6598798036575317,False,0,0
3073,TwoRoom,0.06,88,65,44.0010986328125,8.225067138671875,1.0641428232192993,True,True,True,34.34783935546875,0.2193867713212967,False,5,5
3073,TwoRoom,0.06,89,65,63.60148620605469,16.856475830078125,3.9171817302703857,True,True,True,61.5875244140625,0.08481763303279877,False,0,0
3073,TwoRoom,0.06,90,65,75.63782501220703,18.195831298828125,4.021465301513672,True,True,True,49.794281005859375,0.34167489409446716,False,0,0
3073,TwoRoom,0.06,91,65,110.28054809570312,12.912567138671875,2.8110172748565674,True,True,True,106.40174865722656,0.07630928605794907,False,0,0
3073,TwoRoom,0.06,92,65,265.915771484375,4.148895263671875,0.908086359500885,True,True,True,265.1632080078125,0.009184989146888256,False,0,0
3073,TwoRoom,0.06,93,65,218.64503479003906,5.84307861328125,0.4857131838798523,True,True,True,217.89688110351562,0.017663761973381042,False,0,0
3073,TwoRoom,0.06,94,65,134.14846801757812,6.3537750244140625,0.6947780251502991,True,True,True,127.3297119140625,0.050829946994781494,False,0,0
3073,TwoRoom,0.06,95,65,100.00303649902344,75.31134033203125,11.80383014678955,False,False,True,33.83857727050781,0.6616244912147522,False,0,0
3073,TwoRoom,0.06,96,65,321.9194641113281,13.128173828125,1.4765247106552124,True,True,True,318.275634765625,0.021339690312743187,False,0,0
3073,TwoRoom,0.06,97,65,270.40179443359375,9.83447265625,2.163362503051758,True,True,True,261.76324462890625,0.03194708749651909,False,0,0
3073,TwoRoom,0.06,98,65,135.9525604248047,15.05633544921875,2.9479029178619385,True,True,True,130.55519104003906,0.03970035910606384,False,0,0
3073,TwoRoom,0.06,99,65,13.081863403320312,10.31768798828125,2.2338013648986816,False,False,True,12.110443115234375,0.07425699383020401,False,0,0
3073,TwoRoom,0.07,0,65,382.234130859375,16.068511962890625,1.6845756769180298,True,True,True,379.97930908203125,0.039842382073402405,False,0,0
3073,TwoRoom,0.07,1,65,201.3404541015625,5.60906982421875,1.3573286533355713,True,True,True,196.17713928222656,0.027169203385710716,False,0,0
3073,TwoRoom,0.07,2,65,271.3630676269531,21.0924072265625,4.075873374938965,True,True,True,263.9215393066406,0.059978097677230835,False,0,0
3073,TwoRoom,0.07,3,65,218.251708984375,2.194305419921875,0.3917044997215271,True,True,True,217.81674194335938,0.0073874169029295444,False,0,0
3073,TwoRoom,0.07,4,65,15.114967346191406,6.46978759765625,2.3088834285736084,True,True,True,7.464054107666016,0.5061812400817871,False,37,37
3073,TwoRoom,0.07,5,65,97.56376647949219,4.8741455078125,1.257980227470398,True,True,True,92.47911834716797,0.05467458814382553,False,0,0
3073,TwoRoom,0.07,6,65,255.67591857910156,9.0018310546875,1.3315781354904175,True,True,True,253.5198211669922,0.032316528260707855,False,0,0
3073,TwoRoom,0.07,7,65,4.636686325073242,2.721435546875,0.12610116600990295,False,False,True,4.140290260314941,0.10705836862325668,False,64,64
3073,TwoRoom,0.07,8,65,17.86212158203125,11.828765869140625,1.6226695775985718,False,False,True,14.115339279174805,0.20976132154464722,False,31,31
3073,TwoRoom,0.07,9,65,31.35596466064453,109.32962036132812,7.072802543640137,False,False,True,8.265007019042969,0.8858111500740051,False,0,0
3073,TwoRoom,0.07,10,65,103.41152954101562,21.712203979492188,3.024716377258301,True,True,True,67.55421447753906,0.3467438817024231,False,0,0
3073,TwoRoom,0.07,11,65,53.7741813659668,15.182674407958984,2.4350152015686035,True,True,True,28.760353088378906,0.46516427397727966,False,0,0
3073,TwoRoom,0.07,12,65,331.2434997558594,241.24041748046875,11.952543258666992,False,False,True,222.38705444335938,0.5226279497146606,False,0,0
3073,TwoRoom,0.07,13,65,60.294456481933594,29.501022338867188,8.787901878356934,True,True,True,31.271137237548828,0.48135966062545776,False,0,0
3073,TwoRoom,0.07,14,65,87.31228637695312,37.9090576171875,2.111294746398926,True,True,True,74.21041107177734,0.15322645008563995,False,0,0
3073,TwoRoom,0.07,15,65,1.666358232498169,32.9952392578125,4.958776950836182,False,False,False,-1.4345380067825317,1.8608821630477905,True,17,0
3073,TwoRoom,0.07,16,65,142.6039581298828,15.37054443359375,5.3298444747924805,True,True,True,140.037353515625,0.03380146250128746,False,0,0
3073,TwoRoom,0.07,17,65,192.70521545410156,26.469192504882812,2.547152280807495,True,True,True,164.7047119140625,0.14530226588249207,False,0,0
3073,TwoRoom,0.07,18,65,148.19642639160156,5.37664794921875,0.5719863176345825,True,True,True,147.29576110839844,0.017349019646644592,False,0,0
3073,TwoRoom,0.07,19,65,36.63427734375,7.176727294921875,1.9364455938339233,True,True,True,34.083946228027344,0.06961603462696075,False,0,0
3073,TwoRoom,0.07,20,65,118.39421844482422,4.0455474853515625,0.7268388867378235,True,True,True,113.63151550292969,0.04022746905684471,False,0,0
3073,TwoRoom,0.07,21,65,83.23223876953125,20.47838592529297,2.6603455543518066,True,True,True,56.00982666015625,0.32706570625305176,False,0,0
3073,TwoRoom,0.07,22,65,112.64473724365234,18.182525634765625,1.900001883506775,True,True,True,111.92330169677734,0.04370681568980217,False,0,0
3073,TwoRoom,0.07,23,65,94.87845611572266,7.819854736328125,1.4373254776000977,True,True,True,92.56134796142578,0.028955500572919846,False,0,0
3073,TwoRoom,0.07,24,65,4.651793479919434,21.586883544921875,3.4739596843719482,False,False,False,-19.62778091430664,5.219400405883789,True,0,24
3073,TwoRoom,0.07,25,65,19.79599952697754,38.83753204345703,4.553462028503418,False,False,True,18.297231674194336,0.2982679307460785,False,0,0
3073,TwoRoom,0.07,26,65,134.9420166015625,19.900405883789062,2.4110445976257324,True,True,True,112.28802490234375,0.16787941753864288,False,0,0
3073,TwoRoom,0.07,27,65,6.160951614379883,16.477447509765625,3.978177070617676,False,False,True,1.4010868072509766,0.7725859880447388,False,0,0
3073,TwoRoom,0.07,28,65,32.234798431396484,7.6380615234375,1.4017585515975952,True,True,True,24.576242446899414,0.2375865876674652,False,0,0
3073,TwoRoom,0.07,29,65,81.07215118408203,27.58892822265625,4.025998115539551,True,True,True,76.1812744140625,0.08982187509536743,False,0,0
3073,TwoRoom,0.07,30,65,214.7574920654297,5.105937957763672,0.5755671262741089,True,True,True,209.33544921875,0.02738034911453724,False,0,0
3073,TwoRoom,0.07,31,65,252.75387573242188,21.117095947265625,3.334470272064209,True,True,True,250.67431640625,0.05179920047521591,False,0,0
3073,TwoRoom,0.07,32,65,6.504705429077148,13.92742919921875,3.7369494438171387,False,False,True,3.416013717651367,0.47483959794044495,False,0,0
3073,TwoRoom,0.07,33,65,302.6465759277344,12.7021484375,3.525423526763916,True,True,True,299.7645568847656,0.030397864058613777,False,0,0
3073,TwoRoom,0.07,34,65,90.40925598144531,26.688934326171875,2.479092836380005,True,True,True,60.99369430541992,0.3253600597381592,False,0,0
3073,TwoRoom,0.07,35,65,55.1927490234375,26.8819580078125,2.2827794551849365,True,True,True,49.761627197265625,0.30297964811325073,False,0,0
3073,TwoRoom,0.07,36,65,47.28142547607422,24.259765625,3.5208704471588135,False,False,True,46.37388610839844,0.05732809379696846,False,0,0
3073,TwoRoom,0.07,37,65,18.73166275024414,11.38714599609375,3.4560348987579346,False,False,True,10.776824951171875,0.4246733486652374,False,0,0
3073,TwoRoom,0.07,38,65,23.382556915283203,46.962432861328125,9.46468734741211,False,False,False,-33.84931564331055,2.4476311206817627,False,0,0
3073,TwoRoom,0.07,39,65,272.9889221191406,24.2537841796875,2.0047271251678467,True,True,True,271.63037109375,0.07274260371923447,False,0,0
3073,TwoRoom,0.07,40,65,181.9087371826172,50.535919189453125,4.057694911956787,True,True,True,179.53282165527344,0.1787467896938324,False,0,0
3073,TwoRoom,0.07,41,65,258.96856689453125,12.927032470703125,1.9096052646636963,True,True,True,255.04579162597656,0.03737301379442215,False,0,0
3073,TwoRoom,0.07,42,65,49.42444610595703,4.213592529296875,0.6120132803916931,True,True,True,45.641109466552734,0.07654788345098495,False,0,0
3073,TwoRoom,0.07,43,65,93.2514419555664,4.06982421875,0.5767189860343933,True,True,True,89.06192016601562,0.044927142560482025,False,0,0
3073,TwoRoom,0.07,44,65,108.25831604003906,7.644645690917969,0.5677160620689392,True,True,True,99.50582122802734,0.08084824681282043,False,0,0
3073,TwoRoom,0.07,45,65,279.7436828613281,4.591827392578125,0.7352619171142578,True,True,True,278.9245910644531,0.012060053646564484,False,0,0
3073,TwoRoom,0.07,46,65,51.55281448364258,11.9805908203125,3.8398098945617676,True,True,True,47.09397506713867,0.08649073541164398,False,0,0
3073,TwoRoom,0.07,47,65,136.49911499023438,9.26959228515625,2.100990056991577,True,True,True,127.37199401855469,0.06686578691005707,False,0,0
3073,TwoRoom,0.07,48,65,248.5043487548828,7.729621887207031,2.488422155380249,True,True,True,240.18115234375,0.03907141089439392,False,0,0
3073,TwoRoom,0.07,49,65,0.6446506977081299,13.578277587890625,1.0898154973983765,False,False,False,-0.04800844192504883,1.0744720697402954,False,12,12
3073,TwoRoom,0.07,50,65,127.27729034423828,15.286361694335938,2.3916330337524414,True,True,True,111.88853454589844,0.12090728431940079,False,0,0
3073,TwoRoom,0.07,51,65,154.1833953857422,5.433624267578125,0.7314660549163818,True,True,True,150.79026794433594,0.031845781952142715,False,0,0
3073,TwoRoom,0.07,52,65,109.53028106689453,24.129440307617188,3.832998752593994,True,True,True,84.99488067626953,0.22400565445423126,False,0,0
3073,TwoRoom,0.07,53,65,27.82831573486328,8.370025634765625,0.8652576208114624,True,True,True,25.707748413085938,0.07620180398225784,False,0,0
3073,TwoRoom,0.07,54,65,126.28533935546875,21.759674072265625,1.6272538900375366,True,True,True,99.05851745605469,0.21559767425060272,False,0,0
3073,TwoRoom,0.07,55,65,285.9424743652344,26.99237060546875,2.9007997512817383,True,True,True,277.0523986816406,0.061153803020715714,False,0,0
3073,TwoRoom,0.07,56,65,10.263883590698242,45.7255859375,4.968095779418945,False,False,True,5.051206588745117,0.8371800184249878,False,0,0
3073,TwoRoom,0.07,57,65,1.3136374950408936,32.5364990234375,7.9173688888549805,False,False,False,-6.123330116271973,5.6613545417785645,False,46,46
3073,TwoRoom,0.07,58,65,115.36573028564453,26.0360107421875,2.0970685482025146,True,True,True,113.94693756103516,0.06237093359231949,False,0,0
3073,TwoRoom,0.07,59,65,45.14490509033203,13.93446159362793,1.0048425197601318,True,True,True,30.839731216430664,0.31687238812446594,False,0,0
3073,TwoRoom,0.07,60,65,233.01170349121094,1.013427734375,0.1684831827878952,True,True,True,232.93572998046875,0.0027707999106496572,False,0,0
3073,TwoRoom,0.07,61,65,81.59915924072266,13.315162658691406,2.222517728805542,True,True,True,64.1362533569336,0.2140083760023117,False,0,0
3073,TwoRoom,0.07,62,65,67.42546844482422,36.57878112792969,4.098189830780029,False,False,True,42.30535888671875,0.37256112694740295,False,0,0
3073,TwoRoom,0.07,63,65,345.8377685546875,48.54534912109375,6.662230491638184,True,True,True,327.6347351074219,0.11720436066389084,False,0,0
3073,TwoRoom,0.07,64,65,75.03999328613281,9.0848388671875,1.9309626817703247,True,True,True,72.73074340820312,0.03077358938753605,False,0,0
3073,TwoRoom,0.07,65,65,116.41116333007812,6.581073760986328,0.6143693923950195,True,True,True,108.96664428710938,0.06395024806261063,False,0,0
3073,TwoRoom,0.07,66,65,218.31240844726562,19.379913330078125,2.176616907119751,True,True,True,215.8140869140625,0.07577913254499435,False,0,0
3073,TwoRoom,0.07,67,65,19.166255950927734,42.50433349609375,6.092667579650879,False,False,False,-3.6888389587402344,1.1924653053283691,True,0,18
3073,TwoRoom,0.07,68,65,263.3952331542969,17.739242553710938,1.9231398105621338,True,True,True,237.107421875,0.09980368614196777,False,0,0
3073,TwoRoom,0.07,69,65,246.234375,5.580810546875,0.9833751916885376,True,True,True,243.7645721435547,0.013344595208764076,False,0,0
3073,TwoRoom,0.07,70,65,169.69659423828125,63.8134765625,5.02500581741333,True,True,True,152.527587890625,0.15785275399684906,False,0,0
3073,TwoRoom,0.07,71,65,31.866138458251953,4.735931396484375,0.683441162109375,True,True,True,31.625080108642578,0.01676148548722267,False,0,0
3073,TwoRoom,0.07,72,65,1.0460858345031738,14.972763061523438,4.169952869415283,False,False,False,-0.8181686401367188,1.7821238040924072,False,0,0
3073,TwoRoom,0.07,73,65,18.752105712890625,6.13641357421875,1.0436370372772217,True,True,True,15.724288940429688,0.16146542131900787,False,25,25
3073,TwoRoom,0.07,74,65,78.69915771484375,1.9325408935546875,0.10874369740486145,True,True,True,78.17782592773438,0.013665927574038506,False,3,3
3073,TwoRoom,0.07,75,65,94.56619262695312,16.906875610351562,2.2836766242980957,True,True,True,93.19429779052734,0.073590487241745,False,0,0
3073,TwoRoom,0.07,76,65,12.843353271484375,25.328094482421875,4.750492572784424,False,False,True,8.62078857421875,0.3287743031978607,False,0,0
3073,TwoRoom,0.07,77,65,5.077588081359863,15.106719970703125,2.467236280441284,False,False,True,4.494743347167969,0.1147877648472786,False,0,0
3073,TwoRoom,0.07,78,65,27.336387634277344,8.55303955078125,0.8523452877998352,True,True,True,14.525618553161621,0.46863430738449097,False,0,0
3073,TwoRoom,0.07,79,65,158.21038818359375,8.594635009765625,1.6804635524749756,True,True,True,145.41078186035156,0.08090241253376007,False,0,0
3073,TwoRoom,0.07,80,65,111.79129028320312,61.208038330078125,3.105041027069092,False,False,True,62.04125213623047,0.5259020328521729,False,30,30
3073,TwoRoom,0.07,81,65,68.31378173828125,16.033416748046875,4.280086994171143,True,True,True,62.325233459472656,0.08766239136457443,False,0,0
3073,TwoRoom,0.07,82,65,266.1329650878906,19.02447509765625,1.7899391651153564,True,True,True,262.64056396484375,0.0401071198284626,False,0,0
3073,TwoRoom,0.07,83,65,253.5084228515625,1.741668701171875,0.4359736442565918,True,True,True,251.47549438476562,0.00801917351782322,False,0,0
3073,TwoRoom,0.07,84,65,2.1619439125061035,22.894119262695312,3.0972986221313477,False,False,False,-6.063043117523193,3.804440498352051,True,0,14
3073,TwoRoom,0.07,85,65,194.85537719726562,4.858306884765625,1.4944766759872437,True,True,True,192.09059143066406,0.019457058981060982,False,0,0
3073,TwoRoom,0.07,86,65,54.45899200439453,73.5630111694336,2.862097978591919,False,False,True,30.184099197387695,0.7105315923690796,False,0,0
3073,TwoRoom,0.07,87,65,42.23724365234375,6.639007568359375,0.8746344447135925,True,True,True,34.67115783691406,0.17913301289081573,False,0,0
3073,TwoRoom,0.07,88,65,99.04998779296875,8.492218017578125,0.6258230209350586,True,True,True,96.42352294921875,0.07511448115110397,False,5,5
3073,TwoRoom,0.07,89,65,98.29804992675781,13.957260131835938,1.3276013135910034,True,True,True,84.27822875976562,0.142625629901886,False,0,0
3073,TwoRoom,0.07,90,65,83.73710632324219,10.722412109375,2.918891429901123,True,True,True,70.70447540283203,0.1556374579668045,False,0,0
3073,TwoRoom,0.07,91,65,129.52639770507812,10.245819091796875,2.1758179664611816,True,True,True,117.32848358154297,0.09417317807674408,False,0,0
3073,TwoRoom,0.07,92,65,271.49664306640625,9.3131103515625,1.5450611114501953,True,True,True,268.53973388671875,0.02110009640455246,False,0,0
3073,TwoRoom,0.07,93,65,264.1246643066406,10.233917236328125,1.6192898750305176,True,True,True,258.6855163574219,0.02974717505276203,False,0,0
3073,TwoRoom,0.07,94,65,119.31651306152344,2.1969528198242188,0.3753746747970581,True,True,True,116.478271484375,0.023787500336766243,False,0,0
3073,TwoRoom,0.07,95,65,130.60768127441406,13.507049560546875,2.6498563289642334,True,True,True,123.2508773803711,0.10029024630784988,False,0,0
3073,TwoRoom,0.07,96,65,298.819580078125,12.42266845703125,2.4561355113983154,True,True,True,290.3471374511719,0.03467700630426407,False,0,0
3073,TwoRoom,0.07,97,65,257.8150634765625,25.811187744140625,1.7822456359863281,True,True,True,252.6719512939453,0.05776133015751839,False,0,0
3073,TwoRoom,0.07,98,65,223.8096160888672,7.121185302734375,1.6309003829956055,True,True,True,222.673095703125,0.023878293111920357,False,0,0
3073,TwoRoom,0.07,99,65,11.054743766784668,8.599517822265625,1.9821138381958008,False,False,True,10.569904327392578,0.06082739308476448,False,0,0
3073,TwoRoom,0.08,0,65,242.24285888671875,8.838760375976562,0.839301586151123,True,True,True,233.321533203125,0.03682805225253105,False,0,0
3073,TwoRoom,0.08,1,65,205.95016479492188,4.4044647216796875,0.9074320793151855,True,True,True,203.6650390625,0.022810805588960648,False,0,0
3073,TwoRoom,0.08,2,65,129.9510040283203,11.013504028320312,2.8258297443389893,True,True,True,118.89934539794922,0.08504480868577957,False,0,0
3073,TwoRoom,0.08,3,65,226.00733947753906,7.453155517578125,1.0040661096572876,True,True,True,225.31118774414062,0.026990974321961403,False,0,0
3073,TwoRoom,0.08,4,65,11.22719955444336,29.243148803710938,5.742537975311279,False,False,False,-5.308074951171875,1.4727871417999268,False,58,58
3073,TwoRoom,0.08,5,65,39.43514633178711,9.016326904296875,2.1025352478027344,True,True,True,26.04208755493164,0.3396224081516266,False,0,0
3073,TwoRoom,0.08,6,65,248.77719116210938,24.12249755859375,4.200951099395752,True,True,True,245.43228149414062,0.09324739873409271,False,0,0
3073,TwoRoom,0.08,7,65,10.967273712158203,15.410247802734375,2.335808753967285,False,False,True,0.08760356903076172,0.9920122623443604,False,64,64
3073,TwoRoom,0.08,8,65,14.929668426513672,6.0739593505859375,1.0055001974105835,True,True,True,13.367758750915527,0.10461784154176712,False,31,31
3073,TwoRoom,0.08,9,65,70.64604187011719,33.72882080078125,2.419917583465576,True,True,True,52.532405853271484,0.25639986991882324,False,0,0
3073,TwoRoom,0.08,10,65,90.33833312988281,33.21635437011719,2.910959482192993,True,True,True,76.12671661376953,0.2316189557313919,False,0,0
3073,TwoRoom,0.08,11,65,142.42124938964844,8.39874267578125,1.62199866771698,True,True,True,129.98373413085938,0.08732905983924866,False,0,0
3073,TwoRoom,0.08,12,65,276.9502868652344,6.467315673828125,0.9151745438575745,True,True,True,268.9768371582031,0.02879013866186142,False,0,0
3073,TwoRoom,0.08,13,65,49.14423370361328,11.109466552734375,3.922304630279541,True,True,True,47.39781951904297,0.04551073908805847,False,0,0
3073,TwoRoom,0.08,14,65,112.38735961914062,29.2352294921875,3.3107926845550537,True,True,True,107.28939056396484,0.0730099156498909,False,0,0
3073,TwoRoom,0.08,15,65,3.581862449645996,9.443359375,2.2807836532592773,False,False,True,1.4721778631210327,0.5889909267425537,False,0,0
3073,TwoRoom,0.08,16,65,131.6251983642578,20.614013671875,6.8262152671813965,True,True,True,129.01425170898438,0.0435519814491272,False,0,0
3073,TwoRoom,0.08,17,65,210.82412719726562,31.31207275390625,3.6424763202667236,True,True,True,198.61985778808594,0.12458784878253937,False,0,0
3073,TwoRoom,0.08,18,65,154.2635040283203,21.399078369140625,1.7270272970199585,True,True,True,153.59664916992188,0.05906224995851517,False,0,0
3073,TwoRoom,0.08,19,65,90.062255859375,3.111968994140625,1.2074925899505615,True,True,True,87.79519653320312,0.025172162801027298,False,0,0
3073,TwoRoom,0.08,20,65,143.31277465820312,12.63861083984375,2.4631571769714355,True,True,True,136.26486206054688,0.04917850345373154,False,0,0
3073,TwoRoom,0.08,21,65,168.32386779785156,48.4364013671875,1.402898907661438,True,True,True,164.97686767578125,0.0905715823173523,False,0,0
3073,TwoRoom,0.08,22,65,30.56038475036621,12.73370361328125,1.542844295501709,True,True,True,30.2150821685791,0.03187798336148262,False,0,0
3073,TwoRoom,0.08,23,65,40.36794662475586,8.46697998046875,1.4350414276123047,True,True,True,37.32652282714844,0.0753425881266594,False,0,0
3073,TwoRoom,0.08,24,65,13.971508026123047,10.77203369140625,1.5275479555130005,False,False,True,10.261268615722656,0.26555755734443665,False,0,0
3073,TwoRoom,0.08,25,65,4.185914039611816,22.1759033203125,3.2791857719421387,False,False,True,1.2251801490783691,0.707308828830719,False,0,0
3073,TwoRoom,0.08,26,65,109.98709869384766,9.210777282714844,1.6735141277313232,True,True,True,100.04446411132812,0.09039819985628128,False,0,0
3073,TwoRoom,0.08,27,65,1.0955743789672852,30.07080078125,5.199376106262207,False,False,False,-3.6355714797973633,4.318416118621826,False,23,23
3073,TwoRoom,0.08,28,65,29.706592559814453,8.662666320800781,1.6931920051574707,True,True,True,17.893352508544922,0.397663950920105,False,0,0
3073,TwoRoom,0.08,29,65,54.39888000488281,9.617431640625,1.808652400970459,True,True,True,53.55352020263672,0.0769084170460701,False,0,0
3073,TwoRoom,0.08,30,65,246.5302734375,2.264404296875,0.4519633948802948,True,True,True,243.39566040039062,0.01271490752696991,False,0,0
3073,TwoRoom,0.08,31,65,227.82940673828125,11.01885986328125,1.7348034381866455,True,True,True,226.02015686035156,0.0301626268774271,False,0,0
3073,TwoRoom,0.08,32,65,22.993391036987305,8.80072021484375,3.993704080581665,True,True,True,20.962867736816406,0.08830899745225906,False,0,0
3073,TwoRoom,0.08,33,65,391.635498046875,9.69769287109375,2.9317846298217773,True,True,True,390.77374267578125,0.0200367234647274,False,0,0
3073,TwoRoom,0.08,34,65,103.97393035888672,60.0196533203125,6.69200325012207,False,False,False,-2.3350982666015625,1.022458553314209,False,0,0
3073,TwoRoom,0.08,35,65,53.27145767211914,13.386238098144531,1.214829683303833,True,True,True,39.41143798828125,0.26017722487449646,False,0,0
3073,TwoRoom,0.08,36,65,145.62789916992188,67.28567504882812,5.478650093078613,True,True,True,140.3555450439453,0.15640273690223694,False,0,0
3073,TwoRoom,0.08,37,65,33.73120880126953,5.697357177734375,1.589479684829712,True,True,True,32.128875732421875,0.04750299081206322,False,0,0
3073,TwoRoom,0.08,38,65,31.580787658691406,9.305877685546875,3.1127429008483887,True,True,True,22.420631408691406,0.2900547385215759,False,0,0
3073,TwoRoom,0.08,39,65,286.84991455078125,144.712646484375,3.5312674045562744,False,False,True,170.70404052734375,0.4588080644607544,False,0,0
3073,TwoRoom,0.08,40,65,175.49111938476562,16.339019775390625,4.110260486602783,True,True,True,172.31324768066406,0.0601775236427784,False,0,0
3073,TwoRoom,0.08,41,65,249.88958740234375,41.00714111328125,4.1058502197265625,True,True,True,241.95663452148438,0.11452263593673706,False,0,0
3073,TwoRoom,0.08,42,65,71.80448150634766,65.88571166992188,8.86380672454834,False,False,False,-20.23489761352539,1.2818055152893066,True,0,35
3073,TwoRoom,0.08,43,65,216.34542846679688,26.901596069335938,4.099320411682129,True,True,True,182.44418334960938,0.15669964253902435,False,0,0
3073,TwoRoom,0.08,44,65,96.10218811035156,14.0277099609375,1.522963047027588,True,True,True,73.95443725585938,0.23046042025089264,False,0,0
3073,TwoRoom,0.08,45,65,315.4020080566406,4.586395263671875,0.9180806279182434,True,True,True,313.7013244628906,0.014839413575828075,False,0,0
3073,TwoRoom,0.08,46,65,59.447486877441406,53.907073974609375,11.873199462890625,False,False,True,38.6864128112793,0.34923383593559265,False,0,0
3073,TwoRoom,0.08,47,65,73.84013366699219,7.9413604736328125,2.5258536338806152,True,True,True,62.576026916503906,0.15254724025726318,False,0,0
3073,TwoRoom,0.08,48,65,254.08596801757812,5.00103759765625,1.2448441982269287,True,True,True,253.3579559326172,0.012317383661866188,False,0,0
3073,TwoRoom,0.08,49,65,2.5288820266723633,4.59661865234375,0.6873568296432495,False,False,True,2.1539723873138428,0.14825111627578735,False,12,12
3073,TwoRoom,0.08,50,65,168.51492309570312,8.640731811523438,1.5818849802017212,True,True,True,159.77146911621094,0.05188533291220665,False,0,0
3073,TwoRoom,0.08,51,65,147.6234588623047,19.6702880859375,2.0400607585906982,True,True,True,131.15188598632812,0.15835273265838623,False,0,0
3073,TwoRoom,0.08,52,65,126.84903717041016,2.140533447265625,0.4173339009284973,True,True,True,126.10319519042969,0.011471462436020374,False,0,0
3073,TwoRoom,0.08,53,65,34.439697265625,12.950714111328125,5.100067138671875,True,True,True,26.946983337402344,0.21756036579608917,False,0,0
3073,TwoRoom,0.08,54,65,174.96807861328125,36.984771728515625,3.6190483570098877,True,True,True,155.80218505859375,0.10962704569101334,False,0,0
3073,TwoRoom,0.08,55,65,256.7323303222656,5.50006103515625,1.1512491703033447,True,True,True,255.2454376220703,0.012520408257842064,False,0,0
3073,TwoRoom,0.08,56,65,11.716943740844727,2.364044189453125,0.18432843685150146,True,True,True,11.70229721069336,0.02101149968802929,False,0,0
3073,TwoRoom,0.08,57,65,7.142952919006348,45.1455078125,10.823014259338379,False,False,True,2.1289219856262207,0.7019549012184143,False,0,0
3073,TwoRoom,0.08,58,65,64.67498779296875,21.149078369140625,1.6357022523880005,True,True,True,43.246028900146484,0.3313329815864563,False,0,0
3073,TwoRoom,0.08,59,65,79.60476684570312,15.068634033203125,3.1755857467651367,True,True,True,72.43376922607422,0.128030925989151,False,0,0
3073,TwoRoom,0.08,60,65,229.6986083984375,5.768646240234375,0.8583860993385315,True,True,True,227.54103088378906,0.0249401293694973,False,0,0
3073,TwoRoom,0.08,61,65,117.4939193725586,4.20330810546875,0.7214275598526001,True,True,True,110.89885711669922,0.05613110959529877,False,0,0
3073,TwoRoom,0.08,62,65,60.09946823120117,23.708770751953125,4.243180751800537,True,True,True,49.95927429199219,0.16872349381446838,False,0,0
3073,TwoRoom,0.08,63,65,418.6297912597656,27.3121337890625,6.366748332977295,True,True,True,397.4095153808594,0.05572040379047394,False,0,0
3073,TwoRoom,0.08,64,65,33.235897064208984,10.76446533203125,1.606499195098877,True,True,True,32.48163986206055,0.02670798823237419,False,0,0
3073,TwoRoom,0.08,65,65,145.4893035888672,23.05141830444336,2.33626651763916,True,True,True,118.66555786132812,0.18436916172504425,False,0,0
3073,TwoRoom,0.08,66,65,213.75033569335938,7.20751953125,1.975823998451233,True,True,True,211.44886779785156,0.028313802555203438,False,0,0
3073,TwoRoom,0.08,67,65,21.46351432800293,22.726043701171875,6.807492256164551,False,False,True,18.320423126220703,0.16246318817138672,False,0,0
3073,TwoRoom,0.08,68,65,257.1131591796875,8.394378662109375,3.109213352203369,True,True,True,246.3836212158203,0.041730791330337524,False,0,0
3073,TwoRoom,0.08,69,65,270.1998291015625,5.099395751953125,0.9363303780555725,True,True,True,267.7391357421875,0.013142292387783527,False,0,0
3073,TwoRoom,0.08,70,65,83.96421813964844,37.2001953125,9.596264839172363,True,True,True,65.5320053100586,0.21952462196350098,False,0,0
3073,TwoRoom,0.08,71,65,64.30754852294922,9.03680419921875,0.8969869613647461,True,True,True,55.206275939941406,0.14152726531028748,False,0,0
3073,TwoRoom,0.08,72,65,4.783010482788086,11.018096923828125,3.5660712718963623,False,False,True,1.2794396877288818,0.7325032353401184,False,0,0
3073,TwoRoom,0.08,73,65,32.83387756347656,4.348480224609375,0.6292328834533691,True,True,True,26.362449645996094,0.1970960646867752,False,25,25
3073,TwoRoom,0.08,74,65,99.42886352539062,9.39471435546875,0.4577522873878479,True,True,True,89.21268463134766,0.10274861752986908,False,3,3
3073,TwoRoom,0.08,75,65,55.25055694580078,12.049667358398438,2.3009345531463623,True,True,True,42.91865158081055,0.22319965064525604,False,0,0
3073,TwoRoom,0.08,76,65,3.5464210510253906,8.373077392578125,2.219068765640259,False,False,True,1.358774185180664,0.6168604493141174,False,0,0
3073,TwoRoom,0.08,77,65,16.419780731201172,62.28460693359375,6.607701301574707,False,False,True,12.405725479125977,0.24446460604667664,False,0,0
3073,TwoRoom,0.08,78,65,27.461017608642578,17.11404037475586,1.4995194673538208,False,False,True,5.968875885009766,0.7826418280601501,False,0,0
3073,TwoRoom,0.08,79,65,182.71923828125,3.935821533203125,1.4103153944015503,True,True,True,178.36038208007812,0.023855503648519516,False,0,0
3073,TwoRoom,0.08,80,65,71.9179916381836,397.2783508300781,12.942055702209473,False,False,False,-342.24554443359375,5.758830547332764,True,0,30
3073,TwoRoom,0.08,81,65,66.28440856933594,12.260101318359375,2.516608715057373,True,True,True,62.81134033203125,0.05239643529057503,False,0,0
3073,TwoRoom,0.08,82,65,216.3197479248047,46.35675048828125,2.7109014987945557,True,True,True,214.07681274414062,0.10388709604740143,False,0,0
3073,TwoRoom,0.08,83,65,260.2510681152344,16.442291259765625,1.9018700122833252,True,True,True,233.55181884765625,0.10259035229682922,False,0,0
3073,TwoRoom,0.08,84,65,20.217599868774414,48.716796875,7.5135416984558105,False,False,False,-10.51579475402832,1.5201307535171509,True,0,14
3073,TwoRoom,0.08,85,65,261.7579345703125,15.036834716796875,3.898684024810791,True,True,True,246.0997314453125,0.059819381684064865,False,0,0
3073,TwoRoom,0.08,86,65,56.441688537597656,236.216796875,7.579013824462891,False,False,True,29.001113891601562,0.891370415687561,False,0,0
3073,TwoRoom,0.08,87,65,33.658382415771484,24.675621032714844,1.4936633110046387,False,False,True,24.166234970092773,0.3082636892795563,False,0,0
3073,TwoRoom,0.08,88,65,11.235488891601562,70.63937377929688,2.146162509918213,False,False,False,-69.14404296875,7.1540751457214355,False,5,5
3073,TwoRoom,0.08,89,65,141.89373779296875,26.79522705078125,3.1866543292999268,True,True,True,136.04251098632812,0.12639673054218292,False,0,0
3073,TwoRoom,0.08,90,65,66.38505554199219,13.8924560546875,2.3402812480926514,True,True,True,52.262386322021484,0.21273866295814514,False,0,0
3073,TwoRoom,0.08,91,65,116.62212371826172,10.51287841796875,2.6788947582244873,True,True,True,108.97930145263672,0.0814237967133522,False,0,0
3073,TwoRoom,0.08,92,65,249.26480102539062,8.7071533203125,2.3728229999542236,True,True,True,242.22354125976562,0.030136989429593086,False,0,0
3073,TwoRoom,0.08,93,65,234.7284393310547,3.143096923828125,0.9311249852180481,True,True,True,231.10272216796875,0.015446458011865616,False,0,0
3073,TwoRoom,0.08,94,65,129.31529235839844,26.832595825195312,4.124904155731201,True,True,True,77.67195129394531,0.39935991168022156,False,0,0
3073,TwoRoom,0.08,95,65,93.59597778320312,19.43560028076172,6.947131633758545,True,True,True,71.0807113647461,0.24055805802345276,False,0,0
3073,TwoRoom,0.08,96,65,279.4230651855469,10.964111328125,0.9658674001693726,True,True,True,276.2466125488281,0.02741650864481926,False,0,0
3073,TwoRoom,0.08,97,65,253.8018035888672,4.417510986328125,0.8356046080589294,True,True,True,252.36985778808594,0.013164756819605827,False,0,0
3073,TwoRoom,0.08,98,65,147.9715576171875,6.21051025390625,0.9157425165176392,True,True,True,147.2179412841797,0.01258101500570774,False,0,0
3073,TwoRoom,0.08,99,65,17.105022430419922,13.71160888671875,3.9016506671905518,False,False,True,15.957651138305664,0.06707800924777985,False,0,0
