training_seed,task,std_key,sample_index,candidate_count,clean_margin,sample_max_drift,sample_mean_drift,coarse_cert_pass,cert_pass,sharp_cert_pass,sharp_cert_slack,sharp_normalized_score,top1_flip,clean_best,noisy_best
3072,Cube,0.0,0,65,301.7770690917969,381.49383544921875,58.55176544189453,False,False,False,-220.38699340820312,1.7061045169830322,True,0,60
3072,Cube,0.0,1,65,223.72137451171875,425.7903747558594,86.06076049804688,False,False,False,-399.58172607421875,2.7860686779022217,True,0,9
3072,Cube,0.0,2,65,27.553836822509766,164.3905029296875,61.67472839355469,False,False,False,-184.37173461914062,7.231264591217041,True,0,27
3072,Cube,0.0,3,65,119.50257110595703,464.8986511230469,117.46150207519531,False,False,False,-704.47607421875,6.895070552825928,True,0,16
3072,Cube,0.0,4,65,281.81597900390625,167.9185333251953,44.93865203857422,False,False,True,8.757461547851562,0.9689249396324158,False,0,0
3072,Cube,0.0,5,65,16.774356842041016,202.48150634765625,69.51736450195312,False,False,False,-339.2375793457031,21.223581314086914,True,0,21
3072,Cube,0.0,6,65,24.781726837158203,386.71319580078125,114.97579193115234,False,False,False,-730.4739990234375,30.476316452026367,True,0,49
3072,Cube,0.0,7,65,41.79978942871094,506.9969787597656,145.26693725585938,False,False,False,-927.011474609375,23.177419662475586,True,0,53
3072,Cube,0.0,8,65,37.78438949584961,372.1393127441406,106.97201538085938,False,False,False,-701.7755737304688,19.57316017150879,True,0,5
3072,Cube,0.0,9,65,142.80860900878906,340.841064453125,76.0771713256836,False,False,False,-327.06292724609375,3.1219563484191895,True,0,25
3072,Cube,0.0,10,65,21.780773162841797,347.04132080078125,114.40679931640625,False,False,False,-649.0142822265625,30.797576904296875,True,0,29
3072,Cube,0.0,11,65,26.358455657958984,384.1690673828125,112.37323760986328,False,False,False,-618.2233276367188,24.45446014404297,True,0,3
3072,Cube,0.0,12,65,10.04088306427002,243.42111206054688,108.28433227539062,False,False,False,-405.00872802734375,40.16493225097656,True,0,11
3072,Cube,0.0,13,65,104.79747009277344,397.1563415527344,119.93154907226562,False,False,False,-669.2259521484375,7.385898113250732,True,0,7
3072,Cube,0.0,14,65,318.33917236328125,496.3668212890625,86.87797546386719,False,False,False,-319.33685302734375,1.9516311883926392,True,0,62
3072,Cube,0.0,15,65,228.035888671875,418.2832336425781,55.31830596923828,False,False,False,-327.7326965332031,2.437197685241699,True,0,4
3072,Cube,0.0,16,65,80.33655548095703,276.90594482421875,68.0263900756836,False,False,False,-413.9966735839844,6.153278827667236,True,0,45
3072,Cube,0.0,17,65,139.86874389648438,438.2783203125,92.7502212524414,False,False,False,-553.1128540039062,4.343426704406738,True,0,25
3072,Cube,0.0,18,65,110.50804901123047,152.32412719726562,48.4307975769043,False,False,False,-154.77166748046875,2.4005465507507324,True,0,18
3072,Cube,0.0,19,65,200.8442840576172,266.82073974609375,64.77167510986328,False,False,False,-223.14503479003906,2.111035108566284,True,0,50
3072,Cube,0.0,20,65,127.52110290527344,308.30755615234375,58.097618103027344,False,False,False,-241.27615356445312,2.3799710273742676,True,0,24
3072,Cube,0.0,21,65,165.53121948242188,282.6974792480469,64.4280776977539,False,False,False,-396.2481384277344,3.393796920776367,True,0,39
3072,Cube,0.0,22,65,53.37091827392578,276.8323059082031,97.05036163330078,False,False,False,-479.8430480957031,9.990721702575684,True,0,15
3072,Cube,0.0,23,65,167.59927368164062,416.51263427734375,93.85990142822266,False,False,False,-517.280517578125,4.0864129066467285,True,0,59
3072,Cube,0.0,24,65,61.51310348510742,393.9350891113281,94.59413146972656,False,False,False,-725.314697265625,12.791221618652344,True,0,10
3072,Cube,0.0,25,65,63.258567810058594,427.77099609375,109.46885681152344,False,False,False,-704.3466796875,12.134407043457031,True,0,1
3072,Cube,0.0,26,65,41.75886917114258,264.83660888671875,54.30942916870117,False,False,False,-150.23370361328125,4.5976481437683105,True,0,50
3072,Cube,0.0,27,65,19.152143478393555,369.6175231933594,123.89968872070312,False,False,False,-675.899658203125,36.29106903076172,True,0,14
3072,Cube,0.0,28,65,20.271743774414062,276.56365966796875,62.0859260559082,False,False,False,-395.4310302734375,20.506511688232422,True,0,59
3072,Cube,0.0,29,65,187.51451110839844,372.6416015625,121.6067886352539,False,False,False,-368.17132568359375,2.8701717853546143,True,0,21
3072,Cube,0.0,30,65,67.1301040649414,402.8349914550781,151.59075927734375,False,False,False,-737.3936157226562,11.984543800354004,True,0,54
3072,Cube,0.0,31,65,47.35942459106445,367.1838684082031,154.79307556152344,False,False,False,-660.0835571289062,14.937745094299316,True,0,30
3072,Cube,0.0,32,65,119.09938049316406,380.511474609375,98.358642578125,False,False,False,-551.384521484375,5.629616737365723,True,0,29
3072,Cube,0.0,33,65,72.91522979736328,354.92474365234375,94.03797149658203,False,False,False,-588.2697143554688,9.06785774230957,True,0,30
3072,Cube,0.0,34,65,280.6716613769531,557.4366455078125,121.64205169677734,False,False,False,-545.000732421875,2.9259231090545654,True,0,30
3072,Cube,0.0,35,65,94.51390075683594,142.812255859375,19.521116256713867,False,False,True,32.731239318847656,0.7316412925720215,False,0,0
3072,Cube,0.0,36,65,71.79908752441406,513.2837524414062,118.54280090332031,False,False,False,-866.4711303710938,13.067996978759766,True,0,47
3072,Cube,0.0,37,65,37.68121337890625,349.3955383300781,71.20057678222656,False,False,False,-603.7289428710938,17.022014617919922,True,0,60
3072,Cube,0.0,38,65,20.947158813476562,269.7791442871094,83.09088897705078,False,False,False,-446.8909912109375,22.334205627441406,True,0,7
3072,Cube,0.0,39,65,281.4677734375,247.53463745117188,61.08702850341797,False,False,False,-151.68148803710938,1.5178821086883545,False,0,0
3072,Cube,0.0,40,65,260.83251953125,378.01263427734375,50.3568115234375,False,False,False,-229.86083984375,1.8812583684921265,True,0,59
3072,Cube,0.0,41,65,203.2705535888672,418.85565185546875,31.017166137695312,False,False,False,-286.77484130859375,2.41080379486084,True,0,22
3072,Cube,0.0,42,65,0.4488868713378906,558.1390991210938,184.96755981445312,False,False,False,-1102.4599609375,2456.683349609375,True,2,24
3072,Cube,0.0,43,65,32.254150390625,330.1535339355469,57.118858337402344,False,False,False,-558.3143310546875,18.309844970703125,True,0,61
3072,Cube,0.0,44,65,3.5861644744873047,414.6335754394531,100.34801483154297,False,False,False,-817.8643188476562,229.06100463867188,True,43,39
3072,Cube,0.0,45,65,37.566986083984375,124.38534545898438,23.74473762512207,False,False,False,-74.55689239501953,2.177804470062256,True,0,46
3072,Cube,0.0,46,65,50.100242614746094,300.257568359375,94.07283020019531,False,False,False,-331.86151123046875,7.127960681915283,True,0,4
3072,Cube,0.0,47,65,21.080028533935547,139.67422485351562,51.39912414550781,False,False,False,-164.6089324951172,8.808762550354004,True,0,25
3072,Cube,0.0,48,65,36.232566833496094,483.90252685546875,241.48394775390625,False,False,False,-874.9271240234375,22.71166229248047,True,0,35
3072,Cube,0.0,49,65,103.42115020751953,389.2855224609375,100.63907623291016,False,False,False,-591.446044921875,6.635167598724365,True,0,39
3072,Cube,0.0,50,65,58.18223190307617,164.7456512451172,34.91987991333008,False,False,False,-54.11214065551758,1.9300458431243896,False,0,0
3072,Cube,0.0,51,65,100.49958038330078,409.8825378417969,123.12896728515625,False,False,False,-717.197509765625,8.136322975158691,True,0,42
3072,Cube,0.0,52,65,163.13063049316406,365.6698303222656,72.61717224121094,False,False,False,-481.53271484375,3.892549991607666,True,0,10
3072,Cube,0.0,53,65,95.32244873046875,287.91302490234375,87.13522338867188,False,False,False,-395.58209228515625,5.0185227394104,True,0,45
3072,Cube,0.0,54,65,42.61736297607422,239.10012817382812,40.50495910644531,False,False,False,-314.60980224609375,7.025825023651123,True,0,13
3072,Cube,0.0,55,65,39.615150451660156,417.84222412109375,104.99015808105469,False,False,False,-722.5469360351562,19.23915672302246,True,0,48
3072,Cube,0.0,56,65,133.08218383789062,420.4284973144531,110.22080993652344,False,False,False,-577.383544921875,5.33854866027832,True,0,39
3072,Cube,0.0,57,65,72.54531860351562,501.4665832519531,131.7063446044922,False,False,False,-888.0086059570312,13.240743637084961,True,0,7
3072,Cube,0.0,58,65,199.0314483642578,290.76263427734375,70.1934585571289,False,False,False,-68.21089172363281,1.3401488065719604,True,0,9
3072,Cube,0.0,59,65,42.70882797241211,387.9570617675781,88.140380859375,False,False,False,-682.848388671875,16.98845863342285,True,0,3
3072,Cube,0.0,60,65,245.38584899902344,145.4840087890625,28.927776336669922,False,False,True,71.77218627929688,0.7516664862632751,False,0,0
3072,Cube,0.0,61,65,81.55730438232422,381.8480224609375,130.73477172851562,False,False,False,-662.4618530273438,9.122654914855957,True,0,37
3072,Cube,0.0,62,65,56.224609375,489.9638977050781,185.7499542236328,False,False,False,-829.5523681640625,15.754257202148438,True,0,32
3072,Cube,0.0,63,65,29.347728729248047,416.6542053222656,94.821533203125,False,False,False,-778.312744140625,27.520374298095703,True,0,39
3072,Cube,0.0,64,65,1.3588027954101562,552.4948120117188,156.1288299560547,False,False,False,-1058.6259765625,780.0873413085938,True,0,38
3072,Cube,0.0,65,65,116.91717529296875,445.8565673828125,91.79573822021484,False,False,False,-659.0375366210938,6.248203277587891,True,0,21
3072,Cube,0.0,66,65,77.99761199951172,456.2477722167969,109.1877212524414,False,False,False,-713.8970336914062,10.152806282043457,True,0,40
3072,Cube,0.0,67,65,48.100372314453125,391.5821228027344,87.90325927734375,False,False,False,-685.0509643554688,15.242114067077637,True,0,15
3072,Cube,0.0,68,65,19.42286491394043,488.574951171875,192.69363403320312,False,False,False,-868.20458984375,45.52161407470703,True,0,50
3072,Cube,0.0,69,65,261.3330078125,408.1083984375,62.8507080078125,False,False,False,-265.1508483886719,2.0146093368530273,True,0,22
3072,Cube,0.0,70,65,100.04808044433594,442.617919921875,98.20686340332031,False,False,False,-669.7767333984375,7.694548606872559,True,0,24
3072,Cube,0.0,71,65,106.6600570678711,463.1964416503906,82.5914535522461,False,False,False,-710.4586181640625,7.6609625816345215,True,0,31
3072,Cube,0.0,72,65,13.839988708496094,448.8662414550781,81.15912628173828,False,False,False,-780.020263671875,57.35988998413086,True,0,60
3072,Cube,0.0,73,65,84.1655044555664,372.19439697265625,95.57474517822266,False,False,False,-554.1720581054688,7.421099662780762,True,0,16
3072,Cube,0.0,74,65,311.0487060546875,418.9724426269531,49.66926193237305,False,False,False,-178.48922729492188,1.561732530593872,True,0,62
3072,Cube,0.0,75,65,10.471474647521973,468.05877685546875,234.13621520996094,False,False,False,-924.1611328125,89.25511169433594,True,0,47
3072,Cube,0.0,76,65,198.8243865966797,403.76983642578125,72.7864761352539,False,False,False,-397.2493896484375,2.9979913234710693,True,0,54
3072,Cube,0.0,77,65,36.73507308959961,319.6062316894531,90.6469497680664,False,False,False,-592.6394653320312,17.132795333862305,True,0,30
3072,Cube,0.0,78,65,220.43275451660156,395.740966796875,69.27108001708984,False,False,False,-397.6439208984375,2.8039238452911377,True,0,15
3072,Cube,0.0,79,65,293.4841613769531,123.82897186279297,36.31547927856445,True,True,True,91.8439712524414,0.6967093348503113,False,0,0
3072,Cube,0.0,80,65,221.77438354492188,337.30316162109375,81.52525329589844,False,False,False,-202.87271118164062,1.600976824760437,True,0,1
3072,Cube,0.0,81,65,27.808612823486328,365.9659729003906,145.88455200195312,False,False,False,-686.7796630859375,24.97238540649414,True,0,20
3072,Cube,0.0,82,65,261.13671875,243.85824584960938,42.75962829589844,False,False,False,-93.49795532226562,1.3340024948120117,False,0,0
3072,Cube,0.0,83,65,152.40415954589844,287.0962219238281,67.33708190917969,False,False,False,-371.48016357421875,3.321551561355591,True,0,62
3072,Cube,0.0,84,65,58.66729736328125,383.63690185546875,101.74142456054688,False,False,False,-656.6868896484375,11.886635780334473,True,0,22
3072,Cube,0.0,85,65,123.34091186523438,152.9049072265625,45.07455825805664,False,False,False,-81.69182586669922,1.616937518119812,False,0,0
3072,Cube,0.0,86,65,21.697654724121094,328.750732421875,102.8232421875,False,False,False,-551.8724365234375,26.43465805053711,True,0,4
3072,Cube,0.0,87,65,174.7949981689453,376.05731201171875,103.87288665771484,False,False,False,-521.0819091796875,3.954017400741577,False,0,0
3072,Cube,0.0,88,65,25.413957595825195,292.5877380371094,81.76917266845703,False,False,False,-467.38311767578125,14.262348175048828,True,0,10
3072,Cube,0.0,89,65,9.410926818847656,221.30670166015625,60.27961730957031,False,False,False,-327.32037353515625,35.7808837890625,True,0,63
3072,Cube,0.0,90,65,277.3692626953125,348.3179931640625,47.64668655395508,False,False,False,-213.53689575195312,1.7112298011779785,True,0,60
3072,Cube,0.0,91,65,9.60844612121582,484.35137939453125,164.72454833984375,False,False,False,-924.4017333984375,93.2990493774414,True,0,44
3072,Cube,0.0,92,65,8.185993194580078,318.613525390625,120.15264129638672,False,False,False,-472.54718017578125,40.34104919433594,True,40,15
3072,Cube,0.0,93,65,182.6536102294922,230.96771240234375,45.01365280151367,False,False,False,-262.2355041503906,2.4356982707977295,False,0,0
3072,Cube,0.0,94,65,132.31260681152344,524.2158203125,145.71066284179688,False,False,False,-845.9396362304688,7.393492221832275,True,0,12
3072,Cube,0.0,95,65,93.44867706298828,436.2830810546875,89.11994171142578,False,False,False,-665.2194213867188,8.118553161621094,True,0,14
3072,Cube,0.0,96,65,1.8529481887817383,317.58782958984375,113.48792266845703,False,False,False,-574.5789794921875,311.08905029296875,True,0,4
3072,Cube,0.0,97,65,118.0439224243164,373.35601806640625,108.46759033203125,False,False,False,-549.5211181640625,4.885778903961182,True,0,33
3072,Cube,0.0,98,65,27.57328987121582,603.1984252929688,212.19566345214844,False,False,False,-1139.70654296875,42.33371353149414,True,0,9
3072,Cube,0.0,99,65,67.26069641113281,465.5317077636719,169.3428955078125,False,False,False,-797.546142578125,11.993473052978516,True,0,37
3072,Cube,0.01,0,65,290.2566833496094,243.3911590576172,27.48732566833496,False,False,True,19.383987426757812,0.9332177042961121,False,0,0
3072,Cube,0.01,1,65,165.75973510742188,341.7153015136719,53.10810852050781,False,False,False,-372.3912048339844,3.1594488620758057,True,0,50
3072,Cube,0.01,2,65,17.982765197753906,133.55877685546875,47.94057083129883,False,False,False,-155.37640380859375,9.317464828491211,True,0,58
3072,Cube,0.01,3,65,152.059814453125,343.4403991699219,100.26068115234375,False,False,False,-453.1836242675781,3.5998034477233887,True,0,16
3072,Cube,0.01,4,65,293.48870849609375,76.93318939208984,15.194619178771973,True,True,True,170.09432983398438,0.4204399287700653,False,0,0
3072,Cube,0.01,5,65,14.218143463134766,105.12274169921875,36.67822265625,False,False,False,-143.918212890625,11.122152328491211,False,0,0
3072,Cube,0.01,6,65,14.154905319213867,249.1985626220703,74.7175064086914,False,False,False,-433.20819091796875,31.60481071472168,True,0,8
3072,Cube,0.01,7,65,50.842567443847656,481.6486511230469,118.048095703125,False,False,False,-788.1776123046875,16.502317428588867,True,0,19
3072,Cube,0.01,8,65,32.877933502197266,307.6871643066406,105.12335205078125,False,False,False,-437.7182922363281,14.079955101013184,False,0,0
3072,Cube,0.01,9,65,73.87400817871094,223.2306365966797,48.181209564208984,False,False,False,-213.09161376953125,3.0427002906799316,True,0,7
3072,Cube,0.01,10,65,22.301515579223633,282.8987731933594,83.26542663574219,False,False,False,-444.4471435546875,20.92901039123535,True,0,28
3072,Cube,0.01,11,65,18.053436279296875,347.64385986328125,85.68434143066406,False,False,False,-593.148193359375,33.85514450073242,True,0,44
3072,Cube,0.01,12,65,18.666357040405273,131.2288818359375,37.53988265991211,False,False,False,-118.12117004394531,5.026113033294678,True,0,8
3072,Cube,0.01,13,65,116.47608947753906,229.66653442382812,70.35395050048828,False,False,False,-232.71438598632812,2.9787397384643555,True,0,25
3072,Cube,0.01,14,65,289.86944580078125,474.6764831542969,74.67838287353516,False,False,False,-328.7664794921875,1.9524518251419067,True,0,51
3072,Cube,0.01,15,65,258.2831115722656,261.74163818359375,34.442264556884766,False,False,False,-101.5223388671875,1.393066167831421,False,0,0
3072,Cube,0.01,16,65,39.942020416259766,149.0084991455078,45.39204025268555,False,False,False,-216.21145629882812,6.413132667541504,False,0,0
3072,Cube,0.01,17,65,154.99029541015625,279.8605041503906,49.39777755737305,False,False,False,-327.7925720214844,3.1149232387542725,True,0,25
3072,Cube,0.01,18,65,91.67504119873047,69.29385375976562,20.500995635986328,False,False,True,31.174758911132812,0.6599428057670593,False,0,0
3072,Cube,0.01,19,65,143.8390350341797,317.74005126953125,46.72330856323242,False,False,False,-213.10353088378906,2.481541633605957,True,0,39
3072,Cube,0.01,20,65,102.70903015136719,178.73037719726562,44.131649017333984,False,False,False,-58.85326385498047,1.5730096101760864,False,0,0
3072,Cube,0.01,21,65,112.96395874023438,183.79940795898438,43.6441650390625,False,False,False,-120.23551940917969,1.9816964864730835,False,0,0
3072,Cube,0.01,22,65,51.496429443359375,358.2103576660156,138.9840087890625,False,False,False,-619.4222412109375,12.068574905395508,True,0,7
3072,Cube,0.01,23,65,148.86358642578125,293.0423278808594,76.37063598632812,False,False,False,-235.80026245117188,2.4874777793884277,True,0,23
3072,Cube,0.01,24,65,74.2451171875,270.3887939453125,61.09018325805664,False,False,False,-459.179443359375,7.0408244132995605,True,0,10
3072,Cube,0.01,25,65,80.60908508300781,232.34315490722656,77.20026397705078,False,False,False,-341.63433837890625,5.238161563873291,True,0,24
3072,Cube,0.01,26,65,39.63916778564453,135.5810546875,34.387569427490234,False,False,False,-107.03564453125,3.4549665451049805,False,0,0
3072,Cube,0.01,27,65,18.35353660583496,209.73416137695312,66.88697814941406,False,False,False,-225.25518798828125,13.27312183380127,False,0,0
3072,Cube,0.01,28,65,19.051719665527344,141.3586883544922,39.768245697021484,False,False,False,-108.21678161621094,6.680158615112305,True,0,24
3072,Cube,0.01,29,65,154.21728515625,246.45718383789062,59.3421516418457,False,False,False,-214.95672607421875,1.9429020881652832,True,0,16
3072,Cube,0.01,30,65,52.64923095703125,300.5465393066406,83.52867889404297,False,False,False,-477.0782470703125,10.061447143554688,True,0,54
3072,Cube,0.01,31,65,56.90377426147461,365.40350341796875,138.23960876464844,False,False,False,-637.9803466796875,12.211564064025879,True,0,54
3072,Cube,0.01,32,65,100.58495330810547,235.57107543945312,57.08674240112305,False,False,False,-242.28070068359375,2.922783374786377,True,0,55
3072,Cube,0.01,33,65,78.0019302368164,276.8737487792969,70.22478485107422,False,False,False,-434.30303955078125,6.086684226989746,True,0,32
3072,Cube,0.01,34,65,252.25567626953125,185.02468872070312,31.111743927001953,False,False,True,52.499969482421875,0.7918779253959656,False,0,0
3072,Cube,0.01,35,65,101.13373565673828,138.8980712890625,20.474224090576172,False,False,True,58.36751937866211,0.644609808921814,False,0,0
3072,Cube,0.01,36,65,55.36252212524414,361.1459045410156,78.76406860351562,False,False,False,-612.1396484375,11.953885078430176,True,0,47
3072,Cube,0.01,37,65,61.9058952331543,300.5198974609375,57.798580169677734,False,False,False,-490.32025146484375,8.920413970947266,True,0,38
3072,Cube,0.01,38,65,29.32013511657715,194.03683471679688,48.63700866699219,False,False,False,-225.17315673828125,8.67981243133545,True,0,34
3072,Cube,0.01,39,65,200.9773406982422,153.34146118164062,29.929868698120117,False,False,False,-2.5868911743164062,1.009461760520935,False,0,0
3072,Cube,0.01,40,65,277.1934509277344,169.59127807617188,38.96872329711914,False,False,True,86.13653564453125,0.7783071398735046,False,0,0
3072,Cube,0.01,41,65,231.05470275878906,102.80953979492188,21.408628463745117,True,True,True,88.28606414794922,0.677250862121582,False,0,0
3072,Cube,0.01,42,65,5.517915725708008,400.0428466796875,110.19438171386719,False,False,False,-776.1285400390625,141.65611267089844,True,0,13
3072,Cube,0.01,43,65,85.88031005859375,172.72242736816406,35.095577239990234,False,False,False,-133.1951446533203,2.5509393215179443,True,0,59
3072,Cube,0.01,44,65,44.316246032714844,275.1854248046875,68.48359680175781,False,False,False,-466.183837890625,11.519478797912598,True,0,39
3072,Cube,0.01,45,65,29.6923828125,104.38519287109375,16.6594181060791,False,False,True,1.1007270812988281,0.9751455187797546,False,0,0
3072,Cube,0.01,46,65,9.700014114379883,183.63975524902344,41.83219909667969,False,False,False,-200.79537963867188,14.40463638305664,True,0,34
3072,Cube,0.01,47,65,46.89579772949219,66.9936752319336,16.39250373840332,False,False,True,18.781286239624023,0.8010584712028503,False,0,0
3072,Cube,0.01,48,65,35.64048767089844,415.8964538574219,255.19007873535156,False,False,False,-705.947265625,20.085847854614258,False,0,0
3072,Cube,0.01,49,65,66.47119140625,338.2796936035156,79.98454284667969,False,False,False,-476.7821044921875,8.172762870788574,True,0,32
3072,Cube,0.01,50,65,15.078374862670898,166.86984252929688,49.27902603149414,False,False,False,-207.91326904296875,14.788837432861328,True,0,8
3072,Cube,0.01,51,65,82.03677368164062,307.1253662109375,61.63215637207031,False,False,False,-449.0553283691406,6.473829746246338,True,0,8
3072,Cube,0.01,52,65,102.55622863769531,284.00299072265625,58.613197326660156,False,False,False,-402.06182861328125,4.920403957366943,True,0,49
3072,Cube,0.01,53,65,70.30654907226562,255.47183227539062,76.7511215209961,False,False,False,-376.774658203125,5.6628522872924805,True,0,60
3072,Cube,0.01,54,65,38.699913024902344,105.9161376953125,27.924850463867188,False,False,False,-54.6232795715332,2.3922183513641357,True,0,13
3072,Cube,0.01,55,65,19.88751220703125,412.93890380859375,99.77062225341797,False,False,False,-723.3880615234375,37.37398147583008,True,0,6
3072,Cube,0.01,56,65,103.99720764160156,243.61375427246094,65.18914794921875,False,False,False,-371.2149353027344,4.569470405578613,True,0,44
3072,Cube,0.01,57,65,89.04133605957031,436.9753723144531,89.17374420166016,False,False,False,-705.168212890625,8.919560432434082,True,0,7
3072,Cube,0.01,58,65,162.8174591064453,393.67169189453125,100.41636657714844,False,False,False,-132.63621520996094,1.3029446601867676,True,0,9
3072,Cube,0.01,59,65,51.58281707763672,220.86451721191406,52.834590911865234,False,False,False,-357.50518798828125,7.160399436950684,True,0,34
3072,Cube,0.01,60,65,251.2247772216797,115.17803955078125,31.7598934173584,True,True,True,38.57391357421875,0.8464565873146057,False,0,0
3072,Cube,0.01,61,65,55.7192497253418,338.8152160644531,90.23922729492188,False,False,False,-570.6532592773438,11.241581916809082,True,0,42
3072,Cube,0.01,62,65,51.60829544067383,497.5547790527344,122.56847381591797,False,False,False,-845.5357666015625,16.662303924560547,True,0,59
3072,Cube,0.01,63,65,24.733234405517578,271.70263671875,78.96395874023438,False,False,False,-491.51617431640625,20.872699737548828,True,0,14
3072,Cube,0.01,64,65,10.710076332092285,464.3456726074219,121.68425750732422,False,False,False,-796.1585693359375,71.55223083496094,True,0,19
3072,Cube,0.01,65,65,90.65225219726562,336.5687561035156,96.30781555175781,False,False,False,-517.9744873046875,6.009392261505127,True,0,64
3072,Cube,0.01,66,65,116.63806915283203,331.10540771484375,72.52914428710938,False,False,False,-506.3349609375,5.15280294418335,True,0,59
3072,Cube,0.01,67,65,38.594215393066406,307.9246826171875,71.73826599121094,False,False,False,-523.7395629882812,14.570416450500488,True,0,31
3072,Cube,0.01,68,65,16.219017028808594,339.2889404296875,107.98152923583984,False,False,False,-589.05126953125,35.693912506103516,True,0,50
3072,Cube,0.01,69,65,275.1539306640625,410.0078125,48.25255584716797,False,False,False,-274.96917724609375,1.9993284940719604,True,0,52
3072,Cube,0.01,70,65,92.69320678710938,431.2235412597656,82.43135070800781,False,False,False,-593.0713500976562,7.398217678070068,True,0,3
3072,Cube,0.01,71,65,68.79953002929688,360.60992431640625,65.23021697998047,False,False,False,-632.2171630859375,10.189266204833984,True,0,31
3072,Cube,0.01,72,65,19.412395477294922,264.6537780761719,49.81317901611328,False,False,False,-430.0286560058594,23.152271270751953,True,0,49
3072,Cube,0.01,73,65,78.37056732177734,246.81016540527344,55.059165954589844,False,False,False,-316.349853515625,3.4735970497131348,True,0,12
3072,Cube,0.01,74,65,282.564697265625,282.33837890625,34.32514572143555,False,False,False,-25.7388916015625,1.091090202331543,False,0,0
3072,Cube,0.01,75,65,23.396236419677734,290.6956787109375,111.61038208007812,False,False,False,-365.6751708984375,8.769279479980469,True,0,14
3072,Cube,0.01,76,65,156.18521118164062,231.21482849121094,52.123783111572266,False,False,False,-217.7197723388672,2.39398455619812,False,0,0
3072,Cube,0.01,77,65,60.58320999145508,238.547607421875,59.09490966796875,False,False,False,-292.534912109375,4.82059907913208,True,0,3
3072,Cube,0.01,78,65,240.51193237304688,248.40536499023438,41.28230285644531,False,False,False,-149.45449829101562,1.6214015483856201,False,0,0
3072,Cube,0.01,79,65,201.3746337890625,107.60581970214844,35.65140151977539,False,False,True,0.22820281982421875,0.9988667368888855,False,0,0
3072,Cube,0.01,80,65,240.49697875976562,337.2921447753906,77.09382629394531,False,False,False,-246.17135620117188,1.8138178586959839,True,0,63
3072,Cube,0.01,81,65,33.13063049316406,280.00408935546875,87.5199966430664,False,False,False,-380.2152099609375,12.476244926452637,True,0,23
3072,Cube,0.01,82,65,194.03294372558594,104.46151733398438,30.721105575561523,False,False,True,6.902252197265625,0.9644274115562439,False,0,0
3072,Cube,0.01,83,65,154.94607543945312,158.593017578125,37.894920349121094,False,False,False,-110.17886352539062,1.6769317388534546,False,0,0
3072,Cube,0.01,84,65,57.18906021118164,317.8551330566406,72.75157928466797,False,False,False,-501.9073181152344,9.77628231048584,True,0,46
3072,Cube,0.01,85,65,95.31420135498047,122.84065246582031,29.6372013092041,False,False,False,-54.06180953979492,1.5671956539154053,False,0,0
3072,Cube,0.01,86,65,27.382816314697266,144.66925048828125,29.843324661254883,False,False,False,-37.36395263671875,2.3645036220550537,False,0,0
3072,Cube,0.01,87,65,148.8899383544922,218.353515625,56.91205596923828,False,False,False,-228.27584838867188,2.4154937267303467,False,0,0
3072,Cube,0.01,88,65,21.494150161743164,214.9875030517578,50.328392028808594,False,False,False,-108.47230529785156,5.295571327209473,True,0,54
3072,Cube,0.01,89,65,8.49113941192627,172.17852783203125,42.48686218261719,False,False,False,-177.55502319335938,18.872642517089844,True,0,63
3072,Cube,0.01,90,65,285.5201721191406,308.0097351074219,33.535308837890625,False,False,False,-132.42617797851562,1.4638067483901978,True,0,21
3072,Cube,0.01,91,65,15.473638534545898,450.6764221191406,122.87813568115234,False,False,False,-835.2697143554688,53.31879806518555,True,0,55
3072,Cube,0.01,92,65,1.374105453491211,123.56930541992188,38.014041900634766,False,False,False,-125.94684600830078,78.8763656616211,True,21,40
3072,Cube,0.01,93,65,171.11708068847656,119.7503433227539,24.7526798248291,False,False,False,-9.139442443847656,1.053410530090332,False,0,0
3072,Cube,0.01,94,65,114.36199951171875,124.19326782226562,35.72745895385742,False,False,False,-67.67082977294922,1.5917248725891113,False,0,0
3072,Cube,0.01,95,65,65.05305480957031,223.42147827148438,48.99968719482422,False,False,False,-267.9889221191406,5.11954402923584,False,0,0
3072,Cube,0.01,96,65,7.5520100593566895,170.01620483398438,43.1157341003418,False,False,False,-59.96281433105469,8.939980506896973,False,27,27
3072,Cube,0.01,97,65,137.03457641601562,223.9447784423828,57.367881774902344,False,False,False,-190.80905151367188,2.1037538051605225,True,0,33
3072,Cube,0.01,98,65,37.146976470947266,460.726806640625,133.67335510253906,False,False,False,-859.1821899414062,24.129262924194336,True,0,24
3072,Cube,0.01,99,65,71.38275909423828,338.16290283203125,95.71479797363281,False,False,False,-544.0889282226562,8.622133255004883,True,0,19
3072,Cube,0.02,0,65,323.2070007324219,1.918121337890625,0.5646496415138245,True,True,True,322.3881530761719,0.005194454453885555,False,0,0
3072,Cube,0.02,1,65,118.77861022949219,4.61383056640625,0.6308953762054443,True,True,True,116.54597473144531,0.018796637654304504,False,0,0
3072,Cube,0.02,2,65,7.422717094421387,6.264251708984375,1.9880927801132202,False,False,True,5.707469940185547,0.2310807704925537,False,0,0
3072,Cube,0.02,3,65,92.92913055419922,6.1343231201171875,1.3421911001205444,True,True,True,86.01561737060547,0.07439553737640381,False,0,0
3072,Cube,0.02,4,65,256.26104736328125,3.1768798828125,0.9848023653030396,True,True,True,254.65615844726562,0.01181595865637064,False,0,0
3072,Cube,0.02,5,65,27.438159942626953,3.033843994140625,0.6963943243026733,True,True,True,24.814165115356445,0.09563304483890533,False,0,0
3072,Cube,0.02,6,65,7.8828229904174805,4.2689056396484375,0.8756372332572937,False,False,True,6.602386474609375,0.16243375837802887,False,0,0
3072,Cube,0.02,7,65,47.398075103759766,13.83929443359375,3.7986011505126953,True,True,True,38.864768981933594,0.1800348460674286,False,0,0
3072,Cube,0.02,8,65,18.97711181640625,4.105804443359375,1.0097285509109497,True,True,True,18.42827606201172,0.02892095036804676,False,0,0
3072,Cube,0.02,9,65,61.99625015258789,4.4033203125,0.7217060327529907,True,True,True,59.647186279296875,0.037890441715717316,False,0,0
3072,Cube,0.02,10,65,70.07689666748047,6.1490478515625,1.6978960037231445,True,True,True,65.39547729492188,0.06680400669574738,False,0,0
3072,Cube,0.02,11,65,72.62922668457031,5.80999755859375,1.1178921461105347,True,True,True,69.74339294433594,0.039733778685331345,False,0,0
3072,Cube,0.02,12,65,1.9597049951553345,1.7921676635742188,0.47290802001953125,False,False,True,1.6120190620422363,0.17741748690605164,False,0,0
3072,Cube,0.02,13,65,11.678332328796387,3.8991241455078125,0.892608642578125,True,True,True,10.704601287841797,0.08337929099798203,False,0,0
3072,Cube,0.02,14,65,306.2844543457031,4.8302001953125,0.4666440486907959,True,True,True,305.7051086425781,0.014515204355120659,False,0,0
3072,Cube,0.02,15,65,297.29058837890625,2.75860595703125,0.6668501496315002,True,True,True,295.6449890136719,0.010248532518744469,False,0,0
3072,Cube,0.02,16,65,29.97787094116211,4.495849609375,0.4899119734764099,True,True,True,28.3914737701416,0.052918944507837296,False,0,0
3072,Cube,0.02,17,65,121.01019287109375,5.981475830078125,0.9939819574356079,True,True,True,119.89521789550781,0.03336067125201225,False,0,0
3072,Cube,0.02,18,65,106.10233306884766,7.6478729248046875,1.596542477607727,True,True,True,99.10964965820312,0.06590507179498672,False,0,0
3072,Cube,0.02,19,65,150.65716552734375,6.850738525390625,0.9883496761322021,True,True,True,148.94192504882812,0.021862830966711044,False,0,0
3072,Cube,0.02,20,65,118.61094665527344,6.629241943359375,1.4499303102493286,True,True,True,116.54417419433594,0.04784584417939186,False,0,0
3072,Cube,0.02,21,65,154.27182006835938,3.420745849609375,0.4670887887477875,True,True,True,152.37130737304688,0.0131665775552392,False,0,0
3072,Cube,0.02,22,65,38.442752838134766,8.813949584960938,2.7538130283355713,True,True,True,37.7699089050293,0.06404521316289902,False,0,0
3072,Cube,0.02,23,65,105.22684478759766,14.103790283203125,2.3633251190185547,True,True,True,94.06195068359375,0.10610312968492508,False,0,0
3072,Cube,0.02,24,65,29.78661346435547,7.3079376220703125,1.3224005699157715,True,True,True,26.727073669433594,0.10271529108285904,False,0,0
3072,Cube,0.02,25,65,38.91967010498047,5.582427978515625,1.6037172079086304,True,True,True,35.51548385620117,0.08746697753667831,False,0,0
3072,Cube,0.02,26,65,43.03219985961914,2.951690673828125,0.7923532724380493,True,True,True,42.585994720458984,0.02813270129263401,False,0,0
3072,Cube,0.02,27,65,6.302670955657959,3.1260986328125,0.8483089804649353,True,True,True,5.395511627197266,0.14393256604671478,False,0,0
3072,Cube,0.02,28,65,10.364532470703125,5.769805908203125,1.224597692489624,False,False,True,9.404003143310547,0.092674620449543,False,0,0
3072,Cube,0.02,29,65,59.34827423095703,8.813751220703125,1.6372708082199097,True,True,True,52.08421325683594,0.12239716202020645,False,0,0
3072,Cube,0.02,30,65,41.97010040283203,18.574996948242188,4.455503463745117,True,True,True,39.779701232910156,0.09851723909378052,False,0,0
3072,Cube,0.02,31,65,28.92241668701172,6.945892333984375,1.2423069477081299,True,True,True,28.39227867126465,0.04456498846411705,False,0,0
3072,Cube,0.02,32,65,89.29853820800781,3.5715484619140625,0.8570219874382019,True,True,True,86.28112030029297,0.03429966792464256,False,0,0
3072,Cube,0.02,33,65,58.5257453918457,12.998039245605469,2.779425621032715,True,True,True,47.8758659362793,0.25668567419052124,False,0,0
3072,Cube,0.02,34,65,288.613037109375,2.362091064453125,0.3533734381198883,True,True,True,287.625732421875,0.0075530135072767735,False,0,0
3072,Cube,0.02,35,65,30.8775691986084,12.091537475585938,1.9183993339538574,True,True,True,28.358625411987305,0.0867215245962143,False,0,0
3072,Cube,0.02,36,65,72.71969604492188,1.325897216796875,0.3072974383831024,True,True,True,71.54561614990234,0.01614524982869625,False,0,0
3072,Cube,0.02,37,65,59.34074401855469,5.0985107421875,0.765801727771759,True,True,True,55.84481430053711,0.05891279876232147,False,0,0
3072,Cube,0.02,38,65,12.47287654876709,8.602523803710938,2.375000476837158,False,False,True,7.888072967529297,0.36758190393447876,False,0,0
3072,Cube,0.02,39,65,213.55812072753906,2.250762939453125,0.41729500889778137,True,True,True,211.5357208251953,0.009470023214817047,False,0,0
3072,Cube,0.02,40,65,283.35467529296875,1.126922607421875,0.19974888861179352,True,True,True,282.4034729003906,0.0047487858682870865,False,0,0
3072,Cube,0.02,41,65,343.23565673828125,0.412078857421875,0.1351703405380249,True,True,True,342.6000671386719,0.001851760083809495,False,0,0
3072,Cube,0.02,42,65,4.8417816162109375,2.522369384765625,0.5361678004264832,False,False,True,4.1979570388793945,0.13297265768051147,False,0,0
3072,Cube,0.02,43,65,40.60904312133789,1.149383544921875,0.269947350025177,True,True,True,39.85154342651367,0.018653476610779762,False,0,0
3072,Cube,0.02,44,65,20.085186004638672,3.8905792236328125,1.0133458375930786,True,True,True,18.992704391479492,0.054392408579587936,False,0,0
3072,Cube,0.02,45,65,16.329347610473633,12.988143920898438,2.237208604812622,False,False,True,15.835033416748047,0.05939130857586861,False,0,0
3072,Cube,0.02,46,65,23.894474029541016,4.54559326171875,1.026686668395996,True,True,True,20.623794555664062,0.13688015937805176,False,0,0
3072,Cube,0.02,47,65,25.924671173095703,4.8427276611328125,1.10174560546875,True,True,True,25.135236740112305,0.034713249653577805,False,0,0
3072,Cube,0.02,48,65,3.5230519771575928,4.9278564453125,1.2683619260787964,False,False,True,3.053010940551758,0.1334187090396881,False,0,0
3072,Cube,0.02,49,65,47.95573043823242,6.1901397705078125,1.345696210861206,True,True,True,43.6727180480957,0.08931176364421844,False,0,0
3072,Cube,0.02,50,65,20.833499908447266,7.85052490234375,1.318739414215088,True,True,True,18.347383499145508,0.11933261156082153,False,0,0
3072,Cube,0.02,51,65,55.0256233215332,4.381439208984375,0.9541411995887756,True,True,True,54.420196533203125,0.03563595935702324,False,0,0
3072,Cube,0.02,52,65,85.91419982910156,4.1902618408203125,1.1622394323349,True,True,True,85.15225219726562,0.02435954287648201,False,0,0
3072,Cube,0.02,53,65,49.461158752441406,11.136268615722656,2.699918270111084,True,True,True,48.66569900512695,0.12162429094314575,False,0,0
3072,Cube,0.02,54,65,53.39162063598633,3.7490234375,1.0671651363372803,True,True,True,50.454811096191406,0.05500509962439537,False,0,0
3072,Cube,0.02,55,65,15.31572151184082,7.740936279296875,2.149195671081543,False,False,True,12.596086502075195,0.17757149040699005,False,0,0
3072,Cube,0.02,56,65,130.30322265625,2.414276123046875,0.5346550941467285,True,True,True,129.0679931640625,0.01421790849417448,False,0,0
3072,Cube,0.02,57,65,40.967079162597656,2.986053466796875,0.5621784925460815,True,True,True,39.26604461669922,0.041521940380334854,False,0,0
3072,Cube,0.02,58,65,185.01699829101562,4.795166015625,1.2165926694869995,True,True,True,180.34474182128906,0.025253141298890114,False,0,0
3072,Cube,0.02,59,65,20.09143829345703,11.866989135742188,1.9466253519058228,False,False,True,18.878694534301758,0.07235126942396164,False,0,0
3072,Cube,0.02,60,65,315.7991027832031,2.810302734375,0.6451796293258667,True,True,True,315.1982116699219,0.006670560222119093,False,0,0
3072,Cube,0.02,61,65,42.43979263305664,3.13336181640625,0.768815279006958,True,True,True,41.55034255981445,0.021598923951387405,False,0,0
3072,Cube,0.02,62,65,6.080370903015137,3.785614013671875,0.7852588891983032,False,False,True,5.294219017028809,0.12929341197013855,False,0,0
3072,Cube,0.02,63,65,71.63935852050781,5.2583160400390625,1.3660662174224854,True,True,True,67.28133392333984,0.06083279848098755,False,0,0
3072,Cube,0.02,64,65,18.365909576416016,12.049705505371094,2.6491456031799316,False,False,True,12.35381031036377,0.32735103368759155,False,0,0
3072,Cube,0.02,65,65,71.54174041748047,4.846038818359375,1.211387038230896,True,True,True,69.998779296875,0.059234488755464554,False,0,0
3072,Cube,0.02,66,65,112.70597076416016,7.682464599609375,1.6914743185043335,True,True,True,109.55072784423828,0.03129781410098076,False,0,0
3072,Cube,0.02,67,65,95.95325469970703,2.093597412109375,0.4704256057739258,True,True,True,93.55245208740234,0.02502051368355751,False,0,0
3072,Cube,0.02,68,65,18.995899200439453,3.7127685546875,1.4677401781082153,True,True,True,17.59100341796875,0.07395780831575394,False,0,0
3072,Cube,0.02,69,65,298.6034240722656,7.42120361328125,1.3577206134796143,True,True,True,291.4607849121094,0.023920174688100815,False,0,0
3072,Cube,0.02,70,65,56.47651672363281,7.598175048828125,1.3424253463745117,True,True,True,52.031742095947266,0.07870128750801086,False,0,0
3072,Cube,0.02,71,65,1.1069971323013306,3.94989013671875,0.662177324295044,False,False,True,0.8330642580986023,0.24745580554008484,False,0,0
3072,Cube,0.02,72,65,34.19713592529297,1.9368438720703125,0.3663300573825836,True,True,True,33.11480712890625,0.0316496416926384,False,0,0
3072,Cube,0.02,73,65,14.036430358886719,8.091659545898438,1.9558895826339722,False,False,True,9.939247131347656,0.29189634323120117,False,0,0
3072,Cube,0.02,74,65,294.2063903808594,1.33184814453125,0.46082478761672974,True,True,True,294.066650390625,0.0038133112248033285,False,0,0
3072,Cube,0.02,75,65,1.8088284730911255,3.700927734375,0.7770577073097229,False,False,True,1.7545086145401,0.03725792095065117,False,42,42
3072,Cube,0.02,76,65,64.66732025146484,7.6955108642578125,1.496884822845459,True,True,True,58.15568542480469,0.10069433599710464,False,0,0
3072,Cube,0.02,77,65,27.024511337280273,8.22991943359375,2.3796842098236084,True,True,True,23.45466423034668,0.13209661841392517,False,0,0
3072,Cube,0.02,78,65,201.6356964111328,2.6953887939453125,0.599495530128479,True,True,True,200.8508758544922,0.013220302760601044,False,0,0
3072,Cube,0.02,79,65,323.78497314453125,4.0704345703125,1.330355167388916,True,True,True,322.046142578125,0.012530272826552391,False,0,0
3072,Cube,0.02,80,65,233.7198944091797,3.534210205078125,0.6225576400756836,True,True,True,230.0821990966797,0.015564334578812122,False,0,0
3072,Cube,0.02,81,65,15.598822593688965,4.8670654296875,1.3590574264526367,True,True,True,14.26596450805664,0.10530900955200195,False,0,0
3072,Cube,0.02,82,65,291.9141845703125,2.867462158203125,0.7644341588020325,True,True,True,291.53009033203125,0.007910080254077911,False,0,0
3072,Cube,0.02,83,65,64.73068237304688,9.630203247070312,1.2182174921035767,True,True,True,60.106754302978516,0.07143332064151764,False,0,0
3072,Cube,0.02,84,65,101.11250305175781,1.25091552734375,0.255757600069046,True,True,True,99.74151611328125,0.01355903409421444,False,0,0
3072,Cube,0.02,85,65,70.1974868774414,3.5855865478515625,0.5987491011619568,True,True,True,68.32130432128906,0.02672714926302433,False,0,0
3072,Cube,0.02,86,65,16.020545959472656,2.9718017578125,0.6140187382698059,True,True,True,15.032148361206055,0.061695646494627,False,0,0
3072,Cube,0.02,87,65,133.2357177734375,1.7288665771484375,0.4675118029117584,True,True,True,131.1901397705078,0.015353125520050526,False,0,0
3072,Cube,0.02,88,65,21.210784912109375,12.385772705078125,2.8276913166046143,False,False,True,20.765512466430664,0.17968501150608063,False,0,0
3072,Cube,0.02,89,65,10.68922233581543,4.12615966796875,0.9614286422729492,True,True,True,9.841254234313965,0.07932925224304199,False,0,0
3072,Cube,0.02,90,65,288.8254699707031,1.045318603515625,0.3195231258869171,True,True,True,287.7289123535156,0.003827129490673542,False,0,0
3072,Cube,0.02,91,65,39.633365631103516,6.5382080078125,1.2890855073928833,True,True,True,38.57223892211914,0.03856579214334488,False,0,0
3072,Cube,0.02,92,65,16.520946502685547,4.972869873046875,1.3583132028579712,True,True,True,16.079607009887695,0.07177652418613434,False,0,0
3072,Cube,0.02,93,65,233.9983673095703,7.958038330078125,0.7660704851150513,True,True,True,233.78306579589844,0.02467484213411808,False,0,0
3072,Cube,0.02,94,65,108.28932189941406,6.8837738037109375,1.4995391368865967,True,True,True,104.15616607666016,0.03816774860024452,False,0,0
3072,Cube,0.02,95,65,33.107521057128906,1.2855072021484375,0.35316774249076843,True,True,True,32.413352966308594,0.020967138931155205,False,0,0
3072,Cube,0.02,96,65,6.974835395812988,3.279205322265625,0.662360429763794,True,True,True,6.4806952476501465,0.07084614038467407,False,0,0
3072,Cube,0.02,97,65,120.91207885742188,2.172149658203125,0.39367440342903137,True,True,True,120.30819702148438,0.010812357068061829,False,0,0
3072,Cube,0.02,98,65,14.056648254394531,2.1044921875,0.52705317735672,True,True,True,13.667001724243164,0.036717768758535385,False,0,0
3072,Cube,0.02,99,65,14.423734664916992,6.871185302734375,1.9325400590896606,True,True,True,11.056597709655762,0.2334441840648651,False,0,0
3072,Cube,0.03,0,65,312.1229553222656,24.11627197265625,6.513315200805664,True,True,True,275.95574951171875,0.1274576485157013,False,0,0
3072,Cube,0.03,1,65,220.9975128173828,54.13685607910156,13.459193229675293,True,True,True,149.4487762451172,0.32375359535217285,False,0,0
3072,Cube,0.03,2,65,12.455469131469727,64.53790283203125,14.9523286819458,False,False,False,-3.7146921157836914,1.298237919807434,False,0,0
3072,Cube,0.03,3,65,134.76063537597656,179.0870819091797,24.417259216308594,False,False,True,51.66254806518555,0.6166346669197083,False,0,0
3072,Cube,0.03,4,65,253.23167419433594,14.20648193359375,3.5126681327819824,True,True,True,238.3107452392578,0.05892205983400345,False,0,0
3072,Cube,0.03,5,65,31.188003540039062,22.471771240234375,6.050994396209717,False,False,True,17.92258071899414,0.4253373444080353,False,0,0
3072,Cube,0.03,6,65,16.44567108154297,113.86801147460938,27.52809715270996,False,False,False,-100.66987609863281,7.121360778808594,False,0,0
3072,Cube,0.03,7,65,59.862972259521484,51.2811279296875,12.163641929626465,False,False,True,45.44345474243164,0.31326693296432495,False,0,0
3072,Cube,0.03,8,65,38.179141998291016,83.18820190429688,20.86758804321289,False,False,False,-3.438279151916504,1.0900564193725586,False,0,0
3072,Cube,0.03,9,65,153.34588623046875,88.58735656738281,23.613037109375,False,False,True,54.700950622558594,0.6483743786811829,False,0,0
3072,Cube,0.03,10,65,23.13308334350586,69.918212890625,20.895103454589844,False,False,False,-6.4838972091674805,1.2802867889404297,False,0,0
3072,Cube,0.03,11,65,18.798995971679688,83.70869445800781,14.604851722717285,False,False,False,-13.34023666381836,1.709625005722046,False,0,0
3072,Cube,0.03,12,65,7.77044677734375,37.34757995605469,9.446525573730469,False,False,False,-8.970727920532227,1.6794241666793823,False,0,0
3072,Cube,0.03,13,65,66.369384765625,53.72186279296875,14.271629333496094,False,False,True,46.89581298828125,0.2934119701385498,False,0,0
3072,Cube,0.03,14,65,279.6707763671875,140.31829833984375,21.753103256225586,False,False,True,121.76739501953125,0.6362516283988953,False,0,0
3072,Cube,0.03,15,65,241.10040283203125,43.09223556518555,14.51988410949707,True,True,True,189.3747100830078,0.24920931458473206,False,0,0
3072,Cube,0.03,16,65,67.93943786621094,32.749267578125,4.671000003814697,True,True,True,45.13890075683594,0.335600882768631,False,0,0
3072,Cube,0.03,17,65,200.99703979492188,37.166748046875,12.72927474975586,True,True,True,147.19692993164062,0.26766619086265564,False,0,0
3072,Cube,0.03,18,65,114.34364318847656,19.675018310546875,6.405625343322754,True,True,True,100.12448120117188,0.13784027099609375,False,0,0
3072,Cube,0.03,19,65,151.97952270507812,33.651947021484375,9.154404640197754,True,True,True,142.7379608154297,0.10240402072668076,False,0,0
3072,Cube,0.03,20,65,121.79524993896484,39.94895935058594,11.854440689086914,True,True,True,101.56182098388672,0.20307007431983948,False,0,0
3072,Cube,0.03,21,65,213.5836181640625,70.90777587890625,14.450952529907227,True,True,True,150.53805541992188,0.30680254101753235,False,0,0
3072,Cube,0.03,22,65,75.10762786865234,82.15264892578125,18.08541488647461,False,False,True,39.612979888916016,0.7037165760993958,False,0,0
3072,Cube,0.03,23,65,138.0257568359375,91.50045776367188,17.072431564331055,False,False,True,115.37712860107422,0.2695017158985138,False,0,0
3072,Cube,0.03,24,65,75.79537200927734,94.05815887451172,24.601085662841797,False,False,False,-57.051631927490234,1.7527059316635132,False,0,0
3072,Cube,0.03,25,65,88.0758285522461,141.07582092285156,33.04790115356445,False,False,False,-47.215545654296875,1.3014110326766968,True,0,15
3072,Cube,0.03,26,65,46.46772766113281,33.210968017578125,7.803991794586182,False,False,True,34.91524887084961,0.24861297011375427,False,0,0
3072,Cube,0.03,27,65,20.105865478515625,33.538116455078125,8.901164054870605,False,False,True,12.96852970123291,0.3549877405166626,False,0,0
3072,Cube,0.03,28,65,29.987165451049805,30.420166015625,8.415979385375977,False,False,True,9.622665405273438,0.6791071891784668,False,0,0
3072,Cube,0.03,29,65,151.2926788330078,11.8922119140625,2.7384910583496094,True,True,True,145.5254364013672,0.03934852033853531,False,0,0
3072,Cube,0.03,30,65,78.5210189819336,69.588623046875,19.822269439697266,False,False,True,30.154197692871094,0.7097238302230835,False,0,0
3072,Cube,0.03,31,65,47.989871978759766,190.6226348876953,29.81727409362793,False,False,False,-60.87713623046875,1.9644958972930908,False,0,0
3072,Cube,0.03,32,65,69.3886489868164,53.393157958984375,16.260339736938477,False,False,True,20.755308151245117,0.7008832097053528,False,0,0
3072,Cube,0.03,33,65,86.84910583496094,153.09201049804688,35.10592269897461,False,False,False,-129.8302764892578,2.4948947429656982,False,0,0
3072,Cube,0.03,34,65,277.0100402832031,28.966033935546875,5.235684871673584,True,True,True,253.32179260253906,0.1096913143992424,False,0,0
3072,Cube,0.03,35,65,94.80582427978516,23.1849365234375,6.067118167877197,True,True,True,86.25856018066406,0.10524962097406387,False,0,0
3072,Cube,0.03,36,65,36.020294189453125,106.46049499511719,24.79871368408203,False,False,False,-74.2169189453125,2.618354558944702,False,0,0
3072,Cube,0.03,37,65,52.32680892944336,31.5135498046875,7.0350799560546875,False,False,True,48.762969970703125,0.2071080058813095,False,0,0
3072,Cube,0.03,38,65,63.493186950683594,82.80654907226562,18.157419204711914,False,False,True,17.085830688476562,0.8390792608261108,False,0,0
3072,Cube,0.03,39,65,283.5723876953125,17.657318115234375,2.901665687561035,True,True,True,282.2308654785156,0.053221918642520905,False,0,0
3072,Cube,0.03,40,65,249.00494384765625,22.487060546875,5.077512741088867,True,True,True,232.86729431152344,0.13243937492370605,False,0,0
3072,Cube,0.03,41,65,284.8355712890625,7.87713623046875,1.6624525785446167,True,True,True,279.47943115234375,0.027547579258680344,False,0,0
3072,Cube,0.03,42,65,33.4256591796875,111.92898559570312,25.549304962158203,False,False,False,-17.71573257446289,1.2493646144866943,False,2,2
3072,Cube,0.03,43,65,52.7852668762207,52.698944091796875,7.5222625732421875,False,False,True,24.693355560302734,0.5321922898292542,False,0,0
3072,Cube,0.03,44,65,26.191532135009766,70.1885986328125,18.407909393310547,False,False,False,-76.92089080810547,3.936861276626587,False,0,0
3072,Cube,0.03,45,65,30.013816833496094,38.952606201171875,9.526966094970703,False,False,True,13.58153247833252,0.5474907159805298,False,0,0
3072,Cube,0.03,46,65,33.32994842529297,18.71246337890625,4.190913200378418,False,False,True,31.35053825378418,0.15882153809070587,False,0,0
3072,Cube,0.03,47,65,43.6405143737793,14.67999267578125,3.2307095527648926,True,True,True,41.893577575683594,0.08951637893915176,False,0,0
3072,Cube,0.03,48,65,55.56367492675781,158.89642333984375,47.93777847290039,False,False,False,-18.16663360595703,1.2093173265457153,False,0,0
3072,Cube,0.03,49,65,120.06459045410156,70.40052795410156,16.823772430419922,False,False,True,101.80066680908203,0.3053223192691803,False,0,0
3072,Cube,0.03,50,65,90.22393798828125,47.15129089355469,8.697271347045898,False,False,True,55.814735412597656,0.3813755214214325,False,0,0
3072,Cube,0.03,51,65,53.5511360168457,56.217864990234375,14.670950889587402,False,False,True,46.40046691894531,0.23574011027812958,False,0,0
3072,Cube,0.03,52,65,114.75444030761719,54.47383117675781,13.138049125671387,True,True,True,48.275840759277344,0.5793117880821228,False,0,0
3072,Cube,0.03,53,65,67.69513702392578,85.24767303466797,22.501203536987305,False,False,False,-1.7403373718261719,1.0257084369659424,False,0,0
3072,Cube,0.03,54,65,34.3100700378418,31.984130859375,10.205239295959473,False,False,True,0.6748123168945312,0.9803319573402405,False,0,0
3072,Cube,0.03,55,65,41.88921356201172,114.24502563476562,28.078044891357422,False,False,False,-75.68147277832031,2.8067054748535156,False,0,0
3072,Cube,0.03,56,65,173.10382080078125,44.07421875,7.476480960845947,True,True,True,165.3553466796875,0.19780828058719635,False,0,0
3072,Cube,0.03,57,65,106.16227722167969,64.19021606445312,17.273300170898438,False,False,True,62.282012939453125,0.49732092022895813,False,0,0
3072,Cube,0.03,58,65,119.57766723632812,110.8336181640625,19.40057373046875,False,False,True,28.482810974121094,0.7618049383163452,False,0,0
3072,Cube,0.03,59,65,42.72222900390625,47.91954040527344,9.63045597076416,False,False,True,24.33751678466797,0.46923884749412537,False,0,0
3072,Cube,0.03,60,65,218.743896484375,91.87704467773438,8.402612686157227,True,True,True,197.88467407226562,0.29172250628471375,False,0,0
3072,Cube,0.03,61,65,56.016727447509766,108.3385009765625,19.314598083496094,False,False,False,-4.494869232177734,1.0532269477844238,False,0,0
3072,Cube,0.03,62,65,76.61510467529297,154.4226837158203,28.526742935180664,False,False,False,-71.10008239746094,1.9280164241790771,False,0,0
3072,Cube,0.03,63,65,25.102283477783203,84.7420654296875,18.1705379486084,False,False,False,-3.2047605514526367,1.1276681423187256,False,0,0
3072,Cube,0.03,64,65,12.154396057128906,154.2933349609375,34.18112564086914,False,False,False,-123.18792724609375,11.13525676727295,False,0,0
3072,Cube,0.03,65,65,116.98152160644531,149.76254272460938,35.854618072509766,False,False,True,55.569454193115234,0.5994992256164551,False,0,0
3072,Cube,0.03,66,65,75.2326431274414,36.6002197265625,10.822027206420898,True,True,True,46.84597396850586,0.37731850147247314,False,0,0
3072,Cube,0.03,67,65,75.23099517822266,60.258941650390625,13.593424797058105,False,False,True,57.44548797607422,0.38938188552856445,False,0,0
3072,Cube,0.03,68,65,20.0325927734375,116.06016540527344,25.226730346679688,False,False,False,-47.12738800048828,1.6004645824432373,True,0,4
3072,Cube,0.03,69,65,252.3031005859375,52.65022659301758,12.333998680114746,True,True,True,191.7227020263672,0.2767471671104431,False,0,0
3072,Cube,0.03,70,65,88.59820556640625,75.40674591064453,21.759428024291992,False,False,False,-18.620296478271484,1.2101656198501587,False,0,0
3072,Cube,0.03,71,65,98.71192169189453,49.841583251953125,12.11903190612793,False,False,True,66.15898895263672,0.3297771215438843,False,0,0
3072,Cube,0.03,72,65,26.156572341918945,80.52191162109375,13.729192733764648,False,False,True,7.764945030212402,0.7031360268592834,False,0,0
3072,Cube,0.03,73,65,106.94479370117188,44.01838684082031,12.363624572753906,True,True,True,86.67007446289062,0.31421226263046265,False,0,0
3072,Cube,0.03,74,65,338.13702392578125,63.822784423828125,15.703983306884766,True,True,True,236.77288818359375,0.29977235198020935,False,0,0
3072,Cube,0.03,75,65,10.646427154541016,80.14949798583984,14.792702674865723,False,False,True,1.0383620262145996,0.9024684429168701,False,0,0
3072,Cube,0.03,76,65,145.63668823242188,42.68133544921875,10.333098411560059,True,True,True,115.44375610351562,0.2073168009519577,False,0,0
3072,Cube,0.03,77,65,37.86463928222656,83.6414794921875,17.53130340576172,False,False,True,12.841693878173828,0.6715031862258911,False,0,0
3072,Cube,0.03,78,65,222.15269470214844,57.9945068359375,12.40106201171875,True,True,True,152.7979736328125,0.31219393014907837,False,0,0
3072,Cube,0.03,79,65,224.53704833984375,61.05950927734375,10.174832344055176,True,True,True,186.6648406982422,0.2646959125995636,False,0,0
3072,Cube,0.03,80,65,286.3902587890625,54.699798583984375,14.262518882751465,True,True,True,253.32052612304688,0.22745995223522186,False,0,0
3072,Cube,0.03,81,65,32.72353744506836,30.73681640625,8.28352165222168,False,False,True,11.171942710876465,0.681768536567688,False,0,0
3072,Cube,0.03,82,65,252.07098388671875,38.43438720703125,11.052759170532227,True,True,True,209.38865661621094,0.19373612105846405,False,0,0
3072,Cube,0.03,83,65,152.06602478027344,23.542770385742188,8.168120384216309,True,True,True,133.4705352783203,0.14645995199680328,False,0,0
3072,Cube,0.03,84,65,114.05049896240234,85.39926147460938,17.33349609375,False,False,True,41.512290954589844,0.6360183358192444,False,0,0
3072,Cube,0.03,85,65,103.91753387451172,6.8671417236328125,1.9784959554672241,True,True,True,101.4747543334961,0.042783185839653015,False,0,0
3072,Cube,0.03,86,65,31.74860191345215,30.89129638671875,5.797534942626953,False,False,True,25.281049728393555,0.2037114053964615,False,0,0
3072,Cube,0.03,87,65,128.7350616455078,35.85406494140625,9.131781578063965,True,True,True,108.97417449951172,0.17241838574409485,False,0,0
3072,Cube,0.03,88,65,25.440940856933594,18.686447143554688,5.664344310760498,False,False,True,10.406347274780273,0.5909606218338013,False,0,0
3072,Cube,0.03,89,65,0.1485157012939453,41.83648681640625,12.085183143615723,False,False,False,-24.287321090698242,164.53369140625,True,0,55
3072,Cube,0.03,90,65,288.3534851074219,40.58018493652344,12.133267402648926,True,True,True,239.10362243652344,0.20679724216461182,False,0,0
3072,Cube,0.03,91,65,7.796479225158691,131.10499572753906,21.81743812561035,False,False,False,-23.568359375,2.844247579574585,True,0,39
3072,Cube,0.03,92,65,2.2527389526367188,38.04925537109375,10.835991859436035,False,False,False,-9.837873458862305,5.207484245300293,False,0,0
3072,Cube,0.03,93,65,229.55007934570312,40.737060546875,3.1306121349334717,True,True,True,218.51878356933594,0.13859277963638306,False,0,0
3072,Cube,0.03,94,65,110.50023651123047,31.526611328125,5.72457218170166,True,True,True,95.33890533447266,0.14273175597190857,False,0,0
3072,Cube,0.03,95,65,111.32733154296875,89.33907318115234,17.929386138916016,False,False,True,1.6839370727539062,0.9848740100860596,False,0,0
3072,Cube,0.03,96,65,0.37332725524902344,18.057464599609375,4.959183692932129,False,False,False,-3.894052505493164,11.430667877197266,True,27,0
3072,Cube,0.03,97,65,126.25655364990234,48.0284423828125,11.79069995880127,True,True,True,112.51248168945312,0.3337346911430359,False,0,0
3072,Cube,0.03,98,65,24.485271453857422,97.968017578125,24.256629943847656,False,False,False,-40.38507843017578,2.6493618488311768,False,0,0
3072,Cube,0.03,99,65,52.48414611816406,114.57664489746094,30.779027938842773,False,False,False,-42.49107360839844,1.8095982074737549,True,0,45
3072,Cube,0.04,0,65,301.5284118652344,13.520721435546875,4.08308219909668,True,True,True,288.5311584472656,0.07026592642068863,False,0,0
3072,Cube,0.04,1,65,191.95108032226562,23.089324951171875,7.5612030029296875,True,True,True,182.6178436279297,0.07732348144054413,False,0,0
3072,Cube,0.04,2,65,16.332386016845703,23.394683837890625,7.296874523162842,False,False,True,7.865023612976074,0.5184400081634521,False,0,0
3072,Cube,0.04,3,65,107.55227661132812,63.17254638671875,9.423916816711426,False,False,True,100.76663208007812,0.2405075877904892,False,0,0
3072,Cube,0.04,4,65,280.68951416015625,7.688720703125,2.651078939437866,True,True,True,279.74896240234375,0.02202838845551014,False,0,0
3072,Cube,0.04,5,65,20.287609100341797,21.6871337890625,5.005187511444092,False,False,True,12.483169555664062,0.38468995690345764,False,0,0
3072,Cube,0.04,6,65,25.459444046020508,21.52301025390625,6.96258020401001,False,False,True,7.528408050537109,0.7042980194091797,False,0,0
3072,Cube,0.04,7,65,61.75167465209961,20.164657592773438,3.916865825653076,True,True,True,57.181156158447266,0.13562193512916565,False,0,0
3072,Cube,0.04,8,65,25.91745376586914,43.46527099609375,7.54049015045166,False,False,True,16.788793563842773,0.3522205650806427,False,0,0
3072,Cube,0.04,9,65,97.7157974243164,53.298095703125,14.852707862854004,False,False,True,56.54021453857422,0.42138102650642395,False,0,0
3072,Cube,0.04,10,65,21.323183059692383,70.03817749023438,13.10508918762207,False,False,True,10.346622467041016,0.5147712230682373,False,0,0
3072,Cube,0.04,11,65,20.989513397216797,13.033233642578125,2.1642651557922363,False,False,True,15.509817123413086,0.26106828451156616,False,32,32
3072,Cube,0.04,12,65,14.486717224121094,25.57939910888672,5.737893581390381,False,False,True,7.255268573760986,0.49917787313461304,False,0,0
3072,Cube,0.04,13,65,77.28846740722656,30.332916259765625,7.483274459838867,True,True,True,66.75184631347656,0.13673993945121765,False,0,0
3072,Cube,0.04,14,65,346.8580627441406,28.46954345703125,6.912956237792969,True,True,True,336.6762390136719,0.07951481640338898,False,0,0
3072,Cube,0.04,15,65,233.1139678955078,34.29736328125,6.8701395988464355,True,True,True,211.55946350097656,0.10541050881147385,False,0,0
3072,Cube,0.04,16,65,53.248104095458984,39.087188720703125,5.713104724884033,False,False,True,40.21021270751953,0.3197491765022278,False,0,0
3072,Cube,0.04,17,65,115.86032104492188,33.302947998046875,7.432209491729736,True,True,True,96.9234848022461,0.20982259511947632,False,0,0
3072,Cube,0.04,18,65,112.45445251464844,11.874855041503906,3.38908052444458,True,True,True,107.34929656982422,0.1024915874004364,False,0,0
3072,Cube,0.04,19,65,173.7041473388672,20.60186767578125,5.712136745452881,True,True,True,147.1967315673828,0.15260092914104462,False,0,0
3072,Cube,0.04,20,65,128.42991638183594,14.240219116210938,2.367096424102783,True,True,True,125.40941619873047,0.05703345686197281,False,0,0
3072,Cube,0.04,21,65,134.5913848876953,35.72711181640625,8.621458053588867,True,True,True,114.87469482421875,0.1805257350206375,False,0,0
3072,Cube,0.04,22,65,77.93207550048828,68.91702270507812,11.992399215698242,False,False,True,48.363433837890625,0.5944255590438843,False,0,0
3072,Cube,0.04,23,65,130.1015167236328,45.222259521484375,7.78035831451416,True,True,True,92.07784271240234,0.29226154088974,False,0,0
3072,Cube,0.04,24,65,90.6356201171875,58.021484375,13.525703430175781,False,False,True,40.09300231933594,0.5576462745666504,False,0,0
3072,Cube,0.04,25,65,82.82078552246094,50.88397216796875,15.65907096862793,False,False,True,31.094318389892578,0.6245589852333069,False,0,0
3072,Cube,0.04,26,65,59.438899993896484,6.954132080078125,2.4976553916931152,True,True,True,55.451595306396484,0.06708243489265442,False,0,0
3072,Cube,0.04,27,65,27.65582275390625,16.409088134765625,4.493670463562012,False,False,True,25.660972595214844,0.1291956901550293,False,0,0
3072,Cube,0.04,28,65,47.78055953979492,21.3834228515625,6.270588397979736,True,True,True,24.038501739501953,0.4968978464603424,False,0,0
3072,Cube,0.04,29,65,158.0843963623047,12.336029052734375,2.23726487159729,True,True,True,147.8856658935547,0.06451451778411865,False,0,0
3072,Cube,0.04,30,65,27.382587432861328,33.86460876464844,10.402543067932129,False,False,True,22.034290313720703,0.348702609539032,False,0,0
3072,Cube,0.04,31,65,39.771697998046875,101.0631103515625,16.261613845825195,False,False,True,1.8884096145629883,0.9821727275848389,False,0,0
3072,Cube,0.04,32,65,112.76689147949219,19.28253173828125,5.806977272033691,True,True,True,99.74021911621094,0.12590423226356506,False,0,0
3072,Cube,0.04,33,65,108.36528778076172,84.001220703125,17.266450881958008,False,False,True,46.61214828491211,0.6734650135040283,False,0,0
3072,Cube,0.04,34,65,249.9727020263672,21.87408447265625,4.427476406097412,True,True,True,236.1198272705078,0.09326118230819702,False,0,0
3072,Cube,0.04,35,65,89.41192626953125,27.50604248046875,6.819400787353516,True,True,True,84.4247817993164,0.12185172736644745,False,0,0
3072,Cube,0.04,36,65,58.16522979736328,57.55491638183594,12.304656028747559,False,False,True,7.740074157714844,0.8929657340049744,False,0,0
3072,Cube,0.04,37,65,35.07814407348633,40.95812225341797,8.764678955078125,False,False,True,31.8665771484375,0.29349851608276367,False,0,0
3072,Cube,0.04,38,65,41.92240905761719,57.15557861328125,12.618943214416504,False,False,True,35.885528564453125,0.28650251030921936,False,0,0
3072,Cube,0.04,39,65,288.9043273925781,15.64508056640625,2.9272451400756836,True,True,True,280.1883544921875,0.043385330587625504,False,0,0
3072,Cube,0.04,40,65,291.7028503417969,23.8690185546875,4.703802108764648,True,True,True,272.6024475097656,0.06547902524471283,False,0,0
3072,Cube,0.04,41,65,342.39263916015625,4.056671142578125,1.1386770009994507,True,True,True,340.69195556640625,0.013396019116044044,False,0,0
3072,Cube,0.04,42,65,1.3377265930175781,32.51075744628906,7.537388801574707,False,False,False,-3.1464405059814453,3.3520803451538086,False,0,0
3072,Cube,0.04,43,65,26.321619033813477,11.191726684570312,2.104187488555908,True,True,True,24.63958168029785,0.06390327960252762,False,0,0
3072,Cube,0.04,44,65,16.402803421020508,36.701446533203125,10.073651313781738,False,False,False,-16.08901596069336,1.980870008468628,False,0,0
3072,Cube,0.04,45,65,43.63480758666992,67.49313354492188,9.252538681030273,False,False,True,24.71609878540039,0.5022760033607483,False,0,0
3072,Cube,0.04,46,65,36.118873596191406,22.308029174804688,4.798591613769531,False,False,True,26.340744018554688,0.3041972517967224,False,0,0
3072,Cube,0.04,47,65,45.82209014892578,18.280303955078125,4.247342586517334,True,True,True,39.97924041748047,0.12751160562038422,False,0,0
3072,Cube,0.04,48,65,39.35085678100586,91.998779296875,10.454477310180664,False,False,True,37.72530746459961,0.3682820200920105,False,0,0
3072,Cube,0.04,49,65,71.5802230834961,47.838836669921875,10.471538543701172,False,False,True,57.21662902832031,0.20066429674625397,False,0,0
3072,Cube,0.04,50,65,45.64894104003906,20.26788330078125,4.338245391845703,True,True,True,40.506385803222656,0.11265446990728378,False,0,0
3072,Cube,0.04,51,65,94.25190734863281,24.509613037109375,5.6964569091796875,True,True,True,87.70648956298828,0.10250284522771835,False,0,0
3072,Cube,0.04,52,65,113.88553619384766,36.71989440917969,8.88121223449707,True,True,True,100.0078125,0.18582747876644135,False,0,0
3072,Cube,0.04,53,65,65.33213806152344,38.03643798828125,11.092347145080566,False,False,True,43.8456916809082,0.4455634355545044,False,0,0
3072,Cube,0.04,54,65,38.6246337890625,28.163772583007812,6.711380481719971,False,False,True,17.18958854675293,0.5549578666687012,False,0,0
3072,Cube,0.04,55,65,30.455211639404297,32.62566375732422,8.83064079284668,False,False,True,11.509692192077637,0.6735157370567322,False,0,0
3072,Cube,0.04,56,65,139.75906372070312,17.070281982421875,3.093787670135498,True,True,True,136.75193786621094,0.05084996297955513,False,0,0
3072,Cube,0.04,57,65,72.31846618652344,43.91455078125,10.97452449798584,False,False,True,43.744384765625,0.39511460065841675,False,0,0
3072,Cube,0.04,58,65,142.16697692871094,66.68701171875,14.507628440856934,True,True,True,100.52967071533203,0.32905954122543335,False,0,0
3072,Cube,0.04,59,65,47.73519515991211,62.7667236328125,5.310166835784912,False,False,True,42.12022018432617,0.24422749876976013,False,0,0
3072,Cube,0.04,60,65,232.3883514404297,35.03216552734375,6.327998638153076,True,True,True,222.90597534179688,0.13002149760723114,False,0,0
3072,Cube,0.04,61,65,67.44926452636719,54.749176025390625,7.611843585968018,False,False,True,50.23256301879883,0.3485853970050812,False,0,0
3072,Cube,0.04,62,65,72.0534439086914,71.58499145507812,14.005183219909668,False,False,True,31.073223114013672,0.6221655607223511,False,0,0
3072,Cube,0.04,63,65,21.84602165222168,9.4208984375,2.2891530990600586,True,True,True,21.538524627685547,0.03757556155323982,False,0,0
3072,Cube,0.04,64,65,11.580309867858887,60.094085693359375,16.460798263549805,False,False,False,-52.69749069213867,5.55061149597168,False,0,0
3072,Cube,0.04,65,65,116.9042739868164,42.6212158203125,11.921274185180664,True,True,True,114.10379791259766,0.20676209032535553,False,0,0
3072,Cube,0.04,66,65,80.5462875366211,23.757736206054688,5.485343933105469,True,True,True,66.62715911865234,0.17280903458595276,False,0,0
3072,Cube,0.04,67,65,78.00801849365234,22.76605224609375,5.150419235229492,True,True,True,60.743003845214844,0.22132360935211182,False,0,0
3072,Cube,0.04,68,65,21.828384399414062,52.69947814941406,12.990324974060059,False,False,True,6.356326103210449,0.7428097128868103,False,0,0
3072,Cube,0.04,69,65,255.3389129638672,48.5040283203125,6.167085647583008,True,True,True,201.02682495117188,0.21270586550235748,False,0,0
3072,Cube,0.04,70,65,100.37519836425781,35.594505310058594,7.956415176391602,True,True,True,73.59205627441406,0.3543352782726288,False,0,0
3072,Cube,0.04,71,65,101.98709869384766,36.313568115234375,9.26738452911377,True,True,True,77.11135864257812,0.3893962502479553,False,0,0
3072,Cube,0.04,72,65,34.78418731689453,45.47528076171875,7.155831813812256,False,False,True,22.227088928222656,0.3610002100467682,False,0,0
3072,Cube,0.04,73,65,53.56119155883789,25.461944580078125,6.066624641418457,True,True,True,45.118865966796875,0.16474729776382446,False,0,0
3072,Cube,0.04,74,65,302.41455078125,28.968704223632812,10.355952262878418,True,True,True,259.5897216796875,0.14160963892936707,False,0,0
3072,Cube,0.04,75,65,14.630619049072266,17.373519897460938,4.146480083465576,False,False,True,11.344676971435547,0.22459352016448975,False,0,0
3072,Cube,0.04,76,65,198.59950256347656,17.936798095703125,3.661442756652832,True,True,True,188.25198364257812,0.06916829943656921,False,0,0
3072,Cube,0.04,77,65,33.183956146240234,18.272445678710938,5.092762470245361,False,False,True,31.786155700683594,0.17810864746570587,False,0,0
3072,Cube,0.04,78,65,250.06202697753906,24.670684814453125,4.989431381225586,True,True,True,234.53512573242188,0.06326818466186523,False,0,0
3072,Cube,0.04,79,65,281.754638671875,26.761932373046875,7.673271179199219,True,True,True,234.513427734375,0.1676679253578186,False,0,0
3072,Cube,0.04,80,65,305.2443542480469,38.157379150390625,13.137067794799805,True,True,True,270.84283447265625,0.15661656856536865,False,0,0
3072,Cube,0.04,81,65,28.537260055541992,26.187942504882812,10.051947593688965,False,False,True,4.585108757019043,0.8422869443893433,False,0,0
3072,Cube,0.04,82,65,289.1424560546875,27.365966796875,8.815942764282227,True,True,True,261.3959655761719,0.11336145550012589,False,0,0
3072,Cube,0.04,83,65,131.51370239257812,26.262222290039062,5.83414888381958,True,True,True,115.27339935302734,0.20380538702011108,False,0,0
3072,Cube,0.04,84,65,95.04492950439453,49.36187744140625,12.840691566467285,False,False,True,65.6548080444336,0.41364315152168274,False,0,0
3072,Cube,0.04,85,65,111.41254425048828,9.601669311523438,2.730680227279663,True,True,True,107.59638977050781,0.075367771089077,False,0,0
3072,Cube,0.04,86,65,31.606740951538086,32.88201904296875,5.010721206665039,False,False,True,22.736610412597656,0.28064045310020447,False,0,0
3072,Cube,0.04,87,65,157.70352172851562,22.773681640625,4.25320291519165,True,True,True,150.6168975830078,0.06946472823619843,False,0,0
3072,Cube,0.04,88,65,39.845703125,14.162307739257812,3.9805893898010254,True,True,True,31.429786682128906,0.2112126499414444,False,0,0
3072,Cube,0.04,89,65,9.087831497192383,53.587806701660156,13.450655937194824,False,False,False,-22.5587215423584,3.4822998046875,False,55,55
3072,Cube,0.04,90,65,274.91552734375,22.48260498046875,4.417239189147949,True,True,True,257.0514221191406,0.09607469290494919,False,0,0
3072,Cube,0.04,91,65,10.350308418273926,43.7962646484375,10.797232627868652,False,False,False,-0.6236305236816406,1.06025230884552,False,39,39
3072,Cube,0.04,92,65,0.7899303436279297,43.48883056640625,10.791462898254395,False,False,False,-4.170158386230469,6.279147148132324,True,18,40
3072,Cube,0.04,93,65,237.10328674316406,15.0928955078125,3.1080899238586426,True,True,True,231.7346649169922,0.07300596684217453,False,0,0
3072,Cube,0.04,94,65,142.93490600585938,12.09259033203125,2.9232664108276367,True,True,True,132.34402465820312,0.08243652433156967,False,0,0
3072,Cube,0.04,95,65,72.78455352783203,20.5386962890625,5.5237321853637695,True,True,True,54.08244323730469,0.25695160031318665,False,0,0
3072,Cube,0.04,96,65,7.397087097167969,13.411224365234375,3.306972026824951,False,False,True,5.645720481872559,0.3224394917488098,False,0,0
3072,Cube,0.04,97,65,125.62714385986328,15.100921630859375,4.235583782196045,True,True,True,115.25602722167969,0.08419406414031982,False,0,0
3072,Cube,0.04,98,65,22.457374572753906,41.66217041015625,8.734256744384766,False,False,True,15.927499771118164,0.29076752066612244,False,0,0
3072,Cube,0.04,99,65,48.61622619628906,49.96940612792969,18.824676513671875,False,False,True,17.91837501525879,0.6329775452613831,False,0,0
3072,Cube,0.05,0,65,291.84332275390625,1.763641357421875,0.5200445055961609,True,True,True,290.9297180175781,0.00604123342782259,False,0,0
3072,Cube,0.05,1,65,87.74394226074219,4.955474853515625,0.6387224793434143,True,True,True,86.97246551513672,0.015012268908321857,False,0,0
3072,Cube,0.05,2,65,18.866384506225586,6.7285003662109375,1.4231325387954712,True,True,True,17.74712371826172,0.059325676411390305,False,0,0
3072,Cube,0.05,3,65,104.25897979736328,7.8537445068359375,1.9983842372894287,True,True,True,100.47271728515625,0.03631596639752388,False,0,0
3072,Cube,0.05,4,65,193.83006286621094,1.22137451171875,0.23555880784988403,True,True,True,192.699951171875,0.005830410402268171,False,0,0
3072,Cube,0.05,5,65,9.522192001342773,3.6353302001953125,0.8310245275497437,True,True,True,8.17007064819336,0.1419968605041504,False,0,0
3072,Cube,0.05,6,65,28.888999938964844,4.4603424072265625,0.8699049949645996,True,True,True,27.738815307617188,0.03981393203139305,False,0,0
3072,Cube,0.05,7,65,50.57645034790039,2.65264892578125,0.5195083618164062,True,True,True,49.728782653808594,0.02008320577442646,False,0,0
3072,Cube,0.05,8,65,16.008676528930664,2.2277984619140625,0.43304648995399475,True,True,True,15.86191463470459,0.026888450607657433,False,0,0
3072,Cube,0.05,9,65,39.44033432006836,4.137115478515625,0.9577573537826538,True,True,True,36.88333511352539,0.0665879100561142,False,0,0
3072,Cube,0.05,10,65,54.01670455932617,6.12554931640625,1.7139991521835327,True,True,True,49.33818435668945,0.08661247044801712,False,0,0
3072,Cube,0.05,11,65,42.782447814941406,5.863800048828125,1.2500896453857422,True,True,True,41.2438850402832,0.05302896350622177,False,0,0
3072,Cube,0.05,12,65,3.3488893508911133,3.5685272216796875,0.759259819984436,False,False,True,2.5992722511291504,0.22384050488471985,False,0,0
3072,Cube,0.05,13,65,5.339248180389404,3.91558837890625,0.9471027255058289,False,False,True,4.64290714263916,0.13041934370994568,False,0,0
3072,Cube,0.05,14,65,306.2911376953125,4.184814453125,0.7993802428245544,True,True,True,305.4143981933594,0.011706890538334846,False,0,0
3072,Cube,0.05,15,65,312.0580139160156,2.108673095703125,0.4192922115325928,True,True,True,310.1871032714844,0.007253995630890131,False,0,0
3072,Cube,0.05,16,65,8.687789916992188,3.3173828125,0.5539295077323914,True,True,True,8.11540699005127,0.06588360667228699,False,0,0
3072,Cube,0.05,17,65,16.260549545288086,3.242919921875,0.7406668066978455,True,True,True,15.162426948547363,0.06753294914960861,False,0,0
3072,Cube,0.05,18,65,125.98760223388672,4.1578369140625,0.6517099738121033,True,True,True,123.03792572021484,0.023412460461258888,False,0,0
3072,Cube,0.05,19,65,176.1200714111328,4.44329833984375,0.6356987357139587,True,True,True,174.97372436523438,0.019622432067990303,False,0,0
3072,Cube,0.05,20,65,110.86509704589844,3.55224609375,0.8921472430229187,True,True,True,107.26814270019531,0.03244442120194435,False,0,0
3072,Cube,0.05,21,65,26.37346649169922,6.785980224609375,1.8280576467514038,True,True,True,23.155635833740234,0.12201017141342163,False,0,0
3072,Cube,0.05,22,65,26.395719528198242,4.33929443359375,1.2369179725646973,True,True,True,24.717300415039062,0.06358679383993149,False,0,0
3072,Cube,0.05,23,65,53.91980743408203,3.963764190673828,0.988425612449646,True,True,True,48.947731018066406,0.09221239387989044,False,0,0
3072,Cube,0.05,24,65,24.71457290649414,2.20074462890625,0.43044430017471313,True,True,True,24.35567283630371,0.014521797187626362,False,0,0
3072,Cube,0.05,25,65,17.234830856323242,5.121307373046875,0.6174148321151733,True,True,True,16.896392822265625,0.04756319150328636,False,0,0
3072,Cube,0.05,26,65,13.011056900024414,1.27215576171875,0.2948143184185028,True,True,True,12.85434341430664,0.012044653296470642,False,0,0
3072,Cube,0.05,27,65,14.499269485473633,1.884796142578125,0.5685067772865295,True,True,True,13.736583709716797,0.05260166898369789,False,0,0
3072,Cube,0.05,28,65,5.205422401428223,4.02386474609375,0.8408563733100891,False,False,True,3.9242234230041504,0.24612778425216675,False,0,0
3072,Cube,0.05,29,65,133.9264678955078,3.6952972412109375,0.6484695672988892,True,True,True,131.96913146972656,0.014907832257449627,False,0,0
3072,Cube,0.05,30,65,77.23785400390625,1.816925048828125,0.4384908378124237,True,True,True,77.15855407714844,0.009528014808893204,False,0,0
3072,Cube,0.05,31,65,16.060270309448242,1.908172607421875,0.46034687757492065,True,True,True,15.262365341186523,0.04968194290995598,False,0,0
3072,Cube,0.05,32,65,98.70352935791016,3.2707061767578125,0.8047900795936584,True,True,True,96.01172637939453,0.027271583676338196,False,0,0
3072,Cube,0.05,33,65,64.89987182617188,1.6509552001953125,0.41941121220588684,True,True,True,64.6805191040039,0.010713477618992329,False,0,0
3072,Cube,0.05,34,65,265.628173828125,4.791473388671875,0.7610386610031128,True,True,True,264.9849853515625,0.01850995421409607,False,0,0
3072,Cube,0.05,35,65,56.90616226196289,6.8990631103515625,1.6645543575286865,True,True,True,55.93745422363281,0.07497525960206985,False,0,0
3072,Cube,0.05,36,65,31.140689849853516,6.999908447265625,1.7458786964416504,True,True,True,26.811010360717773,0.13903607428073883,False,0,0
3072,Cube,0.05,37,65,3.987973213195801,4.517333984375,0.8958739042282104,False,False,True,3.897916793823242,0.022582001984119415,False,0,0
3072,Cube,0.05,38,65,24.874757766723633,4.15484619140625,1.0406993627548218,True,True,True,24.30584716796875,0.040925513952970505,False,0,0
3072,Cube,0.05,39,65,42.5401611328125,4.68670654296875,0.7906844615936279,True,True,True,41.67496871948242,0.027551716193556786,False,0,0
3072,Cube,0.05,40,65,270.8570251464844,0.7274284362792969,0.18541653454303741,True,True,True,269.4154968261719,0.005322142969816923,False,0,0
3072,Cube,0.05,41,65,307.05078125,1.623870849609375,0.17165784537792206,True,True,True,306.1261901855469,0.0047307563945651054,False,0,0
3072,Cube,0.05,42,65,22.67524528503418,2.139312744140625,0.35988500714302063,True,True,True,21.953031539916992,0.03185029700398445,False,0,0
3072,Cube,0.05,43,65,87.26515197753906,3.282989501953125,0.4137675166130066,True,True,True,86.0455551147461,0.013975740410387516,False,0,0
3072,Cube,0.05,44,65,20.02370262145996,6.224578857421875,1.0632389783859253,True,True,True,18.569927215576172,0.07260268181562424,False,0,0
3072,Cube,0.05,45,65,14.958481788635254,5.783233642578125,1.0893288850784302,True,True,True,14.755738258361816,0.08522096276283264,False,0,0
3072,Cube,0.05,46,65,31.436315536499023,1.640045166015625,0.5583191514015198,True,True,True,31.05059242248535,0.018591200932860374,False,0,0
3072,Cube,0.05,47,65,6.5653767585754395,1.530426025390625,0.39111313223838806,True,True,True,6.223276138305664,0.05210677534341812,False,0,0
3072,Cube,0.05,48,65,0.0725712776184082,2.178314208984375,0.4410381317138672,False,False,False,-0.08918476104736328,2.228926420211792,True,0,15
3072,Cube,0.05,49,65,23.6832275390625,0.71319580078125,0.16007471084594727,True,True,True,23.347970962524414,0.014155845157802105,False,0,0
3072,Cube,0.05,50,65,40.44987487792969,1.46966552734375,0.31762659549713135,True,True,True,39.850223541259766,0.014824576675891876,False,0,0
3072,Cube,0.05,51,65,53.17624282836914,3.068115234375,0.8390830159187317,True,True,True,51.54000473022461,0.0326399952173233,False,0,0
3072,Cube,0.05,52,65,24.401935577392578,4.5126190185546875,1.0557708740234375,True,True,True,22.413692474365234,0.08147893100976944,False,0,0
3072,Cube,0.05,53,65,29.211681365966797,8.3612060546875,1.573959231376648,True,True,True,27.338214874267578,0.07253888249397278,False,0,0
3072,Cube,0.05,54,65,56.445281982421875,6.395111083984375,0.8260498046875,True,True,True,55.083099365234375,0.042675308883190155,False,0,0
3072,Cube,0.05,55,65,36.632057189941406,11.21893310546875,2.1194069385528564,True,True,True,33.674625396728516,0.08073341846466064,False,0,0
3072,Cube,0.05,56,65,22.62624740600586,1.9944915771484375,0.49970802664756775,True,True,True,21.90206527709961,0.03462393209338188,False,0,0
3072,Cube,0.05,57,65,22.520448684692383,4.776634216308594,0.657698392868042,True,True,True,20.573345184326172,0.08645939826965332,False,0,0
3072,Cube,0.05,58,65,121.62681579589844,3.914794921875,0.6709651947021484,True,True,True,121.10050201416016,0.011816946789622307,False,0,0
3072,Cube,0.05,59,65,19.825117111206055,3.0938262939453125,0.7313461303710938,True,True,True,18.48044776916504,0.06782659143209457,False,0,0
3072,Cube,0.05,60,65,313.2806396484375,0.66595458984375,0.17800921201705933,True,True,True,312.9561767578125,0.0016416385769844055,False,0,0
3072,Cube,0.05,61,65,29.771913528442383,2.8329620361328125,0.8805178999900818,True,True,True,29.04306411743164,0.05449063703417778,False,0,0
3072,Cube,0.05,62,65,62.00069808959961,9.108604431152344,1.4754866361618042,True,True,True,52.84860610961914,0.14761269092559814,False,0,0
3072,Cube,0.05,63,65,87.7442855834961,2.475555419921875,0.4034910500049591,True,True,True,86.39173126220703,0.01541470643132925,False,0,0
3072,Cube,0.05,64,65,26.16888427734375,5.6046142578125,1.0408369302749634,True,True,True,24.14457130432129,0.07735574245452881,False,0,0
3072,Cube,0.05,65,65,26.146770477294922,3.7237548828125,0.5283610224723816,True,True,True,25.15597152709961,0.03789374232292175,False,0,0
3072,Cube,0.05,66,65,73.76332092285156,2.739471435546875,0.637934148311615,True,True,True,71.5580062866211,0.029897203668951988,False,0,0
3072,Cube,0.05,67,65,78.83194732666016,3.8601531982421875,0.8726227879524231,True,True,True,78.21420288085938,0.039843253791332245,False,0,0
3072,Cube,0.05,68,65,4.468832015991211,3.2654571533203125,0.6485066413879395,False,False,True,3.3010048866271973,0.2613271474838257,False,0,0
3072,Cube,0.05,69,65,256.9701843261719,5.10540771484375,0.6313083171844482,True,True,True,256.044189453125,0.016390876844525337,False,0,0
3072,Cube,0.05,70,65,46.95328140258789,6.529205322265625,1.1861610412597656,True,True,True,44.6092414855957,0.07910420000553131,False,0,0
3072,Cube,0.05,71,65,2.983341693878174,2.678558349609375,0.5578331351280212,False,False,True,2.5226712226867676,0.15441429615020752,False,0,0
3072,Cube,0.05,72,65,29.751373291015625,1.5507965087890625,0.24772970378398895,True,True,True,29.518640518188477,0.01717814989387989,False,0,0
3072,Cube,0.05,73,65,19.171710968017578,4.482421875,1.2417564392089844,True,True,True,18.08631706237793,0.05661437287926674,False,0,0
3072,Cube,0.05,74,65,224.90855407714844,1.716156005859375,0.6417299509048462,True,True,True,222.45338439941406,0.01091630570590496,False,0,0
3072,Cube,0.05,75,65,0.13861870765686035,3.6722564697265625,1.0995689630508423,False,False,False,-0.03631711006164551,1.2619928121566772,False,0,0
3072,Cube,0.05,76,65,89.96430206298828,2.627197265625,0.7576513290405273,True,True,True,89.10331726074219,0.01430639810860157,False,0,0
3072,Cube,0.05,77,65,18.812931060791016,4.10345458984375,1.2391910552978516,True,True,True,17.28002166748047,0.0814816877245903,False,0,0
3072,Cube,0.05,78,65,31.93408203125,9.51025390625,2.1396324634552,True,True,True,25.853891372680664,0.190398171544075,False,0,0
3072,Cube,0.05,79,65,277.8708190917969,1.188140869140625,0.2389315366744995,True,True,True,277.3507080078125,0.004668126814067364,False,0,0
3072,Cube,0.05,80,65,242.31631469726562,2.6876220703125,0.3545393645763397,True,True,True,239.5195770263672,0.011541681364178658,False,0,0
3072,Cube,0.05,81,65,19.18829345703125,2.8833770751953125,0.6561926603317261,True,True,True,18.30997085571289,0.08100537955760956,False,0,0
3072,Cube,0.05,82,65,358.0485534667969,4.091796875,1.0673414468765259,True,True,True,356.41693115234375,0.00975553784519434,False,0,0
3072,Cube,0.05,83,65,52.82236862182617,2.4877471923828125,0.4346933960914612,True,True,True,51.36455535888672,0.027598444372415543,False,0,0
3072,Cube,0.05,84,65,33.38399887084961,1.484039306640625,0.34800150990486145,True,True,True,32.72896194458008,0.021714966744184494,False,0,0
3072,Cube,0.05,85,65,106.03097534179688,4.6220703125,1.2303493022918701,True,True,True,104.79229736328125,0.027267728000879288,False,0,0
3072,Cube,0.05,86,65,19.466793060302734,3.993621826171875,1.1147372722625732,True,True,True,18.90256690979004,0.057011980563402176,False,0,0
3072,Cube,0.05,87,65,61.39421844482422,0.9665069580078125,0.2529732882976532,True,True,True,60.8580436706543,0.010549308732151985,False,0,0
3072,Cube,0.05,88,65,47.72113800048828,6.397247314453125,2.104416608810425,True,True,True,45.51742935180664,0.09972112625837326,False,0,0
3072,Cube,0.05,89,65,16.327442169189453,5.0538330078125,1.104756474494934,True,True,True,15.031913757324219,0.07934669405221939,False,0,0
3072,Cube,0.05,90,65,306.5454406738281,2.105072021484375,0.589932918548584,True,True,True,306.0289306640625,0.006107410416007042,False,0,0
3072,Cube,0.05,91,65,41.745582580566406,4.8653564453125,1.0259519815444946,True,True,True,38.0357666015625,0.08886726200580597,False,0,0
3072,Cube,0.05,92,65,7.951699733734131,3.9985885620117188,0.9656543731689453,False,False,True,7.681535720825195,0.0412149615585804,False,0,0
3072,Cube,0.05,93,65,177.49624633789062,2.1095123291015625,0.2947333753108978,True,True,True,175.28125,0.012479113414883614,False,0,0
3072,Cube,0.05,94,65,59.27983474731445,5.846893310546875,1.150187373161316,True,True,True,58.775142669677734,0.05201983451843262,False,0,0
3072,Cube,0.05,95,65,12.337434768676758,3.89508056640625,0.8960661888122559,True,True,True,11.919088363647461,0.09820956736803055,False,0,0
3072,Cube,0.05,96,65,8.408866882324219,4.4763031005859375,1.2496651411056519,False,False,True,6.897640705108643,0.17971816658973694,False,0,0
3072,Cube,0.05,97,65,54.65386962890625,5.9439697265625,1.409171223640442,True,True,True,51.86027526855469,0.0511142760515213,False,0,0
3072,Cube,0.05,98,65,14.957025527954102,8.089767456054688,1.5059309005737305,False,False,True,12.911076545715332,0.136788472533226,False,0,0
3072,Cube,0.05,99,65,81.19232940673828,2.956787109375,0.7934435606002808,True,True,True,79.27095031738281,0.027276182547211647,False,0,0
3072,Cube,0.06,0,65,327.1371765136719,8.121917724609375,2.0132555961608887,True,True,True,323.8376159667969,0.02214580401778221,False,0,0
3072,Cube,0.06,1,65,195.95045471191406,6.564727783203125,0.8178277015686035,True,True,True,193.53591918945312,0.019813163205981255,False,0,0
3072,Cube,0.06,2,65,34.01662063598633,13.373641967773438,3.840392589569092,True,True,True,29.312416076660156,0.1382913589477539,False,0,0
3072,Cube,0.06,3,65,132.30838012695312,21.7386474609375,3.078463554382324,True,True,True,125.89395904541016,0.052095431834459305,False,0,0
3072,Cube,0.06,4,65,270.8940734863281,7.575103759765625,1.3997061252593994,True,True,True,266.93829345703125,0.023846657946705818,False,0,0
3072,Cube,0.06,5,65,22.619754791259766,19.499710083007812,4.974601745605469,False,False,True,0.5682611465454102,0.9748777151107788,False,0,0
3072,Cube,0.06,6,65,4.806854248046875,22.30718994140625,7.526224613189697,False,False,False,-7.114021301269531,2.4799745082855225,False,0,0
3072,Cube,0.06,7,65,35.35547637939453,6.706573486328125,1.5454766750335693,True,True,True,33.64918518066406,0.08486109972000122,False,0,0
3072,Cube,0.06,8,65,53.14200210571289,6.510498046875,1.5004891157150269,True,True,True,52.311275482177734,0.03621002659201622,False,0,0
3072,Cube,0.06,9,65,108.5793228149414,13.02960205078125,3.7207345962524414,True,True,True,95.6842041015625,0.11876221001148224,False,0,0
3072,Cube,0.06,10,65,28.134685516357422,14.982452392578125,2.260190963745117,False,False,True,26.080778121948242,0.07747625559568405,False,0,0
3072,Cube,0.06,11,65,12.580751419067383,6.6094512939453125,1.407024621963501,False,False,True,10.371942520141602,0.1755705028772354,False,0,0
3072,Cube,0.06,12,65,4.220707416534424,15.44390869140625,4.242783069610596,False,False,True,3.7362093925476074,0.36085569858551025,False,0,0
3072,Cube,0.06,13,65,65.92764282226562,10.88848876953125,3.2039668560028076,True,True,True,64.17619323730469,0.0605156347155571,False,0,0
3072,Cube,0.06,14,65,326.85687255859375,17.906341552734375,4.766030788421631,True,True,True,321.5257263183594,0.04934513568878174,False,0,0
3072,Cube,0.06,15,65,222.94491577148438,13.329376220703125,3.6284682750701904,True,True,True,206.84396362304688,0.07221938669681549,False,0,0
3072,Cube,0.06,16,65,54.991973876953125,13.101654052734375,2.634458065032959,True,True,True,47.930667877197266,0.14089582860469818,False,0,0
3072,Cube,0.06,17,65,132.8123016357422,12.677139282226562,3.2230608463287354,True,True,True,126.95973205566406,0.05707215890288353,False,0,0
3072,Cube,0.06,18,65,117.50337982177734,2.29693603515625,0.5591077208518982,True,True,True,115.35591125488281,0.018275786191225052,False,0,0
3072,Cube,0.06,19,65,169.8890380859375,6.791900634765625,1.0955766439437866,True,True,True,168.2615203857422,0.01752871833741665,False,0,0
3072,Cube,0.06,20,65,108.22587585449219,6.2108154296875,1.5554438829421997,True,True,True,104.26863098144531,0.03656469285488129,False,0,0
3072,Cube,0.06,21,65,129.84408569335938,8.993240356445312,2.722121238708496,True,True,True,120.82302856445312,0.06947606056928635,False,0,0
3072,Cube,0.06,22,65,59.53806686401367,21.563568115234375,4.656656742095947,True,True,True,57.70915603637695,0.214585542678833,False,0,0
3072,Cube,0.06,23,65,165.4266815185547,16.35321044921875,3.1996161937713623,True,True,True,152.75387573242188,0.09365370124578476,False,0,0
3072,Cube,0.06,24,65,80.96991729736328,9.81671142578125,2.216869592666626,True,True,True,78.1485366821289,0.07448402792215347,False,0,0
3072,Cube,0.06,25,65,76.42829895019531,37.449951171875,6.44483757019043,True,True,True,64.39028930664062,0.15963298082351685,False,0,0
3072,Cube,0.06,26,65,67.56302642822266,8.8204345703125,3.3444559574127197,True,True,True,64.87852478027344,0.06215403601527214,False,0,0
3072,Cube,0.06,27,65,29.658218383789062,7.79791259765625,2.168609142303467,True,True,True,28.389015197753906,0.05740362033247948,False,0,0
3072,Cube,0.06,28,65,39.10392379760742,14.624298095703125,4.076981067657471,True,True,True,31.263700485229492,0.200497105717659,False,0,0
3072,Cube,0.06,29,65,219.85096740722656,8.8692626953125,1.6236145496368408,True,True,True,217.81617736816406,0.03121659904718399,False,0,0
3072,Cube,0.06,30,65,52.3068733215332,22.161834716796875,5.780619144439697,True,True,True,49.434608459472656,0.15482205152511597,False,0,0
3072,Cube,0.06,31,65,63.48522186279297,15.443740844726562,3.774675130844116,True,True,True,53.62322235107422,0.1553432196378708,False,0,0
3072,Cube,0.06,32,65,130.3117218017578,13.98004150390625,2.84303879737854,True,True,True,126.96463012695312,0.0842052772641182,False,0,0
3072,Cube,0.06,33,65,90.35197448730469,16.817474365234375,3.9518160820007324,True,True,True,82.67049407958984,0.10464847832918167,False,0,0
3072,Cube,0.06,34,65,220.80735778808594,12.7086181640625,1.9360735416412354,True,True,True,215.11610412597656,0.04980244114995003,False,0,0
3072,Cube,0.06,35,65,91.40596771240234,4.9852294921875,1.2534723281860352,True,True,True,86.72129821777344,0.051251232624053955,False,0,0
3072,Cube,0.06,36,65,61.20922088623047,6.8079986572265625,1.6379953622817993,True,True,True,53.38379669189453,0.12784717977046967,False,0,0
3072,Cube,0.06,37,65,61.34217834472656,12.824676513671875,2.831956624984741,True,True,True,57.893638610839844,0.10338088870048523,False,0,0
3072,Cube,0.06,38,65,35.129638671875,14.73236083984375,3.892263889312744,True,True,True,34.142852783203125,0.07440973073244095,False,0,0
3072,Cube,0.06,39,65,273.4768371582031,11.096466064453125,2.7771544456481934,True,True,True,266.8203430175781,0.031541820615530014,False,0,0
3072,Cube,0.06,40,65,281.7457580566406,19.92889404296875,2.819863796234131,True,True,True,269.4236145019531,0.06140161678195,False,0,0
3072,Cube,0.06,41,65,269.7806091308594,2.46478271484375,0.6253807544708252,True,True,True,267.393798828125,0.012694182805716991,False,0,0
3072,Cube,0.06,42,65,3.9670181274414062,9.802162170410156,2.8261373043060303,False,False,False,-3.566049575805664,1.898924469947815,False,4,4
3072,Cube,0.06,43,65,31.344329833984375,9.134048461914062,2.0295987129211426,True,True,True,29.528894424438477,0.057919107377529144,False,0,0
3072,Cube,0.06,44,65,35.53731155395508,15.0968017578125,3.4375669956207275,True,True,True,26.6605281829834,0.24978770315647125,False,0,0
3072,Cube,0.06,45,65,28.622509002685547,37.915191650390625,5.384161472320557,False,False,True,15.465062141418457,0.45968881249427795,False,0,0
3072,Cube,0.06,46,65,56.02490997314453,20.08319091796875,5.368433475494385,True,True,True,42.58076477050781,0.2963225841522217,False,0,0
3072,Cube,0.06,47,65,46.428260803222656,7.7086334228515625,1.6600128412246704,True,True,True,43.32223129272461,0.06689953058958054,False,0,0
3072,Cube,0.06,48,65,42.53984069824219,38.527069091796875,7.134210586547852,False,False,True,37.80756759643555,0.15851223468780518,False,0,0
3072,Cube,0.06,49,65,46.717769622802734,15.22674560546875,4.014893054962158,True,True,True,42.109683990478516,0.10625381767749786,False,0,0
3072,Cube,0.06,50,65,41.90119934082031,10.514739990234375,2.1279053688049316,True,True,True,40.29401779174805,0.05520999804139137,False,0,0
3072,Cube,0.06,51,65,56.91065979003906,10.733734130859375,2.489081621170044,True,True,True,53.88560485839844,0.05315447598695755,False,0,0
3072,Cube,0.06,52,65,137.7593536376953,5.400390625,1.5955328941345215,True,True,True,137.6498260498047,0.020253801718354225,False,0,0
3072,Cube,0.06,53,65,84.8979263305664,17.381820678710938,4.573190212249756,True,True,True,79.2614517211914,0.1364585906267166,False,0,0
3072,Cube,0.06,54,65,37.33428955078125,13.43804931640625,4.070345401763916,True,True,True,30.930110931396484,0.2200615555047989,False,0,0
3072,Cube,0.06,55,65,29.606565475463867,10.687835693359375,2.78049373626709,True,True,True,24.3405818939209,0.1778654158115387,False,0,0
3072,Cube,0.06,56,65,144.57286071777344,10.153549194335938,1.9839979410171509,True,True,True,139.39376831054688,0.04708792269229889,False,0,0
3072,Cube,0.06,57,65,107.34967041015625,26.891265869140625,5.25309419631958,True,True,True,89.86479949951172,0.16287773847579956,False,0,0
3072,Cube,0.06,58,65,101.02039337158203,19.9766845703125,3.3385910987854004,True,True,True,94.77877807617188,0.08374124765396118,False,0,0
3072,Cube,0.06,59,65,49.26980972290039,6.704345703125,0.9992910623550415,True,True,True,48.16239929199219,0.04119912162423134,False,0,0
3072,Cube,0.06,60,65,281.6396789550781,11.954864501953125,2.6636874675750732,True,True,True,280.3819580078125,0.034399665892124176,False,0,0
3072,Cube,0.06,61,65,58.917335510253906,5.2185211181640625,1.0127397775650024,True,True,True,58.108367919921875,0.03752636909484863,False,0,0
3072,Cube,0.06,62,65,62.21033477783203,6.99652099609375,1.6011766195297241,True,True,True,57.764739990234375,0.07146073132753372,False,0,0
3072,Cube,0.06,63,65,26.949445724487305,9.7542724609375,2.748502492904663,True,True,True,26.022592544555664,0.0797286331653595,False,0,0
3072,Cube,0.06,64,65,25.5694637298584,15.38134765625,4.114582538604736,False,False,True,15.35992431640625,0.3992864191532135,False,0,0
3072,Cube,0.06,65,65,144.82382202148438,10.9183349609375,3.4741146564483643,True,True,True,131.09007263183594,0.09483073651790619,False,0,0
3072,Cube,0.06,66,65,74.9276351928711,16.13745880126953,2.926814079284668,True,True,True,70.96115112304688,0.16568636894226074,False,0,0
3072,Cube,0.06,67,65,81.50397491455078,6.47344970703125,1.5723012685775757,True,True,True,77.56441497802734,0.06362667679786682,False,0,0
3072,Cube,0.06,68,65,23.425561904907227,21.30322265625,9.295036315917969,False,False,True,10.814360618591309,0.5383521318435669,False,0,0
3072,Cube,0.06,69,65,298.211669921875,2.6236572265625,0.67242032289505,True,True,True,297.7928771972656,0.008788161911070347,False,0,0
3072,Cube,0.06,70,65,92.35367584228516,18.178985595703125,3.861970901489258,True,True,True,79.7671127319336,0.13628652691841125,False,0,0
3072,Cube,0.06,71,65,103.35661315917969,5.214996337890625,1.3902820348739624,True,True,True,102.20117950439453,0.017191924154758453,False,0,0
3072,Cube,0.06,72,65,22.709598541259766,17.744972229003906,2.6208295822143555,False,False,True,17.66962432861328,0.22193142771720886,False,0,0
3072,Cube,0.06,73,65,64.22109985351562,3.4053955078125,0.901808500289917,True,True,True,63.060142517089844,0.0314992256462574,False,0,0
3072,Cube,0.06,74,65,262.7550048828125,9.49127197265625,1.959100365638733,True,True,True,262.03778076171875,0.02131488174200058,False,0,0
3072,Cube,0.06,75,65,30.453969955444336,11.833587646484375,3.129415273666382,True,True,True,28.044429779052734,0.10529907792806625,False,0,0
3072,Cube,0.06,76,65,203.02081298828125,9.53375244140625,1.6547422409057617,True,True,True,196.6947784423828,0.03464483469724655,False,0,0
3072,Cube,0.06,77,65,45.556785583496094,8.194427490234375,2.0334224700927734,True,True,True,42.784271240234375,0.06659117341041565,False,0,0
3072,Cube,0.06,78,65,182.5427703857422,22.2576904296875,3.7229690551757812,True,True,True,168.251953125,0.07828746736049652,False,0,0
3072,Cube,0.06,79,65,190.76548767089844,5.78131103515625,1.9390925168991089,True,True,True,189.73963928222656,0.015043768100440502,False,0,0
3072,Cube,0.06,80,65,300.2701416015625,9.3843994140625,2.7071425914764404,True,True,True,296.39752197265625,0.031988535076379776,False,0,0
3072,Cube,0.06,81,65,30.53636932373047,4.98114013671875,1.3957570791244507,True,True,True,27.432538986206055,0.11899933964014053,False,0,0
3072,Cube,0.06,82,65,281.3822937011719,5.0479736328125,1.4945892095565796,True,True,True,276.7251892089844,0.016550855711102486,False,0,0
3072,Cube,0.06,83,65,148.28578186035156,20.800155639648438,4.872218132019043,True,True,True,127.60801696777344,0.15444940328598022,False,0,0
3072,Cube,0.06,84,65,95.29142761230469,4.2164154052734375,0.9171922206878662,True,True,True,91.00682067871094,0.04496316984295845,False,0,0
3072,Cube,0.06,85,65,27.516748428344727,6.513824462890625,1.6535320281982422,True,True,True,27.199655532836914,0.0382302850484848,False,0,0
3072,Cube,0.06,86,65,27.675024032592773,13.8289794921875,4.318192958831787,True,True,True,22.017192840576172,0.20443817973136902,False,0,0
3072,Cube,0.06,87,65,151.11636352539062,5.75390625,1.4031418561935425,True,True,True,150.43194580078125,0.0266437865793705,False,0,0
3072,Cube,0.06,88,65,31.55449867248535,6.26348876953125,1.150038242340088,True,True,True,30.318225860595703,0.0391790010035038,False,0,0
3072,Cube,0.06,89,65,2.4479799270629883,13.810287475585938,3.4650070667266846,False,False,False,-7.115327835083008,3.906611919403076,False,55,55
3072,Cube,0.06,90,65,290.74066162109375,12.64306640625,2.110948085784912,True,True,True,286.1948547363281,0.04026518762111664,False,0,0
3072,Cube,0.06,91,65,12.739814758300781,18.16796875,2.546359062194824,False,False,True,10.863754272460938,0.1472596377134323,False,39,39
3072,Cube,0.06,92,65,1.3700523376464844,21.560150146484375,7.566414833068848,False,False,True,0.7402143478393555,0.5026718378067017,False,0,0
3072,Cube,0.06,93,65,183.19981384277344,5.5154876708984375,1.2709439992904663,True,True,True,176.59146118164062,0.03607182577252388,False,0,0
3072,Cube,0.06,94,65,128.94598388671875,19.253265380859375,2.380126714706421,True,True,True,127.16840362548828,0.05289082229137421,False,0,0
3072,Cube,0.06,95,65,86.9850845336914,2.8131561279296875,0.8446768522262573,True,True,True,86.43426513671875,0.02232946641743183,False,0,0
3072,Cube,0.06,96,65,6.059337615966797,5.3764495849609375,1.4005118608474731,False,False,True,4.675599575042725,0.22836457192897797,False,0,0
3072,Cube,0.06,97,65,118.79734802246094,11.526016235351562,2.6952357292175293,True,True,True,111.27105712890625,0.06844687461853027,False,0,0
3072,Cube,0.06,98,65,31.819440841674805,30.232879638671875,4.4750471115112305,False,False,True,30.369342803955078,0.1640244722366333,False,0,0
3072,Cube,0.06,99,65,67.00563049316406,13.672454833984375,3.4702095985412598,True,True,True,60.947532653808594,0.12606798112392426,False,0,0
3072,Cube,0.07,0,65,283.8984680175781,7.6981201171875,1.2135087251663208,True,True,True,278.4576416015625,0.021506905555725098,False,0,0
3072,Cube,0.07,1,65,195.23379516601562,7.441375732421875,0.8728885650634766,True,True,True,192.83155822753906,0.02374805323779583,False,0,0
3072,Cube,0.07,2,65,19.492237091064453,10.3223876953125,3.806947708129883,False,False,True,14.196905136108398,0.2716636657714844,False,0,0
3072,Cube,0.07,3,65,129.35372924804688,8.9261474609375,1.8788150548934937,True,True,True,124.26905059814453,0.03953554481267929,False,0,0
3072,Cube,0.07,4,65,255.90272521972656,16.8924560546875,3.026935577392578,True,True,True,248.94342041015625,0.051157400012016296,False,0,0
3072,Cube,0.07,5,65,23.132232666015625,7.5762939453125,1.683421015739441,True,True,True,19.970951080322266,0.1366613209247589,False,0,0
3072,Cube,0.07,6,65,22.62835121154785,15.844833374023438,2.6347312927246094,False,False,True,19.69487762451172,0.17370741069316864,False,0,0
3072,Cube,0.07,7,65,68.29193878173828,8.21295166015625,2.127810001373291,True,True,True,65.15809631347656,0.04588887840509415,False,0,0
3072,Cube,0.07,8,65,37.50336837768555,12.312530517578125,2.08821702003479,True,True,True,35.76694869995117,0.046477582305669785,False,0,0
3072,Cube,0.07,9,65,133.4401397705078,3.043853759765625,0.815555989742279,True,True,True,132.5575714111328,0.012987663969397545,False,0,0
3072,Cube,0.07,10,65,44.97129440307617,17.99810791015625,3.697567939758301,True,True,True,35.68516540527344,0.2064901441335678,False,0,0
3072,Cube,0.07,11,65,26.441669464111328,10.729461669921875,2.475008487701416,True,True,True,20.396209716796875,0.228633850812912,False,0,0
3072,Cube,0.07,12,65,0.9252896308898926,8.389801025390625,1.9452731609344482,False,False,True,0.5444278717041016,0.4116135537624359,False,0,0
3072,Cube,0.07,13,65,68.40795135498047,6.2550048828125,1.3665462732315063,True,True,True,67.45463562011719,0.026881005614995956,False,0,0
3072,Cube,0.07,14,65,308.21142578125,5.546966552734375,1.7477681636810303,True,True,True,303.5916442871094,0.026489853858947754,False,0,0
3072,Cube,0.07,15,65,230.34339904785156,27.756988525390625,4.536581993103027,True,True,True,225.78167724609375,0.06816034018993378,False,0,0
3072,Cube,0.07,16,65,119.77267456054688,7.413330078125,1.6280280351638794,True,True,True,117.81135559082031,0.046202871948480606,False,0,0
3072,Cube,0.07,17,65,165.44630432128906,4.7883758544921875,1.1518886089324951,True,True,True,159.3063201904297,0.037111636251211166,False,0,0
3072,Cube,0.07,18,65,104.6356430053711,5.61785888671875,1.4303464889526367,True,True,True,99.22126770019531,0.05174504965543747,False,0,0
3072,Cube,0.07,19,65,175.03634643554688,2.253814697265625,0.6529787182807922,True,True,True,173.58822631835938,0.008273228071630001,False,0,0
3072,Cube,0.07,20,65,101.23382568359375,17.777069091796875,3.849337577819824,True,True,True,93.039794921875,0.08094165474176407,False,0,0
3072,Cube,0.07,21,65,199.44029235839844,11.692108154296875,2.5867645740509033,True,True,True,190.963134765625,0.05755867809057236,False,0,0
3072,Cube,0.07,22,65,39.77788543701172,27.786346435546875,3.6609721183776855,False,False,True,38.9143180847168,0.1287245750427246,False,0,0
3072,Cube,0.07,23,65,159.01141357421875,34.596343994140625,4.529596328735352,True,True,True,141.7072296142578,0.1487630158662796,False,0,0
3072,Cube,0.07,24,65,55.830318450927734,13.56884765625,2.135479688644409,True,True,True,54.34607696533203,0.06783220171928406,False,0,0
3072,Cube,0.07,25,65,81.74163055419922,21.43572998046875,3.5532314777374268,True,True,True,77.0925521850586,0.09307780116796494,False,0,0
3072,Cube,0.07,26,65,49.26371765136719,7.47393798828125,2.030486583709717,True,True,True,47.99382781982422,0.04484962299466133,False,0,0
3072,Cube,0.07,27,65,26.8398380279541,10.712936401367188,2.461568832397461,True,True,True,23.64008331298828,0.11921665072441101,False,0,0
3072,Cube,0.07,28,65,19.855188369750977,13.598556518554688,3.3959524631500244,False,False,True,15.933366775512695,0.19752125442028046,False,0,0
3072,Cube,0.07,29,65,208.55670166015625,9.50311279296875,1.5352778434753418,True,True,True,204.49826049804688,0.02796783298254013,False,0,0
3072,Cube,0.07,30,65,53.77442169189453,7.5603485107421875,1.9974656105041504,True,True,True,52.7258415222168,0.04980389401316643,False,0,0
3072,Cube,0.07,31,65,63.9434928894043,18.369400024414062,3.049894094467163,True,True,True,60.714805603027344,0.18244698643684387,False,0,0
3072,Cube,0.07,32,65,102.61058807373047,5.916534423828125,1.5258455276489258,True,True,True,100.4028549194336,0.035162992775440216,False,0,0
3072,Cube,0.07,33,65,98.66199493408203,16.89306640625,2.7695343494415283,True,True,True,92.60884094238281,0.09896194934844971,False,0,0
3072,Cube,0.07,34,65,301.1142883300781,7.86944580078125,0.9801589250564575,True,True,True,299.1075744628906,0.025234272703528404,False,0,0
3072,Cube,0.07,35,65,108.50325775146484,14.570831298828125,3.3142709732055664,True,True,True,105.00994110107422,0.06333360075950623,False,0,0
3072,Cube,0.07,36,65,54.20087814331055,4.77032470703125,0.9392781257629395,True,True,True,53.919490814208984,0.0381174236536026,False,0,0
3072,Cube,0.07,37,65,78.58830261230469,4.057373046875,0.8362168073654175,True,True,True,76.95231628417969,0.026133054867386818,False,0,0
3072,Cube,0.07,38,65,43.243412017822266,11.758819580078125,2.7291476726531982,True,True,True,32.399932861328125,0.2507544457912445,False,0,0
3072,Cube,0.07,39,65,254.91232299804688,18.61065673828125,3.057262897491455,True,True,True,246.5116729736328,0.060363173484802246,False,0,0
3072,Cube,0.07,40,65,262.3363037109375,11.87628173828125,3.0544936656951904,True,True,True,254.277587890625,0.03734724968671799,False,0,0
3072,Cube,0.07,41,65,229.9018096923828,5.231353759765625,1.409737229347229,True,True,True,226.35556030273438,0.018443772569298744,False,0,0
3072,Cube,0.07,42,65,10.095569610595703,6.467094421386719,1.4819241762161255,False,False,True,5.091366767883301,0.49568307399749756,False,2,2
3072,Cube,0.07,43,65,32.187774658203125,15.282012939453125,3.5950212478637695,True,True,True,25.473051071166992,0.20861098170280457,False,0,0
3072,Cube,0.07,44,65,15.73253059387207,24.9356689453125,4.435216903686523,False,False,True,4.729024887084961,0.6994110345840454,False,0,0
3072,Cube,0.07,45,65,24.74925422668457,26.31146240234375,4.243631839752197,False,False,True,21.32686424255371,0.15989920496940613,False,0,0
3072,Cube,0.07,46,65,19.89271354675293,13.00360107421875,2.5041043758392334,False,False,True,15.325214385986328,0.22960664331912994,False,0,0
3072,Cube,0.07,47,65,44.35993194580078,5.395904541015625,1.3784654140472412,True,True,True,42.43590545654297,0.06118762865662575,False,0,0
3072,Cube,0.07,48,65,52.797245025634766,10.23846435546875,2.747422218322754,True,True,True,50.216312408447266,0.0488838329911232,False,0,0
3072,Cube,0.07,49,65,98.46135711669922,17.732421875,3.5137667655944824,True,True,True,91.50667572021484,0.1378554105758667,False,0,0
3072,Cube,0.07,50,65,61.33773422241211,2.9927825927734375,0.9523204565048218,True,True,True,59.183555603027344,0.03511997312307358,False,0,0
3072,Cube,0.07,51,65,72.8231201171875,7.95623779296875,2.0545287132263184,True,True,True,70.61992645263672,0.030253998935222626,False,0,0
3072,Cube,0.07,52,65,179.1612548828125,7.823760986328125,1.7055798768997192,True,True,True,176.31796264648438,0.03302942216396332,False,0,0
3072,Cube,0.07,53,65,60.9449462890625,14.554290771484375,5.104846954345703,True,True,True,55.618019104003906,0.10816136002540588,False,0,0
3072,Cube,0.07,54,65,34.00685119628906,11.802322387695312,2.9084420204162598,True,True,True,28.89792823791504,0.15023216605186462,False,0,0
3072,Cube,0.07,55,65,34.24087905883789,8.031074523925781,1.8735748529434204,True,True,True,31.47299575805664,0.1160355657339096,False,0,0
3072,Cube,0.07,56,65,180.08660888671875,7.261810302734375,1.7431612014770508,True,True,True,176.03024291992188,0.03219728171825409,False,0,0
3072,Cube,0.07,57,65,63.40935516357422,13.399749755859375,3.07539439201355,True,True,True,56.53215408325195,0.10845721513032913,False,0,0
3072,Cube,0.07,58,65,140.86734008789062,6.38189697265625,1.0485968589782715,True,True,True,139.64878845214844,0.023667307570576668,False,0,0
3072,Cube,0.07,59,65,35.04956817626953,6.31097412109375,2.25056791305542,True,True,True,31.795818328857422,0.0928327888250351,False,0,0
3072,Cube,0.07,60,65,269.9701843261719,20.178955078125,2.9142022132873535,True,True,True,267.4685363769531,0.059844013303518295,False,0,0
3072,Cube,0.07,61,65,83.37508392333984,2.707275390625,0.5430495142936707,True,True,True,81.516357421875,0.023565521463751793,False,0,0
3072,Cube,0.07,62,65,62.26446533203125,10.8095703125,1.3765699863433838,True,True,True,58.05339431762695,0.0676320344209671,False,0,0
3072,Cube,0.07,63,65,29.862979888916016,6.419464111328125,1.3652458190917969,True,True,True,29.397157669067383,0.041023239493370056,False,0,0
3072,Cube,0.07,64,65,18.55400276184082,28.74200439453125,6.483763217926025,False,False,True,10.977682113647461,0.40833884477615356,False,0,0
3072,Cube,0.07,65,65,136.52947998046875,9.301727294921875,2.594521999359131,True,True,True,135.75880432128906,0.049469318240880966,False,0,0
3072,Cube,0.07,66,65,60.507843017578125,16.7008056640625,3.469860792160034,True,True,True,51.35116958618164,0.1513303518295288,False,0,0
3072,Cube,0.07,67,65,100.84600830078125,6.238067626953125,1.2336080074310303,True,True,True,95.48755645751953,0.05313500016927719,False,0,0
3072,Cube,0.07,68,65,27.61569595336914,6.86346435546875,2.8805112838745117,True,True,True,23.649179458618164,0.1436326801776886,False,0,0
3072,Cube,0.07,69,65,279.623046875,5.00079345703125,1.075642704963684,True,True,True,274.72161865234375,0.02000397816300392,False,0,0
3072,Cube,0.07,70,65,97.5030288696289,15.3369140625,2.5935628414154053,True,True,True,93.57662200927734,0.055576834827661514,False,0,0
3072,Cube,0.07,71,65,110.76101684570312,9.622772216796875,1.452318787574768,True,True,True,105.85541534423828,0.04428994655609131,False,0,0
3072,Cube,0.07,72,65,25.11806869506836,8.777984619140625,1.2845240831375122,True,True,True,24.727645874023438,0.042674243450164795,False,0,0
3072,Cube,0.07,73,65,101.15667724609375,3.44354248046875,0.812919020652771,True,True,True,100.01664733886719,0.022493906319141388,False,0,0
3072,Cube,0.07,74,65,311.81396484375,2.90777587890625,1.078170895576477,True,True,True,308.7100524902344,0.015429169870913029,False,0,0
3072,Cube,0.07,75,65,23.226953506469727,10.011627197265625,3.012052536010742,True,True,True,22.006319046020508,0.07984268665313721,False,0,0
3072,Cube,0.07,76,65,171.05078125,4.969146728515625,1.057009220123291,True,True,True,169.07772827148438,0.02558859810233116,False,0,0
3072,Cube,0.07,77,65,39.62861633300781,8.802780151367188,3.121279239654541,True,True,True,38.13410949707031,0.08639802783727646,False,0,0
3072,Cube,0.07,78,65,242.7575225830078,10.555908203125,1.8375980854034424,True,True,True,238.43943786621094,0.02802940085530281,False,0,0
3072,Cube,0.07,79,65,227.03857421875,5.62408447265625,1.013933777809143,True,True,True,224.67251586914062,0.02298540621995926,False,0,0
3072,Cube,0.07,80,65,281.1940612792969,5.517425537109375,1.6187840700149536,True,True,True,278.2138671875,0.023982051759958267,False,0,0
3072,Cube,0.07,81,65,32.255882263183594,3.331573486328125,1.119626760482788,True,True,True,29.955785751342773,0.07130783051252365,False,0,0
3072,Cube,0.07,82,65,279.45068359375,5.379425048828125,1.2885934114456177,True,True,True,275.9795227050781,0.019115043804049492,False,0,0
3072,Cube,0.07,83,65,118.8671646118164,8.139205932617188,1.8463209867477417,True,True,True,115.1870346069336,0.04355955496430397,False,0,0
3072,Cube,0.07,84,65,94.19910430908203,11.628921508789062,2.692720651626587,True,True,True,82.99331665039062,0.11895855516195297,False,0,0
3072,Cube,0.07,85,65,105.87785339355469,5.6058349609375,0.7419612407684326,True,True,True,103.95565795898438,0.0181548111140728,False,0,0
3072,Cube,0.07,86,65,38.16865539550781,16.042236328125,2.7742879390716553,True,True,True,34.34597396850586,0.10015235096216202,False,0,0
3072,Cube,0.07,87,65,136.2134246826172,10.37530517578125,2.476012945175171,True,True,True,133.61912536621094,0.06601405888795853,False,0,0
3072,Cube,0.07,88,65,17.5432186126709,11.893356323242188,3.323570966720581,False,False,True,9.799903869628906,0.44138506054878235,False,0,0
3072,Cube,0.07,89,65,7.501798629760742,8.528106689453125,2.3385987281799316,False,False,True,1.953664779663086,0.7395738363265991,False,55,55
3072,Cube,0.07,90,65,318.3285827636719,15.40673828125,4.172415256500244,True,True,True,310.3563537597656,0.06350594758987427,False,0,0
3072,Cube,0.07,91,65,0.4661540985107422,12.95819091796875,2.636786937713623,False,False,False,-2.3660659790039062,6.075716495513916,False,39,39
3072,Cube,0.07,92,65,2.890453338623047,11.362678527832031,3.0977096557617188,False,False,True,2.7234649658203125,0.27234530448913574,False,0,0
3072,Cube,0.07,93,65,187.61309814453125,4.83038330078125,1.0381736755371094,True,True,True,186.33331298828125,0.019235961139202118,False,0,0
3072,Cube,0.07,94,65,109.31504821777344,20.639083862304688,3.6715829372406006,True,True,True,107.02583312988281,0.12699471414089203,False,0,0
3072,Cube,0.07,95,65,120.2331771850586,3.94842529296875,1.0889556407928467,True,True,True,118.82251739501953,0.03204754367470741,False,0,0
3072,Cube,0.07,96,65,5.980319499969482,16.567581176757812,4.188190460205078,False,False,True,3.9473352432250977,0.4465629458427429,False,27,27
3072,Cube,0.07,97,65,121.92823791503906,12.057540893554688,2.6253561973571777,True,True,True,115.86467742919922,0.07260759174823761,False,0,0
3072,Cube,0.07,98,65,44.87351989746094,17.0804443359375,3.9732704162597656,True,True,True,38.67681121826172,0.1380927711725235,False,0,0
3072,Cube,0.07,99,65,49.39653015136719,9.1214599609375,1.8559049367904663,True,True,True,47.725830078125,0.07636776566505432,False,0,0
3072,Cube,0.08,0,65,325.3594970703125,6.61602783203125,1.6588153839111328,True,True,True,323.49041748046875,0.020466536283493042,False,0,0
3072,Cube,0.08,1,65,171.73277282714844,13.089935302734375,2.0602312088012695,True,True,True,168.09474182128906,0.038718707859516144,False,0,0
3072,Cube,0.08,2,65,56.04267883300781,6.219207763671875,2.0128276348114014,True,True,True,55.001983642578125,0.07483727484941483,False,0,0
3072,Cube,0.08,3,65,78.42510986328125,1.62921142578125,0.39218199253082275,True,True,True,77.19965362548828,0.015625813975930214,False,0,0
3072,Cube,0.08,4,65,225.45657348632812,6.88360595703125,1.509743571281433,True,True,True,224.5928955078125,0.019173117354512215,False,0,0
3072,Cube,0.08,5,65,16.49608612060547,8.70025634765625,1.6887105703353882,False,False,True,14.93092155456543,0.09488093852996826,False,0,0
3072,Cube,0.08,6,65,24.438657760620117,14.75885009765625,3.6292667388916016,False,False,True,18.23373031616211,0.2538980543613434,False,0,0
3072,Cube,0.08,7,65,57.74091339111328,12.374164581298828,3.418532609939575,True,True,True,44.31135559082031,0.23258301615715027,False,0,0
3072,Cube,0.08,8,65,26.360414505004883,6.9060211181640625,1.7423782348632812,True,True,True,23.309904098510742,0.11572317779064178,False,0,0
3072,Cube,0.08,9,65,125.76040649414062,3.9892425537109375,1.087774634361267,True,True,True,122.44654846191406,0.026350580155849457,False,0,0
3072,Cube,0.08,10,65,33.880714416503906,13.51031494140625,2.45564341545105,True,True,True,32.80582046508789,0.06557996571063995,False,0,0
3072,Cube,0.08,11,65,28.938264846801758,7.46820068359375,1.4080758094787598,True,True,True,28.367185592651367,0.060445670038461685,False,0,0
3072,Cube,0.08,12,65,11.614503860473633,13.479713439941406,2.405237913131714,False,False,True,10.94803237915039,0.11745873838663101,False,0,0
3072,Cube,0.08,13,65,29.868494033813477,4.0348663330078125,1.0741289854049683,True,True,True,29.255306243896484,0.034649159759283066,False,0,0
3072,Cube,0.08,14,65,316.355712890625,3.5416259765625,1.158732295036316,True,True,True,312.1370544433594,0.019558805972337723,False,0,0
3072,Cube,0.08,15,65,266.0779724121094,3.4830322265625,0.9360455274581909,True,True,True,264.5577392578125,0.015283512882888317,False,0,0
3072,Cube,0.08,16,65,6.459124565124512,12.15289306640625,2.215752601623535,False,False,True,0.5093307495117188,0.9211455583572388,False,0,0
3072,Cube,0.08,17,65,143.34356689453125,5.17864990234375,1.3164607286453247,True,True,True,140.9664764404297,0.024949995800852776,False,0,0
3072,Cube,0.08,18,65,115.37989807128906,3.720184326171875,1.1411432027816772,True,True,True,111.96276092529297,0.029616395011544228,False,0,0
3072,Cube,0.08,19,65,117.26295471191406,7.44818115234375,1.5017163753509521,True,True,True,116.39591217041016,0.022191546857357025,False,0,0
3072,Cube,0.08,20,65,131.60569763183594,7.2393035888671875,1.249338984489441,True,True,True,128.7371826171875,0.04474443942308426,False,0,0
3072,Cube,0.08,21,65,151.46890258789062,8.516876220703125,1.4617973566055298,True,True,True,147.69454956054688,0.046806901693344116,False,0,0
3072,Cube,0.08,22,65,47.02348709106445,19.968368530273438,4.938183784484863,True,True,True,41.221439361572266,0.16237343847751617,False,0,0
3072,Cube,0.08,23,65,60.2514533996582,13.986442565917969,2.880847930908203,True,True,True,47.49809265136719,0.2116689532995224,False,0,0
3072,Cube,0.08,24,65,90.89347839355469,5.712310791015625,0.7721849083900452,True,True,True,89.40251159667969,0.025246642529964447,False,0,0
3072,Cube,0.08,25,65,64.68128204345703,26.667999267578125,4.589840412139893,True,True,True,56.54138946533203,0.12776334583759308,False,0,0
3072,Cube,0.08,26,65,53.009273529052734,3.6726531982421875,0.8004356622695923,True,True,True,51.751678466796875,0.036527328193187714,False,0,0
3072,Cube,0.08,27,65,18.27475357055664,19.04388427734375,5.158571243286133,False,False,True,14.48199462890625,0.20754091441631317,False,0,0
3072,Cube,0.08,28,65,33.35847473144531,11.1563720703125,2.476712942123413,True,True,True,24.9150390625,0.25311219692230225,False,0,0
3072,Cube,0.08,29,65,86.04582214355469,9.2489013671875,1.8383007049560547,True,True,True,81.4935302734375,0.052905432879924774,False,0,0
3072,Cube,0.08,30,65,40.63410949707031,14.158500671386719,4.046797752380371,True,True,True,36.81419372558594,0.17085547745227814,False,0,0
3072,Cube,0.08,31,65,44.990966796875,2.3410186767578125,0.5030899047851562,True,True,True,44.68810272216797,0.014023805968463421,False,0,0
3072,Cube,0.08,32,65,87.97991943359375,9.321701049804688,1.5436649322509766,True,True,True,82.69461822509766,0.06308169662952423,False,0,0
3072,Cube,0.08,33,65,91.56336975097656,14.602859497070312,3.1158254146575928,True,True,True,80.11825561523438,0.13035297393798828,False,0,0
3072,Cube,0.08,34,65,244.80722045898438,6.081573486328125,1.3251725435256958,True,True,True,241.30210876464844,0.02941645309329033,False,0,0
3072,Cube,0.08,35,65,68.07147979736328,18.59490966796875,2.6796045303344727,True,True,True,63.26957702636719,0.13741923868656158,False,0,0
3072,Cube,0.08,36,65,51.549095153808594,11.5064697265625,3.109562397003174,True,True,True,41.858642578125,0.18798495829105377,False,0,0
3072,Cube,0.08,37,65,28.38895034790039,5.159515380859375,1.6289429664611816,True,True,True,27.37755584716797,0.0356263592839241,False,0,0
3072,Cube,0.08,38,65,17.827211380004883,9.819091796875,2.6565744876861572,False,False,True,15.207959175109863,0.14692439138889313,False,0,0
3072,Cube,0.08,39,65,217.9683380126953,4.384246826171875,0.8074932098388672,True,True,True,216.76756286621094,0.01380864903330803,False,0,0
3072,Cube,0.08,40,65,291.3936462402344,8.025970458984375,1.4666117429733276,True,True,True,288.4833984375,0.02538519911468029,False,0,0
3072,Cube,0.08,41,65,281.107177734375,3.97003173828125,0.8205222487449646,True,True,True,279.47381591796875,0.011826313100755215,False,0,0
3072,Cube,0.08,42,65,5.871368408203125,11.319290161132812,2.6082537174224854,False,False,True,4.519824981689453,0.3146059811115265,False,0,0
3072,Cube,0.08,43,65,35.17145538330078,9.03216552734375,1.8983711004257202,True,True,True,32.79070281982422,0.06768986582756042,False,0,0
3072,Cube,0.08,44,65,41.14623260498047,2.557403564453125,0.4734460413455963,True,True,True,40.135711669921875,0.02704610489308834,False,0,0
3072,Cube,0.08,45,65,36.29602813720703,14.420013427734375,2.282566785812378,True,True,True,35.8987922668457,0.07185792177915573,False,0,0
3072,Cube,0.08,46,65,38.70153045654297,10.474655151367188,3.04190993309021,True,True,True,28.153404235839844,0.2725506126880646,False,0,0
3072,Cube,0.08,47,65,44.62459945678711,11.559906005859375,2.1290814876556396,True,True,True,40.75674057006836,0.0866754874587059,False,0,0
3072,Cube,0.08,48,65,31.353862762451172,10.73553466796875,2.290377616882324,True,True,True,30.357725143432617,0.04579601436853409,False,0,0
3072,Cube,0.08,49,65,70.35538482666016,24.85589599609375,5.00266170501709,True,True,True,56.254764556884766,0.20041990280151367,False,0,0
3072,Cube,0.08,50,65,31.800048828125,9.401763916015625,1.826590895652771,True,True,True,27.196258544921875,0.14477305114269257,False,0,0
3072,Cube,0.08,51,65,50.432228088378906,4.08880615234375,0.691143810749054,True,True,True,49.56491470336914,0.04808688908815384,False,0,0
3072,Cube,0.08,52,65,87.6244125366211,6.1400146484375,1.1438159942626953,True,True,True,86.90400695800781,0.042750850319862366,False,0,0
3072,Cube,0.08,53,65,50.57012939453125,6.30096435546875,1.8463689088821411,True,True,True,48.71397399902344,0.05102264881134033,False,0,0
3072,Cube,0.08,54,65,44.06455993652344,6.8934326171875,1.5828830003738403,True,True,True,41.937252044677734,0.05706555023789406,False,0,0
3072,Cube,0.08,55,65,26.425777435302734,15.521629333496094,3.0583648681640625,False,False,True,20.831619262695312,0.21342961490154266,False,0,0
3072,Cube,0.08,56,65,117.31867980957031,6.494781494140625,1.5100648403167725,True,True,True,110.72966766357422,0.056163374334573746,False,0,0
3072,Cube,0.08,57,65,84.10563659667969,8.72918701171875,1.3002873659133911,True,True,True,80.20628356933594,0.04636257886886597,False,0,0
3072,Cube,0.08,58,65,117.42898559570312,1.69866943359375,0.2668714225292206,True,True,True,117.06708526611328,0.004818873945623636,False,0,0
3072,Cube,0.08,59,65,29.0779972076416,5.1739349365234375,1.1168811321258545,True,True,True,28.08091926574707,0.062213148921728134,False,0,0
3072,Cube,0.08,60,65,293.7430114746094,2.01568603515625,0.49746304750442505,True,True,True,292.44244384765625,0.005239124875515699,False,0,0
3072,Cube,0.08,61,65,50.23992156982422,1.7464447021484375,0.4205988645553589,True,True,True,49.340415954589844,0.017904162406921387,False,0,0
3072,Cube,0.08,62,65,40.51323318481445,8.88104248046875,2.1078720092773438,True,True,True,39.24515151977539,0.05323245748877525,False,0,0
3072,Cube,0.08,63,65,34.72920227050781,8.64801025390625,2.16131329536438,True,True,True,33.38715744018555,0.08477657288312912,False,0,0
3072,Cube,0.08,64,65,39.13946533203125,10.606964111328125,2.173968553543091,True,True,True,31.88779067993164,0.1852778196334839,False,0,0
3072,Cube,0.08,65,65,98.79984283447266,14.396926879882812,3.0327224731445312,True,True,True,78.69129943847656,0.20352809131145477,False,0,0
3072,Cube,0.08,66,65,77.77092742919922,18.45721435546875,2.951403856277466,True,True,True,66.6778564453125,0.1426377296447754,False,0,0
3072,Cube,0.08,67,65,71.76619720458984,10.035377502441406,2.5730345249176025,True,True,True,63.022708892822266,0.1271546185016632,False,0,0
3072,Cube,0.08,68,65,17.449934005737305,7.23773193359375,2.305184841156006,True,True,True,15.10594367980957,0.13432662189006805,False,0,0
3072,Cube,0.08,69,65,306.5234680175781,2.72564697265625,0.668362557888031,True,True,True,305.7989196777344,0.007820754311978817,False,0,0
3072,Cube,0.08,70,65,85.05508422851562,6.2826995849609375,1.3613334894180298,True,True,True,83.29634094238281,0.04125767946243286,False,0,0
3072,Cube,0.08,71,65,45.96685791015625,11.976978302001953,1.2762962579727173,True,True,True,33.892330169677734,0.26267898082733154,False,0,0
3072,Cube,0.08,72,65,38.94593811035156,11.158782958984375,1.8639153242111206,True,True,True,34.140968322753906,0.12337534874677658,False,0,0
3072,Cube,0.08,73,65,23.796480178833008,3.7259521484375,0.8790788054466248,True,True,True,22.761363983154297,0.04349870979785919,False,0,0
3072,Cube,0.08,74,65,290.4529724121094,5.167547225952148,0.9778988361358643,True,True,True,284.77423095703125,0.021837903186678886,False,0,0
3072,Cube,0.08,75,65,4.621276378631592,11.913749694824219,2.983654499053955,False,False,True,4.489387512207031,0.13896580040454865,False,42,42
3072,Cube,0.08,76,65,103.29701232910156,8.66485595703125,1.653544306755066,True,True,True,98.14726257324219,0.05873730033636093,False,0,0
3072,Cube,0.08,77,65,16.272350311279297,12.023651123046875,3.413452386856079,False,False,True,15.075894355773926,0.09364297986030579,False,0,0
3072,Cube,0.08,78,65,254.94320678710938,10.868133544921875,2.3253228664398193,True,True,True,252.7241668701172,0.03629922494292259,False,0,0
3072,Cube,0.08,79,65,276.1029968261719,7.9188232421875,1.0814533233642578,True,True,True,268.0382995605469,0.02920900657773018,False,0,0
3072,Cube,0.08,80,65,297.9586181640625,3.031158447265625,0.8556084036827087,True,True,True,295.25274658203125,0.009841613471508026,False,0,0
3072,Cube,0.08,81,65,12.523443222045898,4.082633972167969,1.1059210300445557,True,True,True,11.753405570983887,0.08704233169555664,False,0,0
3072,Cube,0.08,82,65,264.140625,3.483917236328125,0.7925113439559937,True,True,True,262.6690979003906,0.01230653002858162,False,0,0
3072,Cube,0.08,83,65,120.2646255493164,17.155319213867188,2.2091219425201416,True,True,True,117.73876190185547,0.10695326328277588,False,0,0
3072,Cube,0.08,84,65,80.94188690185547,4.6368408203125,1.3046954870224,True,True,True,78.36224365234375,0.03187029808759689,False,0,0
3072,Cube,0.08,85,65,96.09062957763672,8.91583251953125,2.227114677429199,True,True,True,92.92532348632812,0.05529760196805,False,0,0
3072,Cube,0.08,86,65,2.6519200801849365,7.225341796875,1.9754455089569092,False,False,True,0.23583674430847168,0.9110694527626038,False,0,0
3072,Cube,0.08,87,65,109.70457458496094,7.1732940673828125,1.8711278438568115,True,True,True,108.11724090576172,0.046306706964969635,False,0,0
3072,Cube,0.08,88,65,24.210037231445312,8.30810546875,2.311525344848633,True,True,True,17.087209701538086,0.29420971870422363,False,0,0
3072,Cube,0.08,89,65,7.828106880187988,20.289169311523438,4.447238445281982,False,False,True,0.3540630340576172,0.9547702670097351,False,0,0
3072,Cube,0.08,90,65,280.9357604980469,7.741973876953125,1.4259648323059082,True,True,True,274.7917175292969,0.029668737202882767,False,0,0
3072,Cube,0.08,91,65,23.135456085205078,6.644378662109375,1.8033616542816162,True,True,True,22.049421310424805,0.09026730805635452,False,0,0
3072,Cube,0.08,92,65,13.046377182006836,17.74652099609375,2.3068788051605225,False,False,True,12.346151351928711,0.22032463550567627,False,0,0
3072,Cube,0.08,93,65,228.1500701904297,4.206207275390625,1.4351695775985718,True,True,True,224.11859130859375,0.019333528354763985,False,0,0
3072,Cube,0.08,94,65,122.2525405883789,6.63409423828125,1.2819368839263916,True,True,True,119.29114532470703,0.04943060874938965,False,0,0
3072,Cube,0.08,95,65,35.42677688598633,10.254135131835938,2.2587196826934814,True,True,True,34.41490936279297,0.06413517892360687,False,0,0
3072,Cube,0.08,96,65,1.3599367141723633,4.605133056640625,1.1657992601394653,False,False,True,0.541508674621582,0.6018133163452148,False,0,0
3072,Cube,0.08,97,65,145.9226837158203,10.233642578125,2.0450472831726074,True,True,True,138.3004150390625,0.05223499983549118,False,0,0
3072,Cube,0.08,98,65,18.02922821044922,19.89429473876953,6.206324577331543,False,False,True,9.735185623168945,0.4600331485271454,False,0,0
3072,Cube,0.08,99,65,65.00939178466797,9.533233642578125,2.128396987915039,True,True,True,62.496131896972656,0.08380694687366486,False,0,0
