training_seed,task,std_key,sample_index,candidate_count,clean_margin,sample_max_drift,sample_mean_drift,coarse_cert_pass,cert_pass,sharp_cert_pass,sharp_cert_slack,sharp_normalized_score,top1_flip,clean_best,noisy_best
3074,PushT,0.0,0,65,370.6569519042969,104.8477783203125,13.454938888549805,True,True,True,357.9332275390625,0.2189497947692871,False,0,0
3074,PushT,0.0,1,65,12.660743713378906,439.6659240722656,177.23797607421875,False,False,False,-864.075439453125,69.24839782714844,True,0,4
3074,PushT,0.0,2,65,227.76828002929688,383.022705078125,62.31017303466797,False,False,False,-293.4281311035156,2.2882747650146484,True,0,17
3074,PushT,0.0,3,65,72.82792663574219,271.8236389160156,55.26724624633789,False,False,False,-384.23260498046875,6.2758965492248535,True,0,2
3074,PushT,0.0,4,65,102.900390625,309.10986328125,70.20147705078125,False,False,False,-447.3802490234375,4.3677449226379395,True,0,63
3074,PushT,0.0,5,65,140.40902709960938,327.98687744140625,45.36604309082031,False,False,False,-358.1275634765625,3.5506021976470947,True,0,3
3074,PushT,0.0,6,65,18.162742614746094,240.3397216796875,85.40818786621094,False,False,False,-304.2668151855469,17.75225067138672,True,0,29
3074,PushT,0.0,7,65,130.46835327148438,391.7560119628906,84.41638946533203,False,False,False,-477.89630126953125,4.662928581237793,True,0,56
3074,PushT,0.0,8,65,226.72616577148438,292.85626220703125,20.86554527282715,False,False,False,-116.62535095214844,1.5143885612487793,True,0,22
3074,PushT,0.0,9,65,183.43287658691406,251.9820098876953,29.19503402709961,False,False,False,-145.05484008789062,1.7907789945602417,True,0,5
3074,PushT,0.0,10,65,91.07994079589844,235.4894256591797,45.36083221435547,False,False,False,-321.75140380859375,4.532626628875732,True,0,63
3074,PushT,0.0,11,65,85.26044464111328,345.5362548828125,80.16985321044922,False,False,False,-548.964599609375,7.438677787780762,True,0,62
3074,PushT,0.0,12,65,140.35874938964844,283.32818603515625,66.86827087402344,False,False,False,-294.06182861328125,3.0950732231140137,True,0,39
3074,PushT,0.0,13,65,1.4068012237548828,240.5941162109375,34.79446792602539,False,False,False,-73.3901138305664,53.16807556152344,False,0,0
3074,PushT,0.0,14,65,17.20949363708496,157.1942138671875,41.40583419799805,False,False,False,-84.06864929199219,5.885015487670898,True,0,59
3074,PushT,0.0,15,65,21.09358024597168,223.01138305664062,73.6285400390625,False,False,False,-334.076416015625,16.837825775146484,True,0,9
3074,PushT,0.0,16,65,34.81145095825195,403.82196044921875,91.30010223388672,False,False,False,-37.362449645996094,1.3515210151672363,False,55,55
3074,PushT,0.0,17,65,0.4760770797729492,163.25167846679688,86.74201965332031,False,False,False,-280.41790771484375,539.2259521484375,True,29,41
3074,PushT,0.0,18,65,338.8503112792969,375.0589904785156,33.23160934448242,False,False,False,-38.24639892578125,1.1128710508346558,True,0,29
3074,PushT,0.0,19,65,177.0920867919922,338.072509765625,64.51254272460938,False,False,False,-309.75628662109375,2.7491254806518555,True,0,48
3074,PushT,0.0,20,65,58.49687957763672,260.77398681640625,78.14332580566406,False,False,False,-394.0284118652344,7.276306629180908,True,0,9
3074,PushT,0.0,21,65,262.95269775390625,317.4853515625,57.938377380371094,False,False,False,-157.60430908203125,1.5993636846542358,True,0,49
3074,PushT,0.0,22,65,282.0653381347656,369.04510498046875,60.64008331298828,False,False,False,-148.14572143554688,1.5252177715301514,True,0,51
3074,PushT,0.0,23,65,292.8675537109375,284.8621826171875,35.37696075439453,False,False,False,-120.60092163085938,1.3920129537582397,True,0,35
3074,PushT,0.0,24,65,225.84732055664062,451.2992248535156,50.61228561401367,False,False,False,-414.6126708984375,2.8358094692230225,True,0,54
3074,PushT,0.0,25,65,180.62359619140625,295.4337158203125,101.4721450805664,False,False,False,-260.44122314453125,2.4419002532958984,True,0,30
3074,PushT,0.0,26,65,165.75015258789062,197.45547485351562,34.617733001708984,False,False,False,-70.41950988769531,1.4248533248901367,False,0,0
3074,PushT,0.0,27,65,42.333595275878906,38.95849609375,16.401290893554688,False,False,True,4.668445587158203,0.889722466468811,False,0,0
3074,PushT,0.0,28,65,175.39430236816406,352.35028076171875,49.123512268066406,False,False,False,-356.12591552734375,2.7843990325927734,True,0,30
3074,PushT,0.0,29,65,339.13836669921875,447.16876220703125,28.911911010742188,False,False,False,-207.8775634765625,1.6049481630325317,True,0,49
3074,PushT,0.0,30,65,203.50514221191406,274.0692443847656,66.48311614990234,False,False,False,-133.72427368164062,1.6571052074432373,True,0,12
3074,PushT,0.0,31,65,84.54280090332031,191.65834045410156,50.918426513671875,False,False,False,-231.88194274902344,3.6703367233276367,True,0,49
3074,PushT,0.0,32,65,181.7942352294922,350.77239990234375,67.15265655517578,False,False,False,-378.10955810546875,3.079876661300659,True,0,27
3074,PushT,0.0,33,65,9.052276611328125,226.57040405273438,72.26715850830078,False,False,False,-325.86663818359375,17.39127540588379,True,38,0
3074,PushT,0.0,34,65,9.083488464355469,216.2525177001953,63.91629409790039,False,False,False,-87.28267669677734,10.608938217163086,True,17,12
3074,PushT,0.0,35,65,53.77723693847656,158.9436492919922,23.894453048706055,False,False,False,-110.1352310180664,3.047989845275879,True,0,61
3074,PushT,0.0,36,65,368.0776672363281,53.279388427734375,20.680776596069336,True,True,True,319.2815246582031,0.13257022202014923,False,0,0
3074,PushT,0.0,37,65,156.8052978515625,312.2629089355469,26.979116439819336,False,False,False,-325.7953186035156,3.0777060985565186,True,0,28
3074,PushT,0.0,38,65,85.21819305419922,331.22430419921875,44.284645080566406,False,False,False,-300.29656982421875,4.523855209350586,True,0,10
3074,PushT,0.0,39,65,139.33096313476562,268.6167907714844,53.86668014526367,False,False,False,-300.1653747558594,3.0275840759277344,True,0,5
3074,PushT,0.0,40,65,5.33445930480957,129.42208862304688,17.99528694152832,False,False,False,-85.71406555175781,3.0365583896636963,False,0,0
3074,PushT,0.0,41,65,55.569339752197266,327.5462951660156,57.47515869140625,False,False,False,-537.270751953125,10.668474197387695,True,0,6
3074,PushT,0.0,42,65,68.2525634765625,249.64111328125,56.45063018798828,False,False,False,-349.77972412109375,6.12478494644165,True,0,14
3074,PushT,0.0,43,65,3.630093574523926,211.75668334960938,37.98566818237305,False,False,False,-62.46161651611328,12.880704879760742,False,0,0
3074,PushT,0.0,44,65,265.0647888183594,357.64373779296875,54.06337356567383,False,False,False,-164.85922241210938,1.570805549621582,True,0,22
3074,PushT,0.0,45,65,280.27001953125,423.60040283203125,45.63770294189453,False,False,False,-295.876953125,2.05568528175354,True,0,5
3074,PushT,0.0,46,65,190.06936645507812,272.407958984375,29.17156410217285,False,False,False,-128.3019561767578,1.6750271320343018,True,0,14
3074,PushT,0.0,47,65,220.65208435058594,267.9032287597656,32.66348648071289,False,False,False,-109.29698181152344,1.4953362941741943,True,0,2
3074,PushT,0.0,48,65,92.54095458984375,405.4423522949219,116.21966552734375,False,False,False,-584.9434204101562,7.236960411071777,True,0,36
3074,PushT,0.0,49,65,190.15762329101562,313.5038757324219,62.07037353515625,False,False,False,-256.3568115234375,2.348128080368042,True,0,39
3074,PushT,0.0,50,65,220.82606506347656,201.455078125,26.47168731689453,False,False,False,-27.684173583984375,1.1049166917800903,True,0,15
3074,PushT,0.0,51,65,224.70053100585938,332.3224792480469,66.43958282470703,False,False,False,-307.17425537109375,2.3670384883880615,True,0,3
3074,PushT,0.0,52,65,295.5472106933594,221.08111572265625,33.95758819580078,False,False,False,-64.26515197753906,1.183136224746704,True,0,59
3074,PushT,0.0,53,65,95.45103454589844,393.82427978515625,65.37612915039062,False,False,False,-643.449462890625,7.741147041320801,True,0,33
3074,PushT,0.0,54,65,105.15711975097656,212.0467071533203,72.98291778564453,False,False,False,-249.30490112304688,3.3707849979400635,True,0,43
3074,PushT,0.0,55,65,273.81060791015625,409.99810791015625,50.39317321777344,False,False,False,-228.90017700195312,1.7341699600219727,True,0,4
3074,PushT,0.0,56,65,118.6943588256836,287.1339416503906,81.58850860595703,False,False,False,-346.29931640625,3.917571544647217,True,0,62
3074,PushT,0.0,57,65,142.7754364013672,281.0885009765625,53.6180419921875,False,False,False,-303.99884033203125,3.1292097568511963,True,0,56
3074,PushT,0.0,58,65,0.6923909187316895,180.87216186523438,41.387123107910156,False,False,False,-55.034088134765625,80.48412322998047,True,0,24
3074,PushT,0.0,59,65,220.00804138183594,349.34381103515625,51.5517463684082,False,False,False,-163.8858184814453,1.744908332824707,True,0,40
3074,PushT,0.0,60,65,25.384889602661133,239.7761688232422,50.132850646972656,False,False,False,-164.02093505859375,7.461360931396484,True,12,50
3074,PushT,0.0,61,65,19.134288787841797,77.40187072753906,37.275917053222656,False,False,False,-91.6195068359375,5.6564741134643555,True,0,51
3074,PushT,0.0,62,65,0.7830619812011719,313.18536376953125,30.123737335205078,False,False,False,-20.723247528076172,22.920494079589844,True,0,36
3074,PushT,0.0,63,65,85.61956787109375,445.4670715332031,59.92928695678711,False,False,False,-686.5643310546875,9.018777847290039,True,0,53
3074,PushT,0.0,64,65,0.15384292602539062,142.73524475097656,97.36878204345703,False,False,False,-254.52609252929688,1504.5068359375,True,39,40
3074,PushT,0.0,65,65,93.235595703125,117.20318603515625,29.915477752685547,False,False,False,-141.0361328125,2.512685537338257,True,0,56
3074,PushT,0.0,66,65,17.194725036621094,227.9765625,80.15901184082031,False,False,False,-384.3332214355469,23.351810455322266,True,46,27
3074,PushT,0.0,67,65,48.10578918457031,215.97738647460938,22.468887329101562,False,False,False,-19.80908966064453,1.3746312856674194,False,0,0
3074,PushT,0.0,68,65,177.26417541503906,356.65924072265625,55.613285064697266,False,False,False,-344.54840087890625,2.9437003135681152,True,0,3
3074,PushT,0.0,69,65,251.03042602539062,370.84332275390625,47.43333053588867,False,False,False,-202.90159606933594,1.8082748651504517,True,0,24
3074,PushT,0.0,70,65,5.367942810058594,343.438232421875,43.739646911621094,False,False,False,-599.9832153320312,112.77154541015625,True,0,19
3074,PushT,0.0,71,65,163.17575073242188,417.884033203125,103.82640075683594,False,False,False,-541.6029052734375,4.319138050079346,True,0,53
3074,PushT,0.0,72,65,115.84262084960938,305.22381591796875,90.58216094970703,False,False,False,-321.48974609375,3.726485013961792,True,0,49
3074,PushT,0.0,73,65,221.16925048828125,232.88262939453125,34.177772521972656,False,False,False,-46.559356689453125,1.2105145454406738,True,0,15
3074,PushT,0.0,74,65,31.801118850708008,374.5116271972656,186.18209838867188,False,False,False,-712.6151123046875,23.408493041992188,True,0,55
3074,PushT,0.0,75,65,151.6725616455078,234.3442840576172,81.92599487304688,False,False,False,-238.07989501953125,2.5696964263916016,True,0,59
3074,PushT,0.0,76,65,6.8903350830078125,201.32354736328125,35.649879455566406,False,False,False,-119.35980987548828,7.755612373352051,True,29,51
3074,PushT,0.0,77,65,168.94927978515625,252.49560546875,33.373497009277344,False,False,False,-188.08758544921875,1.7476669549942017,True,0,49
3074,PushT,0.0,78,65,130.27980041503906,334.9034118652344,64.68131256103516,False,False,False,-376.65582275390625,3.672672986984253,True,0,34
3074,PushT,0.0,79,65,42.364662170410156,155.83961486816406,33.567543029785156,False,False,False,-170.131103515625,5.015872955322266,True,0,53
3074,PushT,0.0,80,65,18.375354766845703,252.27096557617188,60.52159118652344,False,False,False,-446.86993408203125,25.318981170654297,True,0,62
3074,PushT,0.0,81,65,147.00326538085938,352.2753601074219,85.2779312133789,False,False,False,-526.8690185546875,4.584063529968262,True,0,49
3074,PushT,0.0,82,65,90.40963745117188,274.050048828125,88.90090942382812,False,False,False,-385.49139404296875,4.888737678527832,True,0,30
3074,PushT,0.0,83,65,52.515281677246094,252.87774658203125,42.758480072021484,False,False,False,-379.58489990234375,8.228084564208984,True,0,48
3074,PushT,0.0,84,65,217.57125854492188,242.3167724609375,54.88942337036133,False,False,False,-162.54527282714844,1.6237374544143677,True,0,19
3074,PushT,0.0,85,65,3.6790390014648438,201.97283935546875,72.44071197509766,False,False,False,-375.056396484375,102.94412231445312,True,14,57
3074,PushT,0.0,86,65,197.8480682373047,163.60916137695312,17.85502052307129,False,False,False,-56.69136047363281,1.286539912223816,False,0,0
3074,PushT,0.0,87,65,178.15606689453125,320.8018798828125,45.93109893798828,False,False,False,-302.798095703125,2.699622631072998,True,0,9
3074,PushT,0.0,88,65,151.33619689941406,227.42459106445312,67.94252014160156,False,False,False,-202.79745483398438,1.9786847829818726,True,0,32
3074,PushT,0.0,89,65,318.6661071777344,449.06494140625,36.067386627197266,False,False,False,-259.48577880859375,1.8142873048782349,True,0,59
3074,PushT,0.0,90,65,149.57745361328125,262.680419921875,46.392677307128906,False,False,False,-223.53848266601562,2.494466543197632,True,0,34
3074,PushT,0.0,91,65,171.50611877441406,486.8533935546875,48.87998580932617,False,False,False,-666.0198974609375,4.883359432220459,True,0,55
3074,PushT,0.0,92,65,332.7768249511719,353.83978271484375,73.09309387207031,False,False,False,-141.5977783203125,1.3926503658294678,True,0,41
3074,PushT,0.0,93,65,60.684051513671875,69.68319702148438,42.256439208984375,False,False,False,-38.786468505859375,1.6391541957855225,False,0,0
3074,PushT,0.0,94,65,83.5018081665039,339.54754638671875,67.42345428466797,False,False,False,-478.3037109375,6.700219631195068,True,0,44
3074,PushT,0.0,95,65,172.91116333007812,315.831787109375,71.04077911376953,False,False,False,-288.53045654296875,2.6686630249023438,True,0,22
3074,PushT,0.0,96,65,8.359147071838379,112.61773681640625,43.36046600341797,False,False,False,-130.77215576171875,11.375121116638184,True,0,63
3074,PushT,0.0,97,65,118.5930404663086,335.7391052246094,80.3929214477539,False,False,False,-401.69085693359375,4.387136936187744,True,0,45
3074,PushT,0.0,98,65,158.78707885742188,400.7957458496094,48.383384704589844,False,False,False,-432.7433776855469,3.7253060340881348,True,0,41
3074,PushT,0.0,99,65,3.735675811767578,340.5640869140625,75.7722396850586,False,False,False,-388.0273742675781,76.88810729980469,True,59,14
3074,PushT,0.01,0,65,343.6038513183594,345.94677734375,21.165298461914062,False,False,False,-25.40289306640625,1.0739307403564453,False,0,0
3074,PushT,0.01,1,65,4.554807662963867,92.23587036132812,40.079036712646484,False,False,False,-37.266693115234375,9.18183708190918,False,0,0
3074,PushT,0.01,2,65,161.96751403808594,323.9097595214844,27.48737335205078,False,False,False,-300.5113525390625,2.8553805351257324,True,0,44
3074,PushT,0.01,3,65,83.20208740234375,300.5934143066406,25.52798843383789,False,False,False,-260.1994323730469,4.127318382263184,True,0,26
3074,PushT,0.01,4,65,89.21478271484375,114.15863037109375,24.28338623046875,False,False,True,27.657123565673828,0.7096384763717651,False,0,0
3074,PushT,0.01,5,65,179.5978240966797,74.75714111328125,16.391756057739258,True,True,True,161.01705932617188,0.23252756893634796,False,0,0
3074,PushT,0.01,6,65,158.97100830078125,217.36288452148438,30.781627655029297,False,False,True,19.612747192382812,0.9355495572090149,False,0,0
3074,PushT,0.01,7,65,170.4162139892578,238.9230499267578,30.102928161621094,False,False,False,-247.84658813476562,2.4543604850769043,True,0,51
3074,PushT,0.01,8,65,149.39968872070312,43.45867919921875,16.130983352661133,True,True,True,101.95845031738281,0.3175457715988159,False,0,0
3074,PushT,0.01,9,65,147.3093719482422,236.46456909179688,39.846065521240234,False,False,False,-180.4021453857422,2.2246482372283936,True,0,7
3074,PushT,0.01,10,65,192.4861602783203,144.03416442871094,22.750463485717773,False,False,True,41.76732635498047,0.7830113172531128,False,0,0
3074,PushT,0.01,11,65,81.63987731933594,311.1763000488281,63.85270309448242,False,False,False,-464.5479736328125,6.605351448059082,True,0,20
3074,PushT,0.01,12,65,98.7564926147461,269.33514404296875,33.16603469848633,False,False,False,-323.3063659667969,3.9880688190460205,True,0,58
3074,PushT,0.01,13,65,21.556461334228516,122.03465270996094,18.024686813354492,False,False,True,12.170246124267578,0.6060246825218201,False,0,0
3074,PushT,0.01,14,65,20.424190521240234,65.56690979003906,16.511005401611328,False,False,False,-6.136253356933594,1.2412978410720825,False,0,0
3074,PushT,0.01,15,65,21.928146362304688,109.05764770507812,24.633935928344727,False,False,False,-85.85979461669922,4.065720558166504,False,0,0
3074,PushT,0.01,16,65,27.213336944580078,137.451904296875,16.055049896240234,False,False,True,12.010308265686035,0.5697323083877563,False,0,0
3074,PushT,0.01,17,65,0.5502023696899414,165.49908447265625,25.815345764160156,False,False,False,-56.28124237060547,71.50981903076172,True,57,45
3074,PushT,0.01,18,65,310.4612121582031,90.41667175292969,13.384037971496582,True,True,True,177.34397888183594,0.4349406659603119,False,0,0
3074,PushT,0.01,19,65,160.36587524414062,173.03573608398438,31.634340286254883,False,False,False,-53.424774169921875,1.2092583179473877,True,0,40
3074,PushT,0.01,20,65,42.897125244140625,349.55523681640625,45.840702056884766,False,False,False,-68.41985321044922,2.594975233078003,True,0,42
3074,PushT,0.01,21,65,250.5268096923828,107.03230285644531,25.255537033081055,True,True,True,101.81198120117188,0.5965726971626282,False,0,0
3074,PushT,0.01,22,65,256.50567626953125,162.82901000976562,35.002113342285156,False,False,False,-12.159027099609375,1.041436791419983,False,0,0
3074,PushT,0.01,23,65,298.3605651855469,229.97525024414062,21.37940216064453,False,False,True,20.44287109375,0.9314826726913452,False,0,0
3074,PushT,0.01,24,65,249.8779296875,310.5139465332031,24.280241012573242,False,False,False,-134.69329833984375,1.5390363931655884,True,0,36
3074,PushT,0.01,25,65,133.7579803466797,106.07502746582031,33.529869079589844,False,False,False,-15.493484497070312,1.0961291790008545,False,0,0
3074,PushT,0.01,26,65,87.11952209472656,155.0965576171875,21.531312942504883,False,False,False,-106.04678344726562,2.2172563076019287,True,0,62
3074,PushT,0.01,27,65,36.16364288330078,53.35382080078125,13.17995548248291,False,False,True,4.55976676940918,0.8739129304885864,False,0,0
3074,PushT,0.01,28,65,180.61410522460938,217.89877319335938,47.32518005371094,False,False,False,-61.85386657714844,1.2252964973449707,True,0,49
3074,PushT,0.01,29,65,342.7372131347656,81.91448974609375,14.200345039367676,True,True,True,303.302978515625,0.22655794024467468,False,0,0
3074,PushT,0.01,30,65,180.2966766357422,192.85667419433594,36.2234992980957,False,False,False,-97.67049407958984,1.541720986366272,False,0,0
3074,PushT,0.01,31,65,69.54691314697266,176.82247924804688,27.07730484008789,False,False,False,-137.13441467285156,2.2497100830078125,False,0,0
3074,PushT,0.01,32,65,164.94822692871094,209.85589599609375,51.979366302490234,False,False,True,10.347251892089844,0.9372697472572327,False,0,0
3074,PushT,0.01,33,65,28.71405792236328,258.4625244140625,58.24224853515625,False,False,False,-32.11710739135742,2.1185150146484375,False,0,0
3074,PushT,0.01,34,65,18.164512634277344,307.6899108886719,70.90961456298828,False,False,False,-141.04217529296875,8.258763313293457,True,17,0
3074,PushT,0.01,35,65,62.41529083251953,260.0333251953125,49.856449127197266,False,False,True,18.1748046875,0.8884719014167786,False,0,0
3074,PushT,0.01,36,65,364.1441650390625,78.902587890625,15.235481262207031,True,True,True,280.935546875,0.22850456833839417,False,0,0
3074,PushT,0.01,37,65,85.22769165039062,204.22274780273438,28.32237434387207,False,False,False,-299.5355224609375,4.514532566070557,False,0,0
3074,PushT,0.01,38,65,109.27609252929688,110.22301483154297,17.190670013427734,False,False,False,-47.01537322998047,1.430243968963623,False,0,0
3074,PushT,0.01,39,65,139.92947387695312,402.3475341796875,108.60926818847656,False,False,False,-498.30816650390625,4.210050106048584,True,0,57
3074,PushT,0.01,40,65,0.8606843948364258,11.322803497314453,3.1161015033721924,False,False,False,-7.34303092956543,7.800543785095215,True,0,49
3074,PushT,0.01,41,65,90.45450592041016,268.97686767578125,33.774227142333984,False,False,False,-276.6393127441406,4.058325290679932,True,0,44
3074,PushT,0.01,42,65,92.56449127197266,31.496307373046875,6.608950614929199,True,True,True,59.92646789550781,0.3525976538658142,False,0,0
3074,PushT,0.01,43,65,8.451297760009766,120.6871566772461,33.910179138183594,False,False,False,-98.802734375,8.222813606262207,False,0,0
3074,PushT,0.01,44,65,288.21319580078125,51.10284423828125,9.960756301879883,True,True,True,230.39076232910156,0.24305734038352966,False,0,0
3074,PushT,0.01,45,65,237.1927032470703,572.8702392578125,39.88231658935547,False,False,False,-402.9215087890625,2.698709487915039,True,0,13
3074,PushT,0.01,46,65,207.4739227294922,369.88214111328125,24.718599319458008,False,False,False,-275.260498046875,2.326723337173462,True,0,26
3074,PushT,0.01,47,65,212.7788543701172,110.43728637695312,14.979959487915039,False,False,True,90.80442810058594,0.5732450485229492,False,0,0
3074,PushT,0.01,48,65,113.19581604003906,103.46151733398438,25.85303497314453,False,False,True,93.98719787597656,0.47853487730026245,False,0,0
3074,PushT,0.01,49,65,256.99139404296875,110.21713256835938,42.38242721557617,True,True,True,155.93820190429688,0.42772001028060913,False,0,0
3074,PushT,0.01,50,65,219.37681579589844,172.48089599609375,34.43891143798828,False,False,False,-28.692214965820312,1.1163349151611328,False,0,0
3074,PushT,0.01,51,65,277.9154357910156,277.7401428222656,38.470802307128906,False,False,False,-127.52435302734375,1.4221135377883911,True,0,2
3074,PushT,0.01,52,65,310.1029968261719,31.19152069091797,7.392854690551758,True,True,True,272.11199951171875,0.16444386541843414,False,0,0
3074,PushT,0.01,53,65,123.53229522705078,150.165771484375,19.806055068969727,False,False,False,-89.51141357421875,1.5976285934448242,False,0,0
3074,PushT,0.01,54,65,171.1905517578125,177.32322692871094,57.24801254272461,False,False,True,71.7342529296875,0.7277220487594604,False,0,0
3074,PushT,0.01,55,65,280.550048828125,348.7786560058594,26.794361114501953,False,False,False,-91.09140014648438,1.3122354745864868,True,0,27
3074,PushT,0.01,56,65,140.57382202148438,58.40242004394531,31.261489868164062,True,True,True,66.2686996459961,0.528584361076355,False,0,0
3074,PushT,0.01,57,65,129.00405883789062,328.1307067871094,52.261329650878906,False,False,False,-308.67828369140625,3.39277982711792,True,0,6
3074,PushT,0.01,58,65,2.254178047180176,99.14791870117188,15.178528785705566,False,False,False,-36.790618896484375,16.018268585205078,True,0,41
3074,PushT,0.01,59,65,232.39328002929688,114.72677612304688,22.919824600219727,True,True,True,120.02310180664062,0.5275187492370605,False,0,0
3074,PushT,0.01,60,65,25.78115463256836,230.53631591796875,59.7735595703125,False,False,False,-113.88960266113281,5.417552471160889,True,12,0
3074,PushT,0.01,61,65,7.037237167358398,23.033594131469727,6.483620643615723,False,False,True,0.4621410369873047,0.9343292117118835,False,0,0
3074,PushT,0.01,62,65,1.3015155792236328,275.3751525878906,20.222166061401367,False,False,False,-72.36113739013672,2.1656301021575928,False,2,2
3074,PushT,0.01,63,65,77.8766098022461,257.566162109375,43.8585090637207,False,False,False,-319.03033447265625,5.075480937957764,True,0,27
3074,PushT,0.01,64,65,1.880885124206543,60.77799987792969,37.65873336791992,False,False,False,-66.19406127929688,36.05464553833008,False,59,59
3074,PushT,0.01,65,65,51.75299072265625,151.8460693359375,26.259117126464844,False,False,False,-130.2730712890625,3.3767380714416504,True,0,56
3074,PushT,0.01,66,65,67.94745635986328,242.915771484375,45.58119583129883,False,False,False,-345.45526123046875,6.084152698516846,True,0,29
3074,PushT,0.01,67,65,45.979949951171875,114.19505310058594,27.76238441467285,False,False,False,-50.0560302734375,1.4334228038787842,False,0,0
3074,PushT,0.01,68,65,177.19435119628906,243.6879425048828,31.547258377075195,False,False,False,-169.37088012695312,1.955848217010498,False,0,0
3074,PushT,0.01,69,65,234.6157989501953,89.00137329101562,28.95608901977539,True,True,True,116.81734466552734,0.5370242595672607,False,0,0
3074,PushT,0.01,70,65,7.8708038330078125,210.66705322265625,24.431819915771484,False,False,False,-327.67156982421875,42.63126754760742,True,17,44
3074,PushT,0.01,71,65,198.73338317871094,186.93203735351562,38.981632232666016,False,False,True,62.06837844848633,0.687680184841156,False,0,0
3074,PushT,0.01,72,65,160.41429138183594,142.78109741210938,34.31473922729492,False,False,True,45.425079345703125,0.7168264985084534,False,0,0
3074,PushT,0.01,73,65,219.89877319335938,216.00405883789062,39.435569763183594,False,False,True,34.278228759765625,0.8595316410064697,False,0,0
3074,PushT,0.01,74,65,35.85213851928711,197.87689208984375,80.6015625,False,False,False,-155.6690673828125,4.599603652954102,False,0,0
3074,PushT,0.01,75,65,186.29762268066406,153.74685668945312,24.761850357055664,False,False,True,129.37332153320312,0.3957923948764801,False,0,0
3074,PushT,0.01,76,65,2.88272762298584,148.76187133789062,19.672382354736328,False,False,False,-173.12464904785156,23.275558471679688,True,49,35
3074,PushT,0.01,77,65,239.29742431640625,108.43926239013672,10.832117080688477,True,True,True,111.44828033447266,0.547121524810791,False,0,0
3074,PushT,0.01,78,65,205.83877563476562,86.60467529296875,24.399280548095703,True,True,True,122.9556884765625,0.473739355802536,False,0,0
3074,PushT,0.01,79,65,53.77412414550781,131.65496826171875,43.47493362426758,False,False,False,-189.13604736328125,4.5172319412231445,False,0,0
3074,PushT,0.01,80,65,27.523815155029297,105.50900268554688,13.742348670959473,False,False,False,-112.33546447753906,5.08139181137085,True,0,55
3074,PushT,0.01,81,65,153.12681579589844,279.2352294921875,43.189552307128906,False,False,False,-390.45233154296875,3.5498621463775635,True,0,53
3074,PushT,0.01,82,65,91.89057159423828,61.827972412109375,14.28736400604248,False,False,True,28.828432083129883,0.7450031042098999,False,0,0
3074,PushT,0.01,83,65,55.0169677734375,76.525390625,18.53641128540039,False,False,True,23.716392517089844,0.5689258575439453,False,0,0
3074,PushT,0.01,84,65,213.50929260253906,138.42144775390625,21.512657165527344,False,False,True,13.223854064941406,0.9518799185752869,False,0,0
3074,PushT,0.01,85,65,91.8887939453125,145.6458282470703,29.21769142150879,False,False,False,-173.00405883789062,2.802544116973877,True,0,14
3074,PushT,0.01,86,65,274.7413330078125,279.1142578125,16.690937042236328,False,False,False,-34.969696044921875,1.1154100894927979,False,0,0
3074,PushT,0.01,87,65,159.41773986816406,204.856689453125,42.025482177734375,False,False,False,-85.87295532226562,1.5386662483215332,True,0,23
3074,PushT,0.01,88,65,166.2215118408203,139.33926391601562,23.821910858154297,False,False,True,15.836498260498047,0.9173420667648315,False,0,0
3074,PushT,0.01,89,65,306.9123229980469,446.99658203125,45.84103775024414,False,False,False,-264.59759521484375,1.8621275424957275,True,0,4
3074,PushT,0.01,90,65,205.3529052734375,192.8623046875,24.826459884643555,False,False,False,-90.31123352050781,1.4397854804992676,False,0,0
3074,PushT,0.01,91,65,176.6912841796875,435.9745178222656,36.91864013671875,False,False,False,-569.2857666015625,4.221923351287842,True,0,22
3074,PushT,0.01,92,65,340.6470947265625,464.364013671875,55.94315719604492,False,False,False,-200.39178466796875,1.5882680416107178,True,0,3
3074,PushT,0.01,93,65,97.30364990234375,29.7149658203125,9.330964088439941,True,True,True,59.60908508300781,0.4726948142051697,False,0,0
3074,PushT,0.01,94,65,74.4278564453125,71.86956787109375,20.189088821411133,False,False,False,-18.961517333984375,1.2319830656051636,False,0,0
3074,PushT,0.01,95,65,147.05226135253906,109.42617797851562,24.527189254760742,False,False,True,62.74439239501953,0.5733190774917603,False,0,0
3074,PushT,0.01,96,65,4.465541839599609,121.05859375,18.369953155517578,False,False,False,-4.142082214355469,1.470937967300415,True,0,40
3074,PushT,0.01,97,65,72.74364471435547,127.44076538085938,28.572978973388672,False,False,False,-68.58698272705078,1.6535478830337524,True,0,26
3074,PushT,0.01,98,65,196.82748413085938,165.8915557861328,36.79493713378906,False,False,False,-86.84161376953125,1.3842899799346924,False,0,0
3074,PushT,0.01,99,65,1.5775527954101562,409.43560791015625,88.63501739501953,False,False,False,-597.8707275390625,379.9861755371094,True,16,14
3074,PushT,0.02,0,65,376.55548095703125,69.32733154296875,4.0505452156066895,True,True,True,336.4973449707031,0.21922144293785095,False,0,0
3074,PushT,0.02,1,65,3.0707244873046875,50.66984558105469,8.969358444213867,False,False,False,-8.703323364257812,3.834289789199829,False,2,2
3074,PushT,0.02,2,65,59.56843566894531,56.49089050292969,9.306029319763184,False,False,False,-15.690437316894531,1.2634018659591675,False,0,0
3074,PushT,0.02,3,65,134.0695037841797,91.11543273925781,13.119305610656738,False,False,False,-9.39178466796875,1.0679086446762085,False,0,0
3074,PushT,0.02,4,65,124.03709411621094,20.715103149414062,5.814765930175781,True,True,True,99.27876281738281,0.19960428774356842,False,0,0
3074,PushT,0.02,5,65,190.6255645751953,93.17465209960938,17.898550033569336,True,True,True,90.62787628173828,0.5393633842468262,False,0,0
3074,PushT,0.02,6,65,134.14535522460938,82.91650390625,14.39600944519043,False,False,True,56.96439743041992,0.5913242697715759,False,0,0
3074,PushT,0.02,7,65,148.49681091308594,122.81625366210938,9.068562507629395,False,False,True,124.89814758300781,0.4240662455558777,False,0,0
3074,PushT,0.02,8,65,349.2792053222656,46.775115966796875,9.191631317138672,True,True,True,281.62164306640625,0.19686082005500793,False,0,0
3074,PushT,0.02,9,65,173.1110076904297,169.37387084960938,22.338951110839844,False,False,False,-45.973907470703125,1.2140074968338013,False,0,0
3074,PushT,0.02,10,65,149.30517578125,126.55111694335938,16.049827575683594,False,False,True,90.41165161132812,0.3978821039199829,False,0,0
3074,PushT,0.02,11,65,120.26917266845703,134.86810302734375,17.64678192138672,False,False,False,-18.743534088134766,1.1253167390823364,False,0,0
3074,PushT,0.02,12,65,31.323997497558594,255.43994140625,24.550949096679688,False,False,False,-341.02056884765625,8.391380310058594,True,0,58
3074,PushT,0.02,13,65,7.818075180053711,30.492462158203125,6.4753546714782715,False,False,True,3.5718793869018555,0.5431254506111145,False,0,0
3074,PushT,0.02,14,65,6.0692138671875,58.16502380371094,10.766180992126465,False,False,False,-55.50419616699219,6.564876079559326,False,0,0
3074,PushT,0.02,15,65,13.956158638000488,44.076202392578125,7.194942951202393,False,False,True,10.50776481628418,0.5129786729812622,False,0,0
3074,PushT,0.02,16,65,20.333755493164062,216.62725830078125,20.092639923095703,False,False,False,-41.93647766113281,3.0624070167541504,True,55,0
3074,PushT,0.02,17,65,2.000333786010742,158.18963623046875,35.322654724121094,False,False,False,-142.76321411132812,29.220949172973633,True,52,2
3074,PushT,0.02,18,65,329.3761901855469,48.837921142578125,5.105618953704834,True,True,True,289.0104064941406,0.1560899019241333,False,0,0
3074,PushT,0.02,19,65,197.9086151123047,59.012569427490234,10.980812072753906,True,True,True,115.40351867675781,0.41688480973243713,False,0,0
3074,PushT,0.02,20,65,33.91813659667969,137.53445434570312,23.684228897094727,False,False,True,7.497051239013672,0.8805893659591675,False,0,0
3074,PushT,0.02,21,65,249.05889892578125,60.29803466796875,7.198155879974365,True,True,True,180.354736328125,0.3140169382095337,False,0,0
3074,PushT,0.02,22,65,240.7003173828125,322.4029235839844,28.087154388427734,False,False,False,-141.97833251953125,1.5898551940917969,True,0,42
3074,PushT,0.02,23,65,280.1860656738281,117.72129821777344,18.678775787353516,True,True,True,156.6017608642578,0.44107940793037415,False,0,0
3074,PushT,0.02,24,65,283.57928466796875,44.29351806640625,8.230470657348633,True,True,True,247.52603149414062,0.21811309456825256,False,0,0
3074,PushT,0.02,25,65,89.13914489746094,18.8826904296875,3.8998489379882812,True,True,True,75.29431915283203,0.2349541336297989,False,0,0
3074,PushT,0.02,26,65,245.4613037109375,125.35345458984375,7.98178243637085,False,False,True,103.70556640625,0.577507495880127,False,0,0
3074,PushT,0.02,27,65,21.724489212036133,29.961395263671875,11.009821891784668,False,False,True,3.4270129203796387,0.8422511219978333,False,0,0
3074,PushT,0.02,28,65,162.344970703125,142.51869201660156,12.652103424072266,False,False,True,64.51451873779297,0.7143433690071106,False,0,0
3074,PushT,0.02,29,65,358.6590576171875,52.24462890625,5.444249629974365,True,True,True,306.6671447753906,0.20298998057842255,False,0,0
3074,PushT,0.02,30,65,163.00540161132812,79.86506652832031,13.34678840637207,True,True,True,111.53398895263672,0.4598391652107239,False,0,0
3074,PushT,0.02,31,65,103.9166259765625,52.154754638671875,11.927655220031738,False,False,True,81.7900161743164,0.22913692891597748,False,0,0
3074,PushT,0.02,32,65,154.29159545898438,27.095312118530273,9.48051929473877,True,True,True,118.0616226196289,0.23481494188308716,False,0,0
3074,PushT,0.02,33,65,29.032363891601562,84.96939086914062,15.217475891113281,False,False,False,-34.97639465332031,2.204738140106201,True,25,0
3074,PushT,0.02,34,65,13.126495361328125,388.8625183105469,33.64567565917969,False,False,False,-100.79843139648438,1.6588395833969116,True,17,0
3074,PushT,0.02,35,65,6.407018661499023,86.21595764160156,20.22246551513672,False,False,False,-26.990673065185547,5.212672710418701,False,0,0
3074,PushT,0.02,36,65,403.9861755371094,38.37786865234375,8.058554649353027,True,True,True,387.3305969238281,0.09069188684225082,False,0,0
3074,PushT,0.02,37,65,115.84426879882812,77.73171997070312,12.022782325744629,False,False,True,62.282928466796875,0.46235641837120056,False,0,0
3074,PushT,0.02,38,65,138.03985595703125,60.666168212890625,7.217188358306885,True,True,True,124.72975158691406,0.23786430060863495,False,0,0
3074,PushT,0.02,39,65,184.3347930908203,31.625015258789062,14.292911529541016,True,True,True,175.48678588867188,0.14171868562698364,False,0,0
3074,PushT,0.02,40,65,0.060126304626464844,27.64990997314453,5.410650730133057,False,False,False,-11.79738998413086,183.47694396972656,True,59,30
3074,PushT,0.02,41,65,18.663597106933594,149.90908813476562,13.901381492614746,False,False,False,-226.81491088867188,13.152796745300293,True,0,44
3074,PushT,0.02,42,65,73.74635314941406,23.846710205078125,4.3580098152160645,True,True,True,57.88639450073242,0.24570223689079285,False,0,0
3074,PushT,0.02,43,65,10.922966003417969,26.668899536132812,6.670475482940674,False,False,False,-6.864299774169922,1.6284282207489014,False,0,0
3074,PushT,0.02,44,65,273.35333251953125,28.166046142578125,11.887484550476074,True,True,True,234.89266967773438,0.16242016851902008,False,0,0
3074,PushT,0.02,45,65,236.62681579589844,187.83938598632812,12.68145751953125,False,False,False,-88.69697570800781,1.3748390674591064,False,0,0
3074,PushT,0.02,46,65,236.40884399414062,75.80791473388672,9.933128356933594,True,True,True,133.47055053710938,0.4354248642921448,False,0,0
3074,PushT,0.02,47,65,275.5204772949219,24.884279251098633,5.03178071975708,True,True,True,239.76034545898438,0.12979120016098022,False,0,0
3074,PushT,0.02,48,65,100.11315155029297,98.56961059570312,28.042842864990234,False,False,False,-14.531248092651367,1.1451482772827148,False,0,0
3074,PushT,0.02,49,65,220.16595458984375,69.86886596679688,11.78664779663086,True,True,True,141.98468017578125,0.3551015555858612,False,0,0
3074,PushT,0.02,50,65,199.69081115722656,58.788665771484375,10.384435653686523,True,True,True,170.24371337890625,0.19012613594532013,False,0,0
3074,PushT,0.02,51,65,259.750244140625,76.95986938476562,16.275909423828125,True,True,True,175.72430419921875,0.41472727060317993,False,0,0
3074,PushT,0.02,52,65,284.2109680175781,30.537994384765625,11.833876609802246,True,True,True,248.77816772460938,0.15844973921775818,False,0,0
3074,PushT,0.02,53,65,129.74728393554688,78.54782104492188,10.50768756866455,False,False,True,86.99473571777344,0.43409621715545654,False,0,0
3074,PushT,0.02,54,65,155.40830993652344,83.22096252441406,22.459209442138672,False,False,True,107.79754638671875,0.39217841625213623,False,0,0
3074,PushT,0.02,55,65,219.62515258789062,136.57322692871094,11.583202362060547,False,False,True,60.83689880371094,0.7229966521263123,False,0,0
3074,PushT,0.02,56,65,124.2823257446289,18.866546630859375,6.0131940841674805,True,True,True,116.28521728515625,0.1436147391796112,False,0,0
3074,PushT,0.02,57,65,122.04450225830078,47.041839599609375,6.1558918952941895,True,True,True,100.602294921875,0.3029649555683136,False,0,0
3074,PushT,0.02,58,65,2.7721734046936035,43.88177490234375,11.76793098449707,False,False,False,-32.946083068847656,10.377150535583496,True,0,41
3074,PushT,0.02,59,65,234.546630859375,77.29913330078125,20.36982536315918,True,True,True,192.4187469482422,0.20845544338226318,False,0,0
3074,PushT,0.02,60,65,10.013021469116211,54.52923583984375,6.264615535736084,False,False,False,-14.875619888305664,2.4856274127960205,False,0,0
3074,PushT,0.02,61,65,0.9489431381225586,66.48318481445312,8.386927604675293,False,False,False,-63.02129364013672,26.908565521240234,True,7,0
3074,PushT,0.02,62,65,1.158949851989746,49.84991455078125,5.722750663757324,False,False,False,-0.015011787414550781,1.0129529237747192,True,53,54
3074,PushT,0.02,63,65,78.77667999267578,72.84152221679688,15.820459365844727,False,False,True,12.384129524230957,0.8427944183349609,False,0,0
3074,PushT,0.02,64,65,0.5945892333984375,54.17717742919922,32.59897232055664,False,False,False,-76.50019836425781,80.36640930175781,True,0,17
3074,PushT,0.02,65,65,39.501708984375,123.63446044921875,13.79802417755127,False,False,False,-152.73867797851562,2.910554885864258,True,0,48
3074,PushT,0.02,66,65,57.08061218261719,54.034996032714844,10.389902114868164,False,False,True,0.10424041748046875,0.9981738328933716,False,0,0
3074,PushT,0.02,67,65,21.53631591796875,57.96018981933594,10.473196983337402,False,False,False,-44.19486999511719,3.0521090030670166,True,0,18
3074,PushT,0.02,68,65,227.3479766845703,52.12441635131836,8.410177230834961,True,True,True,174.13467407226562,0.2819133400917053,False,0,0
3074,PushT,0.02,69,65,260.5040588378906,39.24078369140625,7.6046600341796875,True,True,True,239.2554931640625,0.14648965001106262,False,0,0
3074,PushT,0.02,70,65,55.823341369628906,158.8480224609375,16.54767608642578,False,False,False,-200.94345092773438,4.599631309509277,True,0,44
3074,PushT,0.02,71,65,226.89743041992188,105.81214141845703,10.159210205078125,True,True,True,50.765464782714844,0.8052495718002319,False,0,0
3074,PushT,0.02,72,65,132.15081787109375,37.12542724609375,11.983963966369629,True,True,True,85.51591491699219,0.3528915047645569,False,0,0
3074,PushT,0.02,73,65,241.03970336914062,22.688682556152344,5.648990631103516,True,True,True,210.85150146484375,0.12524157762527466,False,0,0
3074,PushT,0.02,74,65,28.54706382751465,68.425048828125,20.174068450927734,False,False,True,21.466102600097656,0.3539559841156006,False,0,0
3074,PushT,0.02,75,65,121.1268081665039,76.9400634765625,13.546351432800293,False,False,True,90.5762939453125,0.4694712162017822,False,0,0
3074,PushT,0.02,76,65,5.624288082122803,99.60330200195312,8.12862491607666,False,False,False,-1.844146728515625,1.2314636707305908,False,35,35
3074,PushT,0.02,77,65,175.97787475585938,29.942138671875,10.839133262634277,True,True,True,158.0894012451172,0.1960645616054535,False,0,0
3074,PushT,0.02,78,65,162.99212646484375,57.48779296875,12.559789657592773,True,True,True,148.8775177001953,0.23910963535308838,False,0,0
3074,PushT,0.02,79,65,34.848052978515625,32.103240966796875,15.713886260986328,False,False,True,30.321487426757812,0.2577127516269684,False,0,0
3074,PushT,0.02,80,65,45.611724853515625,30.926101684570312,6.596890449523926,False,False,True,33.87814712524414,0.3136688768863678,False,0,0
3074,PushT,0.02,81,65,107.86502075195312,100.05401611328125,17.780982971191406,False,False,True,15.39178466796875,0.857305109500885,False,0,0
3074,PushT,0.02,82,65,90.03018951416016,64.25984191894531,17.342876434326172,False,False,True,19.19649887084961,0.8198531270027161,False,0,0
3074,PushT,0.02,83,65,45.50359344482422,58.21281433105469,6.649831771850586,False,False,True,34.319183349609375,0.3229318857192993,False,0,0
3074,PushT,0.02,84,65,197.92642211914062,120.9088134765625,10.492486000061035,False,False,True,48.428138732910156,0.7553225755691528,False,0,0
3074,PushT,0.02,85,65,4.791633605957031,65.84803771972656,11.021773338317871,False,False,False,-87.84092712402344,9.120611190795898,True,0,14
3074,PushT,0.02,86,65,232.78369140625,71.28033447265625,11.259734153747559,True,True,True,189.09681701660156,0.23742344975471497,False,0,0
3074,PushT,0.02,87,65,174.70632934570312,55.343963623046875,19.082468032836914,True,True,True,138.60418701171875,0.28764811158180237,False,0,0
3074,PushT,0.02,88,65,179.6263885498047,82.04425048828125,19.334951400756836,True,True,True,107.88652038574219,0.42100274562835693,False,0,0
3074,PushT,0.02,89,65,299.7939453125,119.42959594726562,13.834660530090332,True,True,True,252.55621337890625,0.38283273577690125,False,0,0
3074,PushT,0.02,90,65,217.3887481689453,29.504150390625,8.685341835021973,True,True,True,191.08518981933594,0.14268504083156586,False,0,0
3074,PushT,0.02,91,65,196.08155822753906,38.90264892578125,7.96125602722168,True,True,True,151.9139862060547,0.22525101900100708,False,0,0
3074,PushT,0.02,92,65,303.1177062988281,71.51113891601562,7.804856300354004,True,True,True,207.24313354492188,0.3162948489189148,False,0,0
3074,PushT,0.02,93,65,2.00738525390625,230.9425506591797,16.585498809814453,False,False,False,-200.47264099121094,7.37962532043457,True,55,0
3074,PushT,0.02,94,65,34.72797393798828,81.35061645507812,13.839370727539062,False,False,True,4.076489448547363,0.8826165795326233,False,0,0
3074,PushT,0.02,95,65,84.38019561767578,47.4593505859375,17.033607482910156,False,False,True,32.95327377319336,0.6094667315483093,False,0,0
3074,PushT,0.02,96,65,6.950448989868164,62.7198486328125,13.564268112182617,False,False,False,-7.41526985168457,1.8392459154129028,False,0,0
3074,PushT,0.02,97,65,136.3008270263672,285.53802490234375,24.520301818847656,False,False,False,-219.5318145751953,2.6106419563293457,True,0,37
3074,PushT,0.02,98,65,233.063720703125,241.9074249267578,38.094966888427734,False,False,False,-179.9795379638672,1.7623538970947266,False,0,0
3074,PushT,0.02,99,65,4.283176422119141,84.13861083984375,39.779319763183594,False,False,False,-101.04507446289062,20.018037796020508,True,7,16
3074,PushT,0.03,0,65,402.58477783203125,9.16656494140625,2.1280062198638916,True,True,True,399.20904541015625,0.02054143324494362,False,0,0
3074,PushT,0.03,1,65,29.2353458404541,19.0977783203125,7.818807125091553,False,False,True,14.057518005371094,0.5601326823234558,False,0,0
3074,PushT,0.03,2,65,242.79257202148438,78.6075439453125,9.14141845703125,True,True,True,205.43954467773438,0.1712048351764679,False,0,0
3074,PushT,0.03,3,65,60.69419479370117,52.53955078125,11.95787525177002,False,False,True,30.911998748779297,0.490692675113678,False,0,0
3074,PushT,0.03,4,65,108.57077026367188,81.55699157714844,11.907986640930176,False,False,True,40.61656188964844,0.6258978247642517,False,0,0
3074,PushT,0.03,5,65,200.2906036376953,12.647857666015625,3.9197824001312256,True,True,True,190.35107421875,0.08827316015958786,False,0,0
3074,PushT,0.03,6,65,131.61016845703125,43.179290771484375,4.049408912658691,True,True,True,86.42961120605469,0.343290776014328,False,0,0
3074,PushT,0.03,7,65,160.8129425048828,25.699817657470703,3.990135669708252,True,True,True,111.78565979003906,0.304871529340744,False,0,0
3074,PushT,0.03,8,65,314.49163818359375,13.063385009765625,3.0098283290863037,True,True,True,308.6877136230469,0.04230837896466255,False,0,0
3074,PushT,0.03,9,65,209.0435791015625,25.35260009765625,3.466928005218506,True,True,True,193.77175903320312,0.09714580327272415,False,0,0
3074,PushT,0.03,10,65,194.98361206054688,104.73197937011719,9.530342102050781,False,False,True,149.62477111816406,0.35555320978164673,False,0,0
3074,PushT,0.03,11,65,110.96322631835938,98.48355102539062,8.173852920532227,False,False,True,96.59144592285156,0.4691121280193329,False,0,0
3074,PushT,0.03,12,65,96.31490325927734,107.92906188964844,13.14282512664795,False,False,False,-61.49451446533203,1.428503155708313,True,0,25
3074,PushT,0.03,13,65,29.328632354736328,7.772247314453125,1.5528234243392944,True,True,True,26.941177368164062,0.08140352368354797,False,0,0
3074,PushT,0.03,14,65,21.360029220581055,17.34294891357422,5.064448833465576,False,False,True,8.87614631652832,0.5844506621360779,False,0,0
3074,PushT,0.03,15,65,11.650728225708008,19.301361083984375,5.589538097381592,False,False,True,5.630974769592285,0.5166847109794617,False,0,0
3074,PushT,0.03,16,65,40.13567352294922,80.37516784667969,8.513895034790039,False,False,False,-32.351470947265625,1.6252118349075317,True,55,0
3074,PushT,0.03,17,65,0.001842498779296875,198.78521728515625,61.968223571777344,False,False,False,-174.3270263671875,71762.640625,True,45,33
3074,PushT,0.03,18,65,323.9664611816406,29.030670166015625,16.839319229125977,True,True,True,316.2315673828125,0.07375412434339523,False,0,0
3074,PushT,0.03,19,65,204.50503540039062,50.34429931640625,7.72681999206543,True,True,True,150.7036590576172,0.2630809247493744,False,0,0
3074,PushT,0.03,20,65,31.264352798461914,122.64041137695312,17.249099731445312,False,False,False,-14.101634979248047,1.451045274734497,False,0,0
3074,PushT,0.03,21,65,265.4220886230469,16.106414794921875,1.8068979978561401,True,True,True,260.205322265625,0.07054955512285233,False,0,0
3074,PushT,0.03,22,65,271.15911865234375,68.70745849609375,7.137610912322998,True,True,True,206.274169921875,0.3119053840637207,False,0,0
3074,PushT,0.03,23,65,299.4555358886719,15.730621337890625,7.715260982513428,True,True,True,286.5483703613281,0.05418245121836662,False,0,0
3074,PushT,0.03,24,65,264.5797119140625,25.9227294921875,8.910430908203125,True,True,True,236.342529296875,0.11653552204370499,False,0,0
3074,PushT,0.03,25,65,123.0405502319336,47.82177734375,10.959505081176758,True,True,True,104.42036437988281,0.2359658032655716,False,0,0
3074,PushT,0.03,26,65,163.5487823486328,8.19061279296875,1.7737692594528198,True,True,True,160.54656982421875,0.03966313600540161,False,0,0
3074,PushT,0.03,27,65,29.886573791503906,15.609039306640625,3.6045610904693604,False,False,True,21.872161865234375,0.26816093921661377,False,0,0
3074,PushT,0.03,28,65,160.08924865722656,17.810287475585938,5.207509994506836,True,True,True,152.17430114746094,0.11598511040210724,False,0,0
3074,PushT,0.03,29,65,355.8548889160156,18.981964111328125,2.771916389465332,True,True,True,324.1263122558594,0.08916155993938446,False,0,0
3074,PushT,0.03,30,65,233.3260040283203,31.738555908203125,4.989465713500977,True,True,True,194.9266815185547,0.16457368433475494,False,0,0
3074,PushT,0.03,31,65,124.01397705078125,26.251541137695312,9.791905403137207,True,True,True,105.81741333007812,0.15988467633724213,False,0,0
3074,PushT,0.03,32,65,170.26251220703125,14.4527587890625,3.821044683456421,True,True,True,168.92588806152344,0.04263751208782196,False,0,0
3074,PushT,0.03,33,65,52.5753173828125,52.94940185546875,12.20128059387207,False,False,False,-8.23797607421875,1.1214368343353271,False,0,0
3074,PushT,0.03,34,65,12.152885437011719,268.5149230957031,16.772340774536133,False,False,False,-61.49950408935547,1.9161310195922852,True,17,27
3074,PushT,0.03,35,65,108.85142517089844,65.92402648925781,8.351241111755371,False,False,True,56.48594665527344,0.5770096778869629,False,0,0
3074,PushT,0.03,36,65,360.4281005859375,10.56170654296875,1.6517674922943115,True,True,True,358.60931396484375,0.02785544842481613,False,0,0
3074,PushT,0.03,37,65,144.0499267578125,77.04891967773438,7.930733680725098,False,False,True,104.66632843017578,0.2734024226665497,False,0,0
3074,PushT,0.03,38,65,130.79981994628906,70.86105346679688,8.790891647338867,False,False,True,45.14485168457031,0.6548553705215454,False,0,0
3074,PushT,0.03,39,65,164.29908752441406,18.38043212890625,4.091070652008057,True,True,True,163.10899353027344,0.06509051471948624,False,0,0
3074,PushT,0.03,40,65,2.6490964889526367,5.301536560058594,2.335606813430786,False,False,False,-0.9038467407226562,1.3411905765533447,False,0,0
3074,PushT,0.03,41,65,46.033355712890625,9.525299072265625,1.997605562210083,True,True,True,38.1168212890625,0.1719738245010376,False,0,0
3074,PushT,0.03,42,65,69.77215576171875,25.7791748046875,3.5363588333129883,True,True,True,55.40492248535156,0.2059164047241211,False,0,0
3074,PushT,0.03,43,65,10.138182640075684,26.424495697021484,5.639800548553467,False,False,True,1.099806785583496,0.8915183544158936,False,0,0
3074,PushT,0.03,44,65,247.74510192871094,19.979888916015625,3.833752393722534,True,True,True,238.19908142089844,0.08191568404436111,False,0,0
3074,PushT,0.03,45,65,279.5021667480469,44.784637451171875,6.022525787353516,True,True,True,240.97789001464844,0.18960624933242798,False,0,0
3074,PushT,0.03,46,65,247.1708984375,35.89422607421875,5.82420539855957,True,True,True,243.3323516845703,0.11636337637901306,False,0,0
3074,PushT,0.03,47,65,200.12738037109375,3.442138671875,1.1225550174713135,True,True,True,193.83848571777344,0.03142445906996727,False,0,0
3074,PushT,0.03,48,65,87.35453033447266,54.256561279296875,21.538070678710938,False,False,True,74.51878356933594,0.4262028932571411,False,0,0
3074,PushT,0.03,49,65,238.9422149658203,27.38140869140625,7.433175086975098,True,True,True,211.2410430908203,0.11593251675367355,False,0,0
3074,PushT,0.03,50,65,196.79396057128906,28.40155029296875,10.425207138061523,True,True,True,177.1835174560547,0.09964960068464279,False,0,0
3074,PushT,0.03,51,65,283.4789733886719,35.14410400390625,6.703950881958008,True,True,True,244.57554626464844,0.13723565638065338,False,0,0
3074,PushT,0.03,52,65,302.4522705078125,6.118470191955566,1.5256277322769165,True,True,True,295.68304443359375,0.02881762944161892,False,0,0
3074,PushT,0.03,53,65,141.91644287109375,27.239013671875,5.336470127105713,True,True,True,130.3623046875,0.09167175740003586,False,0,0
3074,PushT,0.03,54,65,218.88873291015625,114.34468078613281,12.144951820373535,False,False,True,148.41070556640625,0.43811318278312683,False,0,0
3074,PushT,0.03,55,65,307.3636474609375,29.512203216552734,6.029132843017578,True,True,True,261.1263122558594,0.15043200552463531,False,0,0
3074,PushT,0.03,56,65,128.6727294921875,22.35162353515625,6.027757167816162,True,True,True,119.46510314941406,0.14851850271224976,False,0,0
3074,PushT,0.03,57,65,161.1423797607422,20.30987548828125,5.708484172821045,True,True,True,147.67640686035156,0.08626215904951096,False,0,0
3074,PushT,0.03,58,65,3.7809863090515137,21.777023315429688,5.164274215698242,False,False,True,3.181701183319092,0.2432895451784134,False,0,0
3074,PushT,0.03,59,65,275.8664245605469,51.83251953125,9.47422981262207,True,True,True,233.609130859375,0.17698746919631958,False,0,0
3074,PushT,0.03,60,65,26.177074432373047,66.82493591308594,8.228543281555176,False,False,False,-30.56915283203125,1.8128386735916138,True,12,0
3074,PushT,0.03,61,65,8.982027053833008,23.663349151611328,4.6742024421691895,False,False,True,6.551987648010254,0.5235283970832825,False,0,0
3074,PushT,0.03,62,65,0.18149375915527344,16.866355895996094,2.5615923404693604,False,False,False,-4.738154411315918,27.10643196105957,False,2,2
3074,PushT,0.03,63,65,106.16554260253906,39.4527587890625,11.47041130065918,True,True,True,49.02301025390625,0.5382398962974548,False,0,0
3074,PushT,0.03,64,65,0.43547630310058594,6.333953857421875,2.1797852516174316,False,False,False,-4.953882217407227,10.31706428527832,False,59,59
3074,PushT,0.03,65,65,155.66128540039062,254.02239990234375,19.694522857666016,False,False,False,-177.5731964111328,1.8241021633148193,True,0,48
3074,PushT,0.03,66,65,116.6287841796875,34.45989990234375,6.595489978790283,True,True,True,76.730712890625,0.3420945703983307,False,0,0
3074,PushT,0.03,67,65,32.844032287597656,113.9295425415039,11.373798370361328,False,False,False,-86.44326782226562,3.631932258605957,True,0,18
3074,PushT,0.03,68,65,203.20184326171875,60.4853515625,7.432034492492676,True,True,True,182.24371337890625,0.1955193430185318,False,0,0
3074,PushT,0.03,69,65,286.1026611328125,74.52008056640625,8.199932098388672,True,True,True,198.24234008789062,0.30709370970726013,False,0,0
3074,PushT,0.03,70,65,1.3365097045898438,85.77328491210938,15.65694808959961,False,False,False,-30.21411895751953,23.606733322143555,False,0,0
3074,PushT,0.03,71,65,196.710693359375,18.36407470703125,5.667330265045166,True,True,True,191.34298706054688,0.06252022832632065,False,0,0
3074,PushT,0.03,72,65,132.48931884765625,41.07269287109375,10.194339752197266,True,True,True,122.02372741699219,0.12311998754739761,False,0,0
3074,PushT,0.03,73,65,298.1789855957031,16.21173095703125,3.9184610843658447,True,True,True,292.0602722167969,0.05739039555191994,False,0,0
3074,PushT,0.03,74,65,46.13264465332031,48.357940673828125,12.980752944946289,False,False,True,23.53288459777832,0.5204053521156311,False,0,0
3074,PushT,0.03,75,65,128.48184204101562,19.358184814453125,3.488776206970215,True,True,True,122.06819915771484,0.08063363283872604,False,0,0
3074,PushT,0.03,76,65,8.934486389160156,22.820846557617188,3.6418352127075195,False,False,False,-0.6556000709533691,1.0389810800552368,False,49,49
3074,PushT,0.03,77,65,228.1808319091797,29.324031829833984,3.2288851737976074,True,True,True,189.9093780517578,0.17462609708309174,False,0,0
3074,PushT,0.03,78,65,203.9971466064453,80.1119384765625,10.8371000289917,True,True,True,147.07986450195312,0.27901017665863037,False,0,0
3074,PushT,0.03,79,65,59.27912902832031,7.490509033203125,3.1946628093719482,True,True,True,53.670040130615234,0.09462165087461472,False,0,0
3074,PushT,0.03,80,65,36.410282135009766,17.981910705566406,2.24489164352417,True,True,True,32.259765625,0.20839738845825195,False,0,0
3074,PushT,0.03,81,65,142.3751983642578,35.662139892578125,7.591563701629639,True,True,True,124.66954040527344,0.1872280240058899,False,0,0
3074,PushT,0.03,82,65,41.85548400878906,40.96592712402344,8.732071876525879,False,False,True,26.4445743560791,0.3681933283805847,False,0,0
3074,PushT,0.03,83,65,62.977088928222656,47.78959655761719,5.331846237182617,False,False,True,46.00921630859375,0.317568838596344,False,0,0
3074,PushT,0.03,84,65,239.4175262451172,30.6497802734375,6.420475959777832,True,True,True,220.03353881835938,0.11075982451438904,False,0,0
3074,PushT,0.03,85,65,46.37297058105469,48.139373779296875,10.26090145111084,False,False,False,-16.769195556640625,1.322961449623108,True,0,14
3074,PushT,0.03,86,65,223.65994262695312,64.30859375,6.145380020141602,True,True,True,199.9488067626953,0.20084887742996216,False,0,0
3074,PushT,0.03,87,65,162.6095428466797,11.346771240234375,5.337386131286621,True,True,True,157.1172637939453,0.034472353756427765,False,0,0
3074,PushT,0.03,88,65,156.50924682617188,21.00677490234375,6.864453315734863,True,True,True,136.9329376220703,0.12508080899715424,False,0,0
3074,PushT,0.03,89,65,340.0098571777344,147.19955444335938,16.565841674804688,True,True,True,170.98025512695312,0.5955845713615417,False,0,0
3074,PushT,0.03,90,65,269.5589904785156,28.24359130859375,5.88979434967041,True,True,True,262.823486328125,0.08142172545194626,False,0,0
3074,PushT,0.03,91,65,154.9530029296875,41.493560791015625,6.072951316833496,True,True,True,116.2359619140625,0.24986310303211212,False,0,0
3074,PushT,0.03,92,65,318.3754577636719,50.244354248046875,3.424504041671753,True,True,True,259.31951904296875,0.18549153208732605,False,0,0
3074,PushT,0.03,93,65,55.6915283203125,38.56153869628906,12.462757110595703,False,False,True,0.4451141357421875,0.9920074939727783,False,0,0
3074,PushT,0.03,94,65,89.81550598144531,37.834320068359375,8.289999008178711,True,True,True,70.09706115722656,0.25322169065475464,False,0,0
3074,PushT,0.03,95,65,154.34091186523438,56.11224365234375,9.29406452178955,True,True,True,138.34304809570312,0.23993615806102753,False,0,0
3074,PushT,0.03,96,65,14.840779304504395,27.83428955078125,6.291395664215088,False,False,True,4.823270797729492,0.6749988198280334,False,0,0
3074,PushT,0.03,97,65,63.10899353027344,98.97862243652344,18.61772918701172,False,False,False,-7.923179626464844,1.1103371381759644,False,0,0
3074,PushT,0.03,98,65,220.01766967773438,101.4857177734375,14.984588623046875,True,True,True,91.9530029296875,0.6403006315231323,False,0,0
3074,PushT,0.03,99,65,1.9602890014648438,110.22491455078125,27.234567642211914,False,False,False,-65.44068908691406,7.328961372375488,False,16,16
3074,PushT,0.04,0,65,343.3425598144531,14.152862548828125,3.534621000289917,True,True,True,323.8666076660156,0.05672454461455345,False,0,0
3074,PushT,0.04,1,65,2.312999725341797,22.081268310546875,8.521841049194336,False,False,False,-3.3928699493408203,2.466870069503784,False,26,26
3074,PushT,0.04,2,65,190.97454833984375,101.50001525878906,12.246149063110352,False,False,True,68.53939056396484,0.6411072015762329,False,0,0
3074,PushT,0.04,3,65,23.63824462890625,27.35052490234375,4.835148811340332,False,False,True,18.244205474853516,0.22819118201732635,False,0,0
3074,PushT,0.04,4,65,103.25764465332031,21.046966552734375,6.082627773284912,True,True,True,93.71345520019531,0.10422592610120773,False,0,0
3074,PushT,0.04,5,65,215.5747528076172,23.980621337890625,4.216770172119141,True,True,True,185.0528564453125,0.14158381521701813,False,0,0
3074,PushT,0.04,6,65,75.03015899658203,24.741912841796875,2.2392899990081787,True,True,True,71.68643188476562,0.11541993916034698,False,0,0
3074,PushT,0.04,7,65,172.12059020996094,38.18232727050781,7.439966678619385,True,True,True,143.1625518798828,0.1879705935716629,False,0,0
3074,PushT,0.04,8,65,236.55685424804688,26.223419189453125,2.877167224884033,True,True,True,205.5991973876953,0.13086774945259094,False,0,0
3074,PushT,0.04,9,65,174.3339080810547,15.403167724609375,3.253582239151001,True,True,True,163.46875,0.09126845002174377,False,0,0
3074,PushT,0.04,10,65,185.50765991210938,52.71211242675781,7.677540302276611,True,True,True,171.59996032714844,0.20487114787101746,False,0,0
3074,PushT,0.04,11,65,114.75458526611328,30.709625244140625,6.748205184936523,True,True,True,102.17547607421875,0.15626156330108643,False,0,0
3074,PushT,0.04,12,65,92.28193664550781,27.735595703125,6.330711364746094,True,True,True,58.357120513916016,0.36762142181396484,False,0,0
3074,PushT,0.04,13,65,45.9378662109375,15.610137939453125,2.348940849304199,True,True,True,44.969573974609375,0.0502755381166935,False,0,0
3074,PushT,0.04,14,65,23.69829559326172,9.871994018554688,3.1941096782684326,True,True,True,16.178176879882812,0.31732743978500366,False,0,0
3074,PushT,0.04,15,65,23.440040588378906,15.817703247070312,3.003120183944702,False,False,True,20.0594539642334,0.1587829440832138,False,0,0
3074,PushT,0.04,16,65,32.98605728149414,33.86724853515625,3.8236896991729736,False,False,True,23.32775115966797,0.35998618602752686,False,0,0
3074,PushT,0.04,17,65,0.540471076965332,24.05780029296875,3.4114935398101807,False,False,False,-2.915041923522949,6.393520832061768,True,64,45
3074,PushT,0.04,18,65,312.4564208984375,21.288177490234375,3.8427460193634033,True,True,True,293.3063049316406,0.06285019963979721,False,0,0
3074,PushT,0.04,19,65,166.28883361816406,27.295425415039062,3.8644332885742188,True,True,True,160.48788452148438,0.14238998293876648,False,0,0
3074,PushT,0.04,20,65,35.83464813232422,28.222625732421875,3.5646791458129883,False,False,True,32.54692459106445,0.15754714608192444,False,0,0
3074,PushT,0.04,21,65,186.3996124267578,41.675079345703125,3.313002347946167,True,True,True,150.90565490722656,0.2566783130168915,False,0,0
3074,PushT,0.04,22,65,194.4388885498047,29.0003662109375,5.265155792236328,True,True,True,176.31312561035156,0.09322084486484528,False,0,0
3074,PushT,0.04,23,65,286.7868957519531,6.751373291015625,2.384411573410034,True,True,True,281.6235656738281,0.03058372624218464,False,0,0
3074,PushT,0.04,24,65,205.37045288085938,34.840423583984375,9.665371894836426,True,True,True,166.81825256347656,0.18772029876708984,False,0,0
3074,PushT,0.04,25,65,94.72508239746094,21.94610595703125,4.6842827796936035,True,True,True,91.09541320800781,0.09059029072523117,False,0,0
3074,PushT,0.04,26,65,176.3684844970703,20.60076904296875,4.885354518890381,True,True,True,143.3370819091797,0.18728628754615784,False,0,0
3074,PushT,0.04,27,65,35.88385009765625,18.19970703125,2.496716260910034,False,False,True,27.321563720703125,0.2386111468076706,False,0,0
3074,PushT,0.04,28,65,179.9472198486328,61.806671142578125,5.037283420562744,True,True,True,152.7506103515625,0.2923104763031006,False,0,0
3074,PushT,0.04,29,65,342.77569580078125,6.10003662109375,1.2947062253952026,True,True,True,341.0017395019531,0.019490022212266922,False,0,0
3074,PushT,0.04,30,65,217.65899658203125,84.46002197265625,8.403343200683594,True,True,True,119.88812255859375,0.4974115788936615,False,0,0
3074,PushT,0.04,31,65,72.05882263183594,53.4300537109375,15.404213905334473,False,False,True,1.524688720703125,0.9788410663604736,False,0,0
3074,PushT,0.04,32,65,172.99147033691406,31.00872802734375,5.984634876251221,True,True,True,162.58697509765625,0.1038728877902031,False,0,0
3074,PushT,0.04,33,65,20.619552612304688,82.97640991210938,16.914018630981445,False,False,False,-45.93939971923828,3.2279531955718994,True,38,0
3074,PushT,0.04,34,65,29.794822692871094,225.15150451660156,17.726972579956055,False,False,False,-79.63732147216797,1.531873345375061,True,17,0
3074,PushT,0.04,35,65,46.68844985961914,116.67655944824219,5.899651527404785,False,False,True,29.7889404296875,0.706955075263977,False,0,0
3074,PushT,0.04,36,65,400.1261901855469,14.701751708984375,3.5264458656311035,True,True,True,390.16253662109375,0.028633881360292435,False,0,0
3074,PushT,0.04,37,65,140.9391326904297,44.868804931640625,9.849425315856934,True,True,True,93.09375,0.33947551250457764,False,0,0
3074,PushT,0.04,38,65,77.77511596679688,19.623214721679688,3.1153626441955566,True,True,True,39.76932144165039,0.4886626601219177,False,0,0
3074,PushT,0.04,39,65,151.5498809814453,30.667236328125,7.48307466506958,True,True,True,131.62559509277344,0.14885100722312927,False,0,0
3074,PushT,0.04,40,65,3.771484375,7.6059112548828125,1.4927067756652832,False,False,True,2.1867752075195312,0.4201818108558655,False,0,0
3074,PushT,0.04,41,65,21.87664794921875,23.73969268798828,5.417984485626221,False,False,False,-3.3965682983398438,1.1552599668502808,True,0,44
3074,PushT,0.04,42,65,90.83099365234375,24.00897216796875,4.648739814758301,True,True,True,78.07162475585938,0.14811234176158905,False,0,0
3074,PushT,0.04,43,65,16.178184509277344,8.232406616210938,1.6237443685531616,False,False,True,13.515636444091797,0.16457641124725342,False,0,0
3074,PushT,0.04,44,65,285.3552551269531,14.28448486328125,2.277820110321045,True,True,True,279.3692626953125,0.05550965294241905,False,0,0
3074,PushT,0.04,45,65,241.61996459960938,133.95718383789062,16.873313903808594,False,False,True,65.11788940429688,0.7851067185401917,False,0,0
3074,PushT,0.04,46,65,213.74273681640625,17.88909912109375,2.9999020099639893,True,True,True,209.9275360107422,0.07088794559240341,False,0,0
3074,PushT,0.04,47,65,178.14590454101562,70.23927307128906,4.840628147125244,True,True,True,98.05662536621094,0.44957125186920166,False,0,0
3074,PushT,0.04,48,65,125.47943115234375,14.5626220703125,3.818603277206421,True,True,True,123.72496032714844,0.05976729467511177,False,0,0
3074,PushT,0.04,49,65,290.1648254394531,9.89312744140625,4.485201358795166,True,True,True,278.9321594238281,0.038711342960596085,False,0,0
3074,PushT,0.04,50,65,208.95184326171875,6.70208740234375,1.854679822921753,True,True,True,202.7727813720703,0.02957167848944664,False,0,0
3074,PushT,0.04,51,65,282.7456970214844,26.282196044921875,5.443068981170654,True,True,True,260.0935974121094,0.11875972896814346,False,0,0
3074,PushT,0.04,52,65,292.0694885253906,6.19952392578125,2.2482900619506836,True,True,True,284.27923583984375,0.03388102352619171,False,0,0
3074,PushT,0.04,53,65,110.52403259277344,27.07781982421875,3.440336227416992,True,True,True,106.50809478759766,0.1391509771347046,False,0,0
3074,PushT,0.04,54,65,194.3371124267578,17.6246337890625,3.6511056423187256,True,True,True,186.42343139648438,0.062403853982686996,False,0,0
3074,PushT,0.04,55,65,256.61907958984375,17.86859130859375,6.7863874435424805,True,True,True,249.8693389892578,0.048420753329992294,False,0,0
3074,PushT,0.04,56,65,144.75515747070312,17.0252685546875,8.294123649597168,True,True,True,133.39630126953125,0.10563481599092484,False,0,0
3074,PushT,0.04,57,65,142.24667358398438,33.51744079589844,5.041171550750732,True,True,True,133.32591247558594,0.14688989520072937,False,0,0
3074,PushT,0.04,58,65,0.2062673568725586,12.32379150390625,1.9793531894683838,False,False,False,-0.3030362129211426,2.4691429138183594,False,41,41
3074,PushT,0.04,59,65,230.9925537109375,92.1031494140625,14.820223808288574,True,True,True,173.3583984375,0.3673981726169586,False,0,0
3074,PushT,0.04,60,65,22.677532196044922,103.3531494140625,4.010687351226807,False,False,True,21.915359497070312,0.4694608449935913,False,12,12
3074,PushT,0.04,61,65,0.0355224609375,6.917022705078125,2.0822997093200684,False,False,False,-1.9853096008300781,56.88885498046875,False,36,36
3074,PushT,0.04,62,65,4.3951873779296875,22.827484130859375,3.3287549018859863,False,False,True,3.232419967651367,0.572367250919342,False,53,53
3074,PushT,0.04,63,65,87.41069793701172,53.71240234375,7.755611419677734,False,False,True,66.39193725585938,0.2404598593711853,False,0,0
3074,PushT,0.04,64,65,1.1208686828613281,2.09881591796875,0.6912032961845398,False,False,False,-0.6520519256591797,1.581737995147705,False,46,46
3074,PushT,0.04,65,65,84.68618774414062,123.97174072265625,10.585611343383789,False,False,False,-101.25396728515625,1.8600513935089111,True,0,48
3074,PushT,0.04,66,65,27.163131713867188,21.36981201171875,6.673556327819824,False,False,True,7.057708740234375,0.7401732206344604,False,36,36
3074,PushT,0.04,67,65,10.71246337890625,7.121978759765625,2.4806716442108154,False,False,True,2.5114593505859375,0.7655572295188904,False,47,47
3074,PushT,0.04,68,65,279.7116394042969,39.257659912109375,4.1104559898376465,True,True,True,227.70257568359375,0.18593814969062805,False,0,0
3074,PushT,0.04,69,65,242.94448852539062,54.926544189453125,6.1085429191589355,True,True,True,190.42941284179688,0.22805847227573395,False,0,0
3074,PushT,0.04,70,65,35.80434036254883,53.8972282409668,9.733453750610352,False,False,False,-39.517921447753906,2.1037187576293945,False,0,0
3074,PushT,0.04,71,65,126.77106475830078,10.550445556640625,2.406160831451416,True,True,True,120.52296447753906,0.04928646236658096,False,0,0
3074,PushT,0.04,72,65,181.9683837890625,9.405029296875,2.5880069732666016,True,True,True,169.62217712402344,0.0678480789065361,False,0,0
3074,PushT,0.04,73,65,290.05328369140625,20.349456787109375,1.9617152214050293,True,True,True,277.28240966796875,0.08738458156585693,False,0,0
3074,PushT,0.04,74,65,50.53648376464844,107.06024169921875,7.149299621582031,False,False,True,46.850074768066406,0.6587069034576416,False,0,0
3074,PushT,0.04,75,65,116.39128875732422,27.167449951171875,3.508495330810547,True,True,True,102.8785629272461,0.23784904181957245,False,0,0
3074,PushT,0.04,76,65,1.322148323059082,16.181671142578125,3.1112864017486572,False,False,False,-4.917045593261719,4.718981742858887,False,29,29
3074,PushT,0.04,77,65,260.4491271972656,15.883880615234375,3.378033399581909,True,True,True,249.40621948242188,0.076223224401474,False,0,0
3074,PushT,0.04,78,65,117.18653106689453,48.203857421875,9.080357551574707,True,True,True,110.76683044433594,0.13177433609962463,False,0,0
3074,PushT,0.04,79,65,35.080108642578125,23.243408203125,6.711968421936035,False,False,True,20.056365966796875,0.42826956510543823,False,0,0
3074,PushT,0.04,80,65,54.533424377441406,17.832199096679688,4.112029552459717,True,True,True,36.0655403137207,0.3386525511741638,False,0,0
3074,PushT,0.04,81,65,141.64413452148438,22.790542602539062,5.7209672927856445,True,True,True,122.35444641113281,0.13618417084217072,False,0,0
3074,PushT,0.04,82,65,89.70667266845703,25.287643432617188,8.447120666503906,True,True,True,60.187191009521484,0.3290667235851288,False,0,0
3074,PushT,0.04,83,65,40.48535919189453,23.5423583984375,2.794466018676758,False,False,True,23.365314483642578,0.422870010137558,False,0,0
3074,PushT,0.04,84,65,203.42822265625,10.733306884765625,4.12142276763916,True,True,True,198.22525024414062,0.0500330813229084,False,0,0
3074,PushT,0.04,85,65,101.11222076416016,9.818328857421875,2.9103288650512695,True,True,True,96.13849639892578,0.09520024806261063,False,0,0
3074,PushT,0.04,86,65,292.97650146484375,29.656829833984375,5.569831371307373,True,True,True,270.2017822265625,0.12629146873950958,False,0,0
3074,PushT,0.04,87,65,157.33433532714844,32.4857177734375,7.630331516265869,True,True,True,125.2837905883789,0.20370979607105255,False,0,0
3074,PushT,0.04,88,65,193.387939453125,35.2205810546875,13.614201545715332,True,True,True,156.987060546875,0.18931534886360168,False,0,0
3074,PushT,0.04,89,65,291.57476806640625,21.357696533203125,4.695760726928711,True,True,True,265.4433288574219,0.10310977697372437,False,0,0
3074,PushT,0.04,90,65,223.76162719726562,52.08935546875,9.224334716796875,True,True,True,206.10214233398438,0.1634041666984558,False,0,0
3074,PushT,0.04,91,65,201.76571655273438,19.879226684570312,1.6152244806289673,True,True,True,181.35012817382812,0.10118464380502701,False,0,0
3074,PushT,0.04,92,65,327.37353515625,10.126983642578125,2.7124147415161133,True,True,True,316.3534240722656,0.03366215154528618,False,0,0
3074,PushT,0.04,93,65,21.126068115234375,51.380340576171875,3.749488353729248,False,False,True,9.35205078125,0.8471208810806274,False,25,25
3074,PushT,0.04,94,65,89.10247802734375,14.26605224609375,3.6056783199310303,True,True,True,82.57131958007812,0.07329942286014557,False,0,0
3074,PushT,0.04,95,65,166.30105590820312,27.918685913085938,9.676410675048828,True,True,True,151.1214141845703,0.1344800889492035,False,0,0
3074,PushT,0.04,96,65,7.036138534545898,24.891342163085938,3.6899797916412354,False,False,True,6.7491912841796875,0.2580913305282593,False,0,0
3074,PushT,0.04,97,65,67.49824523925781,32.994293212890625,8.585180282592773,True,True,True,24.403289794921875,0.6384603977203369,False,0,0
3074,PushT,0.04,98,65,228.79002380371094,46.23451232910156,6.092936038970947,True,True,True,203.51148986816406,0.22395910322666168,False,0,0
3074,PushT,0.04,99,65,6.183897018432617,28.71875762939453,9.803953170776367,False,False,False,-2.6053924560546875,1.4213188886642456,False,16,16
3074,PushT,0.05,0,65,374.3653869628906,5.942657470703125,1.6816747188568115,True,True,True,365.78436279296875,0.027053803205490112,False,0,0
3074,PushT,0.05,1,65,7.045448303222656,51.01597595214844,12.272185325622559,False,False,False,-14.382438659667969,3.0413801670074463,True,2,0
3074,PushT,0.05,2,65,260.5956115722656,141.79898071289062,10.037384033203125,False,False,True,93.69169616699219,0.6404709219932556,False,0,0
3074,PushT,0.05,3,65,85.20491790771484,105.32814025878906,16.94053840637207,False,False,False,-33.36320495605469,1.3915643692016602,True,0,26
3074,PushT,0.05,4,65,56.20163345336914,29.691650390625,10.834061622619629,False,False,True,53.13770294189453,0.10007884353399277,False,0,0
3074,PushT,0.05,5,65,162.37106323242188,40.11091613769531,4.396785259246826,True,True,True,127.94430541992188,0.22837939858436584,False,0,0
3074,PushT,0.05,6,65,110.75967407226562,21.255264282226562,5.526644229888916,True,True,True,87.0556640625,0.2140129953622818,False,0,0
3074,PushT,0.05,7,65,148.0711669921875,28.637832641601562,4.741450309753418,True,True,True,128.77044677734375,0.1941554844379425,False,0,0
3074,PushT,0.05,8,65,304.4607849121094,21.398956298828125,4.301194667816162,True,True,True,280.2061767578125,0.07966415584087372,False,0,0
3074,PushT,0.05,9,65,123.81708526611328,8.09661865234375,2.024998188018799,True,True,True,118.53091430664062,0.04812513291835785,False,0,0
3074,PushT,0.05,10,65,52.57483673095703,20.640296936035156,3.997424364089966,True,True,True,28.496562957763672,0.4579809606075287,False,0,0
3074,PushT,0.05,11,65,127.26813507080078,30.178466796875,13.046911239624023,True,True,True,109.21634674072266,0.15796242654323578,False,0,0
3074,PushT,0.05,12,65,101.56312561035156,130.10137939453125,13.562362670898438,False,False,False,-70.0811767578125,1.690025806427002,True,0,58
3074,PushT,0.05,13,65,10.574872970581055,25.906723022460938,6.399020195007324,False,False,True,10.085290908813477,0.3048681318759918,False,0,0
3074,PushT,0.05,14,65,20.50926971435547,10.30133056640625,3.944864511489868,False,False,True,16.542438507080078,0.23463568091392517,False,0,0
3074,PushT,0.05,15,65,8.592798233032227,12.78558349609375,2.5557737350463867,False,False,True,5.239625453948975,0.39023059606552124,False,0,0
3074,PushT,0.05,16,65,44.73326110839844,68.78350830078125,10.879992485046387,False,False,True,17.683589935302734,0.7998365759849548,False,55,55
3074,PushT,0.05,17,65,1.4676904678344727,36.94059753417969,3.722897529602051,False,False,False,-3.0005016326904297,2.6515262126922607,True,5,23
3074,PushT,0.05,18,65,275.6636047363281,15.252197265625,4.857370376586914,True,True,True,266.39031982421875,0.040428489446640015,False,0,0
3074,PushT,0.05,19,65,152.09481811523438,18.2379150390625,2.694185495376587,True,True,True,132.47064208984375,0.12902593612670898,False,0,0
3074,PushT,0.05,20,65,40.53234100341797,68.93161010742188,15.249908447265625,False,False,True,36.66426086425781,0.3445010185241699,False,0,0
3074,PushT,0.05,21,65,162.54733276367188,44.016944885253906,6.115394592285156,True,True,True,113.2037582397461,0.3035643398761749,False,0,0
3074,PushT,0.05,22,65,221.8319549560547,10.459121704101562,2.197385311126709,True,True,True,211.0177459716797,0.04874953255057335,False,0,0
3074,PushT,0.05,23,65,284.4017028808594,16.19061279296875,5.474653720855713,True,True,True,275.8510437011719,0.0736858993768692,False,0,0
3074,PushT,0.05,24,65,186.379638671875,33.10797119140625,11.324250221252441,True,True,True,166.88259887695312,0.15146099030971527,False,0,0
3074,PushT,0.05,25,65,28.0009765625,29.911758422851562,5.2334771156311035,False,False,True,5.3280029296875,0.8097208142280579,False,23,23
3074,PushT,0.05,26,65,26.35589599609375,16.9754638671875,3.751805305480957,False,False,False,-1.028076171875,1.0390074253082275,False,63,63
3074,PushT,0.05,27,65,41.24932098388672,20.099578857421875,4.799637317657471,True,True,True,27.843555450439453,0.3249936103820801,False,0,0
3074,PushT,0.05,28,65,195.22994995117188,14.9088134765625,3.8122365474700928,True,True,True,178.27450561523438,0.08684860169887543,False,0,0
3074,PushT,0.05,29,65,306.5306396484375,19.371551513671875,3.6204137802124023,True,True,True,302.85687255859375,0.0462447926402092,False,0,0
3074,PushT,0.05,30,65,236.77943420410156,79.8480224609375,10.825827598571777,True,True,True,167.97825622558594,0.3161137104034424,False,0,0
3074,PushT,0.05,31,65,91.6993408203125,12.342636108398438,2.109744071960449,True,True,True,87.77446746826172,0.057528480887413025,False,0,0
3074,PushT,0.05,32,65,134.74607849121094,38.5198974609375,7.10952615737915,True,True,True,121.78915405273438,0.1169968768954277,False,0,0
3074,PushT,0.05,33,65,31.984535217285156,69.9378662109375,13.553731918334961,False,False,True,14.217475891113281,0.5554890632629395,False,38,38
3074,PushT,0.05,34,65,19.90831756591797,26.923904418945312,3.455045461654663,False,False,True,3.502786636352539,0.8240541219711304,False,27,27
3074,PushT,0.05,35,65,1.6584758758544922,10.77166748046875,2.4632198810577393,False,False,False,-7.551862716674805,5.55349588394165,True,0,45
3074,PushT,0.05,36,65,419.7605895996094,17.032440185546875,2.6516289710998535,True,True,True,417.49102783203125,0.039108775556087494,False,0,0
3074,PushT,0.05,37,65,132.8464813232422,7.9561767578125,2.8838632106781006,True,True,True,124.23735809326172,0.0648050308227539,False,0,0
3074,PushT,0.05,38,65,132.59524536132812,60.88751220703125,12.41989517211914,True,True,True,90.45306396484375,0.4082939326763153,False,0,0
3074,PushT,0.05,39,65,142.48858642578125,29.498046875,5.0130181312561035,True,True,True,136.48768615722656,0.1649245321750641,False,0,0
3074,PushT,0.05,40,65,0.49993324279785156,5.011077880859375,1.3175122737884521,False,False,False,-0.4814777374267578,1.963084101676941,False,0,0
3074,PushT,0.05,41,65,60.944580078125,7.94171142578125,2.105494976043701,True,True,True,60.03948211669922,0.023152431473135948,False,0,0
3074,PushT,0.05,42,65,48.45065689086914,10.67926025390625,3.0443294048309326,True,True,True,36.190650939941406,0.25304102897644043,False,0,0
3074,PushT,0.05,43,65,10.354634284973145,24.668212890625,3.773333787918091,False,False,True,7.209405899047852,0.30375078320503235,False,0,0
3074,PushT,0.05,44,65,276.4668884277344,12.039441108703613,4.298858165740967,True,True,True,256.22064208984375,0.07323212176561356,False,0,0
3074,PushT,0.05,45,65,146.0895538330078,123.05706787109375,13.220484733581543,False,False,False,-42.989105224609375,1.2942653894424438,False,0,0
3074,PushT,0.05,46,65,187.7834930419922,66.33035278320312,9.03180980682373,True,True,True,121.53663635253906,0.39700403809547424,False,0,0
3074,PushT,0.05,47,65,232.515380859375,111.81415557861328,4.352165222167969,True,True,True,119.5493392944336,0.485843300819397,False,0,0
3074,PushT,0.05,48,65,78.70418548583984,104.71548461914062,19.989362716674805,False,False,True,66.37488555908203,0.3394883871078491,False,0,0
3074,PushT,0.05,49,65,153.7944793701172,71.2607421875,8.563352584838867,True,True,True,135.73110961914062,0.19432686269283295,False,0,0
3074,PushT,0.05,50,65,198.77542114257812,32.6607666015625,4.535665035247803,True,True,True,178.6582489013672,0.14514335989952087,False,0,0
3074,PushT,0.05,51,65,241.78611755371094,26.58624267578125,4.947031497955322,True,True,True,220.95396423339844,0.13766156136989594,False,0,0
3074,PushT,0.05,52,65,309.22723388671875,12.095916748046875,2.377596378326416,True,True,True,307.2933654785156,0.03799092769622803,False,0,0
3074,PushT,0.05,53,65,115.646728515625,10.028961181640625,1.73382568359375,True,True,True,114.53346252441406,0.02930411696434021,False,0,0
3074,PushT,0.05,54,65,162.1456756591797,101.62472534179688,18.139801025390625,False,False,True,157.5702667236328,0.2930193245410919,False,0,0
3074,PushT,0.05,55,65,228.65740966796875,21.369583129882812,4.096787452697754,True,True,True,193.4350128173828,0.15404005348682404,False,0,0
3074,PushT,0.05,56,65,122.28540802001953,25.91668701171875,7.00504732131958,True,True,True,96.65443420410156,0.21783952414989471,False,0,0
3074,PushT,0.05,57,65,90.47003936767578,34.6942138671875,7.791884422302246,True,True,True,67.56690979003906,0.2531570792198181,False,0,0
3074,PushT,0.05,58,65,1.8178167343139648,27.14287567138672,7.570623397827148,False,False,False,-3.7590465545654297,3.0678908824920654,False,41,41
3074,PushT,0.05,59,65,242.2093048095703,113.66944885253906,21.42393684387207,True,True,True,156.63682556152344,0.49660757184028625,False,0,0
3074,PushT,0.05,60,65,25.687145233154297,149.224853515625,6.850818634033203,False,False,True,20.582984924316406,0.6422183513641357,False,12,12
3074,PushT,0.05,61,65,0.1814861297607422,10.110969543457031,3.156919002532959,False,False,False,-5.157936096191406,29.42055320739746,False,7,7
3074,PushT,0.05,62,65,0.5113964080810547,74.42990112304688,3.7350738048553467,False,False,False,-1.2501039505004883,2.8264760971069336,False,15,15
3074,PushT,0.05,63,65,72.16746520996094,24.17071533203125,4.281983375549316,True,True,True,62.39134979248047,0.26155203580856323,False,0,0
3074,PushT,0.05,64,65,1.4762544631958008,4.8042449951171875,1.153436303138733,False,False,False,-0.15914154052734375,1.0871373414993286,False,39,39
3074,PushT,0.05,65,65,45.66883850097656,36.09111022949219,9.8682279586792,False,False,True,9.072723388671875,0.8013366460800171,False,0,0
3074,PushT,0.05,66,65,54.06858825683594,23.61648941040039,5.145924091339111,True,True,True,16.342815399169922,0.6977391839027405,False,0,0
3074,PushT,0.05,67,65,20.417015075683594,12.39910888671875,2.1740658283233643,False,False,True,8.445472717285156,0.5863512754440308,False,4,4
3074,PushT,0.05,68,65,189.72584533691406,11.146636962890625,2.2170112133026123,True,True,True,181.0142822265625,0.05629657208919525,False,0,0
3074,PushT,0.05,69,65,211.7405242919922,13.23162841796875,3.3578078746795654,True,True,True,199.32542419433594,0.058633580803871155,False,0,0
3074,PushT,0.05,70,65,48.30841827392578,24.60253143310547,2.9676883220672607,False,False,True,12.671058654785156,0.7377049326896667,False,0,0
3074,PushT,0.05,71,65,84.72492980957031,39.697235107421875,8.676311492919922,True,True,True,83.96339416503906,0.10159339010715485,False,0,0
3074,PushT,0.05,72,65,167.5240478515625,10.2208251953125,3.6135950088500977,True,True,True,157.35198974609375,0.06071997433900833,False,0,0
3074,PushT,0.05,73,65,265.1941223144531,25.2659912109375,4.782151699066162,True,True,True,244.83358764648438,0.10535016655921936,False,0,0
3074,PushT,0.05,74,65,44.92591094970703,62.387596130371094,20.880878448486328,False,False,True,17.370391845703125,0.6212023496627808,False,0,0
3074,PushT,0.05,75,65,101.65383911132812,53.23345947265625,8.3295259475708,False,False,True,87.80482482910156,0.19232700765132904,False,0,0
3074,PushT,0.05,76,65,5.070280075073242,97.76416015625,6.319724082946777,False,False,True,1.6575384140014648,0.7716296315193176,False,49,49
3074,PushT,0.05,77,65,179.91262817382812,22.78594970703125,2.652592897415161,True,True,True,144.8861083984375,0.19468629360198975,False,0,0
3074,PushT,0.05,78,65,179.86532592773438,33.286041259765625,6.319545269012451,True,True,True,175.17990112304688,0.13243454694747925,False,0,0
3074,PushT,0.05,79,65,42.85264587402344,17.019805908203125,7.871640205383301,True,True,True,25.919052124023438,0.4099322557449341,False,0,0
3074,PushT,0.05,80,65,36.58164596557617,26.254165649414062,4.413887023925781,False,False,True,15.28803825378418,0.5820844769477844,False,0,0
3074,PushT,0.05,81,65,112.30158996582031,29.280975341796875,8.081918716430664,True,True,True,108.3284912109375,0.13322094082832336,False,0,0
3074,PushT,0.05,82,65,74.70906066894531,7.80938720703125,2.5906429290771484,True,True,True,73.32781219482422,0.033384114503860474,False,0,0
3074,PushT,0.05,83,65,54.453453063964844,27.403594970703125,4.441090106964111,False,False,True,43.39179992675781,0.20313957333564758,False,0,0
3074,PushT,0.05,84,65,202.0252685546875,24.90582275390625,9.479257583618164,True,True,True,183.3822021484375,0.11646311730146408,False,0,0
3074,PushT,0.05,85,65,10.605125427246094,33.93333435058594,8.53987979888916,False,False,False,-34.29383087158203,4.23370361328125,True,0,22
3074,PushT,0.05,86,65,229.054931640625,16.2178955078125,2.8179705142974854,True,True,True,226.72998046875,0.04937119036912918,False,0,0
3074,PushT,0.05,87,65,117.24464416503906,82.47998046875,16.02707290649414,False,False,True,90.68111419677734,0.31103336811065674,False,0,0
3074,PushT,0.05,88,65,169.49111938476562,27.953338623046875,7.368407249450684,True,True,True,135.9258575439453,0.19803547859191895,False,0,0
3074,PushT,0.05,89,65,369.6867980957031,5.740509033203125,1.337518334388733,True,True,True,363.230224609375,0.01746499538421631,False,0,0
3074,PushT,0.05,90,65,221.99964904785156,32.114501953125,5.745600700378418,True,True,True,176.8710174560547,0.2032824158668518,False,0,0
3074,PushT,0.05,91,65,188.33026123046875,27.438461303710938,2.735100746154785,True,True,True,159.85287475585938,0.1512097865343094,False,0,0
3074,PushT,0.05,92,65,188.4149932861328,36.256622314453125,2.336440324783325,True,True,True,148.75819396972656,0.21047581732273102,False,0,0
3074,PushT,0.05,93,65,24.278228759765625,6.468170166015625,1.372377872467041,True,True,True,22.1585693359375,0.13660837709903717,False,25,25
3074,PushT,0.05,94,65,39.169803619384766,20.165084838867188,3.6255085468292236,False,False,True,33.54584503173828,0.1435789316892624,False,0,0
3074,PushT,0.05,95,65,178.66526794433594,69.92852783203125,17.66611671447754,True,True,True,117.786376953125,0.41745269298553467,False,0,0
3074,PushT,0.05,96,65,9.692047119140625,62.31556701660156,8.04068374633789,False,False,True,1.6645126342773438,0.8846614956855774,False,0,0
3074,PushT,0.05,97,65,60.7547607421875,41.379913330078125,12.350577354431152,False,False,True,35.701690673828125,0.4223860502243042,False,0,0
3074,PushT,0.05,98,65,196.80780029296875,91.2335205078125,12.973319053649902,True,True,True,22.3038330078125,0.8866720199584961,False,0,0
3074,PushT,0.05,99,65,2.790888786315918,33.08099365234375,4.513387680053711,False,False,True,0.24792098999023438,0.9111677408218384,False,28,28
3074,PushT,0.06,0,65,371.5722351074219,11.18048095703125,6.138161659240723,True,True,True,362.2655334472656,0.029747888445854187,False,0,0
3074,PushT,0.06,1,65,7.689081192016602,26.52886962890625,9.531547546386719,False,False,True,4.907033920288086,0.3618178963661194,False,0,0
3074,PushT,0.06,2,65,259.5802917480469,15.60931396484375,2.7813961505889893,True,True,True,252.21360778808594,0.05962522700428963,False,0,0
3074,PushT,0.06,3,65,11.826957702636719,49.38201904296875,7.689370632171631,False,False,False,-35.56897735595703,4.007449626922607,True,26,0
3074,PushT,0.06,4,65,89.65422821044922,12.265609741210938,2.4695839881896973,True,True,True,81.3517837524414,0.10529354214668274,False,0,0
3074,PushT,0.06,5,65,197.40921020507812,8.363372802734375,0.7128225564956665,True,True,True,196.36328125,0.023673120886087418,False,0,0
3074,PushT,0.06,6,65,90.18017578125,37.410552978515625,4.575954914093018,True,True,True,50.248443603515625,0.44279944896698,False,0,0
3074,PushT,0.06,7,65,198.83848571777344,49.980224609375,5.683854579925537,True,True,True,177.32847595214844,0.17651407420635223,False,0,0
3074,PushT,0.06,8,65,326.48577880859375,16.84320068359375,3.0203216075897217,True,True,True,322.5429992675781,0.05511586740612984,False,0,0
3074,PushT,0.06,9,65,212.78839111328125,5.1590118408203125,1.3894951343536377,True,True,True,211.38116455078125,0.0232981126755476,False,0,0
3074,PushT,0.06,10,65,175.2357940673828,18.8306884765625,3.504856824874878,True,True,True,155.91001892089844,0.1184256300330162,False,0,0
3074,PushT,0.06,11,65,134.5415496826172,31.845062255859375,3.1356279850006104,True,True,True,131.53884887695312,0.14498960971832275,False,0,0
3074,PushT,0.06,12,65,109.43879699707031,12.236221313476562,2.29290509223938,True,True,True,95.4093017578125,0.1281949132680893,False,0,0
3074,PushT,0.06,13,65,40.140106201171875,8.364532470703125,1.8681654930114746,True,True,True,37.41703796386719,0.06847643107175827,False,0,0
3074,PushT,0.06,14,65,29.674850463867188,6.3683319091796875,2.907372236251831,True,True,True,26.049165725708008,0.12218037247657776,False,0,0
3074,PushT,0.06,15,65,21.304807662963867,3.7198562622070312,0.7957674860954285,True,True,True,19.64873695373535,0.08672594279050827,False,0,0
3074,PushT,0.06,16,65,10.186874389648438,48.39300537109375,7.165960788726807,False,False,False,-8.890121459960938,1.7974743843078613,True,55,0
3074,PushT,0.06,17,65,2.0865936279296875,23.344894409179688,3.5733211040496826,False,False,True,0.13119888305664062,0.9674165844917297,False,29,29
3074,PushT,0.06,18,65,341.2116394042969,18.8343505859375,3.1722583770751953,True,True,True,333.39337158203125,0.04003457725048065,False,0,0
3074,PushT,0.06,19,65,159.6097869873047,5.771697998046875,1.050459384918213,True,True,True,154.03721618652344,0.03491373360157013,False,0,0
3074,PushT,0.06,20,65,33.525814056396484,9.4652099609375,2.495072603225708,True,True,True,28.377267837524414,0.15356960892677307,False,0,0
3074,PushT,0.06,21,65,254.33262634277344,12.016754150390625,2.3944289684295654,True,True,True,230.9138641357422,0.0920792669057846,False,0,0
3074,PushT,0.06,22,65,249.06092834472656,12.09454345703125,2.5117905139923096,True,True,True,234.68849182128906,0.057706527411937714,False,0,0
3074,PushT,0.06,23,65,280.6502990722656,25.074432373046875,4.210272789001465,True,True,True,267.93450927734375,0.09326436370611191,False,0,0
3074,PushT,0.06,24,65,256.41705322265625,12.1275634765625,2.4525668621063232,True,True,True,246.81883239746094,0.039929598569869995,False,0,0
3074,PushT,0.06,25,65,109.8826675415039,9.421157836914062,2.828477621078491,True,True,True,98.18070983886719,0.13787566125392914,False,0,0
3074,PushT,0.06,26,65,197.6759033203125,18.3673095703125,1.8231182098388672,True,True,True,175.56912231445312,0.11183346062898636,False,0,0
3074,PushT,0.06,27,65,37.89314270019531,2.77783203125,0.8388094305992126,True,True,True,37.24012756347656,0.017233094200491905,False,0,0
3074,PushT,0.06,28,65,172.7635498046875,29.3814697265625,2.5335090160369873,True,True,True,169.57235717773438,0.10503961890935898,False,0,0
3074,PushT,0.06,29,65,397.1566467285156,7.193267822265625,3.6775355339050293,True,True,True,390.3066711425781,0.019665680825710297,False,0,0
3074,PushT,0.06,30,65,132.97357177734375,16.49920654296875,2.942653179168701,True,True,True,119.83111572265625,0.09883507341146469,False,0,0
3074,PushT,0.06,31,65,91.8887710571289,19.6920166015625,6.993606090545654,True,True,True,77.02606201171875,0.16174672544002533,False,0,0
3074,PushT,0.06,32,65,153.36480712890625,16.74127197265625,2.1408803462982178,True,True,True,149.30690002441406,0.059141188859939575,False,0,0
3074,PushT,0.06,33,65,64.34452819824219,22.67333984375,8.075936317443848,True,True,True,59.19292068481445,0.1430467665195465,False,0,0
3074,PushT,0.06,34,65,49.5817756652832,70.57432556152344,7.974323749542236,False,False,True,28.13345718383789,0.4325847327709198,False,27,27
3074,PushT,0.06,35,65,47.063499450683594,9.928314208984375,2.0991599559783936,True,True,True,42.273643493652344,0.10177436470985413,False,0,0
3074,PushT,0.06,36,65,381.6084289550781,5.359283447265625,1.3045088052749634,True,True,True,380.13116455078125,0.013609171845018864,False,0,0
3074,PushT,0.06,37,65,173.63792419433594,41.68121337890625,6.115468978881836,True,True,True,153.37388610839844,0.13516898453235626,False,0,0
3074,PushT,0.06,38,65,106.66004180908203,15.71101188659668,1.1623866558074951,True,True,True,90.05980682373047,0.15563684701919556,False,0,0
3074,PushT,0.06,39,65,172.37786865234375,22.916580200195312,3.6905081272125244,True,True,True,159.96495056152344,0.13564972579479218,False,0,0
3074,PushT,0.06,40,65,1.514352798461914,8.129951477050781,2.5953171253204346,False,False,True,0.235992431640625,0.8441628217697144,False,0,0
3074,PushT,0.06,41,65,40.56389617919922,9.53216552734375,5.34220027923584,True,True,True,34.18740463256836,0.15719620883464813,False,0,0
3074,PushT,0.06,42,65,101.80354309082031,15.34088134765625,3.251112937927246,True,True,True,96.10627746582031,0.06751831620931625,False,0,0
3074,PushT,0.06,43,65,13.474733352661133,12.092361450195312,3.874493360519409,False,False,True,10.933708190917969,0.23863020539283752,False,0,0
3074,PushT,0.06,44,65,258.5689392089844,4.129180908203125,0.9601709246635437,True,True,True,257.6775207519531,0.015831362456083298,False,0,0
3074,PushT,0.06,45,65,260.7557678222656,22.782318115234375,1.9148964881896973,True,True,True,255.75230407714844,0.07945165783166885,False,0,0
3074,PushT,0.06,46,65,233.5209197998047,7.05341911315918,1.2981363534927368,True,True,True,225.06591796875,0.05014505237340927,False,0,0
3074,PushT,0.06,47,65,277.1462707519531,43.16578674316406,4.110786437988281,True,True,True,229.81895446777344,0.17076656222343445,False,0,0
3074,PushT,0.06,48,65,71.03363037109375,29.082489013671875,10.576009750366211,True,True,True,66.09564208984375,0.2451520711183548,False,0,0
3074,PushT,0.06,49,65,238.92953491210938,11.9901123046875,3.414005994796753,True,True,True,231.67247009277344,0.04365585744380951,False,0,0
3074,PushT,0.06,50,65,186.25531005859375,18.38128662109375,3.3509750366210938,True,True,True,180.93374633789062,0.0811886191368103,False,0,0
3074,PushT,0.06,51,65,229.54608154296875,9.460662841796875,2.3085005283355713,True,True,True,224.50718688964844,0.029405025765299797,False,0,0
3074,PushT,0.06,52,65,304.7181396484375,8.413582801818848,1.3117306232452393,True,True,True,294.2819519042969,0.03451589494943619,False,0,0
3074,PushT,0.06,53,65,117.38964080810547,5.330535888671875,1.5222063064575195,True,True,True,116.23161315917969,0.03313910588622093,False,0,0
3074,PushT,0.06,54,65,157.80885314941406,71.6566162109375,7.83452033996582,True,True,True,152.57955932617188,0.2842085361480713,False,0,0
3074,PushT,0.06,55,65,289.1793518066406,8.960418701171875,2.644752025604248,True,True,True,275.2718505859375,0.049986764788627625,False,0,0
3074,PushT,0.06,56,65,157.62734985351562,7.135986328125,3.427828550338745,True,True,True,151.56578063964844,0.050463736057281494,False,0,0
3074,PushT,0.06,57,65,134.79393005371094,18.21002197265625,3.2005317211151123,True,True,True,118.84365844726562,0.11984428018331528,False,0,0
3074,PushT,0.06,58,65,0.7100801467895508,10.273590087890625,3.6992666721343994,False,False,False,-0.6921415328979492,1.9747371673583984,False,0,0
3074,PushT,0.06,59,65,257.5923767089844,10.381011962890625,2.0444257259368896,True,True,True,250.14117431640625,0.03535064682364464,False,0,0
3074,PushT,0.06,60,65,41.016212463378906,36.66064453125,1.8927597999572754,False,False,True,38.64371871948242,0.17563845217227936,False,12,12
3074,PushT,0.06,61,65,6.553384780883789,3.7476119995117188,1.2210133075714111,False,False,True,5.543695449829102,0.15407142043113708,False,0,0
3074,PushT,0.06,62,65,1.340240478515625,14.370330810546875,2.783745527267456,False,False,False,-0.1774759292602539,1.1324210166931152,True,0,53
3074,PushT,0.06,63,65,56.126731872558594,34.6627197265625,9.732147216796875,False,False,True,35.088897705078125,0.389011412858963,False,0,0
3074,PushT,0.06,64,65,0.4412059783935547,2.0583419799804688,0.7532041668891907,False,False,False,-1.2931270599365234,3.930891990661621,True,14,25
3074,PushT,0.06,65,65,48.016937255859375,49.6533203125,5.811176776885986,False,False,False,-48.19856262207031,2.0037825107574463,True,0,48
3074,PushT,0.06,66,65,6.183509826660156,11.717086791992188,3.3042232990264893,False,False,False,-8.301979064941406,2.342599868774414,False,33,33
3074,PushT,0.06,67,65,3.47222900390625,25.64337158203125,1.7147177457809448,False,False,False,-18.602035522460938,3.08656907081604,False,47,47
3074,PushT,0.06,68,65,172.54161071777344,15.180112838745117,2.164893865585327,True,True,True,153.76361083984375,0.10883170366287231,False,0,0
3074,PushT,0.06,69,65,220.34951782226562,33.431182861328125,3.89431095123291,True,True,True,208.60189819335938,0.10291614383459091,False,0,0
3074,PushT,0.06,70,65,22.678627014160156,20.3504638671875,2.9051880836486816,False,False,False,-5.681003570556641,1.2505003213882446,False,0,0
3074,PushT,0.06,71,65,162.0361785888672,57.610992431640625,4.6640095710754395,True,True,True,98.45339965820312,0.3923986554145813,False,0,0
3074,PushT,0.06,72,65,115.89483642578125,20.654266357421875,3.6068763732910156,True,True,True,108.30296325683594,0.07938949763774872,False,0,0
3074,PushT,0.06,73,65,289.5362243652344,12.520904541015625,2.1752748489379883,True,True,True,282.61602783203125,0.038083381950855255,False,0,0
3074,PushT,0.06,74,65,24.275671005249023,56.02703857421875,3.732632637023926,False,False,True,20.498416900634766,0.21907149255275726,False,0,0
3074,PushT,0.06,75,65,152.4075927734375,15.308685302734375,2.5157241821289062,True,True,True,151.40374755859375,0.060850970447063446,False,0,0
3074,PushT,0.06,76,65,2.1314258575439453,14.041229248046875,3.1105685234069824,False,False,False,-2.010573387145996,1.943299651145935,False,29,29
3074,PushT,0.06,77,65,212.14596557617188,22.26259994506836,2.1120102405548096,True,True,True,188.74227905273438,0.12230271846055984,False,0,0
3074,PushT,0.06,78,65,195.46087646484375,21.218597412109375,4.632388114929199,True,True,True,172.53338623046875,0.11729961633682251,False,0,0
3074,PushT,0.06,79,65,45.59344482421875,5.9131927490234375,2.5991885662078857,True,True,True,35.488243103027344,0.22163715958595276,False,0,0
3074,PushT,0.06,80,65,50.352787017822266,8.311416625976562,2.1658871173858643,True,True,True,44.124637603759766,0.12369024008512497,False,0,0
3074,PushT,0.06,81,65,139.39569091796875,14.110855102539062,2.956620931625366,True,True,True,135.06849670410156,0.060605403035879135,False,0,0
3074,PushT,0.06,82,65,35.31821823120117,10.0355224609375,4.789366722106934,True,True,True,34.882266998291016,0.07957661896944046,False,0,0
3074,PushT,0.06,83,65,68.56114959716797,41.699615478515625,5.441747188568115,False,False,True,54.80888748168945,0.2031259387731552,False,0,0
3074,PushT,0.06,84,65,241.66709899902344,20.4945068359375,3.319080352783203,True,True,True,234.43667602539062,0.06988739967346191,False,0,0
3074,PushT,0.06,85,65,37.810394287109375,56.791664123535156,6.458117485046387,False,False,False,-23.23027801513672,1.6143887042999268,True,0,19
3074,PushT,0.06,86,65,250.54690551757812,11.60791015625,1.9802297353744507,True,True,True,240.11007690429688,0.041656192392110825,False,0,0
3074,PushT,0.06,87,65,143.61447143554688,13.100799560546875,3.193791151046753,True,True,True,135.00283813476562,0.05996353551745415,False,0,0
3074,PushT,0.06,88,65,171.42575073242188,32.819671630859375,6.863865852355957,True,True,True,135.30331420898438,0.21071763336658478,False,0,0
3074,PushT,0.06,89,65,308.7210998535156,5.845428466796875,2.184572696685791,True,True,True,304.8288269042969,0.013252228498458862,False,0,0
3074,PushT,0.06,90,65,262.5728759765625,25.6031494140625,2.7737505435943604,True,True,True,260.2480163574219,0.07687532901763916,False,0,0
3074,PushT,0.06,91,65,178.5942840576172,14.23907470703125,1.652549147605896,True,True,True,172.739990234375,0.03846622630953789,False,0,0
3074,PushT,0.06,92,65,328.4315490722656,6.74114990234375,2.444559097290039,True,True,True,325.18939208984375,0.022077739238739014,False,0,0
3074,PushT,0.06,93,65,2.917724609375,12.708099365234375,2.505387544631958,False,False,False,-12.556884765625,5.303656578063965,False,15,15
3074,PushT,0.06,94,65,55.07383728027344,28.188232421875,6.43147087097168,False,False,True,43.85752868652344,0.20365945994853973,False,0,0
3074,PushT,0.06,95,65,140.5671844482422,73.83786010742188,9.84062671661377,False,False,True,106.59217071533203,0.2416994720697403,False,0,0
3074,PushT,0.06,96,65,13.296226501464844,8.220855712890625,1.8802798986434937,False,False,True,12.016908645629883,0.1579747200012207,False,0,0
3074,PushT,0.06,97,65,69.10005187988281,60.93547058105469,8.37153148651123,False,False,True,38.78923034667969,0.6604973077774048,False,0,0
3074,PushT,0.06,98,65,238.22230529785156,15.633514404296875,3.2665305137634277,True,True,True,234.5991668701172,0.03804457560181618,False,0,0
3074,PushT,0.06,99,65,0.9964447021484375,10.372650146484375,3.4481613636016846,False,False,False,-2.4322757720947266,3.4409542083740234,False,31,31
3074,PushT,0.07,0,65,378.4065856933594,15.431640625,2.7025275230407715,True,True,True,377.8846435546875,0.034837037324905396,False,0,0
3074,PushT,0.07,1,65,25.646032333374023,14.41229248046875,4.068129062652588,False,False,True,18.505069732666016,0.2784431278705597,False,0,0
3074,PushT,0.07,2,65,258.55645751953125,13.888214111328125,1.829899787902832,True,True,True,249.0406036376953,0.036803748458623886,False,0,0
3074,PushT,0.07,3,65,89.56715393066406,36.11187744140625,4.210256576538086,True,True,True,81.40667724609375,0.12295080721378326,False,0,0
3074,PushT,0.07,4,65,94.02334594726562,17.2879638671875,3.650796413421631,True,True,True,92.4195785522461,0.05183232203125954,False,0,0
3074,PushT,0.07,5,65,201.47283935546875,3.855865478515625,0.9942601323127747,True,True,True,197.05252075195312,0.02194000408053398,False,0,0
3074,PushT,0.07,6,65,124.74534606933594,13.890106201171875,2.5733115673065186,True,True,True,113.32035827636719,0.1004725992679596,False,0,0
3074,PushT,0.07,7,65,177.04763793945312,17.369293212890625,5.501195907592773,True,True,True,155.94552612304688,0.11918885260820389,False,0,0
3074,PushT,0.07,8,65,285.7440185546875,20.44024658203125,4.449892520904541,True,True,True,283.45050048828125,0.06091069057583809,False,0,0
3074,PushT,0.07,9,65,181.13160705566406,7.297149658203125,1.9827476739883423,True,True,True,176.4213409423828,0.042690593749284744,False,0,0
3074,PushT,0.07,10,65,75.95703887939453,21.14788818359375,4.982316493988037,True,True,True,60.742069244384766,0.20031023025512695,False,0,0
3074,PushT,0.07,11,65,131.07012939453125,89.74411010742188,8.678996086120605,False,False,True,125.44054412841797,0.24767939746379852,False,0,0
3074,PushT,0.07,12,65,50.154640197753906,85.4208984375,9.717982292175293,False,False,False,-49.759765625,1.7937079668045044,True,0,44
3074,PushT,0.07,13,65,11.656183242797852,27.7421875,2.8433303833007812,False,False,True,10.51065444946289,0.22265885770320892,False,0,0
3074,PushT,0.07,14,65,19.376426696777344,9.926765441894531,5.9123125076293945,False,False,True,14.011518478393555,0.3087410628795624,False,0,0
3074,PushT,0.07,15,65,5.475892543792725,9.2177734375,1.0326815843582153,False,False,True,4.564484119415283,0.1988428831100464,False,0,0
3074,PushT,0.07,16,65,6.805511474609375,41.05810546875,4.854650497436523,False,False,True,4.356449127197266,0.35986456274986267,False,55,55
3074,PushT,0.07,17,65,0.3055381774902344,33.26054382324219,4.38551139831543,False,False,False,-2.666778087615967,9.728134155273438,False,45,45
3074,PushT,0.07,18,65,306.5028076171875,25.89068603515625,6.825045108795166,True,True,True,302.8227844238281,0.07451436668634415,False,0,0
3074,PushT,0.07,19,65,205.27203369140625,15.64013671875,1.7799962759017944,True,True,True,199.66893005371094,0.07119162380695343,False,0,0
3074,PushT,0.07,20,65,47.9098014831543,42.683837890625,9.608295440673828,False,False,True,46.943397521972656,0.40250757336616516,False,0,0
3074,PushT,0.07,21,65,205.54136657714844,33.28529739379883,2.4514288902282715,True,True,True,171.2708740234375,0.1985768973827362,False,0,0
3074,PushT,0.07,22,65,236.38414001464844,23.973159790039062,3.6562883853912354,True,True,True,209.36610412597656,0.11429715901613235,False,0,0
3074,PushT,0.07,23,65,283.80279541015625,7.6624755859375,1.5217827558517456,True,True,True,281.7712097167969,0.021254103630781174,False,0,0
3074,PushT,0.07,24,65,187.8614959716797,15.844268798828125,2.3586440086364746,True,True,True,168.47311401367188,0.10320568829774857,False,0,0
3074,PushT,0.07,25,65,52.8709831237793,54.671356201171875,7.239024639129639,False,False,True,35.299896240234375,0.33233895897865295,False,0,0
3074,PushT,0.07,26,65,223.46743774414062,12.091644287109375,2.1200103759765625,True,True,True,220.66908264160156,0.04687381908297539,False,0,0
3074,PushT,0.07,27,65,40.01251983642578,6.26416015625,1.7708574533462524,True,True,True,31.90450096130371,0.20263704657554626,False,0,0
3074,PushT,0.07,28,65,166.84078979492188,29.2774658203125,7.952944755554199,True,True,True,154.97235107421875,0.09840156137943268,False,0,0
3074,PushT,0.07,29,65,365.4368591308594,6.654937744140625,2.12855863571167,True,True,True,362.21295166015625,0.018444910645484924,False,0,0
3074,PushT,0.07,30,65,185.83042907714844,31.330047607421875,2.9748408794403076,True,True,True,145.88436889648438,0.2149597853422165,False,0,0
3074,PushT,0.07,31,65,116.93624877929688,33.385467529296875,3.5249814987182617,True,True,True,109.70068359375,0.1840783953666687,False,0,0
3074,PushT,0.07,32,65,144.42660522460938,4.562347412109375,1.870355486869812,True,True,True,141.78883361816406,0.021450722590088844,False,0,0
3074,PushT,0.07,33,65,48.35292053222656,61.27752685546875,11.07889175415039,False,False,True,25.20819091796875,0.6107841730117798,False,38,38
3074,PushT,0.07,34,65,31.247604370117188,64.68016052246094,5.131144046783447,False,False,True,29.20849609375,0.56537926197052,False,17,17
3074,PushT,0.07,35,65,18.339092254638672,36.8006591796875,7.662600517272949,False,False,False,-6.886186599731445,1.2013819217681885,False,0,0
3074,PushT,0.07,36,65,360.7776184082031,15.603118896484375,4.351371765136719,True,True,True,350.2419738769531,0.03665676340460777,False,0,0
3074,PushT,0.07,37,65,212.0341796875,11.880218505859375,2.9151477813720703,True,True,True,201.89889526367188,0.05105551332235336,False,0,0
3074,PushT,0.07,38,65,84.35803985595703,18.43096923828125,3.9734725952148438,True,True,True,64.24815368652344,0.23838727176189423,False,0,0
3074,PushT,0.07,39,65,127.72769165039062,84.84161376953125,15.569146156311035,False,False,True,53.6199951171875,0.6518654823303223,False,0,0
3074,PushT,0.07,40,65,0.6940126419067383,5.829286575317383,3.115257978439331,False,False,False,-6.7916107177734375,10.786004066467285,False,45,45
3074,PushT,0.07,41,65,10.956596374511719,38.9193115234375,5.057917594909668,False,False,False,-56.915916442871094,6.194671154022217,False,0,0
3074,PushT,0.07,42,65,80.8280029296875,9.84674072265625,1.845434546470642,True,True,True,71.24288940429688,0.17367343604564667,False,0,0
3074,PushT,0.07,43,65,4.254737377166748,18.002792358398438,5.237831115722656,False,False,False,-0.06011486053466797,1.0141289234161377,True,0,12
3074,PushT,0.07,44,65,273.0663757324219,5.77081298828125,1.3834761381149292,True,True,True,267.8249206542969,0.019194841384887695,False,0,0
3074,PushT,0.07,45,65,239.92813110351562,45.10040283203125,5.749961853027344,True,True,True,214.57040405273438,0.1295708566904068,False,0,0
3074,PushT,0.07,46,65,247.3180389404297,14.157073974609375,2.6671648025512695,True,True,True,223.18333435058594,0.09758569300174713,False,0,0
3074,PushT,0.07,47,65,152.17784118652344,9.9200439453125,5.306549549102783,True,True,True,145.8666229248047,0.06277522444725037,False,0,0
3074,PushT,0.07,48,65,76.27698516845703,19.114364624023438,4.180968284606934,True,True,True,71.59876251220703,0.11172669380903244,False,0,0
3074,PushT,0.07,49,65,155.4921875,46.8551025390625,5.610177993774414,True,True,True,107.80330657958984,0.3066963255405426,False,0,0
3074,PushT,0.07,50,65,224.3199462890625,45.48504638671875,3.826681613922119,True,True,True,219.14537048339844,0.13757510483264923,False,0,0
3074,PushT,0.07,51,65,286.8821105957031,20.17230224609375,3.1822707653045654,True,True,True,281.63818359375,0.05733479931950569,False,0,0
3074,PushT,0.07,52,65,302.3879089355469,7.472076416015625,3.3928675651550293,True,True,True,298.3283386230469,0.03087131679058075,False,0,0
3074,PushT,0.07,53,65,118.18983459472656,18.962478637695312,4.2608962059021,True,True,True,116.8368148803711,0.08543314039707184,False,0,0
3074,PushT,0.07,54,65,163.9017333984375,16.56396484375,4.66217041015625,True,True,True,159.32901000976562,0.07935725152492523,False,0,0
3074,PushT,0.07,55,65,214.7155303955078,36.273597717285156,4.988175392150879,True,True,True,163.99468994140625,0.2362234741449356,False,0,0
3074,PushT,0.07,56,65,119.24554443359375,34.74986267089844,8.09621810913086,True,True,True,112.71961212158203,0.20923715829849243,False,0,0
3074,PushT,0.07,57,65,158.10501098632812,4.3566131591796875,1.4676079750061035,True,True,True,154.97003173828125,0.02240205556154251,False,0,0
3074,PushT,0.07,58,65,2.9509544372558594,14.556686401367188,4.111272811889648,False,False,False,-3.253814697265625,2.1026313304901123,False,0,0
3074,PushT,0.07,59,65,178.80856323242188,18.024734497070312,3.5501632690429688,True,True,True,161.73146057128906,0.10800033062696457,False,0,0
3074,PushT,0.07,60,65,30.066999435424805,72.24850463867188,3.565068244934082,False,False,True,29.568553924560547,0.32555264234542847,False,12,12
3074,PushT,0.07,61,65,3.8721179962158203,13.838859558105469,2.2657179832458496,False,False,True,1.9295616149902344,0.642405092716217,False,7,7
3074,PushT,0.07,62,65,1.7162981033325195,20.637176513671875,1.7836637496948242,False,False,True,0.7425718307495117,0.5939379930496216,False,54,54
3074,PushT,0.07,63,65,47.64950180053711,10.747894287109375,1.2638158798217773,True,True,True,45.369625091552734,0.10056474804878235,False,0,0
3074,PushT,0.07,64,65,5.147809982299805,3.2542076110839844,1.055163860321045,False,False,False,-0.12606239318847656,1.0244885683059692,False,19,19
3074,PushT,0.07,65,65,171.4671630859375,177.04559326171875,7.601851940155029,False,False,False,-27.142547607421875,1.1514276266098022,True,48,34
3074,PushT,0.07,66,65,23.157440185546875,23.1368408203125,2.7019271850585938,False,False,True,7.988914489746094,0.7072428464889526,False,33,33
3074,PushT,0.07,67,65,47.21519470214844,61.21759033203125,6.792411804199219,False,False,False,-25.624160766601562,1.5131243467330933,True,0,18
3074,PushT,0.07,68,65,228.00755310058594,26.663787841796875,2.695565938949585,True,True,True,209.9377899169922,0.11656567454338074,False,0,0
3074,PushT,0.07,69,65,210.5326385498047,22.82110595703125,4.710737705230713,True,True,True,200.01634216308594,0.08242171257734299,False,0,0
3074,PushT,0.07,70,65,65.73311614990234,35.638671875,2.619088649749756,False,False,True,56.743927001953125,0.26471108198165894,False,0,0
3074,PushT,0.07,71,65,112.72828674316406,14.1793212890625,3.6521263122558594,True,True,True,109.13993835449219,0.05945379659533501,False,0,0
3074,PushT,0.07,72,65,143.43185424804688,23.409149169921875,4.89945125579834,True,True,True,117.70979309082031,0.17933297157287598,False,0,0
3074,PushT,0.07,73,65,283.1236572265625,9.04315185546875,1.851870059967041,True,True,True,275.5565185546875,0.04529574513435364,False,0,0
3074,PushT,0.07,74,65,23.531076431274414,14.8843994140625,3.2095911502838135,False,False,True,15.736808776855469,0.3882003724575043,False,0,0
3074,PushT,0.07,75,65,52.13848876953125,22.248260498046875,4.015120029449463,True,True,True,44.547088623046875,0.14560069143772125,False,0,0
3074,PushT,0.07,76,65,6.44618558883667,9.6058349609375,3.227937698364258,False,False,True,1.3872895240783691,0.7847890853881836,False,49,49
3074,PushT,0.07,77,65,206.31646728515625,8.51205062866211,1.6432253122329712,True,True,True,189.75823974609375,0.08025643229484558,False,0,0
3074,PushT,0.07,78,65,119.63996887207031,89.80357360839844,11.87882137298584,False,False,True,87.664794921875,0.5317292213439941,False,0,0
3074,PushT,0.07,79,65,71.88185119628906,19.212478637695312,5.11979341506958,True,True,True,48.37144470214844,0.3708455264568329,False,0,0
3074,PushT,0.07,80,65,57.96253204345703,11.105072021484375,1.5834065675735474,True,True,True,56.08775329589844,0.04442667216062546,False,0,0
3074,PushT,0.07,81,65,126.50444030761719,19.493133544921875,4.274238586425781,True,True,True,114.80955505371094,0.10573415458202362,False,0,0
3074,PushT,0.07,82,65,68.56909942626953,12.69940185546875,3.3813955783843994,True,True,True,64.09050750732422,0.06720265001058578,False,0,0
3074,PushT,0.07,83,65,60.66529083251953,7.079620361328125,2.9495019912719727,True,True,True,58.98948287963867,0.02762383408844471,False,0,0
3074,PushT,0.07,84,65,251.27684020996094,9.586822509765625,2.153244972229004,True,True,True,241.51583862304688,0.03884562477469444,False,0,0
3074,PushT,0.07,85,65,23.943817138671875,6.77069091796875,1.8290077447891235,True,True,True,17.3033447265625,0.27733558416366577,False,22,22
3074,PushT,0.07,86,65,264.0055847167969,10.19500732421875,1.4867795705795288,True,True,True,259.9941711425781,0.038737062364816666,False,0,0
3074,PushT,0.07,87,65,159.13137817382812,13.958984375,3.8576526641845703,True,True,True,147.80572509765625,0.08738212287425995,False,0,0
3074,PushT,0.07,88,65,89.81684112548828,13.672576904296875,3.1107938289642334,True,True,True,83.05216217041016,0.07531638443470001,False,0,0
3074,PushT,0.07,89,65,346.3486022949219,6.86859130859375,2.1574583053588867,True,True,True,339.3046875,0.02033761516213417,False,0,0
3074,PushT,0.07,90,65,235.37765502929688,18.713409423828125,4.956780433654785,True,True,True,227.71986389160156,0.07503483444452286,False,0,0
3074,PushT,0.07,91,65,161.9752960205078,9.56011962890625,2.8646459579467773,True,True,True,158.23602294921875,0.02309565432369709,False,0,0
3074,PushT,0.07,92,65,385.1736755371094,8.6240234375,0.9508044719696045,True,True,True,377.7496032714844,0.02792922407388687,False,0,0
3074,PushT,0.07,93,65,12.351409912109375,72.26527404785156,6.091928005218506,False,False,False,-63.48051452636719,6.139535903930664,True,25,0
3074,PushT,0.07,94,65,38.6998176574707,4.3924713134765625,1.104246735572815,True,True,True,38.019859313964844,0.045147981494665146,False,0,0
3074,PushT,0.07,95,65,170.2009735107422,63.268035888671875,9.301345825195312,True,True,True,161.75474548339844,0.261413037776947,False,0,0
3074,PushT,0.07,96,65,11.304268836975098,11.271896362304688,3.049046516418457,False,False,True,7.263311386108398,0.5426300764083862,False,0,0
3074,PushT,0.07,97,65,8.667327880859375,131.2149658203125,12.348292350769043,False,False,False,-47.34895324707031,6.058918476104736,False,0,0
3074,PushT,0.07,98,65,217.68426513671875,21.917572021484375,2.910306692123413,True,True,True,213.16940307617188,0.09467864036560059,False,0,0
3074,PushT,0.07,99,65,1.8261795043945312,23.291290283203125,6.289263725280762,False,False,False,-8.275218963623047,5.531437873840332,True,11,39
3074,PushT,0.08,0,65,386.939697265625,9.017303466796875,3.253455400466919,True,True,True,383.6540222167969,0.0260261669754982,False,0,0
3074,PushT,0.08,1,65,22.662612915039062,36.05810546875,8.14141845703125,False,False,True,7.791082382202148,0.6562142968177795,False,0,0
3074,PushT,0.08,2,65,238.63739013671875,20.833099365234375,1.902661919593811,True,True,True,229.77578735351562,0.10147827863693237,False,0,0
3074,PushT,0.08,3,65,77.73966979980469,48.4215087890625,6.655570983886719,False,False,True,66.16405487060547,0.17620749771595,False,0,0
3074,PushT,0.08,4,65,123.82758331298828,14.287384033203125,4.375766277313232,True,True,True,117.58876037597656,0.07222501188516617,False,0,0
3074,PushT,0.08,5,65,224.8043975830078,9.346786499023438,1.059249997138977,True,True,True,222.9525909423828,0.0357666015625,False,0,0
3074,PushT,0.08,6,65,205.4354705810547,35.348388671875,3.684375047683716,True,True,True,161.4509735107422,0.21410371363162994,False,0,0
3074,PushT,0.08,7,65,198.29319763183594,70.08132934570312,5.480926036834717,True,True,True,170.2615966796875,0.2917918562889099,False,0,0
3074,PushT,0.08,8,65,321.1595458984375,24.503997802734375,4.944723606109619,True,True,True,315.420166015625,0.07077492773532867,False,0,0
3074,PushT,0.08,9,65,184.79649353027344,7.40252685546875,1.5489518642425537,True,True,True,180.47547912597656,0.025791825726628304,False,0,0
3074,PushT,0.08,10,65,138.14395141601562,27.636947631835938,2.960797071456909,True,True,True,109.29537963867188,0.20882979035377502,False,0,0
3074,PushT,0.08,11,65,115.98990631103516,12.0345458984375,3.0148632526397705,True,True,True,111.69233703613281,0.07271996140480042,False,0,0
3074,PushT,0.08,12,65,116.55096435546875,56.22311019897461,5.281057357788086,True,True,True,55.283023834228516,0.6355937719345093,False,0,0
3074,PushT,0.08,13,65,21.48216438293457,8.949005126953125,1.9932565689086914,True,True,True,19.827789306640625,0.12156561762094498,False,0,0
3074,PushT,0.08,14,65,50.753082275390625,3.3224334716796875,1.1321959495544434,True,True,True,49.496543884277344,0.04080924019217491,False,0,0
3074,PushT,0.08,15,65,21.485851287841797,3.3564682006835938,0.7949649095535278,True,True,True,20.703510284423828,0.04213732108473778,False,0,0
3074,PushT,0.08,16,65,14.606887817382812,41.272613525390625,4.792346477508545,False,False,True,2.8564529418945312,0.8761560320854187,False,55,55
3074,PushT,0.08,17,65,0.6570539474487305,4.32696533203125,1.329949140548706,False,False,True,0.04240894317626953,0.9354559183120728,False,52,52
3074,PushT,0.08,18,65,346.4507141113281,12.323333740234375,3.390676975250244,True,True,True,345.6139831542969,0.02821308746933937,False,0,0
3074,PushT,0.08,19,65,193.10789489746094,3.61175537109375,0.7624050378799438,True,True,True,190.91677856445312,0.012296395376324654,False,0,0
3074,PushT,0.08,20,65,46.00615692138672,9.31256103515625,2.236273765563965,True,True,True,44.21944046020508,0.0716933086514473,False,0,0
3074,PushT,0.08,21,65,257.7322998046875,6.268829345703125,1.768269658088684,True,True,True,250.93280029296875,0.03993396833539009,False,0,0
3074,PushT,0.08,22,65,299.32568359375,11.85723876953125,2.6136460304260254,True,True,True,295.1562194824219,0.032484207302331924,False,0,0
3074,PushT,0.08,23,65,282.6563415527344,3.0894775390625,0.8131881952285767,True,True,True,279.7084655761719,0.015250836499035358,False,0,0
3074,PushT,0.08,24,65,241.70782470703125,20.341197967529297,5.377040386199951,True,True,True,206.1096649169922,0.14727763831615448,False,0,0
3074,PushT,0.08,25,65,120.12687683105469,64.49870300292969,16.418441772460938,False,False,True,77.2787094116211,0.3566909432411194,False,0,0
3074,PushT,0.08,26,65,1.38812255859375,14.030670166015625,2.790165424346924,False,False,False,-13.466629028320312,10.701325416564941,False,0,0
3074,PushT,0.08,27,65,37.36711120605469,26.094757080078125,5.20438289642334,False,False,True,18.859901428222656,0.4952807128429413,False,0,0
3074,PushT,0.08,28,65,173.16021728515625,9.4483642578125,2.0237629413604736,True,True,True,171.62918090820312,0.03809450939297676,False,0,0
3074,PushT,0.08,29,65,399.2310485839844,14.401092529296875,2.8656513690948486,True,True,True,394.5872802734375,0.03275088220834732,False,0,0
3074,PushT,0.08,30,65,158.7139892578125,25.119171142578125,3.1031150817871094,True,True,True,117.89985656738281,0.25715526938438416,False,0,0
3074,PushT,0.08,31,65,125.7914047241211,10.1798095703125,5.087647438049316,True,True,True,118.20287322998047,0.060326311737298965,False,0,0
3074,PushT,0.08,32,65,180.33050537109375,8.04425048828125,2.6415860652923584,True,True,True,173.6675262451172,0.03694867342710495,False,0,0
3074,PushT,0.08,33,65,2.9716644287109375,11.195037841796875,2.1526710987091064,False,False,False,-9.197257995605469,4.094985485076904,False,38,38
3074,PushT,0.08,34,65,1.09820556640625,119.96656799316406,6.079019546508789,False,False,False,-4.1263427734375,4.757349967956543,True,62,17
3074,PushT,0.08,35,65,86.61036682128906,26.086769104003906,2.206702470779419,True,True,True,67.7333984375,0.2844124436378479,False,0,0
3074,PushT,0.08,36,65,402.6896667480469,23.46270751953125,1.9182090759277344,True,True,True,378.1314697265625,0.060985416173934937,False,0,0
3074,PushT,0.08,37,65,168.5118408203125,8.311798095703125,2.26450777053833,True,True,True,166.05613708496094,0.032006364315748215,False,0,0
3074,PushT,0.08,38,65,158.09600830078125,8.87576675415039,1.8042480945587158,True,True,True,145.1236572265625,0.08205365389585495,False,0,0
3074,PushT,0.08,39,65,208.78851318359375,52.816650390625,10.290151596069336,True,True,True,195.52639770507812,0.16123610734939575,False,0,0
3074,PushT,0.08,40,65,0.3929100036621094,1.2310638427734375,0.5397540330886841,False,False,False,-0.1131439208984375,1.2879639863967896,False,14,14
3074,PushT,0.08,41,65,22.748210906982422,22.687103271484375,1.6067416667938232,False,False,False,-0.5054588317871094,1.0222197771072388,False,44,44
3074,PushT,0.08,42,65,65.93698120117188,14.282867431640625,4.413677215576172,True,True,True,50.466514587402344,0.23462504148483276,False,0,0
3074,PushT,0.08,43,65,23.06755828857422,3.5436248779296875,1.5656898021697998,True,True,True,21.627674102783203,0.062420330941677094,False,0,0
3074,PushT,0.08,44,65,298.6629333496094,6.977508544921875,1.7572803497314453,True,True,True,290.0091552734375,0.02897501364350319,False,0,0
3074,PushT,0.08,45,65,274.0009765625,23.085723876953125,3.1484456062316895,True,True,True,263.71099853515625,0.08872923254966736,False,0,0
3074,PushT,0.08,46,65,245.07594299316406,7.8558349609375,3.013896942138672,True,True,True,240.789306640625,0.02555944211781025,False,0,0
3074,PushT,0.08,47,65,113.85992431640625,4.58038330078125,2.0458781719207764,True,True,True,109.87966918945312,0.03750527277588844,False,0,0
3074,PushT,0.08,48,65,88.25363159179688,11.540771484375,4.278164386749268,True,True,True,84.94406127929688,0.09792734682559967,False,0,0
3074,PushT,0.08,49,65,289.1308898925781,9.98968505859375,2.3183884620666504,True,True,True,286.60491943359375,0.03384055197238922,False,0,0
3074,PushT,0.08,50,65,252.06101989746094,3.647064208984375,0.7242108583450317,True,True,True,249.89524841308594,0.00942743755877018,False,0,0
3074,PushT,0.08,51,65,289.6951599121094,15.67681884765625,2.6192448139190674,True,True,True,276.6553039550781,0.04754098504781723,False,0,0
3074,PushT,0.08,52,65,296.67901611328125,5.587188720703125,2.4936749935150146,True,True,True,289.94891357421875,0.029849782586097717,False,0,0
3074,PushT,0.08,53,65,109.66028594970703,9.73187255859375,1.7447659969329834,True,True,True,104.95865631103516,0.05021405592560768,False,0,0
3074,PushT,0.08,54,65,155.15402221679688,115.86090087890625,6.868373870849609,False,False,True,152.59695434570312,0.38950908184051514,False,0,0
3074,PushT,0.08,55,65,293.56634521484375,4.633941650390625,1.4577209949493408,True,True,True,288.6567077636719,0.016724130138754845,False,0,0
3074,PushT,0.08,56,65,144.9083709716797,10.98529052734375,3.6874871253967285,True,True,True,137.10951232910156,0.06389718502759933,False,0,0
3074,PushT,0.08,57,65,145.76246643066406,14.658401489257812,4.596595287322998,True,True,True,133.6511688232422,0.08308925479650497,False,0,0
3074,PushT,0.08,58,65,0.8310651779174805,9.14849853515625,1.8275076150894165,False,False,False,-1.3533272743225098,2.628424882888794,False,41,41
3074,PushT,0.08,59,65,260.2446594238281,5.957763671875,2.1407289505004883,True,True,True,259.3592834472656,0.017290564253926277,False,0,0
3074,PushT,0.08,60,65,25.447708129882812,113.69920349121094,5.185057640075684,False,False,False,-20.33416748046875,1.2170968055725098,True,12,0
3074,PushT,0.08,61,65,3.814305305480957,7.6521759033203125,1.3664075136184692,False,False,True,2.9744815826416016,0.2704262137413025,False,0,0
3074,PushT,0.08,62,65,2.646395683288574,10.83782958984375,2.849353313446045,False,False,False,-0.29137229919433594,1.110101580619812,False,0,0
3074,PushT,0.08,63,65,66.52916717529297,22.62646484375,4.027007579803467,True,True,True,53.6654052734375,0.1933552473783493,False,0,0
3074,PushT,0.08,64,65,5.103017807006836,4.1828155517578125,1.418610692024231,False,False,True,3.876436233520508,0.2403639554977417,False,59,59
3074,PushT,0.08,65,65,19.890350341796875,15.4759521484375,2.849729061126709,False,False,True,19.208953857421875,0.23718979954719543,False,56,56
3074,PushT,0.08,66,65,43.243492126464844,25.27526092529297,4.4221673011779785,False,False,True,16.607498168945312,0.615953803062439,False,0,0
3074,PushT,0.08,67,65,1.3960723876953125,53.472930908203125,3.7905263900756836,False,False,False,-52.328887939453125,38.482933044433594,True,0,18
3074,PushT,0.08,68,65,208.6487579345703,43.69115447998047,3.9980342388153076,True,True,True,155.83966064453125,0.2760263979434967,False,0,0
3074,PushT,0.08,69,65,253.89990234375,5.28424072265625,1.2649048566818237,True,True,True,252.71575927734375,0.01769222691655159,False,0,0
3074,PushT,0.08,70,65,76.83573913574219,32.18772888183594,4.433050155639648,True,True,True,20.961334228515625,0.7271929383277893,False,0,0
3074,PushT,0.08,71,65,190.66700744628906,79.41641235351562,5.724508762359619,True,True,True,47.081207275390625,0.7538220286369324,False,0,0
3074,PushT,0.08,72,65,141.4058380126953,11.7769775390625,4.5170745849609375,True,True,True,128.53729248046875,0.09100432693958282,False,0,0
3074,PushT,0.08,73,65,315.0453186035156,6.347017288208008,1.514143705368042,True,True,True,307.6971740722656,0.03369802609086037,False,0,0
3074,PushT,0.08,74,65,31.265727996826172,15.076753616333008,3.028557777404785,True,True,True,14.845259666442871,0.5251906514167786,False,0,0
3074,PushT,0.08,75,65,73.53654479980469,29.849029541015625,3.4517292976379395,True,True,True,65.31478118896484,0.11180514097213745,False,0,0
3074,PushT,0.08,76,65,0.02358722686767578,11.0345458984375,1.3955835103988647,False,False,False,-2.9217329025268555,124.8692855834961,True,49,29
3074,PushT,0.08,77,65,256.6444396972656,6.324493408203125,1.6020606756210327,True,True,True,254.86495971679688,0.022141441702842712,False,0,0
3074,PushT,0.08,78,65,125.35037231445312,36.28065490722656,5.103198528289795,True,True,True,112.73757934570312,0.13281676173210144,False,0,0
3074,PushT,0.08,79,65,9.149978637695312,16.706405639648438,6.586034297943115,False,False,False,-6.4663848876953125,1.51088547706604,True,19,0
3074,PushT,0.08,80,65,58.88939666748047,8.558135986328125,1.9646878242492676,True,True,True,53.70683288574219,0.10998489707708359,False,0,0
3074,PushT,0.08,81,65,133.5654754638672,7.82403564453125,1.3307925462722778,True,True,True,131.18722534179688,0.04711486026644707,False,0,0
3074,PushT,0.08,82,65,55.06486511230469,14.47265625,4.046244144439697,True,True,True,51.01506805419922,0.10632359236478806,False,0,0
3074,PushT,0.08,83,65,89.15602111816406,5.887969970703125,1.0228089094161987,True,True,True,88.33313751220703,0.02232636697590351,False,0,0
3074,PushT,0.08,84,65,230.6322479248047,8.69696044921875,2.9423577785491943,True,True,True,222.05075073242188,0.03720860183238983,False,0,0
3074,PushT,0.08,85,65,123.01229858398438,30.861204147338867,6.955732822418213,True,True,True,86.1156234741211,0.2999429702758789,False,0,0
3074,PushT,0.08,86,65,236.84925842285156,17.830169677734375,3.9961726665496826,True,True,True,212.80487060546875,0.10151766985654831,False,0,0
3074,PushT,0.08,87,65,221.4506072998047,12.283584594726562,2.2919201850891113,True,True,True,219.42686462402344,0.05695272237062454,False,0,0
3074,PushT,0.08,88,65,213.23863220214844,7.4921875,2.298557758331299,True,True,True,204.72311401367188,0.03993425518274307,False,0,0
3074,PushT,0.08,89,65,344.3244934082031,7.639862060546875,1.539731502532959,True,True,True,336.4729309082031,0.03194878622889519,False,0,0
3074,PushT,0.08,90,65,275.5882873535156,28.76116943359375,4.865287780761719,True,True,True,248.90663146972656,0.09681709855794907,False,0,0
3074,PushT,0.08,91,65,185.8796844482422,2.367919921875,0.8171908259391785,True,True,True,185.1264190673828,0.005594389978796244,False,0,0
3074,PushT,0.08,92,65,352.69512939453125,8.30963134765625,1.3871066570281982,True,True,True,347.24334716796875,0.029070857912302017,False,0,0
3074,PushT,0.08,93,65,43.379241943359375,26.6854248046875,3.5202853679656982,False,False,True,13.764007568359375,0.6827052235603333,False,0,0
3074,PushT,0.08,94,65,88.86405944824219,33.908843994140625,6.740281581878662,True,True,True,73.19459533691406,0.2946634292602539,False,0,0
3074,PushT,0.08,95,65,149.12164306640625,26.3270263671875,7.916276454925537,True,True,True,146.17120361328125,0.07533513009548187,False,0,0
3074,PushT,0.08,96,65,10.829368591308594,4.358306884765625,0.8322643041610718,True,True,True,10.055404663085938,0.10751275718212128,False,0,0
3074,PushT,0.08,97,65,92.44760131835938,149.65968322753906,13.663639068603516,False,False,False,-30.62621307373047,1.2008434534072876,False,0,0
3074,PushT,0.08,98,65,241.47256469726562,24.966461181640625,4.3713297843933105,True,True,True,216.65475463867188,0.12482713907957077,False,0,0
3074,PushT,0.08,99,65,5.059856414794922,11.34503173828125,2.626486301422119,False,False,True,1.6701297760009766,0.6699254512786865,False,16,16
