training_seed,task,std_key,sample_index,candidate_count,clean_margin,sample_max_drift,sample_mean_drift,coarse_cert_pass,cert_pass,sharp_cert_pass,sharp_cert_slack,sharp_normalized_score,top1_flip,clean_best,noisy_best
3074,Cube,0.0,0,65,232.59744262695312,147.6129913330078,35.789798736572266,False,False,False,-22.630340576171875,1.0972939729690552,False,0,0
3074,Cube,0.0,1,65,13.790706634521484,472.40960693359375,83.34539794921875,False,False,False,-904.7889404296875,66.60859680175781,True,0,14
3074,Cube,0.0,2,65,120.28411102294922,416.1110534667969,74.41996765136719,False,False,False,-608.171630859375,6.056126594543457,True,0,51
3074,Cube,0.0,3,65,117.66944885253906,426.9321594238281,103.56741333007812,False,False,False,-699.38232421875,6.943618297576904,True,0,17
3074,Cube,0.0,4,65,8.23615837097168,205.00282287597656,59.96778869628906,False,False,False,-369.91668701171875,45.91373825073242,True,0,59
3074,Cube,0.0,5,65,51.362281799316406,395.446533203125,82.37835693359375,False,False,False,-738.0650634765625,15.36978816986084,True,0,25
3074,Cube,0.0,6,65,28.30263900756836,241.72862243652344,43.508052825927734,False,False,False,-337.78271484375,12.934672355651855,True,0,19
3074,Cube,0.0,7,65,10.879047393798828,117.76943969726562,41.51704788208008,False,False,False,-130.49496459960938,12.995072364807129,True,0,52
3074,Cube,0.0,8,65,92.71205139160156,350.2214660644531,89.6280746459961,False,False,False,-498.2845764160156,6.318403244018555,True,0,62
3074,Cube,0.0,9,65,147.16844177246094,151.7837677001953,50.369850158691406,False,False,False,-78.90377807617188,1.5361460447311401,False,0,0
3074,Cube,0.0,10,65,261.6206970214844,379.2450866699219,51.802818298339844,False,False,False,-318.0050964355469,1.8136769533157349,True,0,21
3074,Cube,0.0,11,65,39.61320877075195,504.4439392089844,136.30393981933594,False,False,False,-888.8858642578125,19.637048721313477,True,0,17
3074,Cube,0.0,12,65,33.33671569824219,148.10122680664062,37.472686767578125,False,False,False,-124.98320007324219,4.749115467071533,True,0,37
3074,Cube,0.0,13,65,48.27055358886719,406.2973937988281,123.71016693115234,False,False,False,-721.71484375,15.95145034790039,True,0,41
3074,Cube,0.0,14,65,54.054344177246094,406.39605712890625,105.06198120117188,False,False,False,-741.6043701171875,14.719606399536133,True,0,35
3074,Cube,0.0,15,65,130.51162719726562,429.3413391113281,109.71681213378906,False,False,False,-635.4707641601562,5.556252956390381,True,0,54
3074,Cube,0.0,16,65,107.54174041748047,531.2259521484375,124.78692626953125,False,False,False,-872.2698974609375,9.110989570617676,True,0,42
3074,Cube,0.0,17,65,36.361454010009766,309.7838439941406,107.44633483886719,False,False,False,-507.054443359375,11.735346794128418,True,0,27
3074,Cube,0.0,18,65,33.793548583984375,467.5966796875,142.43673706054688,False,False,False,-865.558837890625,26.613140106201172,True,0,62
3074,Cube,0.0,19,65,277.0429992675781,408.82366943359375,96.58258056640625,False,False,False,-306.1732482910156,2.105147123336792,True,0,3
3074,Cube,0.0,20,65,72.23944091796875,332.921630859375,84.94766998291016,False,False,False,-551.1456298828125,8.629427909851074,True,0,13
3074,Cube,0.0,21,65,340.2119445800781,509.6029968261719,44.80422592163086,False,False,False,-280.820068359375,1.8158625364303589,True,0,40
3074,Cube,0.0,22,65,266.21514892578125,338.2882385253906,78.04310607910156,False,False,False,-280.0909118652344,1.772161841392517,True,0,51
3074,Cube,0.0,23,65,56.42691421508789,464.2759704589844,104.17851257324219,False,False,False,-819.2528686523438,15.518832206726074,True,0,62
3074,Cube,0.0,24,65,43.36344909667969,441.5605163574219,96.51505279541016,False,False,False,-806.5181884765625,19.599031448364258,True,0,55
3074,Cube,0.0,25,65,125.91997528076172,496.1889953613281,71.34407806396484,False,False,False,-765.3130493164062,7.077773094177246,True,0,19
3074,Cube,0.0,26,65,147.96873474121094,138.02081298828125,28.198768615722656,False,False,False,-51.72517395019531,1.349568247795105,False,0,0
3074,Cube,0.0,27,65,9.49846076965332,272.2195129394531,91.55154418945312,False,False,False,-508.48480224609375,54.533390045166016,True,0,57
3074,Cube,0.0,28,65,58.832176208496094,253.4741668701172,55.2688102722168,False,False,False,-403.18212890625,6.474034309387207,True,0,58
3074,Cube,0.0,29,65,15.354917526245117,411.6531677246094,141.2071075439453,False,False,False,-773.2540893554688,51.358726501464844,True,0,36
3074,Cube,0.0,30,65,80.59545135498047,374.3716735839844,70.77012634277344,False,False,False,-483.5905456542969,7.0002217292785645,True,0,47
3074,Cube,0.0,31,65,120.07469177246094,352.6448669433594,83.49259185791016,False,False,False,-465.8221435546875,4.586131572723389,True,0,60
3074,Cube,0.0,32,65,34.568355560302734,267.88037109375,98.55257415771484,False,False,False,-397.84112548828125,10.127312660217285,True,0,63
3074,Cube,0.0,33,65,30.166492462158203,414.43218994140625,114.08544921875,False,False,False,-761.38232421875,26.23933982849121,True,0,33
3074,Cube,0.0,34,65,99.20161437988281,358.3676452636719,62.76151657104492,False,False,False,-502.49005126953125,6.065341472625732,True,0,17
3074,Cube,0.0,35,65,51.3234977722168,289.54541015625,86.36036682128906,False,False,False,-453.6454772949219,9.477545738220215,True,0,44
3074,Cube,0.0,36,65,10.871965408325195,194.9573516845703,47.027748107910156,False,False,False,-202.1246337890625,12.228569984436035,True,0,29
3074,Cube,0.0,37,65,52.009544372558594,464.28204345703125,111.84321594238281,False,False,False,-775.0074462890625,15.454928398132324,True,0,61
3074,Cube,0.0,38,65,286.16998291015625,246.17510986328125,79.87696838378906,False,False,False,-22.100830078125,1.0772297382354736,False,0,0
3074,Cube,0.0,39,65,56.31379318237305,500.4478759765625,172.13040161132812,False,False,False,-865.4935913085938,16.369121551513672,True,0,10
3074,Cube,0.0,40,65,123.66801452636719,309.33062744140625,55.221012115478516,False,False,False,-18.358322143554688,1.0504953861236572,True,0,39
3074,Cube,0.0,41,65,202.7178192138672,349.7444763183594,57.10806655883789,False,False,False,-306.21282958984375,1.8155261278152466,True,0,52
3074,Cube,0.0,42,65,64.96965789794922,267.6231384277344,59.79400634765625,False,False,False,-352.89031982421875,6.431617259979248,True,0,31
3074,Cube,0.0,43,65,120.82352447509766,359.8397216796875,98.46871185302734,False,False,False,-464.04254150390625,4.739562511444092,True,0,26
3074,Cube,0.0,44,65,52.92857360839844,240.4725341796875,66.24466705322266,False,False,False,-250.67996215820312,5.635799884796143,True,0,46
3074,Cube,0.0,45,65,209.21246337890625,368.030029296875,87.00933837890625,False,False,False,-386.296142578125,2.7509407997131348,True,0,42
3074,Cube,0.0,46,65,58.71862030029297,316.4945983886719,75.51446533203125,False,False,False,-481.4737548828125,8.886935234069824,True,0,11
3074,Cube,0.0,47,65,13.690284729003906,148.48077392578125,45.77296447753906,False,False,False,-180.3387908935547,11.810639381408691,True,0,63
3074,Cube,0.0,48,65,112.03469848632812,417.0993957519531,68.46382141113281,False,False,False,-598.46337890625,6.34176778793335,True,0,14
3074,Cube,0.0,49,65,9.741403579711914,434.77862548828125,118.86868286132812,False,False,False,-797.1058349609375,82.82659149169922,True,0,32
3074,Cube,0.0,50,65,311.47869873046875,434.9275817871094,78.86284637451172,False,False,False,-257.77093505859375,1.8275716304779053,True,0,13
3074,Cube,0.0,51,65,7.110157012939453,218.40350341796875,78.2027359008789,False,False,False,-360.32427978515625,51.677398681640625,True,26,49
3074,Cube,0.0,52,65,77.35445404052734,331.7989501953125,50.364322662353516,False,False,False,-158.28822326660156,3.0172810554504395,True,0,32
3074,Cube,0.0,53,65,168.3606414794922,493.46197509765625,101.8150863647461,False,False,False,-538.9169921875,4.200967788696289,True,0,34
3074,Cube,0.0,54,65,308.602783203125,416.99981689453125,58.024044036865234,False,False,False,-249.28204345703125,1.8077764511108398,True,0,30
3074,Cube,0.0,55,65,7.856482028961182,107.33343505859375,24.79084014892578,False,False,False,-36.455322265625,5.640158653259277,True,0,36
3074,Cube,0.0,56,65,115.75785064697266,365.41253662109375,55.267677307128906,False,False,False,-546.0986938476562,5.657808780670166,True,0,31
3074,Cube,0.0,57,65,70.64046478271484,326.6002502441406,67.00212097167969,False,False,False,-449.81903076171875,7.367724418640137,True,0,33
3074,Cube,0.0,58,65,28.66860580444336,392.2296142578125,92.98530578613281,False,False,False,-694.0339965820312,25.208852767944336,True,0,24
3074,Cube,0.0,59,65,270.2941589355469,404.5832214355469,54.90970230102539,False,False,False,-266.3109130859375,1.926222324371338,True,0,34
3074,Cube,0.0,60,65,309.678955078125,436.2250061035156,43.77888488769531,False,False,False,-240.12435913085938,1.750296711921692,True,0,42
3074,Cube,0.0,61,65,19.318092346191406,178.54132080078125,56.05449295043945,False,False,False,-174.02651977539062,5.220254421234131,True,0,59
3074,Cube,0.0,62,65,126.45880889892578,333.0972900390625,54.896995544433594,False,False,False,-413.89898681640625,4.272994518280029,True,0,19
3074,Cube,0.0,63,65,60.2540283203125,212.74119567871094,50.82716369628906,False,False,False,-306.0995178222656,5.660068511962891,True,0,55
3074,Cube,0.0,64,65,265.9404296875,431.2567138671875,44.81696701049805,False,False,False,-262.3226623535156,1.9422682523727417,True,0,55
3074,Cube,0.0,65,65,148.45945739746094,448.490966796875,82.64033508300781,False,False,False,-627.4061889648438,5.226110935211182,True,0,16
3074,Cube,0.0,66,65,103.8502197265625,485.006103515625,81.67173767089844,False,False,False,-738.511474609375,8.111313819885254,True,0,23
3074,Cube,0.0,67,65,76.18435668945312,460.7570495605469,107.0298843383789,False,False,False,-770.4234619140625,11.112619400024414,True,0,5
3074,Cube,0.0,68,65,168.08639526367188,354.4604797363281,65.36981201171875,False,False,False,-309.1214904785156,2.8390631675720215,True,0,54
3074,Cube,0.0,69,65,199.1958770751953,413.71063232421875,66.68901824951172,False,False,False,-472.78662109375,3.3734757900238037,True,0,21
3074,Cube,0.0,70,65,97.56714630126953,374.5991516113281,76.8431167602539,False,False,False,-518.6512451171875,6.315838813781738,True,0,33
3074,Cube,0.0,71,65,118.92400360107422,265.4319763183594,64.75782012939453,False,False,False,-339.1800231933594,3.8520736694335938,True,0,59
3074,Cube,0.0,72,65,49.42454528808594,156.32431030273438,32.17036819458008,False,False,False,-8.659080505371094,1.1038262844085693,True,0,29
3074,Cube,0.0,73,65,29.329605102539062,442.965087890625,127.79080200195312,False,False,False,-847.9501342773438,29.91106414794922,True,0,44
3074,Cube,0.0,74,65,75.48867797851562,387.0433044433594,72.64606475830078,False,False,False,-621.4242553710938,9.232019424438477,True,0,47
3074,Cube,0.0,75,65,33.70820617675781,391.8081970214844,88.08143615722656,False,False,False,-686.5574951171875,21.367664337158203,True,0,58
3074,Cube,0.0,76,65,17.770278930664062,373.4373474121094,135.78305053710938,False,False,False,-670.3443603515625,38.05278778076172,True,0,3
3074,Cube,0.0,77,65,8.505126953125,410.4721984863281,117.48326873779297,False,False,False,-807.0955200195312,95.89517974853516,True,0,40
3074,Cube,0.0,78,65,259.44305419921875,412.9368896484375,81.33761596679688,False,False,False,-280.0926208496094,2.076995372772217,True,0,25
3074,Cube,0.0,79,65,19.559911727905273,262.7596435546875,105.48396301269531,False,False,False,-422.19268798828125,19.559507369995117,True,0,47
3074,Cube,0.0,80,65,82.51141357421875,374.3211669921875,101.51627349853516,False,False,False,-532.8944091796875,7.253536701202393,True,0,2
3074,Cube,0.0,81,65,159.17144775390625,431.41943359375,78.6047134399414,False,False,False,-371.3543701171875,3.3330464363098145,True,0,59
3074,Cube,0.0,82,65,82.00784301757812,383.841552734375,95.10745239257812,False,False,False,-604.9931640625,7.971953868865967,True,0,63
3074,Cube,0.0,83,65,140.58279418945312,412.7900695800781,82.94235229492188,False,False,False,-573.486328125,5.079349040985107,True,0,25
3074,Cube,0.0,84,65,64.13750457763672,449.4440612792969,133.4193572998047,False,False,False,-745.8485107421875,12.628898620605469,True,0,34
3074,Cube,0.0,85,65,20.629438400268555,443.0797424316406,131.6867218017578,False,False,False,-838.298095703125,41.636009216308594,True,0,20
3074,Cube,0.0,86,65,29.836727142333984,402.7292175292969,107.168701171875,False,False,False,-768.8931274414062,26.770023345947266,True,0,37
3074,Cube,0.0,87,65,16.078447341918945,185.77174377441406,59.34314727783203,False,False,False,-234.658935546875,15.594626426696777,True,0,17
3074,Cube,0.0,88,65,285.67401123046875,410.10205078125,63.7186164855957,False,False,False,-297.146484375,1.88380765914917,True,0,47
3074,Cube,0.0,89,65,88.6881332397461,273.83441162109375,94.42161560058594,False,False,False,-416.4594421386719,5.4994988441467285,True,0,43
3074,Cube,0.0,90,65,258.06390380859375,367.93255615234375,75.62754821777344,False,False,False,-296.1227722167969,2.0724949836730957,True,0,44
3074,Cube,0.0,91,65,32.382102966308594,553.0247802734375,167.68722534179688,False,False,False,-917.111572265625,29.321556091308594,True,0,30
3074,Cube,0.0,92,65,59.100799560546875,347.3558044433594,95.48712921142578,False,False,False,-570.9696655273438,10.660945892333984,True,0,33
3074,Cube,0.0,93,65,228.78955078125,434.400634765625,76.07299041748047,False,False,False,-399.02581787109375,2.7440736293792725,True,0,13
3074,Cube,0.0,94,65,38.11126708984375,484.10845947265625,132.61883544921875,False,False,False,-872.7474365234375,23.899982452392578,True,0,3
3074,Cube,0.0,95,65,255.23526000976562,414.76171875,43.45029830932617,False,False,False,-299.828125,2.1588101387023926,True,0,45
3074,Cube,0.0,96,65,33.50273132324219,509.1921081542969,164.1947021484375,False,False,False,-910.6873779296875,28.182479858398438,True,0,64
3074,Cube,0.0,97,65,16.694683074951172,473.83154296875,121.07276916503906,False,False,False,-757.575439453125,46.37824249267578,True,0,21
3074,Cube,0.0,98,65,101.00951385498047,369.81610107421875,70.5726089477539,False,False,False,-587.0948486328125,6.812273025512695,True,0,15
3074,Cube,0.0,99,65,151.8851776123047,377.86529541015625,68.55358123779297,False,False,False,-415.30926513671875,3.734363555908203,True,0,2
3074,Cube,0.01,0,65,186.8280029296875,91.39859008789062,20.264625549316406,True,True,True,44.937904357910156,0.7594691514968872,False,0,0
3074,Cube,0.01,1,65,99.20452880859375,317.92510986328125,62.19728088378906,False,False,False,-276.38763427734375,3.04752516746521,True,0,31
3074,Cube,0.01,2,65,116.16434478759766,310.37322998046875,44.8665771484375,False,False,False,-353.67364501953125,3.687551975250244,True,0,1
3074,Cube,0.01,3,65,126.92198944091797,367.8069152832031,76.79444122314453,False,False,False,-497.040771484375,4.916112422943115,True,0,17
3074,Cube,0.01,4,65,7.78904390335083,164.453369140625,30.85382080078125,False,False,False,-41.66852951049805,6.34963321685791,True,0,59
3074,Cube,0.01,5,65,44.96102523803711,400.7514953613281,78.68387603759766,False,False,False,-624.7028198242188,14.894318580627441,True,0,25
3074,Cube,0.01,6,65,72.23162078857422,166.67417907714844,27.707374572753906,False,False,False,-20.34762191772461,1.1272509098052979,False,0,0
3074,Cube,0.01,7,65,31.928592681884766,135.65911865234375,41.71043395996094,False,False,False,-182.63027954101562,6.7199602127075195,True,0,50
3074,Cube,0.01,8,65,74.71662902832031,238.9487762451172,71.92486572265625,False,False,False,-319.0343322753906,5.269924163818359,True,0,62
3074,Cube,0.01,9,65,272.73724365234375,128.45547485351562,48.791316986083984,True,True,True,56.541481018066406,0.8053619861602783,False,0,0
3074,Cube,0.01,10,65,301.92633056640625,375.66925048828125,44.99137496948242,False,False,False,-162.12515258789062,1.3981515169143677,True,0,22
3074,Cube,0.01,11,65,28.87740135192871,354.6749267578125,88.6100845336914,False,False,False,-608.5858154296875,19.04944610595703,True,0,21
3074,Cube,0.01,12,65,41.417720794677734,108.51898193359375,24.067073822021484,False,False,False,-78.3404541015625,2.8914718627929688,True,0,37
3074,Cube,0.01,13,65,87.21347045898438,416.6144714355469,93.96959686279297,False,False,False,-559.5380859375,5.514663219451904,True,0,47
3074,Cube,0.01,14,65,35.26683807373047,353.490966796875,79.7094955444336,False,False,False,-606.171630859375,18.188148498535156,True,0,60
3074,Cube,0.01,15,65,102.47020721435547,263.1088562011719,66.92532348632812,False,False,False,-272.63409423828125,2.7045228481292725,True,0,37
3074,Cube,0.01,16,65,103.77599334716797,463.4512023925781,120.20182800292969,False,False,False,-773.455322265625,8.453124046325684,True,0,58
3074,Cube,0.01,17,65,28.06293487548828,310.33062744140625,118.37614440917969,False,False,False,-528.1981201171875,19.821914672851562,True,0,27
3074,Cube,0.01,18,65,24.747573852539062,410.95989990234375,122.02513122558594,False,False,False,-586.0599365234375,22.086727142333984,True,0,47
3074,Cube,0.01,19,65,256.64398193359375,252.3431854248047,51.12169647216797,False,False,False,-105.58702087402344,1.4086134433746338,True,0,13
3074,Cube,0.01,20,65,71.451171875,303.1783447265625,80.61705017089844,False,False,False,-488.8537902832031,6.544497013092041,True,0,13
3074,Cube,0.01,21,65,314.93853759765625,499.1571044921875,65.66803741455078,False,False,False,-329.5965576171875,2.0089123249053955,True,0,48
3074,Cube,0.01,22,65,294.1229553222656,143.92999267578125,46.656829833984375,True,True,True,121.12806701660156,0.6283518671989441,False,0,0
3074,Cube,0.01,23,65,53.65131378173828,403.39044189453125,92.31324768066406,False,False,False,-694.2012939453125,13.939128875732422,True,0,46
3074,Cube,0.01,24,65,51.631134033203125,403.5356750488281,86.40666961669922,False,False,False,-737.16015625,15.277434349060059,True,0,44
3074,Cube,0.01,25,65,98.149169921875,377.6794128417969,63.4352912902832,False,False,False,-491.250244140625,6.005138874053955,True,0,49
3074,Cube,0.01,26,65,191.53001403808594,64.99057006835938,15.306396484375,True,True,True,110.22783660888672,0.4244879186153412,False,0,0
3074,Cube,0.01,27,65,1.0933966636657715,150.56521606445312,41.47233963012695,False,False,False,-199.62701416015625,183.5751190185547,True,0,27
3074,Cube,0.01,28,65,101.2499771118164,220.37716674804688,37.48139953613281,False,False,False,-223.79039001464844,3.2102761268615723,True,0,58
3074,Cube,0.01,29,65,4.192018985748291,343.8536682128906,110.20975494384766,False,False,False,-637.78125,153.14178466796875,True,0,22
3074,Cube,0.01,30,65,120.55008697509766,265.7962646484375,69.57837677001953,False,False,False,-233.05686950683594,2.4976587295532227,True,0,47
3074,Cube,0.01,31,65,92.84500122070312,188.1343994140625,56.55598449707031,False,False,False,-221.68661499023438,3.3877065181732178,True,0,63
3074,Cube,0.01,32,65,38.351646423339844,405.26495361328125,114.33795928955078,False,False,False,-677.421875,14.940583229064941,True,0,10
3074,Cube,0.01,33,65,69.69999694824219,324.65875244140625,73.03668975830078,False,False,False,-434.4288330078125,7.2328386306762695,True,0,50
3074,Cube,0.01,34,65,88.38951110839844,376.4451599121094,67.8199691772461,False,False,False,-614.74755859375,7.954983234405518,True,0,26
3074,Cube,0.01,35,65,45.04744338989258,251.703857421875,54.330081939697266,False,False,False,-354.24359130859375,7.576305866241455,True,0,42
3074,Cube,0.01,36,65,31.506061553955078,109.16537475585938,37.927913665771484,False,False,False,-41.33973693847656,2.03169584274292,True,0,29
3074,Cube,0.01,37,65,28.945959091186523,392.8027038574219,108.28112030029297,False,False,False,-716.0673217773438,25.73807716369629,True,0,12
3074,Cube,0.01,38,65,282.39227294921875,127.10498046875,39.999576568603516,True,True,True,178.4980010986328,0.4490482211112976,False,0,0
3074,Cube,0.01,39,65,65.00691986083984,337.7757568359375,116.61394500732422,False,False,False,-443.73663330078125,7.825990200042725,True,0,37
3074,Cube,0.01,40,65,112.91185760498047,200.22470092773438,30.275100708007812,False,False,False,-0.5261917114257812,1.0046602487564087,False,0,0
3074,Cube,0.01,41,65,142.55313110351562,312.72088623046875,50.368160247802734,False,False,False,-295.23876953125,3.0710787773132324,True,0,62
3074,Cube,0.01,42,65,86.52676391601562,216.83233642578125,54.95968246459961,False,False,False,-298.2784423828125,4.447239398956299,True,0,3
3074,Cube,0.01,43,65,122.33496856689453,333.4931945800781,79.0344009399414,False,False,False,-257.15118408203125,3.098600387573242,True,0,16
3074,Cube,0.01,44,65,65.96414947509766,240.81785583496094,65.68770599365234,False,False,False,-370.95611572265625,5.902435302734375,True,0,25
3074,Cube,0.01,45,65,193.68275451660156,347.69439697265625,75.61203002929688,False,False,False,-319.75677490234375,2.5491387844085693,True,0,36
3074,Cube,0.01,46,65,54.59650421142578,177.9910430908203,57.21200942993164,False,False,False,-268.446044921875,5.9169087409973145,True,0,56
3074,Cube,0.01,47,65,6.74163818359375,105.39007568359375,24.44273567199707,False,False,False,-42.45273971557617,7.29709529876709,True,0,8
3074,Cube,0.01,48,65,156.98318481445312,369.60211181640625,91.14412689208984,False,False,False,-527.7334594726562,4.299806118011475,True,0,61
3074,Cube,0.01,49,65,17.363998413085938,410.7797546386719,87.71104431152344,False,False,False,-764.5469970703125,41.12540054321289,True,0,4
3074,Cube,0.01,50,65,174.19686889648438,481.8428039550781,81.25724792480469,False,False,False,-607.6073608398438,4.488049507141113,True,0,28
3074,Cube,0.01,51,65,14.007780075073242,156.49447631835938,51.83241271972656,False,False,False,-141.65045166015625,11.11227035522461,True,0,27
3074,Cube,0.01,52,65,79.3673324584961,265.71759033203125,56.43657302856445,False,False,False,-150.87783813476562,2.9010069370269775,True,0,23
3074,Cube,0.01,53,65,233.31976318359375,278.57379150390625,67.1470947265625,False,False,False,-244.52587890625,2.0480289459228516,True,0,34
3074,Cube,0.01,54,65,200.01956176757812,421.53741455078125,62.36444854736328,False,False,False,-380.64117431640625,2.903019905090332,True,0,22
3074,Cube,0.01,55,65,10.343334197998047,113.80532836914062,21.52212905883789,False,False,False,-22.753841400146484,2.235072612762451,True,0,31
3074,Cube,0.01,56,65,118.79339599609375,364.2976989746094,59.98352813720703,False,False,False,-478.9128723144531,5.031477451324463,True,0,16
3074,Cube,0.01,57,65,56.26613235473633,154.58270263671875,38.03999710083008,False,False,False,-206.41085815429688,4.6684746742248535,True,0,33
3074,Cube,0.01,58,65,43.159706115722656,268.6130676269531,63.59144973754883,False,False,False,-425.78387451171875,10.865309715270996,True,0,12
3074,Cube,0.01,59,65,253.62139892578125,356.2889099121094,43.934425354003906,False,False,False,-294.3680419921875,2.1606593132019043,True,0,10
3074,Cube,0.01,60,65,310.5931396484375,100.47554016113281,20.59727668762207,True,True,True,183.91920471191406,0.4705337584018707,False,0,0
3074,Cube,0.01,61,65,51.3537483215332,161.5147705078125,40.36520767211914,False,False,False,-60.066349029541016,2.1133484840393066,False,0,0
3074,Cube,0.01,62,65,152.36929321289062,249.15460205078125,44.04193878173828,False,False,False,-274.5872802734375,2.802116870880127,True,0,56
3074,Cube,0.01,63,65,106.94198608398438,238.37548828125,52.488407135009766,False,False,False,-235.32937622070312,2.7437872886657715,True,0,35
3074,Cube,0.01,64,65,314.02252197265625,291.35931396484375,35.33938217163086,False,False,False,-25.80560302734375,1.077567219734192,False,0,0
3074,Cube,0.01,65,65,163.91551208496094,367.2754821777344,73.24209594726562,False,False,False,-388.7532958984375,3.371668815612793,True,0,20
3074,Cube,0.01,66,65,87.078369140625,309.3367919921875,84.0517578125,False,False,False,-329.16485595703125,3.6087028980255127,False,0,0
3074,Cube,0.01,67,65,75.36431884765625,405.4189453125,109.20464324951172,False,False,False,-705.4494018554688,10.360522270202637,True,0,48
3074,Cube,0.01,68,65,142.1315460205078,157.04412841796875,48.79963302612305,False,False,False,-78.22909545898438,1.5503993034362793,False,0,0
3074,Cube,0.01,69,65,189.4058380126953,267.7679748535156,57.920318603515625,False,False,False,-310.4661865234375,2.6391584873199463,True,0,6
3074,Cube,0.01,70,65,105.50086212158203,387.71234130859375,75.47099304199219,False,False,False,-447.60595703125,4.920567989349365,True,0,53
3074,Cube,0.01,71,65,121.17543029785156,175.2300262451172,55.71367645263672,False,False,False,-175.71893310546875,2.450119972229004,False,0,0
3074,Cube,0.01,72,65,78.17572784423828,91.33549499511719,22.837480545043945,False,False,True,21.425569534301758,0.7808102369308472,False,0,0
3074,Cube,0.01,73,65,30.6844425201416,362.27508544921875,88.20404815673828,False,False,False,-667.7962646484375,22.763349533081055,True,0,23
3074,Cube,0.01,74,65,98.7159194946289,230.41912841796875,47.97452926635742,False,False,False,-340.4876708984375,4.216037273406982,False,0,0
3074,Cube,0.01,75,65,42.779701232910156,346.70233154296875,76.19776153564453,False,False,False,-555.1861572265625,11.7608003616333,True,0,58
3074,Cube,0.01,76,65,29.57472801208496,393.5674133300781,113.17462158203125,False,False,False,-702.5386962890625,24.754695892333984,True,0,29
3074,Cube,0.01,77,65,3.966348648071289,397.661376953125,109.28972625732422,False,False,False,-779.11865234375,197.43222045898438,True,22,63
3074,Cube,0.01,78,65,239.7419891357422,364.63702392578125,75.8294448852539,False,False,False,-339.15228271484375,2.033675193786621,True,0,40
3074,Cube,0.01,79,65,13.609619140625,268.08917236328125,94.1253433227539,False,False,False,-234.3363800048828,10.6001615524292,False,0,0
3074,Cube,0.01,80,65,65.40068054199219,307.6739807128906,89.6854019165039,False,False,False,-509.27081298828125,8.786934852600098,True,0,37
3074,Cube,0.01,81,65,209.2520751953125,335.53387451171875,59.24061584472656,False,False,False,-127.406494140625,1.4732626676559448,True,0,25
3074,Cube,0.01,82,65,76.68917846679688,356.1462097167969,85.2016830444336,False,False,False,-539.0690307617188,8.029271125793457,True,0,12
3074,Cube,0.01,83,65,143.4296417236328,456.6793518066406,84.55724334716797,False,False,False,-600.3370361328125,5.1855854988098145,True,0,13
3074,Cube,0.01,84,65,69.69560241699219,404.3581848144531,109.59185028076172,False,False,False,-658.41064453125,9.337837219238281,True,0,58
3074,Cube,0.01,85,65,16.87034034729004,433.3099365234375,120.49923706054688,False,False,False,-825.929931640625,49.957515716552734,True,0,20
3074,Cube,0.01,86,65,60.90020751953125,203.8212432861328,68.66517639160156,False,False,False,-280.4705505371094,4.97784423828125,True,0,53
3074,Cube,0.01,87,65,15.013936996459961,176.79319763183594,47.953433990478516,False,False,False,-209.80458068847656,14.973987579345703,True,0,17
3074,Cube,0.01,88,65,326.0282897949219,381.3186950683594,60.32735824584961,False,False,False,-307.7652893066406,1.72857666015625,True,0,17
3074,Cube,0.01,89,65,88.99200439453125,219.6103515625,62.22422790527344,False,False,False,-116.70018005371094,2.3113558292388916,True,0,34
3074,Cube,0.01,90,65,231.3109130859375,353.6791687011719,79.35404205322266,False,False,False,-335.4100341796875,2.450039863586426,True,0,51
3074,Cube,0.01,91,65,23.91767120361328,647.9917602539062,136.85519409179688,False,False,False,-964.4769287109375,41.32486343383789,True,0,37
3074,Cube,0.01,92,65,61.02417755126953,205.0732421875,51.34812545776367,False,False,False,-245.3502197265625,5.020541191101074,True,0,27
3074,Cube,0.01,93,65,235.94122314453125,425.73126220703125,68.52708435058594,False,False,False,-324.34588623046875,2.2311196327209473,True,0,14
3074,Cube,0.01,94,65,42.12644577026367,432.3308410644531,111.45645904541016,False,False,False,-784.2001342773438,19.615386962890625,True,0,30
3074,Cube,0.01,95,65,262.28399658203125,360.0744934082031,35.85429382324219,False,False,False,-203.94482421875,1.777572512626648,True,0,26
3074,Cube,0.01,96,65,42.4490852355957,459.6956481933594,141.87623596191406,False,False,False,-864.123779296875,21.356712341308594,True,0,64
3074,Cube,0.01,97,65,15.980927467346191,216.29844665527344,56.4289436340332,False,False,False,-273.8297119140625,15.470775604248047,True,0,21
3074,Cube,0.01,98,65,147.39501953125,328.0528869628906,62.519283294677734,False,False,False,-372.1777648925781,3.483896017074585,True,0,18
3074,Cube,0.01,99,65,140.8948211669922,280.3195495605469,68.07479858398438,False,False,False,-286.99920654296875,3.0369749069213867,True,0,2
3074,Cube,0.02,0,65,225.95828247070312,112.57234191894531,23.739660263061523,True,True,True,53.71411895751953,0.7622830867767334,False,0,0
3074,Cube,0.02,1,65,104.71112060546875,287.5350341796875,58.496986389160156,False,False,False,-172.83828735351562,2.281856060028076,True,0,24
3074,Cube,0.02,2,65,102.3286361694336,144.37591552734375,26.960704803466797,False,False,False,-58.45362091064453,1.3105027675628662,True,0,7
3074,Cube,0.02,3,65,72.38554382324219,131.15399169921875,25.717126846313477,False,False,False,-28.340614318847656,1.3915231227874756,False,0,0
3074,Cube,0.02,4,65,12.43847370147705,101.62957763671875,27.855968475341797,False,False,False,-46.683204650878906,4.753129482269287,True,0,63
3074,Cube,0.02,5,65,52.549278259277344,169.73953247070312,39.208343505859375,False,False,False,-187.112548828125,4.56070613861084,True,0,19
3074,Cube,0.02,6,65,50.81685256958008,124.82461547851562,16.156776428222656,False,False,False,-2.646167755126953,1.0520726442337036,False,0,0
3074,Cube,0.02,7,65,24.548826217651367,130.41102600097656,24.02968406677246,False,False,False,-18.268951416015625,1.7441883087158203,False,0,0
3074,Cube,0.02,8,65,64.99452209472656,214.25570678710938,52.65201187133789,False,False,False,-225.81231689453125,4.47432804107666,True,0,2
3074,Cube,0.02,9,65,259.13543701171875,69.48077392578125,19.992799758911133,True,True,True,187.8285675048828,0.2751722037792206,False,0,0
3074,Cube,0.02,10,65,237.58245849609375,258.3318786621094,46.21583938598633,False,False,False,-55.90718078613281,1.2353168725967407,False,0,0
3074,Cube,0.02,11,65,24.253108978271484,183.7542266845703,43.093727111816406,False,False,False,-235.79554748535156,9.797794342041016,True,0,30
3074,Cube,0.02,12,65,72.70716094970703,77.90914916992188,19.196025848388672,False,False,False,-39.86595153808594,1.5313564538955688,True,0,37
3074,Cube,0.02,13,65,71.42147827148438,225.47857666015625,53.449745178222656,False,False,False,-195.64483642578125,2.9635159969329834,True,0,52
3074,Cube,0.02,14,65,43.09156036376953,252.76841735839844,48.184112548828125,False,False,False,-305.8019104003906,4.891103267669678,True,0,4
3074,Cube,0.02,15,65,70.02798461914062,72.48333740234375,24.29619598388672,False,False,False,-10.738273620605469,1.153342604637146,False,0,0
3074,Cube,0.02,16,65,80.01995849609375,473.7327880859375,117.02950286865234,False,False,False,-609.4147338867188,8.11088752746582,True,0,12
3074,Cube,0.02,17,65,32.531497955322266,155.44403076171875,30.96658706665039,False,False,True,2.6570358276367188,0.9183242321014404,False,0,0
3074,Cube,0.02,18,65,16.30359649658203,346.52655029296875,68.81246948242188,False,False,False,-393.2559814453125,14.285395622253418,True,0,21
3074,Cube,0.02,19,65,250.63710021972656,188.8040313720703,23.540382385253906,False,False,False,-0.9408721923828125,1.003753900527954,True,0,10
3074,Cube,0.02,20,65,84.9030532836914,243.83139038085938,63.520809173583984,False,False,False,-363.876220703125,4.225175857543945,True,0,9
3074,Cube,0.02,21,65,215.60133361816406,113.09521484375,25.62108612060547,False,False,True,108.02972412109375,0.49893757700920105,False,0,0
3074,Cube,0.02,22,65,317.6950378417969,111.03854370117188,26.558826446533203,True,True,True,244.06027221679688,0.3125518262386322,False,0,0
3074,Cube,0.02,23,65,82.27799987792969,210.6752471923828,46.394901275634766,False,False,False,-180.96458435058594,3.0032854080200195,True,0,17
3074,Cube,0.02,24,65,35.99317169189453,237.84246826171875,59.03660202026367,False,False,False,-355.69744873046875,10.73672866821289,True,0,12
3074,Cube,0.02,25,65,97.93081665039062,252.7341766357422,37.34115219116211,False,False,False,-325.3757019042969,4.322505950927734,True,0,49
3074,Cube,0.02,26,65,241.058837890625,32.217071533203125,10.304028511047363,True,True,True,215.07513427734375,0.16117854416370392,False,0,0
3074,Cube,0.02,27,65,2.6219310760498047,175.41842651367188,38.57201385498047,False,False,False,-103.72735595703125,40.56143569946289,True,0,26
3074,Cube,0.02,28,65,80.9352798461914,88.27589416503906,18.376344680786133,False,False,False,-16.442781448364258,1.2031595706939697,False,0,0
3074,Cube,0.02,29,65,12.43178653717041,203.5594482421875,58.079341888427734,False,False,False,-201.86697387695312,14.91312313079834,True,0,31
3074,Cube,0.02,30,65,78.55293273925781,136.06344604492188,35.92396926879883,False,False,False,-85.92593383789062,2.093860387802124,False,0,0
3074,Cube,0.02,31,65,116.75732421875,101.5618896484375,27.542051315307617,False,False,True,11.171295166015625,0.927170991897583,False,0,0
3074,Cube,0.02,32,65,18.80146026611328,206.2165069580078,41.42686080932617,False,False,False,-55.94388198852539,3.9755074977874756,True,0,38
3074,Cube,0.02,33,65,60.90946960449219,100.5081787109375,26.64624786376953,False,False,False,-23.022727966308594,1.3102446794509888,False,0,0
3074,Cube,0.02,34,65,110.42049407958984,270.3971252441406,51.177982330322266,False,False,False,-377.1549072265625,4.415624141693115,True,0,26
3074,Cube,0.02,35,65,27.484464645385742,144.76422119140625,50.846614837646484,False,False,False,-164.0556640625,6.9690327644348145,True,0,41
3074,Cube,0.02,36,65,0.9623908996582031,77.38667297363281,13.038667678833008,False,False,False,-21.464231491088867,23.303028106689453,False,29,29
3074,Cube,0.02,37,65,84.2015380859375,159.43487548828125,39.88677215576172,False,False,False,-187.60580444335938,3.1955699920654297,True,0,53
3074,Cube,0.02,38,65,211.8606719970703,175.40423583984375,32.36677551269531,False,False,True,102.14818572998047,0.6196091771125793,False,0,0
3074,Cube,0.02,39,65,47.146366119384766,280.59136962890625,70.93447875976562,False,False,False,-373.745361328125,7.564150810241699,True,0,44
3074,Cube,0.02,40,65,113.92213439941406,132.6533203125,21.499019622802734,False,False,True,112.07610321044922,0.34375670552253723,False,0,0
3074,Cube,0.02,41,65,183.29515075683594,168.56204223632812,20.080720901489258,False,False,False,-37.63560485839844,1.2053278684616089,False,0,0
3074,Cube,0.02,42,65,112.5571517944336,131.61196899414062,22.596986770629883,False,False,False,-11.47524642944336,1.1019504070281982,False,0,0
3074,Cube,0.02,43,65,99.63123321533203,118.20242309570312,30.363752365112305,False,False,False,-2.7337493896484375,1.0141453742980957,True,0,37
3074,Cube,0.02,44,65,78.69376373291016,117.53453063964844,23.401151657104492,False,False,False,-21.262157440185547,1.182628870010376,False,0,0
3074,Cube,0.02,45,65,193.53546142578125,192.30130004882812,48.3925895690918,False,False,False,-109.1004409790039,1.5637232065200806,False,0,0
3074,Cube,0.02,46,65,43.31494903564453,149.75912475585938,36.618648529052734,False,False,False,-194.17933654785156,5.482963562011719,True,0,32
3074,Cube,0.02,47,65,34.71892166137695,44.38287353515625,13.620499610900879,False,False,False,-8.563762664794922,1.246659755706787,True,0,27
3074,Cube,0.02,48,65,138.95260620117188,182.4334716796875,46.581016540527344,False,False,False,-167.1703338623047,2.2030744552612305,False,0,0
3074,Cube,0.02,49,65,8.722779273986816,150.14117431640625,35.92767333984375,False,False,False,-163.20484924316406,19.710189819335938,True,0,18
3074,Cube,0.02,50,65,327.55242919921875,397.74383544921875,30.587656021118164,False,False,False,-164.33001708984375,1.5016907453536987,True,0,53
3074,Cube,0.02,51,65,8.459558486938477,166.49783325195312,54.79645919799805,False,False,False,-121.50091552734375,15.362560272216797,True,0,27
3074,Cube,0.02,52,65,51.06144332885742,78.87940979003906,19.595178604125977,False,False,True,36.81595230102539,0.4474111497402191,False,0,0
3074,Cube,0.02,53,65,227.78172302246094,190.59776306152344,27.440256118774414,False,False,False,-73.48774719238281,1.2780277729034424,False,0,0
3074,Cube,0.02,54,65,281.2163391113281,145.3223876953125,18.948713302612305,False,False,True,135.580078125,0.5178797841072083,False,0,0
3074,Cube,0.02,55,65,3.764500379562378,51.21031188964844,13.50277042388916,False,False,False,-6.631839752197266,2.761678695678711,False,0,0
3074,Cube,0.02,56,65,125.51307678222656,419.1077575683594,74.6697006225586,False,False,False,-500.7525634765625,4.989644527435303,True,0,2
3074,Cube,0.02,57,65,21.313823699951172,157.84036254882812,32.04593276977539,False,False,False,-250.85960388183594,12.761977195739746,True,0,33
3074,Cube,0.02,58,65,56.98241424560547,253.0561981201172,58.92103958129883,False,False,False,-375.8734130859375,7.596305847167969,True,0,26
3074,Cube,0.02,59,65,269.5645446777344,115.7881851196289,20.62628173828125,True,True,True,84.3543930053711,0.7232922315597534,False,0,0
3074,Cube,0.02,60,65,269.1279602050781,91.76837158203125,21.79216194152832,True,True,True,125.35569763183594,0.5342152714729309,False,0,0
3074,Cube,0.02,61,65,29.292911529541016,55.672760009765625,14.33802318572998,False,False,True,25.993688583374023,0.38212698698043823,False,0,0
3074,Cube,0.02,62,65,175.98374938964844,122.27445983886719,23.172386169433594,False,False,True,32.24681854248047,0.868956983089447,False,0,0
3074,Cube,0.02,63,65,93.94624328613281,99.88632202148438,22.37282943725586,False,False,True,61.3807373046875,0.42248237133026123,False,0,0
3074,Cube,0.02,64,65,223.45443725585938,266.62921142578125,36.42118453979492,False,False,False,-141.5621337890625,1.633516788482666,False,0,0
3074,Cube,0.02,65,65,136.91197204589844,91.683349609375,20.453027725219727,False,False,True,43.65321350097656,0.7474759817123413,False,0,0
3074,Cube,0.02,66,65,130.18663024902344,142.15380859375,54.01408767700195,False,False,False,-34.12171173095703,1.2620984315872192,False,0,0
3074,Cube,0.02,67,65,64.9341049194336,234.05274963378906,57.06654739379883,False,False,False,-214.64956665039062,4.305652141571045,True,0,13
3074,Cube,0.02,68,65,135.785400390625,91.49249267578125,18.13751220703125,False,False,True,87.29922485351562,0.43835851550102234,False,0,0
3074,Cube,0.02,69,65,218.13470458984375,142.61929321289062,39.99864959716797,False,False,False,-36.851593017578125,1.1689395904541016,False,0,0
3074,Cube,0.02,70,65,104.74212646484375,188.08697509765625,44.214317321777344,False,False,False,-183.57188415527344,2.204538583755493,True,0,31
3074,Cube,0.02,71,65,78.2938003540039,115.10459899902344,27.07663345336914,False,False,False,-56.76493835449219,1.7250248193740845,False,0,0
3074,Cube,0.02,72,65,73.07865905761719,105.24005126953125,25.33138084411621,False,False,True,27.010072708129883,0.708027720451355,False,0,0
3074,Cube,0.02,73,65,20.159347534179688,354.2560729980469,87.83232879638672,False,False,False,-613.1417236328125,31.414758682250977,True,0,23
3074,Cube,0.02,74,65,95.5733642578125,139.76182556152344,29.771045684814453,False,False,False,-140.2515869140625,2.467475652694702,False,0,0
3074,Cube,0.02,75,65,52.595916748046875,320.9529113769531,71.10346984863281,False,False,False,-513.7700805664062,9.307933807373047,True,0,8
3074,Cube,0.02,76,65,40.860450744628906,348.150390625,92.71371459960938,False,False,False,-560.6221313476562,14.354981422424316,True,0,46
3074,Cube,0.02,77,65,20.560441970825195,225.95709228515625,64.85688018798828,False,False,False,-313.8136901855469,13.996657371520996,True,0,22
3074,Cube,0.02,78,65,275.9666442871094,429.1434326171875,39.799415588378906,False,False,False,-223.15106201171875,1.8020853996276855,True,0,35
3074,Cube,0.02,79,65,13.613927841186523,211.97021484375,42.47495651245117,False,False,False,-41.94999694824219,3.0805513858795166,True,0,40
3074,Cube,0.02,80,65,77.65714263916016,180.7520751953125,50.30175018310547,False,False,False,-179.2859649658203,2.8207006454467773,True,0,26
3074,Cube,0.02,81,65,88.73145294189453,138.57855224609375,42.7357177734375,False,False,False,-65.92652893066406,1.7429893016815186,True,0,49
3074,Cube,0.02,82,65,73.84980010986328,122.92442321777344,37.49360656738281,False,False,False,-69.94056701660156,1.562814712524414,True,0,53
3074,Cube,0.02,83,65,118.40966033935547,216.95266723632812,46.38021469116211,False,False,False,-191.7515869140625,2.619391441345215,False,0,0
3074,Cube,0.02,84,65,76.9080810546875,156.4686279296875,44.6354866027832,False,False,False,-112.43181610107422,2.0248258113861084,True,0,35
3074,Cube,0.02,85,65,8.054401397705078,341.1036376953125,89.49462127685547,False,False,False,-648.0719604492188,81.46183776855469,True,0,47
3074,Cube,0.02,86,65,52.55154037475586,179.24932861328125,58.903717041015625,False,False,False,-207.63226318359375,4.357100486755371,True,0,53
3074,Cube,0.02,87,65,64.2302017211914,145.44158935546875,46.226036071777344,False,False,False,-134.08285522460938,2.782970905303955,True,0,35
3074,Cube,0.02,88,65,316.5216979980469,69.07278442382812,27.47784996032715,True,True,True,216.79278564453125,0.33325475454330444,False,0,0
3074,Cube,0.02,89,65,22.336166381835938,159.40237426757812,44.01177215576172,False,False,False,-93.03983306884766,5.16543436050415,True,0,34
3074,Cube,0.02,90,65,170.52462768554688,141.02464294433594,26.411991119384766,False,False,False,-75.12369537353516,1.4405444860458374,False,0,0
3074,Cube,0.02,91,65,35.58921432495117,347.10443115234375,89.4007797241211,False,False,False,-409.647705078125,11.287336349487305,True,0,27
3074,Cube,0.02,92,65,96.38141632080078,174.85989379882812,37.06934356689453,False,False,False,-35.62501525878906,1.3572039604187012,True,0,60
3074,Cube,0.02,93,65,225.5266571044922,107.42922973632812,22.295339584350586,True,True,True,40.803977966308594,0.8190725445747375,False,0,0
3074,Cube,0.02,94,65,74.22686767578125,294.1493835449219,71.21839141845703,False,False,False,-329.144287109375,4.411411285400391,True,0,52
3074,Cube,0.02,95,65,221.56729125976562,79.56724548339844,17.91146469116211,True,True,True,99.16191101074219,0.5524523854255676,False,0,0
3074,Cube,0.02,96,65,45.8284912109375,259.4781494140625,59.576107025146484,False,False,False,-356.13983154296875,5.916423320770264,True,0,38
3074,Cube,0.02,97,65,4.292398452758789,108.31854248046875,27.07891082763672,False,False,False,-84.65251922607422,20.454221725463867,True,0,21
3074,Cube,0.02,98,65,172.40980529785156,238.76873779296875,50.8618049621582,False,False,False,-126.72207641601562,1.7177224159240723,True,0,11
3074,Cube,0.02,99,65,220.26414489746094,153.09942626953125,35.00308609008789,False,False,True,78.19001770019531,0.7116374969482422,False,0,0
3074,Cube,0.03,0,65,234.2295684814453,69.98396301269531,11.282342910766602,True,True,True,157.8045654296875,0.3262825012207031,False,0,0
3074,Cube,0.03,1,65,88.45765686035156,199.50900268554688,24.690391540527344,False,False,False,-15.380027770996094,1.117862582206726,True,0,24
3074,Cube,0.03,2,65,112.21774291992188,135.83511352539062,17.384174346923828,False,False,True,33.310943603515625,0.7508924007415771,False,0,0
3074,Cube,0.03,3,65,67.33293914794922,101.63661193847656,19.210142135620117,False,False,True,20.969371795654297,0.8164262771606445,False,0,0
3074,Cube,0.03,4,65,12.01001262664795,84.26126098632812,15.978996276855469,False,False,False,-2.2699332237243652,1.189003348350525,False,0,0
3074,Cube,0.03,5,65,76.86649322509766,39.646484375,11.645596504211426,False,False,True,71.41070556640625,0.1423487365245819,False,0,0
3074,Cube,0.03,6,65,49.053985595703125,39.83953857421875,9.1184720993042,False,False,True,22.616771697998047,0.5389412045478821,False,0,0
3074,Cube,0.03,7,65,21.750530242919922,29.962371826171875,9.487491607666016,False,False,True,18.28173065185547,0.2987726926803589,False,0,0
3074,Cube,0.03,8,65,87.70816040039062,123.32696533203125,25.028879165649414,False,False,False,-21.9630126953125,1.215774655342102,True,0,16
3074,Cube,0.03,9,65,214.48475646972656,73.5238037109375,16.89448356628418,True,True,True,194.07217407226562,0.27087587118148804,False,0,0
3074,Cube,0.03,10,65,230.6014862060547,67.90744018554688,19.95268440246582,True,True,True,152.15528869628906,0.3668127655982971,False,0,0
3074,Cube,0.03,11,65,38.600830078125,79.20338439941406,24.628604888916016,False,False,False,-26.85582733154297,1.6957318782806396,False,0,0
3074,Cube,0.03,12,65,29.616153717041016,56.01896667480469,9.856045722961426,False,False,True,3.0183677673339844,0.8980837464332581,False,0,0
3074,Cube,0.03,13,65,63.12210464477539,86.6206283569336,23.192564010620117,False,False,True,7.933197021484375,0.874319851398468,False,0,0
3074,Cube,0.03,14,65,34.72272872924805,132.5276641845703,19.998945236206055,False,False,False,-84.76483154296875,2.521109104156494,False,0,0
3074,Cube,0.03,15,65,87.64930725097656,94.20059204101562,19.734352111816406,False,False,True,36.291690826416016,0.689946711063385,False,0,0
3074,Cube,0.03,16,65,81.60027313232422,332.0534973144531,68.89691925048828,False,False,False,-305.9844665527344,4.749797344207764,False,0,0
3074,Cube,0.03,17,65,8.20138168334961,53.56231689453125,18.23361587524414,False,False,False,-38.109886169433594,5.646764278411865,True,0,12
3074,Cube,0.03,18,65,50.250064849853516,65.76437377929688,18.63904571533203,False,False,True,14.44913387298584,0.7124553918838501,False,0,0
3074,Cube,0.03,19,65,261.7052307128906,75.71002197265625,11.067525863647461,True,True,True,182.45631408691406,0.36918264627456665,False,0,0
3074,Cube,0.03,20,65,71.58941650390625,69.77365112304688,20.83331871032715,False,False,True,7.774425506591797,0.9222182631492615,False,0,0
3074,Cube,0.03,21,65,226.4618377685547,88.34588623046875,13.971819877624512,True,True,True,165.39761352539062,0.2696446180343628,False,0,0
3074,Cube,0.03,22,65,264.247802734375,52.061126708984375,15.427184104919434,True,True,True,209.717529296875,0.2063603699207306,False,0,0
3074,Cube,0.03,23,65,57.716407775878906,102.109130859375,20.594661712646484,False,False,False,-8.55612564086914,1.1482442617416382,True,0,1
3074,Cube,0.03,24,65,38.8768196105957,70.68487548828125,15.446035385131836,False,False,True,13.809700012207031,0.6447831988334656,False,0,0
3074,Cube,0.03,25,65,106.11384582519531,116.94500732421875,25.49985694885254,False,False,False,-22.518760681152344,1.212213158607483,False,0,0
3074,Cube,0.03,26,65,168.70834350585938,49.9256591796875,6.341543674468994,True,True,True,136.39471435546875,0.19153545796871185,False,0,0
3074,Cube,0.03,27,65,13.40802001953125,88.46810913085938,16.06134033203125,False,False,False,-10.852951049804688,1.8094372749328613,False,0,0
3074,Cube,0.03,28,65,80.87954711914062,74.4425048828125,13.332964897155762,False,False,True,12.386507034301758,0.8468524217605591,False,0,0
3074,Cube,0.03,29,65,2.605232000350952,164.77166748046875,28.175777435302734,False,False,False,-54.38385772705078,21.874862670898438,True,0,31
3074,Cube,0.03,30,65,98.04563903808594,71.26043701171875,12.627077102661133,False,False,True,70.25202941894531,0.2937706708908081,False,0,0
3074,Cube,0.03,31,65,116.08341217041016,71.5985107421875,21.350765228271484,False,False,True,68.76141357421875,0.4394698441028595,False,0,0
3074,Cube,0.03,32,65,30.01838493347168,72.38233947753906,27.9443416595459,False,False,False,-51.312774658203125,2.709378242492676,True,0,38
3074,Cube,0.03,33,65,65.82489013671875,63.2388916015625,17.681901931762695,False,False,True,30.985137939453125,0.646874725818634,False,0,0
3074,Cube,0.03,34,65,129.26797485351562,163.32550048828125,30.64659881591797,False,False,False,-55.169952392578125,1.4267874956130981,False,0,0
3074,Cube,0.03,35,65,26.134994506835938,45.23042297363281,13.152099609375,False,False,True,0.26444482803344727,0.9898815751075745,False,0,0
3074,Cube,0.03,36,65,30.80605125427246,21.02655029296875,6.38538932800293,False,False,True,20.68360137939453,0.3285863995552063,False,0,0
3074,Cube,0.03,37,65,61.35913848876953,110.02727508544922,20.63754653930664,False,False,False,-41.482398986816406,1.3858802318572998,True,0,53
3074,Cube,0.03,38,65,173.99142456054688,40.63372802734375,10.482649803161621,True,True,True,159.2145538330078,0.14364610612392426,False,0,0
3074,Cube,0.03,39,65,31.148677825927734,63.559234619140625,14.453763961791992,False,False,False,-25.330520629882812,1.8132133483886719,False,0,0
3074,Cube,0.03,40,65,133.02720642089844,56.464324951171875,8.058610916137695,True,True,True,121.83351135253906,0.13962651789188385,False,0,0
3074,Cube,0.03,41,65,187.50018310546875,41.9154052734375,8.13695240020752,True,True,True,151.86965942382812,0.19002927839756012,False,0,0
3074,Cube,0.03,42,65,87.02015686035156,51.75439453125,8.801335334777832,False,False,True,53.216880798339844,0.3884533941745758,False,0,0
3074,Cube,0.03,43,65,98.58438873291016,92.29693603515625,25.561710357666016,False,False,True,20.941879272460938,0.787574052810669,False,0,0
3074,Cube,0.03,44,65,46.990474700927734,55.682342529296875,10.188474655151367,False,False,True,24.959632873535156,0.6088253259658813,False,0,0
3074,Cube,0.03,45,65,224.44589233398438,97.81777954101562,24.280067443847656,True,True,True,166.0064239501953,0.4487280547618866,False,0,0
3074,Cube,0.03,46,65,50.06635665893555,68.72013854980469,12.957181930541992,False,False,False,-4.769259452819824,1.0952588319778442,False,0,0
3074,Cube,0.03,47,65,60.264991760253906,50.265647888183594,4.74165678024292,False,False,True,57.816654205322266,0.33502906560897827,False,0,0
3074,Cube,0.03,48,65,141.94393920898438,100.33628845214844,24.161523818969727,False,False,True,27.667327880859375,0.8050827383995056,False,0,0
3074,Cube,0.03,49,65,33.36997604370117,80.75263977050781,20.422216415405273,False,False,False,-2.1823768615722656,1.065399408340454,False,0,0
3074,Cube,0.03,50,65,298.807861328125,32.0142822265625,8.568296432495117,True,True,True,255.21315002441406,0.14589545130729675,False,0,0
3074,Cube,0.03,51,65,9.645585060119629,120.52786254882812,27.483238220214844,False,False,False,-17.828723907470703,2.848381757736206,False,0,0
3074,Cube,0.03,52,65,51.54896545410156,65.35919189453125,13.522913932800293,False,False,True,37.059383392333984,0.3890809118747711,False,0,0
3074,Cube,0.03,53,65,224.31747436523438,42.637420654296875,10.5441255569458,True,True,True,175.21475219726562,0.3051925599575043,False,0,0
3074,Cube,0.03,54,65,313.80499267578125,40.259979248046875,13.946788787841797,True,True,True,260.29522705078125,0.21044425666332245,False,0,0
3074,Cube,0.03,55,65,3.767828941345215,66.30001831054688,13.541261672973633,False,False,False,-4.711036682128906,2.2503318786621094,False,0,0
3074,Cube,0.03,56,65,118.666748046875,71.35409545898438,19.738075256347656,False,False,True,84.87773895263672,0.2847386598587036,False,0,0
3074,Cube,0.03,57,65,58.20781707763672,64.51327514648438,15.697856903076172,False,False,False,-30.86803436279297,1.530307412147522,False,0,0
3074,Cube,0.03,58,65,50.584014892578125,156.16053771972656,25.9949893951416,False,False,False,-38.33661651611328,1.7578800916671753,True,0,14
3074,Cube,0.03,59,65,228.2305908203125,25.04273223876953,6.00201416015625,True,True,True,180.61843872070312,0.2086142748594284,False,0,0
3074,Cube,0.03,60,65,294.80841064453125,23.810577392578125,7.675016403198242,True,True,True,276.7420959472656,0.10122603178024292,False,0,0
3074,Cube,0.03,61,65,32.14168167114258,36.6497802734375,9.73733139038086,False,False,True,17.96097755432129,0.4411936104297638,False,0,0
3074,Cube,0.03,62,65,157.8599090576172,73.46308898925781,13.178977966308594,True,True,True,128.44361877441406,0.3719228208065033,False,0,0
3074,Cube,0.03,63,65,76.96688079833984,54.197784423828125,12.081218719482422,False,False,True,63.646156311035156,0.29839009046554565,False,0,0
3074,Cube,0.03,64,65,222.01084899902344,65.25562286376953,17.157264709472656,True,True,True,141.25680541992188,0.3637392222881317,False,0,0
3074,Cube,0.03,65,65,110.95832061767578,88.45132446289062,20.84180450439453,False,False,True,62.59341812133789,0.6023882627487183,False,0,0
3074,Cube,0.03,66,65,124.72950744628906,107.8526611328125,23.125492095947266,False,False,True,72.36116790771484,0.4198552668094635,False,0,0
3074,Cube,0.03,67,65,52.335147857666016,99.89118957519531,29.04747772216797,False,False,True,30.50448989868164,0.5302301049232483,False,0,0
3074,Cube,0.03,68,65,145.312744140625,33.82513427734375,8.885626792907715,True,True,True,123.4638900756836,0.15035748481750488,False,0,0
3074,Cube,0.03,69,65,214.56045532226562,57.812896728515625,17.06679344177246,True,True,True,132.6981201171875,0.38153505325317383,False,0,0
3074,Cube,0.03,70,65,122.38562774658203,77.54006958007812,13.585930824279785,False,False,True,91.0040283203125,0.5016728043556213,False,0,0
3074,Cube,0.03,71,65,79.11915588378906,70.5003662109375,12.83580493927002,False,False,True,43.530433654785156,0.49346107244491577,False,0,0
3074,Cube,0.03,72,65,71.81696319580078,37.376953125,12.203649520874023,False,False,True,56.395206451416016,0.2652568221092224,False,0,0
3074,Cube,0.03,73,65,17.971742630004883,110.91392517089844,26.403932571411133,False,False,False,-59.40339660644531,4.30537748336792,False,0,0
3074,Cube,0.03,74,65,87.08110046386719,53.050079345703125,16.783443450927734,False,False,True,44.49543762207031,0.489034503698349,False,0,0
3074,Cube,0.03,75,65,43.335113525390625,132.17428588867188,29.536283493041992,False,False,False,-94.22280883789062,2.2526190280914307,True,0,14
3074,Cube,0.03,76,65,32.27101135253906,148.45046997070312,34.372154235839844,False,False,False,-45.68645477294922,1.8560620546340942,False,0,0
3074,Cube,0.03,77,65,19.637004852294922,86.4332275390625,18.950159072875977,False,False,False,-32.78612518310547,2.4867639541625977,True,0,22
3074,Cube,0.03,78,65,246.42575073242188,59.30702209472656,13.825026512145996,True,True,True,171.04017639160156,0.3059159815311432,False,0,0
3074,Cube,0.03,79,65,9.53616714477539,123.51132202148438,29.394620895385742,False,False,False,-13.444572448730469,1.2268544435501099,True,0,23
3074,Cube,0.03,80,65,49.98367691040039,113.43536376953125,19.512908935546875,False,False,True,8.625419616699219,0.9381051063537598,False,0,0
3074,Cube,0.03,81,65,158.5474395751953,58.7100830078125,20.920576095581055,True,True,True,68.43879699707031,0.5683386921882629,False,0,0
3074,Cube,0.03,82,65,80.2835693359375,81.74150848388672,20.129362106323242,False,False,True,11.155773162841797,0.9054195284843445,False,0,0
3074,Cube,0.03,83,65,179.2971954345703,129.20977783203125,22.01976776123047,False,False,True,24.408348083496094,0.8706115484237671,False,0,0
3074,Cube,0.03,84,65,76.85315704345703,71.68948364257812,16.1130313873291,False,False,True,30.70455551147461,0.7041732668876648,False,0,0
3074,Cube,0.03,85,65,20.943561553955078,77.78263854980469,23.69007110595703,False,False,False,-73.83631134033203,4.525489807128906,True,0,47
3074,Cube,0.03,86,65,37.89259719848633,79.46511840820312,19.207717895507812,False,False,False,-4.19140625,1.1106127500534058,False,0,0
3074,Cube,0.03,87,65,38.33216094970703,94.435302734375,23.991859436035156,False,False,False,-37.57135009765625,1.6912726163864136,True,0,35
3074,Cube,0.03,88,65,287.85699462890625,40.029052734375,13.136874198913574,True,True,True,270.4030456542969,0.13611899316310883,False,0,0
3074,Cube,0.03,89,65,71.20661926269531,57.95635986328125,14.48590087890625,False,False,True,33.26396179199219,0.5842399001121521,False,0,0
3074,Cube,0.03,90,65,185.54647827148438,89.8111572265625,14.376991271972656,True,True,True,79.20600891113281,0.5865774750709534,False,0,0
3074,Cube,0.03,91,65,15.071205139160156,151.04539489746094,45.668785095214844,False,False,False,-65.76313018798828,4.05189323425293,True,0,27
3074,Cube,0.03,92,65,40.823638916015625,47.905609130859375,12.376941680908203,False,False,False,-7.769187927246094,1.1903109550476074,True,0,60
3074,Cube,0.03,93,65,251.0360565185547,50.632781982421875,15.515237808227539,True,True,True,215.67848205566406,0.1869560033082962,False,0,0
3074,Cube,0.03,94,65,64.36624145507812,62.43328857421875,19.35883903503418,False,False,True,19.519346237182617,0.7890651822090149,False,0,0
3074,Cube,0.03,95,65,249.96395874023438,35.28509521484375,7.334000110626221,True,True,True,197.283447265625,0.2107524275779724,False,0,0
3074,Cube,0.03,96,65,51.152503967285156,96.02685546875,29.128684997558594,False,False,False,-46.44465637207031,1.6001728773117065,False,0,0
3074,Cube,0.03,97,65,4.215260982513428,28.488739013671875,10.837892532348633,False,False,False,-14.576648712158203,4.458065509796143,False,0,0
3074,Cube,0.03,98,65,120.49566650390625,92.492431640625,21.126850128173828,False,False,True,34.63207244873047,0.7125865817070007,False,0,0
3074,Cube,0.03,99,65,128.4316864013672,107.942138671875,18.296646118164062,False,False,True,76.21089935302734,0.4066036343574524,False,0,0
3074,Cube,0.04,0,65,231.1172637939453,37.21693420410156,8.83322525024414,True,True,True,185.0972442626953,0.19911976158618927,False,0,0
3074,Cube,0.04,1,65,73.63580322265625,42.64414978027344,8.449566841125488,False,False,True,53.56435775756836,0.2725772559642792,False,0,0
3074,Cube,0.04,2,65,117.33206176757812,38.58958435058594,7.067960262298584,True,True,True,86.19218444824219,0.273438423871994,False,0,0
3074,Cube,0.04,3,65,45.58405685424805,24.50030517578125,7.237308025360107,False,False,True,32.688690185546875,0.28289201855659485,False,0,0
3074,Cube,0.04,4,65,5.673874855041504,63.76141357421875,14.914382934570312,False,False,False,-1.3126590251922607,1.2313514947891235,False,0,0
3074,Cube,0.04,5,65,57.369606018066406,23.23992919921875,5.534421443939209,True,True,True,43.26793670654297,0.2458038181066513,False,0,0
3074,Cube,0.04,6,65,23.807117462158203,25.042755126953125,5.065495491027832,False,False,True,13.266318321228027,0.44275832176208496,False,0,0
3074,Cube,0.04,7,65,52.96598815917969,62.30926513671875,7.0535807609558105,False,False,True,37.328277587890625,0.3628271222114563,False,0,0
3074,Cube,0.04,8,65,57.71397399902344,93.57427978515625,20.257089614868164,False,False,True,5.335868835449219,0.90754634141922,False,0,0
3074,Cube,0.04,9,65,217.97976684570312,55.744232177734375,6.858539581298828,True,True,True,215.2826385498047,0.1787825971841812,False,0,0
3074,Cube,0.04,10,65,231.99684143066406,38.49386978149414,11.655207633972168,True,True,True,188.16529846191406,0.2133292704820633,False,0,0
3074,Cube,0.04,11,65,35.79134750366211,13.322738647460938,3.886813163757324,True,True,True,30.042203903198242,0.17325785756111145,False,0,0
3074,Cube,0.04,12,65,85.92237854003906,47.045257568359375,9.321724891662598,False,False,True,47.151519775390625,0.4512312114238739,False,0,0
3074,Cube,0.04,13,65,56.794944763183594,77.24826049804688,14.444497108459473,False,False,True,13.519397735595703,0.7619612216949463,False,0,0
3074,Cube,0.04,14,65,32.80070495605469,58.3399658203125,11.894675254821777,False,False,True,5.701221466064453,0.9051321744918823,False,0,0
3074,Cube,0.04,15,65,90.39002227783203,23.35748291015625,7.859426021575928,True,True,True,82.9441146850586,0.12428508698940277,False,0,0
3074,Cube,0.04,16,65,144.1439971923828,122.0546875,23.993927001953125,False,False,True,42.28097915649414,0.7452746033668518,False,0,0
3074,Cube,0.04,17,65,37.023834228515625,39.93170166015625,9.598485946655273,False,False,True,30.415346145629883,0.35049957036972046,False,0,0
3074,Cube,0.04,18,65,35.8838005065918,69.68023681640625,20.637332916259766,False,False,False,-11.886894226074219,1.2878748178482056,True,0,21
3074,Cube,0.04,19,65,286.3576354980469,23.03326416015625,5.1617560386657715,True,True,True,270.8955993652344,0.0935870110988617,False,0,0
3074,Cube,0.04,20,65,77.87255096435547,54.287017822265625,17.38410758972168,False,False,True,18.584157943725586,0.772502601146698,False,0,0
3074,Cube,0.04,21,65,293.4088134765625,54.65234375,8.049722671508789,True,True,True,256.3349304199219,0.14308269321918488,False,0,0
3074,Cube,0.04,22,65,295.3742980957031,18.38555908203125,5.117411136627197,True,True,True,290.7784118652344,0.058397892862558365,False,0,0
3074,Cube,0.04,23,65,73.93984985351562,28.2225341796875,6.482172966003418,True,True,True,54.50477600097656,0.26284974813461304,False,0,0
3074,Cube,0.04,24,65,40.574378967285156,78.50299072265625,20.022550582885742,False,False,False,-17.05739974975586,1.4203983545303345,True,0,31
3074,Cube,0.04,25,65,120.17111206054688,24.881668090820312,7.44736385345459,True,True,True,115.87257385253906,0.11466997116804123,False,0,0
3074,Cube,0.04,26,65,155.84588623046875,11.997894287109375,2.8515467643737793,True,True,True,149.3890380859375,0.04894140362739563,False,0,0
3074,Cube,0.04,27,65,1.9051322937011719,31.4866943359375,6.8376288414001465,False,False,False,-5.753533363342285,4.020017623901367,True,7,0
3074,Cube,0.04,28,65,89.86486053466797,29.1749267578125,5.595848083496094,True,True,True,80.31405639648438,0.2328270673751831,False,0,0
3074,Cube,0.04,29,65,1.6335606575012207,35.90574645996094,10.660778045654297,False,False,False,-11.647287368774414,5.853905200958252,True,0,31
3074,Cube,0.04,30,65,121.5831069946289,39.50715637207031,7.481872081756592,True,True,True,107.66230773925781,0.16379088163375854,False,0,0
3074,Cube,0.04,31,65,101.74714660644531,35.5020751953125,8.816285133361816,True,True,True,91.66712951660156,0.21429653465747833,False,0,0
3074,Cube,0.04,32,65,36.5682258605957,23.302947998046875,7.4457502365112305,False,False,True,24.43878173828125,0.4050609767436981,False,0,0
3074,Cube,0.04,33,65,35.74461364746094,61.478515625,8.274735450744629,False,False,True,23.31671714782715,0.347685843706131,False,0,0
3074,Cube,0.04,34,65,85.93296813964844,32.869384765625,6.672574043273926,True,True,True,74.37028503417969,0.1843947023153305,False,0,0
3074,Cube,0.04,35,65,32.55348587036133,40.79461669921875,13.922346115112305,False,False,True,5.2932281494140625,0.8373990654945374,False,0,0
3074,Cube,0.04,36,65,49.167724609375,18.465499877929688,4.107476234436035,True,True,True,43.7576904296875,0.11003224551677704,False,0,0
3074,Cube,0.04,37,65,31.401187896728516,30.102142333984375,7.985741138458252,False,False,True,10.873207092285156,0.6537325978279114,False,0,0
3074,Cube,0.04,38,65,262.21136474609375,32.156158447265625,8.549728393554688,True,True,True,245.35009765625,0.08126004785299301,False,0,0
3074,Cube,0.04,39,65,18.33763313293457,16.26434326171875,6.399051666259766,False,False,True,13.639347076416016,0.5658146142959595,False,0,0
3074,Cube,0.04,40,65,118.54823303222656,9.4296875,1.9441075325012207,True,True,True,115.71270751953125,0.043057527393102646,False,0,0
3074,Cube,0.04,41,65,134.4948272705078,9.7227783203125,1.829520344734192,True,True,True,125.92799377441406,0.06369636952877045,False,0,0
3074,Cube,0.04,42,65,81.4365005493164,29.028472900390625,6.325093746185303,True,True,True,72.1185531616211,0.20813968777656555,False,0,0
3074,Cube,0.04,43,65,73.38658905029297,31.461395263671875,7.842489719390869,True,True,True,60.554481506347656,0.21525079011917114,False,0,0
3074,Cube,0.04,44,65,62.97992706298828,41.49656677246094,10.142707824707031,False,False,True,52.63441467285156,0.32969385385513306,False,0,0
3074,Cube,0.04,45,65,192.88099670410156,51.676025390625,10.098908424377441,True,True,True,182.7498321533203,0.1847839504480362,False,0,0
3074,Cube,0.04,46,65,60.58229064941406,43.499420166015625,9.163605690002441,False,False,True,20.289310455322266,0.6650950312614441,False,0,0
3074,Cube,0.04,47,65,18.351167678833008,31.7685546875,11.042404174804688,False,False,True,11.128582000732422,0.7158778309822083,False,8,8
3074,Cube,0.04,48,65,141.0368194580078,31.10418701171875,8.371123313903809,True,True,True,131.93740844726562,0.16618527472019196,False,0,0
3074,Cube,0.04,49,65,32.28776931762695,33.1890869140625,8.626321792602539,False,False,True,12.698698997497559,0.606702446937561,False,0,0
3074,Cube,0.04,50,65,333.5622863769531,21.169727325439453,6.0275068283081055,True,True,True,304.6534118652344,0.1171661764383316,False,0,0
3074,Cube,0.04,51,65,3.2971878051757812,83.8504638671875,17.56101417541504,False,False,False,-18.86724090576172,6.722222328186035,True,26,0
3074,Cube,0.04,52,65,36.01551055908203,9.484771728515625,2.2632813453674316,True,True,True,35.18378829956055,0.11974402517080307,False,0,0
3074,Cube,0.04,53,65,255.99639892578125,24.952972412109375,5.9650092124938965,True,True,True,241.88755798339844,0.09375191479921341,False,0,0
3074,Cube,0.04,54,65,247.86831665039062,44.79339599609375,11.047365188598633,True,True,True,196.8810272216797,0.20570313930511475,False,0,0
3074,Cube,0.04,55,65,0.3195066452026367,62.2454833984375,8.622352600097656,False,False,False,-6.863739013671875,22.482303619384766,False,0,0
3074,Cube,0.04,56,65,127.53640747070312,44.462066650390625,12.938112258911133,True,True,True,104.51232147216797,0.18488705158233643,False,0,0
3074,Cube,0.04,57,65,24.321640014648438,14.494964599609375,4.838222503662109,False,False,True,11.926898956298828,0.509617805480957,False,0,0
3074,Cube,0.04,58,65,26.403961181640625,74.37623596191406,10.977055549621582,False,False,True,0.1010894775390625,0.9961714148521423,False,0,0
3074,Cube,0.04,59,65,244.55874633789062,35.8250732421875,5.350852966308594,True,True,True,213.37445068359375,0.17091956734657288,False,0,0
3074,Cube,0.04,60,65,348.9397888183594,29.158843994140625,10.731916427612305,True,True,True,324.6015319824219,0.09150094538927078,False,0,0
3074,Cube,0.04,61,65,18.511653900146484,16.97967529296875,4.371617794036865,False,False,True,17.913423538208008,0.1716770976781845,False,0,0
3074,Cube,0.04,62,65,133.49771118164062,21.0404052734375,7.098334789276123,True,True,True,121.11930847167969,0.14282605051994324,False,0,0
3074,Cube,0.04,63,65,66.44139862060547,14.077224731445312,2.400347948074341,True,True,True,63.15827941894531,0.08945073932409286,False,0,0
3074,Cube,0.04,64,65,338.9314880371094,16.30657958984375,4.471395969390869,True,True,True,336.8732604980469,0.04215409234166145,False,0,0
3074,Cube,0.04,65,65,120.53199768066406,25.192581176757812,6.204766273498535,True,True,True,106.27434539794922,0.1554330289363861,False,0,0
3074,Cube,0.04,66,65,111.42547607421875,43.519744873046875,12.443387985229492,True,True,True,81.69914245605469,0.2667822241783142,False,0,0
3074,Cube,0.04,67,65,56.75849151611328,59.522186279296875,17.458871841430664,False,False,True,39.135902404785156,0.3201591670513153,False,0,0
3074,Cube,0.04,68,65,124.57707214355469,34.99977111816406,6.188048362731934,True,True,True,117.09647369384766,0.14449083805084229,False,0,0
3074,Cube,0.04,69,65,254.5668487548828,42.12860107421875,11.877592086791992,True,True,True,201.02142333984375,0.21033935248851776,False,0,0
3074,Cube,0.04,70,65,113.4279556274414,50.6334228515625,13.25135326385498,True,True,True,71.48190307617188,0.5215250253677368,False,0,0
3074,Cube,0.04,71,65,123.21748352050781,30.407073974609375,8.319549560546875,True,True,True,97.65697479248047,0.20847977697849274,False,0,0
3074,Cube,0.04,72,65,61.88524627685547,31.145217895507812,7.843559741973877,False,False,True,52.3533821105957,0.1698426902294159,False,0,0
3074,Cube,0.04,73,65,22.720745086669922,58.426124572753906,11.237730979919434,False,False,True,19.126972198486328,0.5973746180534363,False,0,0
3074,Cube,0.04,74,65,91.47801971435547,54.53448486328125,9.759649276733398,False,False,True,90.2432632446289,0.16071774065494537,False,0,0
3074,Cube,0.04,75,65,45.608238220214844,38.15007019042969,9.096827507019043,False,False,True,39.388301849365234,0.5152872800827026,False,0,0
3074,Cube,0.04,76,65,28.924579620361328,69.36264038085938,17.325719833374023,False,False,True,8.496749877929688,0.8471218943595886,False,0,0
3074,Cube,0.04,77,65,6.772472381591797,31.12158203125,7.469476699829102,False,False,False,-4.741182327270508,1.7000666856765747,True,0,22
3074,Cube,0.04,78,65,242.77073669433594,26.6572265625,7.146214962005615,True,True,True,241.1508026123047,0.08144722133874893,False,0,0
3074,Cube,0.04,79,65,11.78294849395752,35.02496337890625,8.416882514953613,False,False,True,8.952240943908691,0.3823290169239044,False,0,0
3074,Cube,0.04,80,65,55.56534194946289,48.308128356933594,15.577621459960938,False,False,True,5.2399749755859375,0.9056970477104187,False,0,0
3074,Cube,0.04,81,65,60.831809997558594,11.297119140625,4.1697587966918945,True,True,True,59.00105667114258,0.035027846693992615,False,0,0
3074,Cube,0.04,82,65,72.81642150878906,34.889625549316406,8.583395004272461,True,True,True,62.99964141845703,0.25880733132362366,False,0,0
3074,Cube,0.04,83,65,157.3067169189453,41.99885559082031,8.124313354492188,True,True,True,137.02345275878906,0.22962957620620728,False,0,0
3074,Cube,0.04,84,65,69.5302963256836,16.014434814453125,5.142972469329834,True,True,True,64.03099060058594,0.1567222625017166,False,0,0
3074,Cube,0.04,85,65,13.211956024169922,61.001617431640625,12.785262107849121,False,False,False,-39.432369232177734,3.9845974445343018,True,0,53
3074,Cube,0.04,86,65,79.0467300415039,44.761962890625,13.261740684509277,False,False,True,35.222869873046875,0.5544044375419617,False,0,0
3074,Cube,0.04,87,65,24.189823150634766,56.00859069824219,16.94856071472168,False,False,True,4.253904342651367,0.8241448998451233,False,0,0
3074,Cube,0.04,88,65,302.2793884277344,33.338043212890625,10.14083194732666,True,True,True,275.627197265625,0.12677286565303802,False,0,0
3074,Cube,0.04,89,65,58.27656936645508,60.82154846191406,9.291207313537598,False,False,True,47.413795471191406,0.3025599718093872,False,0,0
3074,Cube,0.04,90,65,215.3377685546875,54.16595458984375,7.2581353187561035,True,True,True,188.37548828125,0.21437968313694,False,0,0
3074,Cube,0.04,91,65,11.029542922973633,41.733642578125,14.612236022949219,False,False,False,-0.5247883796691895,1.0475802421569824,True,0,27
3074,Cube,0.04,92,65,28.657127380371094,62.274444580078125,11.300675392150879,False,False,False,-3.9607887268066406,1.138213038444519,True,0,60
3074,Cube,0.04,93,65,252.51913452148438,16.303253173828125,3.901421308517456,True,True,True,247.10414123535156,0.056350693106651306,False,0,0
3074,Cube,0.04,94,65,58.89126968383789,55.7744140625,15.00236988067627,False,False,True,46.37435531616211,0.5509240031242371,False,0,0
3074,Cube,0.04,95,65,141.64450073242188,22.540863037109375,7.962822914123535,True,True,True,115.11810302734375,0.18727445602416992,False,0,0
3074,Cube,0.04,96,65,12.544116973876953,35.58308410644531,10.58708667755127,False,False,False,-4.050449371337891,1.3228963613510132,False,0,0
3074,Cube,0.04,97,65,11.975587844848633,20.997848510742188,5.082651615142822,False,False,True,5.675488471984863,0.5260785222053528,False,0,0
3074,Cube,0.04,98,65,127.8197021484375,50.57147216796875,11.162150382995605,True,True,True,86.0134506225586,0.32707205414772034,False,0,0
3074,Cube,0.04,99,65,130.39932250976562,51.379730224609375,8.930584907531738,True,True,True,103.92198944091797,0.20304808020591736,False,0,0
3074,Cube,0.05,0,65,223.76365661621094,8.051010131835938,1.0503849983215332,True,True,True,215.2283477783203,0.0381443165242672,False,0,0
3074,Cube,0.05,1,65,36.59722137451172,9.218658447265625,2.7316782474517822,True,True,True,34.229736328125,0.0646902397274971,False,0,0
3074,Cube,0.05,2,65,189.7154541015625,35.4857177734375,7.462918758392334,True,True,True,160.93673706054688,0.18171624839305878,False,0,0
3074,Cube,0.05,3,65,119.5468978881836,21.357406616210938,5.221176624298096,True,True,True,114.61444854736328,0.15197354555130005,False,0,0
3074,Cube,0.05,4,65,9.936698913574219,13.398712158203125,3.9081578254699707,False,False,True,4.988942623138428,0.49792757630348206,False,0,0
3074,Cube,0.05,5,65,49.119346618652344,8.013641357421875,1.9119079113006592,True,True,True,47.060333251953125,0.04191860556602478,False,0,0
3074,Cube,0.05,6,65,70.19004821777344,23.874267578125,6.159440040588379,True,True,True,65.54727172851562,0.12945707142353058,False,0,0
3074,Cube,0.05,7,65,26.30389976501465,18.7376708984375,4.048160552978516,False,False,True,25.1049747467041,0.25172775983810425,False,0,0
3074,Cube,0.05,8,65,65.64668273925781,22.15283203125,4.702524185180664,True,True,True,50.85733413696289,0.2252870500087738,False,0,0
3074,Cube,0.05,9,65,240.6671905517578,8.7025146484375,1.8448350429534912,True,True,True,235.12001037597656,0.02304917573928833,False,0,0
3074,Cube,0.05,10,65,217.90353393554688,17.29168701171875,5.6602864265441895,True,True,True,214.0838623046875,0.04419824481010437,False,0,0
3074,Cube,0.05,11,65,34.47251892089844,24.67742919921875,5.74798583984375,False,False,True,21.366989135742188,0.3801732361316681,False,0,0
3074,Cube,0.05,12,65,65.1883544921875,10.94677734375,3.2067105770111084,True,True,True,52.17045974731445,0.1996966153383255,False,0,0
3074,Cube,0.05,13,65,49.69293975830078,12.460052490234375,3.280104160308838,True,True,True,36.93785095214844,0.2566780745983124,False,0,0
3074,Cube,0.05,14,65,70.71090698242188,30.59210205078125,4.738980770111084,True,True,True,57.791725158691406,0.2187412828207016,False,0,0
3074,Cube,0.05,15,65,59.840240478515625,9.334716796875,2.525578022003174,True,True,True,58.739601135253906,0.04534853994846344,False,0,0
3074,Cube,0.05,16,65,150.5596466064453,32.35697937011719,8.2461576461792,True,True,True,125.46334075927734,0.19223065674304962,False,0,0
3074,Cube,0.05,17,65,48.307106018066406,15.65045166015625,3.744978666305542,True,True,True,37.39630126953125,0.24235311150550842,False,0,0
3074,Cube,0.05,18,65,8.669417381286621,15.529327392578125,4.624506950378418,False,False,True,3.5888729095458984,0.5860306620597839,False,0,0
3074,Cube,0.05,19,65,280.524169921875,12.315399169921875,1.213329792022705,True,True,True,278.0563659667969,0.037601932883262634,False,0,0
3074,Cube,0.05,20,65,88.19102478027344,21.86260986328125,7.75156307220459,True,True,True,71.197509765625,0.19268985092639923,False,0,0
3074,Cube,0.05,21,65,278.1105041503906,11.788665771484375,3.107245445251465,True,True,True,272.0534362792969,0.04351045936346054,False,0,0
3074,Cube,0.05,22,65,310.68463134765625,11.58843994140625,2.0847675800323486,True,True,True,309.7378845214844,0.026065336540341377,False,0,0
3074,Cube,0.05,23,65,116.58497619628906,24.379547119140625,5.113383769989014,True,True,True,96.62178039550781,0.17123296856880188,False,0,0
3074,Cube,0.05,24,65,70.0255355834961,19.193374633789062,3.6345391273498535,True,True,True,60.04624938964844,0.2138422727584839,False,0,0
3074,Cube,0.05,25,65,97.36767578125,28.809173583984375,5.248080253601074,True,True,True,75.63551330566406,0.2231968641281128,False,0,0
3074,Cube,0.05,26,65,225.7547149658203,6.23583984375,1.0192042589187622,True,True,True,222.91275024414062,0.018430037423968315,False,0,0
3074,Cube,0.05,27,65,29.279422760009766,3.35382080078125,1.1587220430374146,True,True,True,28.888582229614258,0.03499693050980568,False,0,0
3074,Cube,0.05,28,65,99.1400375366211,10.37799072265625,2.061455726623535,True,True,True,91.5728530883789,0.07632825523614883,False,0,0
3074,Cube,0.05,29,65,21.53525733947754,66.61581420898438,10.293946266174316,False,False,True,11.58344841003418,0.4621170163154602,False,0,0
3074,Cube,0.05,30,65,125.57469177246094,9.696014404296875,3.2699310779571533,True,True,True,123.44586944580078,0.0542185977101326,False,0,0
3074,Cube,0.05,31,65,113.42096710205078,18.918853759765625,3.472532272338867,True,True,True,111.33238220214844,0.11785731464624405,False,0,0
3074,Cube,0.05,32,65,22.760194778442383,32.92399597167969,7.7496337890625,False,False,True,9.742351531982422,0.5719565749168396,False,0,0
3074,Cube,0.05,33,65,104.80667114257812,24.536117553710938,7.014967918395996,True,True,True,83.82404327392578,0.23298804461956024,False,0,0
3074,Cube,0.05,34,65,84.95008850097656,13.065338134765625,3.530430793762207,True,True,True,72.86918640136719,0.14221175014972687,False,0,0
3074,Cube,0.05,35,65,51.005035400390625,15.802215576171875,4.986996173858643,True,True,True,47.40253829956055,0.07063025236129761,False,0,0
3074,Cube,0.05,36,65,15.710320472717285,13.3193359375,3.2384531497955322,False,False,True,10.437154769897461,0.3356497883796692,False,0,0
3074,Cube,0.05,37,65,68.96992492675781,31.80133056640625,6.213395595550537,True,True,True,45.197669982910156,0.4084406793117523,False,0,0
3074,Cube,0.05,38,65,246.39292907714844,25.034332275390625,3.7977349758148193,True,True,True,229.64248657226562,0.0754510760307312,False,0,0
3074,Cube,0.05,39,65,40.42502975463867,17.78826904296875,5.996410846710205,True,True,True,29.412948608398438,0.2724074721336365,False,0,0
3074,Cube,0.05,40,65,131.7529296875,14.70751953125,1.4558587074279785,True,True,True,129.13235473632812,0.0572119802236557,False,0,0
3074,Cube,0.05,41,65,149.58680725097656,17.8780517578125,2.2637882232666016,True,True,True,132.01522827148438,0.11746741086244583,False,0,0
3074,Cube,0.05,42,65,71.12101745605469,6.269500732421875,2.027533531188965,True,True,True,68.11717987060547,0.042235542088747025,False,0,0
3074,Cube,0.05,43,65,93.10527038574219,10.531829833984375,2.2577602863311768,True,True,True,85.69564819335938,0.07958324998617172,False,0,0
3074,Cube,0.05,44,65,62.41765594482422,15.862716674804688,2.8120179176330566,True,True,True,60.0108528137207,0.09148983657360077,False,0,0
3074,Cube,0.05,45,65,174.9158477783203,35.426422119140625,4.862106800079346,True,True,True,159.02255249023438,0.15454481542110443,False,0,0
3074,Cube,0.05,46,65,38.62406921386719,6.6213531494140625,1.7908298969268799,True,True,True,34.05645751953125,0.11825815588235855,False,0,0
3074,Cube,0.05,47,65,9.930643081665039,9.0234375,2.936216354370117,False,False,True,7.066057205200195,0.28845924139022827,False,0,0
3074,Cube,0.05,48,65,173.68165588378906,6.96429443359375,2.186255931854248,True,True,True,167.58737182617188,0.03508882597088814,False,0,0
3074,Cube,0.05,49,65,0.21120834350585938,9.50347900390625,2.2955281734466553,False,False,False,-2.3247742652893066,12.00701904296875,True,0,61
3074,Cube,0.05,50,65,314.0250549316406,33.685546875,1.8574734926223755,True,True,True,312.21234130859375,0.09670180827379227,False,0,0
3074,Cube,0.05,51,65,4.356507301330566,33.73005676269531,8.16580581665039,False,False,True,1.757634162902832,0.5965496897697449,False,0,0
3074,Cube,0.05,52,65,65.9539566040039,8.988121032714844,2.3984498977661133,True,True,True,58.81456756591797,0.11389076709747314,False,0,0
3074,Cube,0.05,53,65,293.3119201660156,10.828125,3.2294466495513916,True,True,True,287.4742736816406,0.039009939879179,False,0,0
3074,Cube,0.05,54,65,228.69613647460938,8.79486083984375,2.742955207824707,True,True,True,224.71871948242188,0.039119694381952286,False,0,0
3074,Cube,0.05,55,65,5.379393577575684,15.107147216796875,3.9848880767822266,False,False,True,4.069978713989258,0.24341315031051636,False,0,0
3074,Cube,0.05,56,65,130.35140991210938,27.17462158203125,6.483886241912842,True,True,True,120.05213928222656,0.08904687315225601,False,0,0
3074,Cube,0.05,57,65,39.301239013671875,16.804885864257812,4.671393871307373,True,True,True,19.138853073120117,0.5130216479301453,False,0,0
3074,Cube,0.05,58,65,39.72417068481445,21.591323852539062,5.832766532897949,False,False,True,22.547409057617188,0.43240076303482056,False,0,0
3074,Cube,0.05,59,65,204.47686767578125,6.011322021484375,1.7756357192993164,True,True,True,201.15264892578125,0.027234025299549103,False,0,0
3074,Cube,0.05,60,65,250.15872192382812,12.885650634765625,4.221747398376465,True,True,True,247.21719360351562,0.03272788226604462,False,0,0
3074,Cube,0.05,61,65,84.25927734375,15.841064453125,3.029176712036133,True,True,True,73.52989196777344,0.1273377537727356,False,0,0
3074,Cube,0.05,62,65,118.16656494140625,10.952728271484375,2.8826889991760254,True,True,True,114.86135864257812,0.05832771584391594,False,0,0
3074,Cube,0.05,63,65,100.01001739501953,7.8660888671875,3.1246423721313477,True,True,True,95.89814758300781,0.04111456125974655,False,0,0
3074,Cube,0.05,64,65,287.0486755371094,8.248748779296875,1.9887036085128784,True,True,True,285.60302734375,0.021129941567778587,False,0,0
3074,Cube,0.05,65,65,150.58810424804688,19.106719970703125,4.19511604309082,True,True,True,134.22645568847656,0.11186844110488892,False,0,0
3074,Cube,0.05,66,65,109.1409683227539,10.772918701171875,2.7112603187561035,True,True,True,106.82527923583984,0.026503032073378563,False,0,0
3074,Cube,0.05,67,65,45.73732376098633,17.055206298828125,3.3103842735290527,True,True,True,44.5108528137207,0.08066960424184799,False,0,0
3074,Cube,0.05,68,65,203.34812927246094,13.14935302734375,2.571960926055908,True,True,True,202.49618530273438,0.0519188791513443,False,0,0
3074,Cube,0.05,69,65,129.28033447265625,17.1416015625,3.6019532680511475,True,True,True,127.86766815185547,0.07776816934347153,False,0,0
3074,Cube,0.05,70,65,94.38458251953125,10.231246948242188,3.4553604125976562,True,True,True,88.4232406616211,0.07773919403553009,False,0,0
3074,Cube,0.05,71,65,77.38887786865234,15.8682861328125,4.126476287841797,True,True,True,67.58169555664062,0.12672600150108337,False,0,0
3074,Cube,0.05,72,65,26.961721420288086,15.8328857421875,4.8347015380859375,False,False,True,25.805397033691406,0.14693674445152283,False,0,0
3074,Cube,0.05,73,65,22.73603630065918,14.76348876953125,3.1775588989257812,False,False,True,19.2950439453125,0.15134528279304504,False,0,0
3074,Cube,0.05,74,65,84.85137939453125,15.32855224609375,4.308634281158447,True,True,True,74.25579833984375,0.12487222254276276,False,0,0
3074,Cube,0.05,75,65,38.43400573730469,19.59820556640625,2.840756893157959,False,False,True,37.01347351074219,0.0783391073346138,False,0,0
3074,Cube,0.05,76,65,33.54049301147461,30.964202880859375,8.200135231018066,False,False,True,26.81868553161621,0.39775824546813965,False,0,0
3074,Cube,0.05,77,65,1.2220182418823242,23.781387329101562,5.860450267791748,False,False,False,-6.978768348693848,6.710854530334473,True,0,22
3074,Cube,0.05,78,65,234.61163330078125,11.00564956665039,2.2461485862731934,True,True,True,223.31027221679688,0.0632311999797821,False,0,0
3074,Cube,0.05,79,65,14.043719291687012,49.015045166015625,12.905430793762207,False,False,True,10.99881362915039,0.542669951915741,False,0,0
3074,Cube,0.05,80,65,59.85110092163086,9.560699462890625,1.8910374641418457,True,True,True,54.99763488769531,0.08109234273433685,False,0,0
3074,Cube,0.05,81,65,130.60821533203125,17.78204345703125,3.7244644165039062,True,True,True,115.7577896118164,0.11370209604501724,False,0,0
3074,Cube,0.05,82,65,87.05924987792969,16.425811767578125,5.114177227020264,True,True,True,76.9198989868164,0.14606794714927673,False,0,0
3074,Cube,0.05,83,65,79.91815948486328,14.102981567382812,3.7998149394989014,True,True,True,75.98698425292969,0.0763029083609581,False,0,0
3074,Cube,0.05,84,65,77.03736877441406,15.929443359375,3.316038131713867,True,True,True,69.12129974365234,0.10275620967149734,False,0,0
3074,Cube,0.05,85,65,19.55577278137207,36.033935546875,9.311992645263672,False,False,False,-27.313053131103516,2.396674871444702,True,0,53
3074,Cube,0.05,86,65,74.63809967041016,23.036697387695312,5.997119426727295,True,True,True,51.72726058959961,0.3095133900642395,False,0,0
3074,Cube,0.05,87,65,59.726280212402344,20.947601318359375,3.98935604095459,True,True,True,44.88901138305664,0.2565145790576935,False,0,0
3074,Cube,0.05,88,65,314.2489318847656,8.217620849609375,2.3743813037872314,True,True,True,312.9978942871094,0.020777219906449318,False,0,0
3074,Cube,0.05,89,65,47.95790100097656,10.9110107421875,2.778555154800415,True,True,True,44.55666732788086,0.07961203902959824,False,0,0
3074,Cube,0.05,90,65,163.96937561035156,9.18585205078125,1.6679396629333496,True,True,True,163.1479034423828,0.052947111427783966,False,0,0
3074,Cube,0.05,91,65,8.562156677246094,39.23187255859375,9.317049980163574,False,False,False,-8.330934524536133,1.9729949235916138,False,27,27
3074,Cube,0.05,92,65,112.17271423339844,12.356338500976562,3.820953845977783,True,True,True,103.38037872314453,0.08081547170877457,False,0,0
3074,Cube,0.05,93,65,261.0748291015625,24.98358154296875,1.825443983078003,True,True,True,257.1803894042969,0.08224167674779892,False,0,0
3074,Cube,0.05,94,65,51.62385559082031,17.546913146972656,3.924117088317871,True,True,True,42.6345329284668,0.17413116991519928,False,0,0
3074,Cube,0.05,95,65,233.91055297851562,11.77423095703125,3.051734685897827,True,True,True,230.4238739013672,0.04780805855989456,False,0,0
3074,Cube,0.05,96,65,22.314861297607422,15.964996337890625,4.96002721786499,False,False,True,20.318635940551758,0.16500245034694672,False,0,0
3074,Cube,0.05,97,65,14.095394134521484,8.03924560546875,2.3217005729675293,False,False,True,13.610113143920898,0.04657673463225365,False,0,0
3074,Cube,0.05,98,65,173.847900390625,14.65313720703125,4.955920696258545,True,True,True,167.89163208007812,0.05808616802096367,False,0,0
3074,Cube,0.05,99,65,261.2409362792969,6.474334716796875,1.7502741813659668,True,True,True,259.0249328613281,0.0256173275411129,False,0,0
3074,Cube,0.06,0,65,227.68565368652344,10.85113525390625,2.5895628929138184,True,True,True,216.07510375976562,0.050993744283914566,False,0,0
3074,Cube,0.06,1,65,103.3104248046875,27.64013671875,4.14584493637085,True,True,True,94.94991302490234,0.17538593709468842,False,0,0
3074,Cube,0.06,2,65,98.59918975830078,19.727813720703125,3.923687696456909,True,True,True,83.41557312011719,0.15399332344532013,False,0,0
3074,Cube,0.06,3,65,72.81207275390625,11.328643798828125,2.077739715576172,True,True,True,69.75164794921875,0.069492407143116,False,0,0
3074,Cube,0.06,4,65,5.780603885650635,13.533050537109375,2.868396043777466,False,False,True,4.677959442138672,0.19074895977973938,False,0,0
3074,Cube,0.06,5,65,89.05287170410156,5.3948974609375,1.6769508123397827,True,True,True,83.72502136230469,0.05982791259884834,False,0,0
3074,Cube,0.06,6,65,35.87347412109375,18.92987060546875,4.452658653259277,False,False,True,24.49827766418457,0.3170921206474304,False,0,0
3074,Cube,0.06,7,65,27.13425064086914,20.273040771484375,4.938424587249756,False,False,True,20.840850830078125,0.23193563520908356,False,0,0
3074,Cube,0.06,8,65,51.97550964355469,14.428802490234375,3.7624564170837402,True,True,True,45.84731674194336,0.117905393242836,False,0,0
3074,Cube,0.06,9,65,237.1563262939453,11.90576171875,3.94966197013855,True,True,True,232.0015869140625,0.03557847440242767,False,0,0
3074,Cube,0.06,10,65,260.3097839355469,5.645782470703125,1.7554224729537964,True,True,True,258.28985595703125,0.014989743940532207,False,0,0
3074,Cube,0.06,11,65,24.519439697265625,23.326980590820312,5.12038516998291,False,False,True,18.190471649169922,0.2874187231063843,False,0,0
3074,Cube,0.06,12,65,50.834190368652344,13.353302001953125,2.474705696105957,True,True,True,44.61475372314453,0.12234752625226974,False,0,0
3074,Cube,0.06,13,65,60.68772888183594,13.399322509765625,2.5887551307678223,True,True,True,57.59471130371094,0.08265254646539688,False,0,0
3074,Cube,0.06,14,65,36.951602935791016,10.050079345703125,2.110975742340088,True,True,True,33.48134994506836,0.09391343593597412,False,0,0
3074,Cube,0.06,15,65,82.73353576660156,10.425079345703125,2.0841991901397705,True,True,True,81.82571411132812,0.04000958427786827,False,0,0
3074,Cube,0.06,16,65,182.0227508544922,56.86053466796875,10.855436325073242,True,True,True,144.70314025878906,0.26058754324913025,False,0,0
3074,Cube,0.06,17,65,28.825529098510742,12.102081298828125,2.8742008209228516,True,True,True,25.002483367919922,0.22509998083114624,False,0,0
3074,Cube,0.06,18,65,22.836057662963867,26.850433349609375,6.107395648956299,False,False,True,12.624460220336914,0.4471698999404907,False,0,0
3074,Cube,0.06,19,65,236.64068603515625,11.199066162109375,2.284303665161133,True,True,True,230.06707763671875,0.03877504914999008,False,0,0
3074,Cube,0.06,20,65,73.93030548095703,27.329269409179688,5.930901527404785,True,True,True,70.10028839111328,0.23892273008823395,False,0,0
3074,Cube,0.06,21,65,263.6700439453125,10.41595458984375,1.7589118480682373,True,True,True,255.12660217285156,0.040311310440301895,False,0,0
3074,Cube,0.06,22,65,303.08251953125,10.506927490234375,2.053861141204834,True,True,True,300.8939208984375,0.032838836312294006,False,0,0
3074,Cube,0.06,23,65,53.45189666748047,16.82574462890625,3.0402886867523193,True,True,True,47.118377685546875,0.11849008500576019,False,0,0
3074,Cube,0.06,24,65,47.50347137451172,10.775909423828125,3.035114049911499,True,True,True,46.09674835205078,0.07640597969293594,False,0,0
3074,Cube,0.06,25,65,114.64922332763672,5.488311767578125,1.0269050598144531,True,True,True,109.47913360595703,0.045094870030879974,False,0,0
3074,Cube,0.06,26,65,193.7797393798828,13.95550537109375,2.265969753265381,True,True,True,190.78958129882812,0.046466629952192307,False,0,0
3074,Cube,0.06,27,65,5.142936706542969,7.50701904296875,1.4041224718093872,False,False,True,4.599434852600098,0.1056792363524437,False,0,0
3074,Cube,0.06,28,65,89.94172668457031,20.62225341796875,3.3591535091400146,True,True,True,86.10326385498047,0.12486626207828522,False,0,0
3074,Cube,0.06,29,65,4.242789268493652,31.47283935546875,5.502464294433594,False,False,True,0.8768683671951294,0.7933273911476135,False,0,0
3074,Cube,0.06,30,65,112.91069030761719,23.874755859375,6.104218006134033,True,True,True,89.83038330078125,0.20860551297664642,False,0,0
3074,Cube,0.06,31,65,81.65280151367188,13.6455078125,3.3878936767578125,True,True,True,74.10078430175781,0.09963235259056091,False,0,0
3074,Cube,0.06,32,65,36.508567810058594,28.2303466796875,4.187809944152832,False,False,True,35.07277297973633,0.1238742470741272,False,0,0
3074,Cube,0.06,33,65,48.02717971801758,7.9348907470703125,2.7837979793548584,True,True,True,44.762481689453125,0.06797606498003006,False,0,0
3074,Cube,0.06,34,65,142.97976684570312,9.143951416015625,1.413966417312622,True,True,True,140.02294921875,0.058436427265405655,False,0,0
3074,Cube,0.06,35,65,40.5546875,16.875511169433594,3.62959623336792,True,True,True,39.34153747558594,0.20056074857711792,False,0,0
3074,Cube,0.06,36,65,30.861854553222656,4.1535797119140625,0.8780936598777771,True,True,True,30.23316192626953,0.03337425738573074,False,0,0
3074,Cube,0.06,37,65,42.11025619506836,6.4955291748046875,1.218212366104126,True,True,True,40.00187683105469,0.08295269310474396,False,0,0
3074,Cube,0.06,38,65,288.50885009765625,30.8876953125,3.599741220474243,True,True,True,281.11871337890625,0.08554515987634659,False,0,0
3074,Cube,0.06,39,65,34.364784240722656,36.83160400390625,3.922606945037842,False,False,True,34.15898132324219,0.09036508947610855,False,0,0
3074,Cube,0.06,40,65,140.0450439453125,8.5345458984375,1.486087679862976,True,True,True,134.3269500732422,0.04083043336868286,False,0,0
3074,Cube,0.06,41,65,145.91534423828125,8.426223754882812,2.3459270000457764,True,True,True,135.29052734375,0.07281494140625,False,0,0
3074,Cube,0.06,42,65,78.2015380859375,4.521148681640625,1.4375749826431274,True,True,True,77.5458755493164,0.032265324145555496,False,0,0
3074,Cube,0.06,43,65,64.3455810546875,14.30950927734375,3.3933932781219482,True,True,True,57.037628173828125,0.11357351392507553,False,0,0
3074,Cube,0.06,44,65,60.25115203857422,22.429153442382812,4.069797039031982,True,True,True,53.945068359375,0.1460317075252533,False,0,0
3074,Cube,0.06,45,65,215.29811096191406,9.706298828125,2.27653431892395,True,True,True,205.32708740234375,0.046312637627124786,False,0,0
3074,Cube,0.06,46,65,55.35038375854492,7.354949951171875,2.519008159637451,True,True,True,50.95736312866211,0.11689899116754532,False,0,0
3074,Cube,0.06,47,65,7.399120330810547,24.26068115234375,6.693859100341797,False,False,True,3.8272266387939453,0.4827457368373871,False,8,8
3074,Cube,0.06,48,65,180.3565216064453,13.957427978515625,2.195065498352051,True,True,True,174.68258666992188,0.07381675392389297,False,0,0
3074,Cube,0.06,49,65,24.5499210357666,10.756271362304688,2.4283623695373535,True,True,True,19.82108497619629,0.22681854665279388,False,0,0
3074,Cube,0.06,50,65,273.4832458496094,5.527801513671875,1.8158257007598877,True,True,True,267.036376953125,0.023573225364089012,False,0,0
3074,Cube,0.06,51,65,0.18322086334228516,33.82574462890625,9.312921524047852,False,False,False,-7.344765663146973,41.086952209472656,False,0,0
3074,Cube,0.06,52,65,60.5326042175293,17.194427490234375,4.038365840911865,True,True,True,57.97385787963867,0.13171051442623138,False,0,0
3074,Cube,0.06,53,65,267.090087890625,9.538238525390625,2.734680652618408,True,True,True,264.75146484375,0.029342226684093475,False,0,0
3074,Cube,0.06,54,65,253.10919189453125,14.163848876953125,4.237478733062744,True,True,True,240.59703063964844,0.07681095600128174,False,0,0
3074,Cube,0.06,55,65,1.7630367279052734,10.5531005859375,1.7214959859848022,False,False,True,1.0915608406066895,0.3808632493019104,False,0,0
3074,Cube,0.06,56,65,134.0098876953125,31.800628662109375,4.351681709289551,True,True,True,127.13411712646484,0.1534854918718338,False,0,0
3074,Cube,0.06,57,65,12.532634735107422,20.223922729492188,2.495195150375366,False,False,True,7.834358215332031,0.37488338351249695,False,0,0
3074,Cube,0.06,58,65,39.15985870361328,15.09100341796875,3.9844491481781006,True,True,True,29.307266235351562,0.2515993118286133,False,0,0
3074,Cube,0.06,59,65,237.16940307617188,66.17010498046875,4.084134578704834,True,True,True,155.9619903564453,0.3424025774002075,False,0,0
3074,Cube,0.06,60,65,246.1477508544922,14.05316162109375,3.9559569358825684,True,True,True,234.8973846435547,0.04570574685931206,False,0,0
3074,Cube,0.06,61,65,22.85580825805664,1.63067626953125,0.4061235785484314,True,True,True,21.569263458251953,0.05628962069749832,False,0,0
3074,Cube,0.06,62,65,168.0585479736328,6.133636474609375,1.483222484588623,True,True,True,165.59432983398438,0.03181552514433861,False,0,0
3074,Cube,0.06,63,65,72.48804473876953,3.121124267578125,0.9807205200195312,True,True,True,69.6954574584961,0.038524772971868515,False,0,0
3074,Cube,0.06,64,65,266.4039306640625,3.623809814453125,0.9469373226165771,True,True,True,263.9103698730469,0.012552788481116295,False,0,0
3074,Cube,0.06,65,65,73.59537506103516,10.5615234375,2.3967549800872803,True,True,True,72.2825927734375,0.06446566432714462,False,0,0
3074,Cube,0.06,66,65,119.91788482666016,12.927398681640625,2.878356456756592,True,True,True,119.02024841308594,0.03268866240978241,False,0,0
3074,Cube,0.06,67,65,64.71768951416016,10.404998779296875,2.881059408187866,True,True,True,63.692867279052734,0.06481251865625381,False,0,0
3074,Cube,0.06,68,65,130.17681884765625,11.743865966796875,2.4845640659332275,True,True,True,124.46145629882812,0.046380434185266495,False,0,0
3074,Cube,0.06,69,65,260.14013671875,23.647857666015625,5.291001319885254,True,True,True,241.54586791992188,0.0811854898929596,False,0,0
3074,Cube,0.06,70,65,130.81356811523438,11.928955078125,3.1769776344299316,True,True,True,128.08770751953125,0.049741294234991074,False,0,0
3074,Cube,0.06,71,65,75.93950653076172,9.951873779296875,2.752051591873169,True,True,True,69.924072265625,0.07921352237462997,False,0,0
3074,Cube,0.06,72,65,63.85740661621094,15.134658813476562,2.7923049926757812,True,True,True,60.870792388916016,0.1171739399433136,False,0,0
3074,Cube,0.06,73,65,31.8107852935791,12.89501953125,3.050130605697632,True,True,True,27.030296325683594,0.15027886629104614,False,0,0
3074,Cube,0.06,74,65,114.41300201416016,7.921417236328125,2.728868007659912,True,True,True,105.655029296875,0.07654701918363571,False,0,0
3074,Cube,0.06,75,65,46.58770751953125,29.98638916015625,4.43769645690918,False,False,True,37.931175231933594,0.18581150472164154,False,0,0
3074,Cube,0.06,76,65,29.135826110839844,13.51202392578125,2.9387176036834717,True,True,True,28.010971069335938,0.08533350378274918,False,0,0
3074,Cube,0.06,77,65,8.318742752075195,13.13006591796875,3.018974781036377,False,False,True,4.021846771240234,0.5165318846702576,False,0,0
3074,Cube,0.06,78,65,204.52029418945312,7.426704406738281,1.2877869606018066,True,True,True,196.95944213867188,0.03824915736913681,False,0,0
3074,Cube,0.06,79,65,12.77833366394043,47.091888427734375,11.113690376281738,False,False,True,11.246105194091797,0.2438701093196869,False,0,0
3074,Cube,0.06,80,65,56.42755889892578,18.010894775390625,3.5448007583618164,True,True,True,46.372432708740234,0.17819532752037048,False,0,0
3074,Cube,0.06,81,65,58.951873779296875,14.32659912109375,3.513869524002075,True,True,True,51.612693786621094,0.12449439615011215,False,0,0
3074,Cube,0.06,82,65,73.2446060180664,12.784599304199219,3.1814489364624023,True,True,True,61.956703186035156,0.15411241352558136,False,0,0
3074,Cube,0.06,83,65,155.86459350585938,10.706024169921875,2.3585739135742188,True,True,True,138.41331481933594,0.11196434497833252,False,0,0
3074,Cube,0.06,84,65,66.28276824951172,20.5391845703125,4.8116888999938965,True,True,True,50.76908874511719,0.23405300080776215,False,0,0
3074,Cube,0.06,85,65,7.6671905517578125,59.235107421875,7.087695598602295,False,False,False,-40.857994079589844,4.654632091522217,True,0,25
3074,Cube,0.06,86,65,62.79209899902344,7.9278717041015625,2.0713841915130615,True,True,True,54.3338508605957,0.13470244407653809,False,0,0
3074,Cube,0.06,87,65,21.034626007080078,7.343994140625,2.103710889816284,True,True,True,15.340716361999512,0.27069222927093506,False,0,0
3074,Cube,0.06,88,65,289.5824890136719,5.5560302734375,2.0504941940307617,True,True,True,283.8458557128906,0.019810058176517487,False,0,0
3074,Cube,0.06,89,65,58.73529815673828,9.257293701171875,2.247976064682007,True,True,True,55.91240692138672,0.09153197705745697,False,0,0
3074,Cube,0.06,90,65,170.04055786132812,10.250701904296875,2.0457050800323486,True,True,True,161.97274780273438,0.0474463626742363,False,0,0
3074,Cube,0.06,91,65,17.976924896240234,21.58154296875,5.738955020904541,False,False,True,14.986164093017578,0.16636665165424347,False,0,0
3074,Cube,0.06,92,65,77.35444641113281,12.158676147460938,1.7031854391098022,True,True,True,77.2461166381836,0.06158239021897316,False,0,0
3074,Cube,0.06,93,65,254.9154815673828,10.945281982421875,1.0468205213546753,True,True,True,253.17201232910156,0.033907897770404816,False,0,0
3074,Cube,0.06,94,65,56.53456115722656,20.988563537597656,4.678836822509766,True,True,True,33.91535568237305,0.4000951945781708,False,0,0
3074,Cube,0.06,95,65,176.85690307617188,8.544906616210938,2.674508810043335,True,True,True,162.69427490234375,0.0800795927643776,False,0,0
3074,Cube,0.06,96,65,26.12057876586914,22.1279296875,4.32122278213501,False,False,True,14.38555908203125,0.44926339387893677,False,0,0
3074,Cube,0.06,97,65,10.192453384399414,12.045257568359375,3.200228214263916,False,False,True,7.777590274810791,0.2369265854358673,False,0,0
3074,Cube,0.06,98,65,138.35687255859375,10.99737548828125,2.480515718460083,True,True,True,128.9530029296875,0.06796824932098389,False,0,0
3074,Cube,0.06,99,65,199.9158172607422,16.476837158203125,3.2622222900390625,True,True,True,190.61062622070312,0.04654552787542343,False,0,0
3074,Cube,0.07,0,65,213.41531372070312,5.0452423095703125,0.7803524136543274,True,True,True,207.81219482421875,0.02625456638634205,False,0,0
3074,Cube,0.07,1,65,96.33367156982422,16.563323974609375,2.8659143447875977,True,True,True,94.18582153320312,0.11336784064769745,False,0,0
3074,Cube,0.07,2,65,151.14405822753906,23.3988037109375,4.62653923034668,True,True,True,144.193115234375,0.1419931948184967,False,0,0
3074,Cube,0.07,3,65,98.01972198486328,7.220367431640625,1.907535433769226,True,True,True,96.43601989746094,0.04071998968720436,False,0,0
3074,Cube,0.07,4,65,7.5041422843933105,1.7805633544921875,0.47235098481178284,True,True,True,7.062737941741943,0.058821409940719604,False,0,0
3074,Cube,0.07,5,65,65.86569213867188,9.197967529296875,2.6913394927978516,True,True,True,61.0943489074707,0.10531548410654068,False,0,0
3074,Cube,0.07,6,65,111.65392303466797,6.0628662109375,1.219093918800354,True,True,True,110.9621353149414,0.023971404880285263,False,0,0
3074,Cube,0.07,7,65,17.958778381347656,10.641387939453125,2.908942461013794,False,False,True,11.639198303222656,0.35189366340637207,False,0,0
3074,Cube,0.07,8,65,81.4081802368164,17.200592041015625,3.8928298950195312,True,True,True,72.8128890991211,0.10558260232210159,False,0,0
3074,Cube,0.07,9,65,282.2576599121094,10.908905029296875,2.1951470375061035,True,True,True,273.45098876953125,0.032314617186784744,False,0,0
3074,Cube,0.07,10,65,263.81597900390625,9.449920654296875,2.5122618675231934,True,True,True,259.5231018066406,0.030727313831448555,False,0,0
3074,Cube,0.07,11,65,20.963699340820312,9.327529907226562,2.5169434547424316,True,True,True,17.17021942138672,0.1812889277935028,False,0,0
3074,Cube,0.07,12,65,63.496482849121094,7.376007080078125,1.8527555465698242,True,True,True,60.1324577331543,0.053189877420663834,False,0,0
3074,Cube,0.07,13,65,29.00048065185547,15.310256958007812,3.238246440887451,False,False,True,25.897035598754883,0.25614026188850403,False,0,0
3074,Cube,0.07,14,65,74.75485229492188,12.985748291015625,2.5122830867767334,True,True,True,72.41708374023438,0.07469590753316879,False,0,0
3074,Cube,0.07,15,65,82.75874328613281,8.978317260742188,2.296546459197998,True,True,True,79.60467529296875,0.0718330442905426,False,0,0
3074,Cube,0.07,16,65,115.9599838256836,78.93182373046875,14.5003023147583,False,False,True,63.721981048583984,0.509531557559967,False,0,0
3074,Cube,0.07,17,65,30.31757354736328,7.944732666015625,2.7399110794067383,True,True,True,28.356185913085938,0.0837184488773346,False,0,0
3074,Cube,0.07,18,65,19.474708557128906,9.941802978515625,1.567969560623169,False,False,True,16.320274353027344,0.1619759351015091,False,0,0
3074,Cube,0.07,19,65,268.3833312988281,9.90252685546875,1.2697502374649048,True,True,True,266.92144775390625,0.03362705186009407,False,0,0
3074,Cube,0.07,20,65,75.28096008300781,9.973236083984375,2.593189239501953,True,True,True,73.5682373046875,0.07277724891901016,False,0,0
3074,Cube,0.07,21,65,297.06829833984375,3.77264404296875,0.5580043196678162,True,True,True,296.0271301269531,0.010478467680513859,False,0,0
3074,Cube,0.07,22,65,290.9793395996094,9.55474853515625,2.546699047088623,True,True,True,287.22467041015625,0.0319385826587677,False,0,0
3074,Cube,0.07,23,65,92.21827697753906,12.449981689453125,2.166619062423706,True,True,True,85.87858581542969,0.06874655187129974,False,0,0
3074,Cube,0.07,24,65,55.164188385009766,13.419464111328125,2.410036087036133,True,True,True,53.89393615722656,0.08559206873178482,False,0,0
3074,Cube,0.07,25,65,124.4058837890625,7.292266845703125,1.2768645286560059,True,True,True,122.2276840209961,0.0185126643627882,False,0,0
3074,Cube,0.07,26,65,271.7415466308594,5.79962158203125,0.8270863890647888,True,True,True,269.6686706542969,0.023434685543179512,False,0,0
3074,Cube,0.07,27,65,19.392837524414062,20.57049560546875,4.524710178375244,False,False,True,18.533063888549805,0.298077791929245,False,0,0
3074,Cube,0.07,28,65,95.32780456542969,6.0885009765625,1.1631128787994385,True,True,True,93.39464569091797,0.041019245982170105,False,0,0
3074,Cube,0.07,29,65,21.14160919189453,13.418075561523438,2.410449266433716,False,False,True,17.493764877319336,0.17254340648651123,False,0,0
3074,Cube,0.07,30,65,112.11117553710938,15.455718994140625,5.36094856262207,True,True,True,110.97379302978516,0.08683432638645172,False,0,0
3074,Cube,0.07,31,65,137.86756896972656,10.229644775390625,2.0443198680877686,True,True,True,134.06906127929688,0.036110762506723404,False,0,0
3074,Cube,0.07,32,65,29.470108032226562,12.289474487304688,2.795417308807373,True,True,True,24.712772369384766,0.17622461915016174,False,0,0
3074,Cube,0.07,33,65,60.91292953491211,9.969566345214844,2.5848217010498047,True,True,True,57.834529876708984,0.11332643777132034,False,0,0
3074,Cube,0.07,34,65,135.517822265625,22.363433837890625,3.0976109504699707,True,True,True,126.31695556640625,0.07834751904010773,False,0,0
3074,Cube,0.07,35,65,30.239978790283203,7.715057373046875,2.68878173828125,True,True,True,28.826637268066406,0.04746498912572861,False,0,0
3074,Cube,0.07,36,65,41.050437927246094,11.727142333984375,2.153902530670166,True,True,True,40.12066650390625,0.09021992981433868,False,0,0
3074,Cube,0.07,37,65,39.763919830322266,6.613746643066406,1.4854085445404053,True,True,True,37.92787170410156,0.15958350896835327,False,0,0
3074,Cube,0.07,38,65,214.11996459960938,5.087890625,1.1891350746154785,True,True,True,210.95701599121094,0.014771847985684872,False,0,0
3074,Cube,0.07,39,65,42.42158508300781,13.111907958984375,3.2080190181732178,True,True,True,40.062686920166016,0.12400932610034943,False,0,0
3074,Cube,0.07,40,65,131.2710723876953,11.58990478515625,2.0770812034606934,True,True,True,126.40863800048828,0.03768099099397659,False,0,0
3074,Cube,0.07,41,65,188.23648071289062,10.888031005859375,1.2548218965530396,True,True,True,175.33163452148438,0.06855660676956177,False,0,0
3074,Cube,0.07,42,65,170.76239013671875,4.563262939453125,0.860450267791748,True,True,True,168.61370849609375,0.019549913704395294,False,0,0
3074,Cube,0.07,43,65,105.12418365478516,10.01666259765625,2.220001697540283,True,True,True,92.90939331054688,0.13591891527175903,False,0,0
3074,Cube,0.07,44,65,76.17002868652344,10.090118408203125,2.9006741046905518,True,True,True,71.12346649169922,0.0697750374674797,False,0,0
3074,Cube,0.07,45,65,175.23971557617188,6.7203369140625,1.6698509454727173,True,True,True,171.3603515625,0.04214654117822647,False,0,0
3074,Cube,0.07,46,65,34.69972610473633,6.03753662109375,1.9395885467529297,True,True,True,31.66105842590332,0.08757035434246063,False,0,0
3074,Cube,0.07,47,65,39.0412712097168,20.278656005859375,4.452230930328369,False,False,True,33.145721435546875,0.19303952157497406,False,0,0
3074,Cube,0.07,48,65,185.73463439941406,8.90032958984375,2.304856538772583,True,True,True,177.21041870117188,0.0458945594727993,False,0,0
3074,Cube,0.07,49,65,15.590184211730957,12.39251708984375,2.770449161529541,False,False,True,14.412189483642578,0.07556002587080002,False,0,0
3074,Cube,0.07,50,65,315.54278564453125,6.935394287109375,0.7290870547294617,True,True,True,313.90283203125,0.023525940254330635,False,0,0
3074,Cube,0.07,51,65,18.0623779296875,24.133758544921875,5.801271915435791,False,False,True,16.733930587768555,0.1921226680278778,False,0,0
3074,Cube,0.07,52,65,40.306785583496094,7.5701751708984375,2.0797994136810303,True,True,True,39.182464599609375,0.1236526370048523,False,0,0
3074,Cube,0.07,53,65,283.8078308105469,9.9700927734375,2.6584572792053223,True,True,True,269.29833984375,0.05112430825829506,False,0,0
3074,Cube,0.07,54,65,249.79421997070312,38.722412109375,5.042435169219971,True,True,True,202.1789093017578,0.19794218242168427,False,0,0
3074,Cube,0.07,55,65,0.582500696182251,18.268295288085938,4.050940036773682,False,False,False,-1.9354491233825684,4.32265567779541,True,0,31
3074,Cube,0.07,56,65,131.7506866455078,10.215530395507812,1.9620997905731201,True,True,True,131.1114044189453,0.047470465302467346,False,0,0
3074,Cube,0.07,57,65,57.41938400268555,5.401275634765625,1.4054661989212036,True,True,True,52.74968719482422,0.08132617175579071,False,0,0
3074,Cube,0.07,58,65,46.20128631591797,15.50799560546875,2.436175584793091,True,True,True,42.32233810424805,0.08395758271217346,False,0,0
3074,Cube,0.07,59,65,264.64923095703125,3.69036865234375,1.2146480083465576,True,True,True,260.7978210449219,0.01940961368381977,False,0,0
3074,Cube,0.07,60,65,284.49786376953125,7.24920654296875,1.871856689453125,True,True,True,283.2139892578125,0.01938670501112938,False,0,0
3074,Cube,0.07,61,65,58.14501190185547,8.876937866210938,1.2629131078720093,True,True,True,56.19886779785156,0.04461076483130455,False,0,0
3074,Cube,0.07,62,65,176.76100158691406,4.33868408203125,1.0880812406539917,True,True,True,174.6117706298828,0.01622825674712658,False,0,0
3074,Cube,0.07,63,65,133.5690155029297,8.1363525390625,2.2102980613708496,True,True,True,132.4269561767578,0.027020646259188652,False,0,0
3074,Cube,0.07,64,65,237.82693481445312,15.676239013671875,1.7468459606170654,True,True,True,237.0540313720703,0.044902291148900986,False,0,0
3074,Cube,0.07,65,65,151.9956512451172,4.3779296875,0.8773666620254517,True,True,True,150.9440460205078,0.01843618042767048,False,0,0
3074,Cube,0.07,66,65,120.9467544555664,12.58013916015625,3.9952495098114014,True,True,True,118.23526000976562,0.056306615471839905,False,0,0
3074,Cube,0.07,67,65,66.0495376586914,20.6884765625,3.8554441928863525,True,True,True,64.6843490600586,0.11922457814216614,False,0,0
3074,Cube,0.07,68,65,164.6402587890625,11.1414794921875,1.5503463745117188,True,True,True,162.6435089111328,0.04422561824321747,False,0,0
3074,Cube,0.07,69,65,112.43743896484375,10.976455688476562,1.9189369678497314,True,True,True,105.20452117919922,0.06432835757732391,False,0,0
3074,Cube,0.07,70,65,120.43136596679688,3.78094482421875,0.7735846638679504,True,True,True,119.57225036621094,0.0119770597666502,False,0,0
3074,Cube,0.07,71,65,55.7750244140625,11.68963623046875,3.4616305828094482,True,True,True,48.80330276489258,0.12499717622995377,False,0,0
3074,Cube,0.07,72,65,65.1168212890625,10.315498352050781,2.332650899887085,True,True,True,63.75994110107422,0.08947287499904633,False,0,0
3074,Cube,0.07,73,65,16.006053924560547,17.075439453125,3.9972805976867676,False,False,True,8.323690414428711,0.47996610403060913,False,0,0
3074,Cube,0.07,74,65,121.92498779296875,10.55108642578125,3.5985727310180664,True,True,True,112.81365966796875,0.07472898066043854,False,0,0
3074,Cube,0.07,75,65,38.20368194580078,20.362228393554688,3.772185802459717,False,False,True,29.35699462890625,0.23156632483005524,False,0,0
3074,Cube,0.07,76,65,33.01386642456055,11.946395874023438,2.61635422706604,True,True,True,30.968700408935547,0.06302421540021896,False,0,0
3074,Cube,0.07,77,65,7.461670875549316,13.380126953125,2.7550806999206543,False,False,True,3.646810531616211,0.5112608671188354,False,0,0
3074,Cube,0.07,78,65,241.2499237060547,5.388336181640625,0.8502213954925537,True,True,True,236.44140625,0.028144098818302155,False,0,0
3074,Cube,0.07,79,65,9.460519790649414,17.37255859375,4.362974166870117,False,False,True,8.33671760559082,0.15635892748832703,False,0,0
3074,Cube,0.07,80,65,77.14593505859375,10.283767700195312,1.3631172180175781,True,True,True,75.7505111694336,0.048150233924388885,False,0,0
3074,Cube,0.07,81,65,183.86001586914062,37.088409423828125,2.014312982559204,True,True,True,177.6113739013672,0.11705606430768967,False,0,0
3074,Cube,0.07,82,65,80.35853576660156,11.677581787109375,2.964857816696167,True,True,True,71.83723449707031,0.1060410588979721,False,0,0
3074,Cube,0.07,83,65,108.2081298828125,7.46630859375,2.031979560852051,True,True,True,106.7649917602539,0.036722391843795776,False,0,0
3074,Cube,0.07,84,65,76.3619155883789,10.031768798828125,3.6558938026428223,True,True,True,70.57379150390625,0.09436339139938354,False,0,0
3074,Cube,0.07,85,65,2.4117488861083984,55.1884765625,5.988485336303711,False,False,False,-19.569046020507812,7.943248748779297,False,25,25
3074,Cube,0.07,86,65,51.2486572265625,27.951583862304688,6.267631530761719,False,False,True,39.019718170166016,0.23861965537071228,False,0,0
3074,Cube,0.07,87,65,41.88014602661133,2.585174560546875,0.6892156600952148,True,True,True,41.16850280761719,0.019425267353653908,False,0,0
3074,Cube,0.07,88,65,316.5905456542969,2.9931640625,0.7668745517730713,True,True,True,314.7803955078125,0.01020333543419838,False,0,0
3074,Cube,0.07,89,65,64.64322662353516,11.116165161132812,3.1717326641082764,True,True,True,58.09074401855469,0.12118606269359589,False,0,0
3074,Cube,0.07,90,65,206.44180297851562,5.819732666015625,1.5416969060897827,True,True,True,198.92547607421875,0.036408938467502594,False,0,0
3074,Cube,0.07,91,65,14.242422103881836,3.23046875,1.0344345569610596,True,True,True,12.831125259399414,0.0990910679101944,False,0,0
3074,Cube,0.07,92,65,104.23397827148438,5.026275634765625,1.576000452041626,True,True,True,98.07302856445312,0.05910693109035492,False,0,0
3074,Cube,0.07,93,65,253.57904052734375,5.44561767578125,1.1016433238983154,True,True,True,251.65274047851562,0.01900961436331272,False,0,0
3074,Cube,0.07,94,65,41.28279113769531,7.5009765625,1.7891671657562256,True,True,True,40.5361328125,0.08452117443084717,False,0,0
3074,Cube,0.07,95,65,204.01394653320312,8.017379760742188,1.960689663887024,True,True,True,191.04818725585938,0.0635533332824707,False,0,0
3074,Cube,0.07,96,65,17.036083221435547,15.53778076171875,4.872323036193848,False,False,True,10.515357971191406,0.3827596604824066,False,0,0
3074,Cube,0.07,97,65,7.9652509689331055,6.463043212890625,1.4218519926071167,False,False,True,6.517504692077637,0.18175777792930603,False,0,0
3074,Cube,0.07,98,65,183.4969024658203,20.174896240234375,3.407116174697876,True,True,True,177.47926330566406,0.05286005884408951,False,0,0
3074,Cube,0.07,99,65,245.62559509277344,4.345550537109375,1.2201118469238281,True,True,True,242.14041137695312,0.014778194949030876,False,0,0
3074,Cube,0.08,0,65,244.5100555419922,3.080963134765625,0.8567550182342529,True,True,True,243.42950439453125,0.01157266553491354,False,0,0
3074,Cube,0.08,1,65,130.8508758544922,15.339263916015625,2.9864375591278076,True,True,True,119.4537353515625,0.08710025250911713,False,0,0
3074,Cube,0.08,2,65,101.684814453125,12.949127197265625,2.6148903369903564,True,True,True,94.22986602783203,0.0734500139951706,False,0,0
3074,Cube,0.08,3,65,30.741146087646484,9.044677734375,2.4111099243164062,True,True,True,28.080589294433594,0.08654706180095673,False,0,0
3074,Cube,0.08,4,65,7.354541778564453,8.95166015625,2.177725315093994,False,False,True,4.946053504943848,0.3274831473827362,False,0,0
3074,Cube,0.08,5,65,67.40773010253906,3.4527587890625,1.1088290214538574,True,True,True,65.35813903808594,0.04610219970345497,False,0,0
3074,Cube,0.08,6,65,26.145647048950195,13.047622680664062,2.9909229278564453,True,True,True,22.095827102661133,0.15489462018013,False,0,0
3074,Cube,0.08,7,65,22.050003051757812,8.907241821289062,1.633502721786499,True,True,True,21.08328628540039,0.046971917152404785,False,0,0
3074,Cube,0.08,8,65,38.390716552734375,23.39471435546875,4.338451385498047,False,False,True,27.6527099609375,0.27970319986343384,False,0,0
3074,Cube,0.08,9,65,170.7591552734375,19.47808837890625,3.164069414138794,True,True,True,160.69046020507812,0.0784592553973198,False,0,0
3074,Cube,0.08,10,65,247.4755096435547,3.669525146484375,1.3436049222946167,True,True,True,243.29774475097656,0.02240285836160183,False,0,0
3074,Cube,0.08,11,65,19.28496551513672,8.710494995117188,1.9207909107208252,True,True,True,16.60851287841797,0.14379581809043884,False,0,0
3074,Cube,0.08,12,65,74.55752563476562,9.107933044433594,1.4274022579193115,True,True,True,73.8809814453125,0.08869823068380356,False,0,0
3074,Cube,0.08,13,65,94.40770721435547,4.4735870361328125,1.1951345205307007,True,True,True,91.08184051513672,0.035228777676820755,False,0,0
3074,Cube,0.08,14,65,50.2000732421875,5.61279296875,1.2776756286621094,True,True,True,48.104976654052734,0.07279317826032639,False,0,0
3074,Cube,0.08,15,65,62.92074966430664,11.114959716796875,2.0813186168670654,True,True,True,58.427886962890625,0.09130895882844925,False,0,0
3074,Cube,0.08,16,65,204.724609375,42.848175048828125,6.171257019042969,True,True,True,161.71751403808594,0.2143963724374771,False,0,0
3074,Cube,0.08,17,65,32.127174377441406,29.0506591796875,5.267370700836182,False,False,True,24.71259880065918,0.23078829050064087,False,0,0
3074,Cube,0.08,18,65,23.525588989257812,15.80523681640625,3.359609603881836,False,False,True,19.432567596435547,0.173981711268425,False,0,0
3074,Cube,0.08,19,65,105.14205169677734,2.355560302734375,0.3641940653324127,True,True,True,102.70008850097656,0.023225370794534683,False,0,0
3074,Cube,0.08,20,65,52.88618469238281,15.440414428710938,2.5780646800994873,True,True,True,50.238067626953125,0.13190218806266785,False,0,0
3074,Cube,0.08,21,65,236.27554321289062,8.99456787109375,1.3247991800308228,True,True,True,235.54286193847656,0.029178056865930557,False,0,0
3074,Cube,0.08,22,65,268.78619384765625,5.806671142578125,0.849542498588562,True,True,True,268.2898864746094,0.015863701701164246,False,0,0
3074,Cube,0.08,23,65,54.55502700805664,25.2130126953125,3.0956969261169434,True,True,True,53.6417121887207,0.0666469931602478,False,0,0
3074,Cube,0.08,24,65,36.230682373046875,21.098602294921875,2.584627628326416,False,False,True,32.19664764404297,0.11134299635887146,False,0,0
3074,Cube,0.08,25,65,114.5078125,6.6574859619140625,1.0583416223526,True,True,True,107.54217529296875,0.060831137001514435,False,0,0
3074,Cube,0.08,26,65,98.96701049804688,4.5255889892578125,0.6563097834587097,True,True,True,93.97758483886719,0.050415001809597015,False,0,0
3074,Cube,0.08,27,65,3.160823106765747,6.243316650390625,1.6371567249298096,False,False,True,2.468543529510498,0.21901877224445343,False,0,0
3074,Cube,0.08,28,65,40.83565139770508,6.247833251953125,1.207499623298645,True,True,True,39.3397216796875,0.05680670216679573,False,0,0
3074,Cube,0.08,29,65,4.402024269104004,5.7630462646484375,2.144765615463257,False,False,True,3.8105194568634033,0.2857975661754608,False,0,0
3074,Cube,0.08,30,65,99.3242416381836,12.485809326171875,2.8700623512268066,True,True,True,86.8123550415039,0.12597012519836426,False,0,0
3074,Cube,0.08,31,65,96.34783172607422,14.368148803710938,2.8817477226257324,True,True,True,86.823486328125,0.12338633090257645,False,0,0
3074,Cube,0.08,32,65,31.434219360351562,17.565933227539062,3.096635580062866,False,False,True,25.237972259521484,0.1971178948879242,False,0,0
3074,Cube,0.08,33,65,42.62895202636719,11.362030029296875,2.4745595455169678,True,True,True,34.890838623046875,0.1815224587917328,False,0,0
3074,Cube,0.08,34,65,116.44821166992188,11.39251708984375,2.0390453338623047,True,True,True,112.72654724121094,0.0661817342042923,False,0,0
3074,Cube,0.08,35,65,32.445465087890625,5.7316741943359375,2.1402463912963867,True,True,True,30.582408905029297,0.05742117390036583,False,0,0
3074,Cube,0.08,36,65,55.03418731689453,9.250030517578125,1.768916130065918,True,True,True,53.8175048828125,0.04533582180738449,False,0,0
3074,Cube,0.08,37,65,57.462005615234375,8.077102661132812,1.8597468137741089,True,True,True,52.123077392578125,0.15784068405628204,False,0,0
3074,Cube,0.08,38,65,290.8093566894531,5.45654296875,0.9643685221672058,True,True,True,290.2333984375,0.015089199878275394,False,0,0
3074,Cube,0.08,39,65,6.212591171264648,2.0632476806640625,0.6510600447654724,True,True,True,5.969545364379883,0.05396472290158272,False,0,0
3074,Cube,0.08,40,65,117.89873504638672,7.73876953125,1.2241102457046509,True,True,True,115.58524322509766,0.031658925116062164,False,0,0
3074,Cube,0.08,41,65,198.15415954589844,3.73284912109375,0.5906156897544861,True,True,True,196.65943908691406,0.010075338184833527,False,0,0
3074,Cube,0.08,42,65,42.86167907714844,8.94305419921875,1.4639850854873657,True,True,True,38.367435455322266,0.10485456138849258,False,0,0
3074,Cube,0.08,43,65,69.37928771972656,3.21270751953125,0.8586554527282715,True,True,True,65.96619415283203,0.04919474571943283,False,0,0
3074,Cube,0.08,44,65,38.692649841308594,11.676429748535156,3.4716835021972656,True,True,True,36.259002685546875,0.14814555644989014,False,0,0
3074,Cube,0.08,45,65,180.93045043945312,6.809356689453125,1.4277077913284302,True,True,True,179.52194213867188,0.02675352804362774,False,0,0
3074,Cube,0.08,46,65,50.97136306762695,12.711639404296875,2.507796049118042,True,True,True,44.424110412597656,0.12844960391521454,False,0,0
3074,Cube,0.08,47,65,0.5457439422607422,4.016166687011719,0.666649580001831,False,False,False,-0.5078372955322266,1.9305412769317627,False,27,27
3074,Cube,0.08,48,65,108.81629180908203,11.697647094726562,2.566173553466797,True,True,True,102.89278411865234,0.0574117936193943,False,0,0
3074,Cube,0.08,49,65,2.4401309490203857,9.7174072265625,2.2374472618103027,False,False,False,-0.45819520950317383,1.187774896621704,False,0,0
3074,Cube,0.08,50,65,319.0052795410156,9.679142951965332,1.5001755952835083,True,True,True,306.9727478027344,0.04727019742131233,False,0,0
3074,Cube,0.08,51,65,14.215232849121094,11.697334289550781,2.6724565029144287,False,False,True,12.983379364013672,0.0910329669713974,False,0,0
3074,Cube,0.08,52,65,48.611759185791016,8.199996948242188,2.6172451972961426,True,True,True,46.19390106201172,0.0656173825263977,False,0,0
3074,Cube,0.08,53,65,266.0514221191406,3.716552734375,1.1813572645187378,True,True,True,262.7032470703125,0.0206797756254673,False,0,0
3074,Cube,0.08,54,65,292.86639404296875,9.605499267578125,2.9238619804382324,True,True,True,284.45062255859375,0.05139908939599991,False,0,0
3074,Cube,0.08,55,65,1.6850886344909668,21.173660278320312,3.3937952518463135,False,False,False,-1.4260129928588867,1.8462539911270142,True,0,31
3074,Cube,0.08,56,65,116.33985900878906,3.6844482421875,0.7076005339622498,True,True,True,115.20480346679688,0.011414576321840286,False,0,0
3074,Cube,0.08,57,65,65.69674682617188,3.086181640625,1.0204887390136719,True,True,True,63.79924392700195,0.04855315014719963,False,0,0
3074,Cube,0.08,58,65,97.01422119140625,23.890304565429688,3.5638725757598877,True,True,True,89.490478515625,0.09784146398305893,False,0,0
3074,Cube,0.08,59,65,255.08169555664062,3.015777587890625,0.798464834690094,True,True,True,252.842529296875,0.014257537201046944,False,0,0
3074,Cube,0.08,60,65,351.98724365234375,4.465606689453125,1.103996753692627,True,True,True,351.2711181640625,0.010783720761537552,False,0,0
3074,Cube,0.08,61,65,24.574426651000977,5.6629638671875,0.9489701390266418,True,True,True,23.104110717773438,0.08002006262540817,False,0,0
3074,Cube,0.08,62,65,145.2891845703125,3.7786865234375,1.1288665533065796,True,True,True,143.01593017578125,0.021049266681075096,False,0,0
3074,Cube,0.08,63,65,75.93682861328125,5.4754791259765625,1.1776777505874634,True,True,True,73.21778106689453,0.044426724314689636,False,0,0
3074,Cube,0.08,64,65,347.08123779296875,5.8370361328125,1.791127324104309,True,True,True,345.2682800292969,0.01699359528720379,False,0,0
3074,Cube,0.08,65,65,61.36639404296875,7.821868896484375,1.7072257995605469,True,True,True,57.202796936035156,0.06784817576408386,False,0,0
3074,Cube,0.08,66,65,162.0973358154297,7.45001220703125,1.8100755214691162,True,True,True,159.9409637451172,0.022643687203526497,False,0,0
3074,Cube,0.08,67,65,38.88170623779297,6.5379486083984375,1.8065471649169922,True,True,True,36.405357360839844,0.07121630012989044,False,0,0
3074,Cube,0.08,68,65,50.64114761352539,7.400970458984375,2.2691192626953125,True,True,True,43.10997009277344,0.14871656894683838,False,0,0
3074,Cube,0.08,69,65,282.6423645019531,7.375213623046875,1.868310570716858,True,True,True,275.7088317871094,0.02453112043440342,False,0,0
3074,Cube,0.08,70,65,100.61881256103516,2.33502197265625,0.8441409468650818,True,True,True,97.97203063964844,0.026305006816983223,False,0,0
3074,Cube,0.08,71,65,31.438175201416016,9.541748046875,2.628361940383911,True,True,True,23.966373443603516,0.23766648769378662,False,0,0
3074,Cube,0.08,72,65,47.416351318359375,14.48681640625,2.6188225746154785,True,True,True,45.366329193115234,0.07581042498350143,False,0,0
3074,Cube,0.08,73,65,30.660167694091797,6.7166290283203125,1.8971107006072998,True,True,True,28.957759857177734,0.05552508309483528,False,0,0
3074,Cube,0.08,74,65,63.3631591796875,12.0888671875,3.1289632320404053,True,True,True,49.41366958618164,0.22015143930912018,False,0,0
3074,Cube,0.08,75,65,33.71691131591797,4.0450897216796875,0.8729668855667114,True,True,True,32.29970169067383,0.04203259199857712,False,0,0
3074,Cube,0.08,76,65,44.3735237121582,11.97235107421875,2.3835434913635254,True,True,True,34.73785400390625,0.21714912354946136,False,0,0
3074,Cube,0.08,77,65,3.956439971923828,9.953399658203125,1.8726438283920288,False,False,False,-2.503424644470215,1.6327468156814575,False,0,0
3074,Cube,0.08,78,65,293.3091735839844,3.970703125,1.0697888135910034,True,True,True,287.79473876953125,0.019719772040843964,False,0,0
3074,Cube,0.08,79,65,6.36460018157959,9.85577392578125,1.93170166015625,False,False,True,6.316684722900391,0.07476302981376648,False,0,0
3074,Cube,0.08,80,65,60.78318786621094,20.12218475341797,3.849560260772705,True,True,True,54.77532958984375,0.24719692766666412,False,0,0
3074,Cube,0.08,81,65,52.64861297607422,13.4708251953125,3.790325403213501,True,True,True,36.41046142578125,0.30842506885528564,False,0,0
3074,Cube,0.08,82,65,84.40428924560547,9.88232421875,2.365816116333008,True,True,True,78.4759750366211,0.12761829793453217,False,0,0
3074,Cube,0.08,83,65,150.17059326171875,9.392578125,2.1688642501831055,True,True,True,144.3307647705078,0.05422796308994293,False,0,0
3074,Cube,0.08,84,65,66.98255157470703,18.25543212890625,5.553915023803711,True,True,True,64.72081756591797,0.17740003764629364,False,0,0
3074,Cube,0.08,85,65,24.588672637939453,28.482467651367188,4.7347636222839355,False,False,True,10.4952974319458,0.5731653571128845,False,0,0
3074,Cube,0.08,86,65,21.730024337768555,10.667831420898438,3.1016924381256104,True,True,True,14.021195411682129,0.3547547161579132,False,0,0
3074,Cube,0.08,87,65,6.404912948608398,5.10382080078125,0.9646016359329224,False,False,True,5.092574119567871,0.20489561557769775,False,0,0
3074,Cube,0.08,88,65,286.6805725097656,3.28961181640625,0.9388722777366638,True,True,True,283.7041931152344,0.010382200591266155,False,0,0
3074,Cube,0.08,89,65,47.22925567626953,22.8001708984375,4.111793518066406,True,True,True,45.44402313232422,0.1289980411529541,False,0,0
3074,Cube,0.08,90,65,152.16131591796875,6.84869384765625,1.2379521131515503,True,True,True,142.35968017578125,0.06441610306501389,False,0,0
3074,Cube,0.08,91,65,31.958688735961914,28.28338623046875,3.481619358062744,False,False,True,24.084983825683594,0.24637137353420258,False,0,0
3074,Cube,0.08,92,65,17.98797607421875,8.987396240234375,1.8061485290527344,True,True,True,14.608068466186523,0.187898188829422,False,0,0
3074,Cube,0.08,93,65,265.11810302734375,9.57781982421875,1.8399730920791626,True,True,True,262.57904052734375,0.03289700299501419,False,0,0
3074,Cube,0.08,94,65,34.425479888916016,9.386512756347656,2.3878602981567383,True,True,True,30.6121826171875,0.1157429963350296,False,0,0
3074,Cube,0.08,95,65,230.47589111328125,5.470073699951172,0.5240198373794556,True,True,True,223.6513214111328,0.029610758647322655,False,0,0
3074,Cube,0.08,96,65,36.50526428222656,14.890167236328125,3.2492923736572266,True,True,True,33.283958435058594,0.11573817580938339,False,0,0
3074,Cube,0.08,97,65,2.449044704437256,4.531219482421875,1.3210827112197876,False,False,True,1.904495120048523,0.2223518341779709,False,0,0
3074,Cube,0.08,98,65,54.33396911621094,6.70526123046875,1.2082570791244507,True,True,True,51.573238372802734,0.05930938944220543,False,0,0
3074,Cube,0.08,99,65,41.862064361572266,9.46234130859375,2.4274258613586426,True,True,True,39.96097946166992,0.0454130582511425,False,0,0
