training_seed,task,std_key,sample_index,candidate_count,clean_margin,sample_max_drift,sample_mean_drift,coarse_cert_pass,cert_pass,sharp_cert_pass,sharp_cert_slack,sharp_normalized_score,top1_flip,clean_best,noisy_best
3074,TwoRoom,0.0,0,65,60.355308532714844,72.322265625,7.955117702484131,False,False,False,-51.34027862548828,1.850633978843689,False,0,0
3074,TwoRoom,0.0,1,65,57.9520149230957,335.181396484375,59.07263946533203,False,False,False,-514.3671875,9.87574291229248,True,0,2
3074,TwoRoom,0.0,2,65,261.6123046875,326.75103759765625,68.81900024414062,False,False,False,-194.80548095703125,1.7350785732269287,True,0,60
3074,TwoRoom,0.0,3,65,43.810081481933594,314.46240234375,39.10035705566406,False,False,False,-561.9711303710938,13.827439308166504,True,0,2
3074,TwoRoom,0.0,4,65,231.91229248046875,133.52468872070312,29.23948860168457,False,False,True,146.6537628173828,0.4739997982978821,False,0,0
3074,TwoRoom,0.0,5,65,47.10745620727539,349.5550231933594,75.40290069580078,False,False,False,-600.7369384765625,13.752480506896973,True,0,41
3074,TwoRoom,0.0,6,65,224.98257446289062,310.8899230957031,52.621829986572266,False,False,False,-243.65032958984375,1.772870421409607,True,0,19
3074,TwoRoom,0.0,7,65,305.5533447265625,122.35711669921875,35.73591613769531,True,True,True,166.04318237304688,0.4813976585865021,False,0,0
3074,TwoRoom,0.0,8,65,5.809015274047852,222.1514434814453,25.2589111328125,False,False,False,-147.00082397460938,22.749570846557617,True,33,0
3074,TwoRoom,0.0,9,65,68.04267120361328,335.6010437011719,34.39984893798828,False,False,False,-514.4384765625,7.534422397613525,True,0,23
3074,TwoRoom,0.0,10,65,0.06123638153076172,269.5941162109375,92.53987121582031,False,False,False,-385.5596923828125,4349.046875,True,47,15
3074,TwoRoom,0.0,11,65,216.75311279296875,260.8867492675781,86.0618667602539,False,False,False,-247.2880859375,2.1408743858337402,False,0,0
3074,TwoRoom,0.0,12,65,8.32380485534668,315.8368225097656,30.62298583984375,False,False,False,-544.3446044921875,66.39612579345703,True,0,26
3074,TwoRoom,0.0,13,65,121.57823944091797,327.0093994140625,81.53197479248047,False,False,False,-404.27203369140625,4.32520055770874,True,0,4
3074,TwoRoom,0.0,14,65,57.43824005126953,547.619873046875,168.44625854492188,False,False,False,-973.0902099609375,17.941505432128906,True,0,8
3074,TwoRoom,0.0,15,65,179.6067352294922,369.4095458984375,67.26734161376953,False,False,False,-383.7193603515625,3.136441946029663,True,0,27
3074,TwoRoom,0.0,16,65,203.58230590820312,202.73129272460938,38.616519927978516,False,False,False,-33.35662841796875,1.1638484001159668,True,0,36
3074,TwoRoom,0.0,17,65,27.345718383789062,349.56964111328125,85.58474731445312,False,False,False,-393.252685546875,14.840807914733887,True,30,18
3074,TwoRoom,0.0,18,65,70.77364349365234,300.6088562011719,33.52857208251953,False,False,False,-361.3773498535156,6.106100559234619,True,0,24
3074,TwoRoom,0.0,19,65,2.0818843841552734,429.83538818359375,95.71234893798828,False,False,False,-802.8345336914062,386.6287536621094,True,0,53
3074,TwoRoom,0.0,20,65,302.6380615234375,142.7850341796875,31.6971378326416,True,True,True,191.80889892578125,0.47707831859588623,False,0,0
3074,TwoRoom,0.0,21,65,109.86332702636719,94.48800659179688,13.569289207458496,False,False,True,32.12309265136719,0.7076085805892944,False,0,0
3074,TwoRoom,0.0,22,65,44.90972137451172,551.9258422851562,161.51046752929688,False,False,False,-585.9307861328125,13.942667961120605,True,0,1
3074,TwoRoom,0.0,23,65,26.97124481201172,432.814453125,62.10811996459961,False,False,False,-748.0745239257812,23.1299991607666,True,0,40
3074,TwoRoom,0.0,24,65,10.181822776794434,256.7860107421875,52.199893951416016,False,False,False,-446.3575439453125,44.83866882324219,True,0,36
3074,TwoRoom,0.0,25,65,192.927490234375,426.06707763671875,49.29957962036133,False,False,False,-410.60888671875,2.6536507606506348,True,0,33
3074,TwoRoom,0.0,26,65,189.7137451171875,481.5747375488281,73.16405487060547,False,False,False,-570.5242919921875,4.007290363311768,True,0,49
3074,TwoRoom,0.0,27,65,11.606948852539062,276.51190185546875,23.809274673461914,False,False,False,-263.53338623046875,23.70479393005371,True,0,54
3074,TwoRoom,0.0,28,65,299.79425048828125,499.0480041503906,137.06478881835938,False,False,False,-310.40228271484375,1.8514885902404785,True,0,8
3074,TwoRoom,0.0,29,65,15.466623306274414,230.8571014404297,31.93302345275879,False,False,False,-403.97808837890625,27.119346618652344,True,0,61
3074,TwoRoom,0.0,30,65,303.3655700683594,443.39898681640625,55.76400375366211,False,False,False,-375.1221008300781,1.885635495185852,True,0,31
3074,TwoRoom,0.0,31,65,172.03262329101562,194.38076782226562,26.96327781677246,False,False,False,-160.4194793701172,1.7336416244506836,True,0,52
3074,TwoRoom,0.0,32,65,198.76657104492188,32.88307189941406,6.083508491516113,True,True,True,197.2657470703125,0.1399787962436676,False,0,0
3074,TwoRoom,0.0,33,65,11.638423919677734,401.0408630371094,102.74168395996094,False,False,False,-767.9375,66.98294830322266,True,0,15
3074,TwoRoom,0.0,34,65,341.0457458496094,72.43801879882812,11.290313720703125,True,True,True,318.2946472167969,0.18814723193645477,False,0,0
3074,TwoRoom,0.0,35,65,212.34271240234375,513.7054443359375,88.32600402832031,False,False,False,-561.1455688476562,3.642641067504883,True,0,14
3074,TwoRoom,0.0,36,65,265.1942443847656,54.92877197265625,10.977346420288086,True,True,True,237.00901794433594,0.2122846096754074,False,0,0
3074,TwoRoom,0.0,37,65,46.342079162597656,295.51446533203125,72.12210845947266,False,False,False,-425.7450256347656,10.187006950378418,True,0,13
3074,TwoRoom,0.0,38,65,2.04327392578125,156.25494384765625,37.143959045410156,False,False,False,-105.55718994140625,26.037996292114258,False,19,19
3074,TwoRoom,0.0,39,65,49.95798873901367,395.10931396484375,96.70164489746094,False,False,False,-531.7660522460938,9.851262092590332,True,0,20
3074,TwoRoom,0.0,40,65,110.35869598388672,555.544921875,110.84272766113281,False,False,False,-699.1815185546875,6.959478855133057,True,0,40
3074,TwoRoom,0.0,41,65,106.97270202636719,320.83001708984375,41.58205032348633,False,False,False,-455.14837646484375,5.2548089027404785,True,0,30
3074,TwoRoom,0.0,42,65,285.0682067871094,419.77294921875,22.04294204711914,False,False,False,-139.33071899414062,1.4887627363204956,True,0,41
3074,TwoRoom,0.0,43,65,313.7558288574219,582.1693115234375,112.29945373535156,False,False,False,-513.966796875,2.5452845096588135,True,0,43
3074,TwoRoom,0.0,44,65,272.22125244140625,433.5115966796875,60.044403076171875,False,False,False,-359.0789489746094,2.2968318462371826,True,0,6
3074,TwoRoom,0.0,45,65,287.831298828125,329.63775634765625,28.019332885742188,False,False,False,-151.0296630859375,1.5247159004211426,True,0,63
3074,TwoRoom,0.0,46,65,20.089839935302734,325.5486145019531,60.37094497680664,False,False,False,-294.5941162109375,11.352866172790527,True,0,22
3074,TwoRoom,0.0,47,65,63.734344482421875,437.2170104980469,54.8945426940918,False,False,False,-433.97979736328125,7.665339946746826,True,0,63
3074,TwoRoom,0.0,48,65,153.86297607421875,497.9864196777344,128.02427673339844,False,False,False,-560.1759033203125,4.640744686126709,True,13,12
3074,TwoRoom,0.0,49,65,161.94386291503906,362.7881774902344,53.142120361328125,False,False,False,-432.7361145019531,3.6721365451812744,True,0,47
3074,TwoRoom,0.0,50,65,241.94261169433594,518.8734130859375,149.8886260986328,False,False,False,-503.64678955078125,2.911491870880127,True,0,34
3074,TwoRoom,0.0,51,65,13.403732299804688,353.7350769042969,61.336116790771484,False,False,False,-687.9617919921875,52.32613754272461,True,0,23
3074,TwoRoom,0.0,52,65,90.58167266845703,578.1780395507812,61.97455596923828,False,False,False,-905.57568359375,10.997339248657227,True,0,25
3074,TwoRoom,0.0,53,65,16.443939208984375,239.08041381835938,74.47525787353516,False,False,False,-443.5028991699219,27.970600128173828,True,16,32
3074,TwoRoom,0.0,54,65,351.0826110839844,562.1195068359375,129.07130432128906,False,False,False,-505.1780090332031,2.4389150142669678,True,0,47
3074,TwoRoom,0.0,55,65,2.76638126373291,388.38494873046875,136.93460083007812,False,False,False,-627.0968627929688,220.84922790527344,True,33,2
3074,TwoRoom,0.0,56,65,111.23802947998047,491.0041809082031,165.93734741210938,False,False,False,-804.0157470703125,7.573719024658203,True,0,5
3074,TwoRoom,0.0,57,65,205.67691040039062,277.25091552734375,39.59905242919922,False,False,False,-165.36737060546875,1.592634677886963,True,0,45
3074,TwoRoom,0.0,58,65,198.37673950195312,157.44390869140625,20.019817352294922,False,False,False,-4.5833740234375,1.0220385789871216,False,0,0
3074,TwoRoom,0.0,59,65,116.75401306152344,600.6702880859375,156.54019165039062,False,False,False,-928.9407958984375,8.956393241882324,True,0,41
3074,TwoRoom,0.0,60,65,218.59767150878906,25.117645263671875,5.181516170501709,True,True,True,210.96897888183594,0.10067669302225113,False,0,0
3074,TwoRoom,0.0,61,65,79.87385559082031,291.5809631347656,41.68397903442383,False,False,False,-437.23553466796875,6.4740753173828125,True,0,22
3074,TwoRoom,0.0,62,65,45.02622604370117,680.2025146484375,159.41815185546875,False,False,False,-1239.2283935546875,28.522369384765625,True,0,57
3074,TwoRoom,0.0,63,65,214.52398681640625,266.11383056640625,24.10024642944336,False,False,False,-109.74308776855469,1.4838236570358276,True,0,26
3074,TwoRoom,0.0,64,65,176.17982482910156,151.96890258789062,27.558671951293945,False,False,False,-12.620346069335938,1.0530152320861816,True,0,39
3074,TwoRoom,0.0,65,65,2.8760695457458496,369.5340270996094,70.4516830444336,False,False,False,-731.2208251953125,255.24310302734375,True,29,34
3074,TwoRoom,0.0,66,65,113.68340301513672,606.16162109375,122.01821899414062,False,False,False,-980.1282958984375,9.621561050415039,True,0,63
3074,TwoRoom,0.0,67,65,181.5040740966797,335.9183349609375,42.09025573730469,False,False,False,-298.825927734375,2.478375196456909,True,0,48
3074,TwoRoom,0.0,68,65,332.12457275390625,381.7275390625,114.0562744140625,False,False,False,-344.54437255859375,2.036247968673706,True,0,8
3074,TwoRoom,0.0,69,65,294.95928955078125,581.2034301757812,136.6388702392578,False,False,False,-471.7308349609375,2.3802268505096436,True,0,19
3074,TwoRoom,0.0,70,65,1.7187581062316895,285.3418884277344,79.29134368896484,False,False,False,-533.1557006835938,311.1982116699219,True,0,18
3074,TwoRoom,0.0,71,65,287.202392578125,422.85919189453125,60.98722839355469,False,False,False,-294.25244140625,2.0245473384857178,True,0,18
3074,TwoRoom,0.0,72,65,87.16033172607422,465.5501708984375,116.58090209960938,False,False,False,-774.2664794921875,9.883243560791016,True,0,2
3074,TwoRoom,0.0,73,65,80.1068344116211,351.8749084472656,69.88289642333984,False,False,False,-552.86181640625,7.901556491851807,True,0,57
3074,TwoRoom,0.0,74,65,218.30235290527344,204.92710876464844,29.624982833862305,False,False,False,-117.77790832519531,1.450500249862671,True,0,29
3074,TwoRoom,0.0,75,65,286.31475830078125,406.4327697753906,34.114036560058594,False,False,False,-155.620361328125,1.5435289144515991,True,0,43
3074,TwoRoom,0.0,76,65,11.770193099975586,128.3258056640625,19.999921798706055,False,False,False,-8.483034133911133,1.72072172164917,False,0,0
3074,TwoRoom,0.0,77,65,293.3901062011719,280.23785400390625,60.51641845703125,False,False,False,-108.75532531738281,1.37068510055542,False,0,0
3074,TwoRoom,0.0,78,65,275.42633056640625,432.81231689453125,56.12886047363281,False,False,False,-282.8911437988281,2.0271029472351074,True,0,30
3074,TwoRoom,0.0,79,65,130.10626220703125,321.99609375,71.19294738769531,False,False,False,-496.96923828125,4.819717884063721,True,0,6
3074,TwoRoom,0.0,80,65,7.5789794921875,458.9012145996094,127.88656616210938,False,False,False,-566.8704223632812,75.79508972167969,True,24,30
3074,TwoRoom,0.0,81,65,148.20472717285156,275.1695556640625,52.42692947387695,False,False,False,-169.1786346435547,1.7922735214233398,True,0,47
3074,TwoRoom,0.0,82,65,13.620979309082031,321.12030029296875,70.28828430175781,False,False,False,-612.82080078125,45.99094772338867,True,0,53
3074,TwoRoom,0.0,83,65,189.28172302246094,469.32293701171875,132.28482055664062,False,False,False,-130.4716796875,1.4136545658111572,True,0,1
3074,TwoRoom,0.0,84,65,142.5514373779297,319.2416076660156,66.35283660888672,False,False,False,-336.7643737792969,3.362406015396118,True,0,49
3074,TwoRoom,0.0,85,65,57.51233673095703,127.37833404541016,15.428528785705566,False,False,False,-157.18771362304688,3.7331128120422363,False,0,0
3074,TwoRoom,0.0,86,65,252.14187622070312,509.03424072265625,145.7765655517578,False,False,False,-560.1990356445312,3.2217612266540527,True,0,9
3074,TwoRoom,0.0,87,65,303.8122253417969,375.6853942871094,65.55827331542969,False,False,False,-201.55819702148438,1.5496200323104858,True,0,12
3074,TwoRoom,0.0,88,65,39.65618133544922,408.0435791015625,94.81532287597656,False,False,False,-670.78369140625,17.91498374938965,True,0,59
3074,TwoRoom,0.0,89,65,209.18405151367188,289.8038024902344,32.174781799316406,False,False,False,-168.40921020507812,1.774298071861267,True,0,48
3074,TwoRoom,0.0,90,65,153.3576202392578,257.8272705078125,69.79254913330078,False,False,False,-118.24954223632812,1.7710705995559692,False,0,0
3074,TwoRoom,0.0,91,65,87.70899200439453,105.80328369140625,21.343053817749023,False,False,False,-78.00603485107422,1.8893733024597168,True,0,54
3074,TwoRoom,0.0,92,65,202.57252502441406,348.63897705078125,93.2768783569336,False,False,False,-302.8234558105469,2.1706743240356445,True,0,17
3074,TwoRoom,0.0,93,65,216.45816040039062,196.19921875,31.088863372802734,False,False,False,-41.49285888671875,1.1603505611419678,False,0,0
3074,TwoRoom,0.0,94,65,18.60843276977539,215.17620849609375,62.233497619628906,False,False,False,-75.24905395507812,2.8140134811401367,True,24,40
3074,TwoRoom,0.0,95,65,85.30386352539062,401.953369140625,47.5886344909668,False,False,False,-585.4925537109375,7.863610744476318,True,0,46
3074,TwoRoom,0.0,96,65,306.35150146484375,553.718505859375,91.41039276123047,False,False,False,-427.58135986328125,2.289213180541992,True,0,2
3074,TwoRoom,0.0,97,65,266.94952392578125,436.54315185546875,59.98711013793945,False,False,False,-244.19570922851562,1.9147635698318481,True,0,21
3074,TwoRoom,0.0,98,65,9.177581787109375,447.05035400390625,64.69805908203125,False,False,False,-766.2548828125,84.49201965332031,True,13,63
3074,TwoRoom,0.0,99,65,21.336944580078125,509.1211242675781,109.80735778808594,False,False,False,-662.6641845703125,31.89653968811035,True,0,29
3074,TwoRoom,0.01,0,65,27.583072662353516,155.96621704101562,23.102659225463867,False,False,False,-154.26406860351562,6.592707633972168,True,0,11
3074,TwoRoom,0.01,1,65,99.30372619628906,363.386474609375,47.96680450439453,False,False,False,-463.4314270019531,5.666808128356934,True,0,62
3074,TwoRoom,0.01,2,65,252.0927276611328,129.81101989746094,10.652353286743164,False,False,True,69.36308288574219,0.7510979175567627,False,0,0
3074,TwoRoom,0.01,3,65,217.90476989746094,101.48963928222656,10.545928955078125,True,True,True,25.18902587890625,0.8853930830955505,False,0,0
3074,TwoRoom,0.01,4,65,242.17178344726562,230.81103515625,10.536209106445312,False,False,True,126.8801498413086,0.6702380776405334,False,0,0
3074,TwoRoom,0.01,5,65,53.569244384765625,166.29104614257812,24.27693748474121,False,False,False,-158.5756072998047,3.7862799167633057,True,0,31
3074,TwoRoom,0.01,6,65,249.94284057617188,254.2464599609375,21.243810653686523,False,False,False,-61.2584228515625,1.2312008142471313,True,0,17
3074,TwoRoom,0.01,7,65,324.1402282714844,219.14865112304688,17.616809844970703,False,False,True,69.447265625,0.7857493162155151,False,0,0
3074,TwoRoom,0.01,8,65,8.004121780395508,263.3382568359375,39.14963150024414,False,False,False,-226.24253845214844,18.801603317260742,True,0,61
3074,TwoRoom,0.01,9,65,94.01194763183594,62.1890869140625,7.916319847106934,False,False,True,41.802154541015625,0.5812293887138367,False,0,0
3074,TwoRoom,0.01,10,65,6.47007942199707,240.0755615234375,89.48796844482422,False,False,False,-201.8720703125,12.348361015319824,True,0,33
3074,TwoRoom,0.01,11,65,281.84033203125,431.68438720703125,125.19393920898438,False,False,False,-14.358638763427734,1.0340378284454346,True,0,38
3074,TwoRoom,0.01,12,65,16.488525390625,98.5302963256836,10.837889671325684,False,False,False,-97.8372802734375,6.933658599853516,True,0,6
3074,TwoRoom,0.01,13,65,120.76034545898438,129.3727569580078,15.932260513305664,False,False,False,-100.71664428710938,1.8049581050872803,True,0,64
3074,TwoRoom,0.01,14,65,52.70100021362305,206.01220703125,49.69270706176758,False,False,True,1.9315967559814453,0.9896687865257263,False,0,0
3074,TwoRoom,0.01,15,65,212.40065002441406,308.2049560546875,24.02640724182129,False,False,False,-161.5979766845703,1.7435274124145508,True,0,63
3074,TwoRoom,0.01,16,65,159.1693115234375,293.98040771484375,18.278963088989258,False,False,False,-288.68109130859375,2.8136730194091797,True,0,21
3074,TwoRoom,0.01,17,65,0.758514404296875,229.12644958496094,15.873271942138672,False,False,False,-78.78140258789062,104.86276245117188,True,48,0
3074,TwoRoom,0.01,18,65,67.3481674194336,13.6622314453125,3.5462355613708496,True,True,True,63.269775390625,0.11865569651126862,False,0,0
3074,TwoRoom,0.01,19,65,12.327255249023438,263.9615478515625,42.471988677978516,False,False,False,-141.06179809570312,10.355511665344238,False,0,0
3074,TwoRoom,0.01,20,65,295.20135498046875,119.32913208007812,36.9189338684082,True,True,True,120.71622467041016,0.6260722875595093,False,0,0
3074,TwoRoom,0.01,21,65,125.20944213867188,204.2858428955078,23.462627410888672,False,False,False,-240.75135803222656,2.9227893352508545,True,0,27
3074,TwoRoom,0.01,22,65,40.7431640625,143.80615234375,47.20808792114258,False,False,False,-102.26398468017578,3.5099666118621826,True,0,63
3074,TwoRoom,0.01,23,65,66.28715515136719,270.5345153808594,30.9537296295166,False,False,False,-243.4932098388672,4.096683025360107,True,0,45
3074,TwoRoom,0.01,24,65,26.698652267456055,103.1253662109375,15.443302154541016,False,False,False,-53.046852111816406,2.9868738651275635,True,0,22
3074,TwoRoom,0.01,25,65,202.08538818359375,124.63411712646484,20.342878341674805,False,False,True,18.24842071533203,0.9096994996070862,False,0,0
3074,TwoRoom,0.01,26,65,212.45399475097656,414.8432312011719,52.89813995361328,False,False,False,-431.7416076660156,3.032165288925171,True,0,55
3074,TwoRoom,0.01,27,65,43.52537536621094,311.83551025390625,25.37586784362793,False,False,False,-413.8133544921875,10.507405281066895,True,0,32
3074,TwoRoom,0.01,28,65,271.7508544921875,167.22589111328125,19.1922550201416,False,False,True,153.52142333984375,0.5356272459030151,False,0,0
3074,TwoRoom,0.01,29,65,19.07670783996582,21.708526611328125,2.564699649810791,False,False,True,17.4451847076416,0.12590409815311432,False,0,0
3074,TwoRoom,0.01,30,65,331.93768310546875,161.88796997070312,30.692344665527344,True,True,True,120.60519409179688,0.6366631388664246,False,0,0
3074,TwoRoom,0.01,31,65,200.96670532226562,104.78231811523438,11.435946464538574,False,False,True,35.637847900390625,0.8226678967475891,False,0,0
3074,TwoRoom,0.01,32,65,190.67735290527344,139.83914184570312,31.83832550048828,False,False,True,93.70295715332031,0.5736722946166992,False,0,0
3074,TwoRoom,0.01,33,65,21.34079933166504,145.10708618164062,25.050870895385742,False,False,False,-116.63015747070312,6.465125560760498,True,0,64
3074,TwoRoom,0.01,34,65,224.60186767578125,97.317138671875,16.560972213745117,True,True,True,181.08547973632812,0.27333998680114746,False,0,0
3074,TwoRoom,0.01,35,65,202.40646362304688,234.37762451171875,25.99050521850586,False,False,True,129.91917419433594,0.5828271508216858,False,0,0
3074,TwoRoom,0.01,36,65,267.7630920410156,390.2783508300781,39.47640609741211,False,False,False,-259.794921875,1.9702415466308594,True,0,35
3074,TwoRoom,0.01,37,65,6.261283874511719,271.0489501953125,21.155702590942383,False,False,False,-269.9162292480469,44.108768463134766,True,0,8
3074,TwoRoom,0.01,38,65,3.956756591796875,75.31106567382812,19.474977493286133,False,False,False,-97.67324829101562,25.6851806640625,True,19,61
3074,TwoRoom,0.01,39,65,5.03361701965332,210.63174438476562,33.16555404663086,False,False,False,-204.84156799316406,41.694705963134766,False,0,0
3074,TwoRoom,0.01,40,65,98.67727661132812,386.36956787109375,123.73777770996094,False,False,False,-357.70098876953125,4.490384578704834,True,0,40
3074,TwoRoom,0.01,41,65,89.17450714111328,65.687744140625,11.639111518859863,False,False,False,-31.639118194580078,1.3548001050949097,False,0,0
3074,TwoRoom,0.01,42,65,357.25634765625,457.86846923828125,20.363637924194336,False,False,False,-115.90234375,1.3244234323501587,True,0,22
3074,TwoRoom,0.01,43,65,308.3314208984375,331.9918518066406,50.851898193359375,False,False,True,2.228508949279785,0.9935541749000549,False,0,0
3074,TwoRoom,0.01,44,65,231.59896850585938,230.57012939453125,27.696990966796875,False,False,False,-94.39013671875,1.407558560371399,True,0,27
3074,TwoRoom,0.01,45,65,296.5657653808594,146.13531494140625,15.403066635131836,True,True,True,55.05961608886719,0.8268595337867737,False,0,0
3074,TwoRoom,0.01,46,65,21.378063201904297,180.6644287109375,51.17333984375,False,False,False,-23.3629093170166,1.13944673538208,False,0,0
3074,TwoRoom,0.01,47,65,44.25556182861328,20.708099365234375,4.642142295837402,True,True,True,31.626893997192383,0.2853577435016632,False,0,0
3074,TwoRoom,0.01,48,65,76.57289123535156,382.89227294921875,76.22417449951172,False,False,False,-265.98699951171875,4.064263343811035,True,13,48
3074,TwoRoom,0.01,49,65,137.97178649902344,230.468017578125,23.348283767700195,False,False,False,-73.8753433227539,1.535438060760498,True,0,56
3074,TwoRoom,0.01,50,65,175.92062377929688,99.26016235351562,17.629959106445312,False,False,True,157.35470581054688,0.3062376379966736,False,0,0
3074,TwoRoom,0.01,51,65,15.968095779418945,469.9834289550781,144.13572692871094,False,False,False,-898.293212890625,57.2555046081543,True,53,20
3074,TwoRoom,0.01,52,65,56.06922149658203,464.6968994140625,68.12142181396484,False,False,False,-24.456275939941406,1.1108791828155518,True,0,28
3074,TwoRoom,0.01,53,65,3.1262969970703125,135.69459533691406,17.04684829711914,False,False,False,-131.84629821777344,25.950130462646484,True,58,16
3074,TwoRoom,0.01,54,65,295.0538635253906,363.7876892089844,68.0782699584961,False,False,False,-265.3379211425781,1.8424855470657349,True,0,3
3074,TwoRoom,0.01,55,65,5.062987327575684,130.1419677734375,25.10224151611328,False,False,False,-26.49652099609375,6.233376979827881,False,33,33
3074,TwoRoom,0.01,56,65,93.00121307373047,133.45265197753906,36.26240921020508,False,False,False,-5.266021728515625,1.042859435081482,True,0,2
3074,TwoRoom,0.01,57,65,190.2893524169922,41.1563720703125,6.308263778686523,True,True,True,176.41624450683594,0.1637151688337326,False,0,0
3074,TwoRoom,0.01,58,65,198.89002990722656,223.03562927246094,24.644914627075195,False,False,False,-35.7408447265625,1.1633661985397339,True,0,22
3074,TwoRoom,0.01,59,65,139.09214782714844,194.42510986328125,53.3072624206543,False,False,False,-9.454399108886719,1.04900062084198,False,0,0
3074,TwoRoom,0.01,60,65,226.770263671875,220.8697509765625,16.804035186767578,False,False,False,-2.25933837890625,1.0099631547927856,False,0,0
3074,TwoRoom,0.01,61,65,3.182525634765625,128.1124725341797,21.224075317382812,False,False,False,-167.08135986328125,53.499610900878906,False,0,0
3074,TwoRoom,0.01,62,65,15.90881633758545,253.0338592529297,61.76868438720703,False,False,False,-250.17762756347656,11.413968086242676,True,0,61
3074,TwoRoom,0.01,63,65,222.13092041015625,233.9690704345703,22.42786979675293,False,False,False,-79.02703857421875,1.3123542070388794,True,0,26
3074,TwoRoom,0.01,64,65,188.35733032226562,134.46583557128906,18.048843383789062,False,False,True,65.41613006591797,0.6527019739151001,False,0,0
3074,TwoRoom,0.01,65,65,1.5257446765899658,118.115966796875,20.499069213867188,False,False,False,-160.4647674560547,106.17144012451172,False,29,29
3074,TwoRoom,0.01,66,65,134.20242309570312,117.782470703125,20.00773811340332,False,False,True,78.34561157226562,0.5111324191093445,False,0,0
3074,TwoRoom,0.01,67,65,228.76739501953125,414.731689453125,43.32769012451172,False,False,False,-289.595703125,2.2658958435058594,True,0,24
3074,TwoRoom,0.01,68,65,306.7623596191406,145.90609741210938,16.09198570251465,True,True,True,183.72166442871094,0.4459287226200104,False,0,0
3074,TwoRoom,0.01,69,65,268.109130859375,385.13665771484375,29.198379516601562,False,False,False,-250.01266479492188,1.845098853111267,True,0,4
3074,TwoRoom,0.01,70,65,3.761904716491699,124.73431396484375,24.843017578125,False,False,False,-92.68046569824219,25.636581420898438,True,0,11
3074,TwoRoom,0.01,71,65,268.9736328125,339.95318603515625,42.46991729736328,False,False,False,-39.330970764160156,1.1074692010879517,True,0,57
3074,TwoRoom,0.01,72,65,69.31906127929688,19.24853515625,5.349551677703857,True,True,True,63.181217193603516,0.08854485303163528,False,0,0
3074,TwoRoom,0.01,73,65,131.9816436767578,80.70718383789062,8.487982749938965,False,False,False,-14.932144165039062,1.1131380796432495,False,0,0
3074,TwoRoom,0.01,74,65,224.28407287597656,195.41064453125,12.56564712524414,False,False,False,-17.180862426757812,1.0681315660476685,True,0,49
3074,TwoRoom,0.01,75,65,298.5990295410156,82.1666259765625,18.555118560791016,True,True,True,244.25807189941406,0.24941742420196533,False,0,0
3074,TwoRoom,0.01,76,65,25.82754135131836,95.11944580078125,6.355483531951904,False,False,False,-7.416587829589844,1.2871581315994263,True,0,34
3074,TwoRoom,0.01,77,65,326.5749206542969,69.68182373046875,17.72518539428711,True,True,True,260.73565673828125,0.22765159606933594,False,0,0
3074,TwoRoom,0.01,78,65,283.9932861328125,91.76358032226562,19.350967407226562,True,True,True,192.1145477294922,0.4000261425971985,False,0,0
3074,TwoRoom,0.01,79,65,177.5521697998047,81.04217529296875,10.838216781616211,True,True,True,151.2779541015625,0.26704898476600647,False,0,0
3074,TwoRoom,0.01,80,65,276.7986755371094,123.94500732421875,19.68069839477539,True,True,True,108.30979919433594,0.6323060393333435,False,0,0
3074,TwoRoom,0.01,81,65,140.38259887695312,84.53884887695312,14.689349174499512,False,False,True,75.98470306396484,0.4587313234806061,False,0,0
3074,TwoRoom,0.01,82,65,22.22076988220215,47.61372375488281,5.508184909820557,False,False,False,-5.241474151611328,1.2358818054199219,False,0,0
3074,TwoRoom,0.01,83,65,75.10279083251953,319.4967956542969,36.744815826416016,False,False,False,-250.9977264404297,4.342055797576904,True,0,3
3074,TwoRoom,0.01,84,65,154.46795654296875,93.15740966796875,14.381266593933105,False,False,True,97.06090545654297,0.3861274719238281,False,0,0
3074,TwoRoom,0.01,85,65,45.24699401855469,92.79503631591797,12.973051071166992,False,False,False,-72.696533203125,2.084545373916626,True,0,51
3074,TwoRoom,0.01,86,65,270.35369873046875,48.56964111328125,9.831372261047363,True,True,True,268.0625305175781,0.10965658724308014,False,0,0
3074,TwoRoom,0.01,87,65,286.3960266113281,123.93182373046875,29.422765731811523,True,True,True,99.00738525390625,0.6542990207672119,False,0,0
3074,TwoRoom,0.01,88,65,337.3969421386719,268.4102783203125,48.472312927246094,False,False,False,-2.998138427734375,1.006410002708435,True,0,36
3074,TwoRoom,0.01,89,65,210.7757568359375,103.69976806640625,33.78641128540039,True,True,True,51.40153503417969,0.7569641470909119,False,0,0
3074,TwoRoom,0.01,90,65,268.923095703125,130.05401611328125,23.902341842651367,True,True,True,230.27398681640625,0.2899862825870514,False,0,0
3074,TwoRoom,0.01,91,65,127.34809112548828,68.57322692871094,11.902193069458008,False,False,True,46.09227752685547,0.6380606889724731,False,0,0
3074,TwoRoom,0.01,92,65,165.57383728027344,159.58749389648438,25.364450454711914,False,False,True,90.77110290527344,0.45177870988845825,False,0,0
3074,TwoRoom,0.01,93,65,222.08975219726562,268.803466796875,22.247461318969727,False,False,False,-238.91366577148438,1.9957562685012817,True,0,51
3074,TwoRoom,0.01,94,65,9.5986328125,338.5599670410156,72.37132263183594,False,False,False,-332.3974609375,35.629669189453125,True,24,40
3074,TwoRoom,0.01,95,65,142.93157958984375,211.63412475585938,28.531543731689453,False,False,False,-197.4295654296875,2.3812873363494873,True,0,18
3074,TwoRoom,0.01,96,65,342.2757873535156,192.44061279296875,9.87869930267334,False,False,True,337.98779296875,0.28506889939308167,False,0,0
3074,TwoRoom,0.01,97,65,105.43281555175781,412.8450927734375,59.6871337890625,False,False,False,-523.0189208984375,5.960684299468994,True,0,3
3074,TwoRoom,0.01,98,65,9.100875854492188,142.57388305664062,9.1488618850708,False,False,True,2.581258773803711,0.7163724899291992,False,0,0
3074,TwoRoom,0.01,99,65,16.332351684570312,272.6506652832031,74.24958801269531,False,False,False,-322.925048828125,16.869850158691406,True,0,24
3074,TwoRoom,0.02,0,65,3.395480155944824,125.39254760742188,11.672698020935059,False,False,False,-151.7974853515625,45.70574951171875,True,0,11
3074,TwoRoom,0.02,1,65,77.67525482177734,147.035888671875,15.85031509399414,False,False,False,-33.67926025390625,1.4335906505584717,True,0,53
3074,TwoRoom,0.02,2,65,232.86349487304688,221.6228790283203,12.757262229919434,False,False,False,-13.105697631835938,1.0441795587539673,True,0,51
3074,TwoRoom,0.02,3,65,184.89212036132812,160.7456817626953,9.2505521774292,False,False,False,-53.74645233154297,1.2906908988952637,False,0,0
3074,TwoRoom,0.02,4,65,239.90667724609375,277.94305419921875,13.773478507995605,False,False,True,137.22776794433594,0.6777125000953674,False,0,0
3074,TwoRoom,0.02,5,65,60.040306091308594,55.624298095703125,1.7004272937774658,False,False,True,54.82080078125,0.26595547795295715,False,0,0
3074,TwoRoom,0.02,6,65,237.83059692382812,65.78844451904297,11.938843727111816,True,True,True,127.17481231689453,0.4978539049625397,False,0,0
3074,TwoRoom,0.02,7,65,308.6025695800781,501.1830749511719,25.031919479370117,False,False,False,-214.72116088867188,1.664573073387146,True,0,23
3074,TwoRoom,0.02,8,65,23.923948287963867,34.82647705078125,4.988673210144043,False,False,True,11.04725456237793,0.5382344722747803,False,0,0
3074,TwoRoom,0.02,9,65,93.09443664550781,37.314456939697266,4.529485702514648,True,True,True,36.47871017456055,0.6081537008285522,False,0,0
3074,TwoRoom,0.02,10,65,5.353555679321289,70.35614013671875,22.110132217407227,False,False,True,3.0637621879577637,0.5902565717697144,False,47,47
3074,TwoRoom,0.02,11,65,220.73374938964844,86.619384765625,21.39923095703125,True,True,True,178.72344970703125,0.3852158784866333,False,0,0
3074,TwoRoom,0.02,12,65,16.152454376220703,25.583908081054688,3.6149821281433105,False,False,False,-2.629690170288086,1.162804365158081,False,0,0
3074,TwoRoom,0.02,13,65,167.04541015625,59.380462646484375,11.283332824707031,True,True,True,71.62139892578125,0.5712459087371826,False,0,0
3074,TwoRoom,0.02,14,65,92.76966857910156,43.8052978515625,4.8427629470825195,True,True,True,83.74760437011719,0.09725229442119598,False,0,0
3074,TwoRoom,0.02,15,65,226.155029296875,31.555023193359375,5.7716169357299805,True,True,True,223.0760955810547,0.09587269276380539,False,0,0
3074,TwoRoom,0.02,16,65,265.643310546875,161.46189880371094,12.8816556930542,False,False,True,81.44947814941406,0.6994929313659668,False,0,0
3074,TwoRoom,0.02,17,65,1.5504913330078125,169.59628295898438,7.1327409744262695,False,False,False,-117.20747375488281,7.116549968719482,False,11,11
3074,TwoRoom,0.02,18,65,98.23817443847656,23.424659729003906,2.1130809783935547,True,True,True,80.44037628173828,0.21264784038066864,False,0,0
3074,TwoRoom,0.02,19,65,10.535972595214844,82.3818359375,9.739958763122559,False,False,False,-1.0270161628723145,1.0974770784378052,True,0,46
3074,TwoRoom,0.02,20,65,260.02392578125,84.96090698242188,12.000195503234863,True,True,True,174.01470947265625,0.43496236205101013,False,0,0
3074,TwoRoom,0.02,21,65,119.75724029541016,117.43276977539062,8.184343338012695,False,False,False,-11.070518493652344,1.0697472095489502,False,0,0
3074,TwoRoom,0.02,22,65,18.829036712646484,153.8447723388672,37.55842208862305,False,False,False,-42.444976806640625,3.254229784011841,False,0,0
3074,TwoRoom,0.02,23,65,55.02301025390625,52.08767318725586,8.28359603881836,False,False,False,-9.790611267089844,1.1779366731643677,True,0,59
3074,TwoRoom,0.02,24,65,18.619897842407227,147.89573669433594,24.733793258666992,False,False,False,-162.0328826904297,9.702136039733887,True,0,28
3074,TwoRoom,0.02,25,65,225.15994262695312,50.93121337890625,6.196539402008057,True,True,True,179.52951049804688,0.28669068217277527,False,0,0
3074,TwoRoom,0.02,26,65,192.89096069335938,27.83465576171875,3.4427378177642822,True,True,True,176.5062713623047,0.11122433841228485,False,0,0
3074,TwoRoom,0.02,27,65,35.188255310058594,147.13381958007812,12.377582550048828,False,False,False,-132.32684326171875,4.760540008544922,True,0,30
3074,TwoRoom,0.02,28,65,256.0707092285156,28.22265625,4.322238445281982,True,True,True,255.73919677734375,0.08563823252916336,False,0,0
3074,TwoRoom,0.02,29,65,36.031837463378906,125.67964172363281,15.829621315002441,False,False,False,-130.0812225341797,4.610174655914307,True,0,26
3074,TwoRoom,0.02,30,65,285.3497009277344,7.95867919921875,0.912087082862854,True,True,True,277.310302734375,0.028173798695206642,False,0,0
3074,TwoRoom,0.02,31,65,227.6898651123047,53.039794921875,6.728185653686523,True,True,True,151.90438842773438,0.33525148034095764,False,0,0
3074,TwoRoom,0.02,32,65,215.48162841796875,169.59027099609375,18.438800811767578,False,False,True,48.38282775878906,0.8198128342628479,False,0,0
3074,TwoRoom,0.02,33,65,4.103714942932129,8.986038208007812,1.065529227256775,False,False,True,2.0270986557006836,0.5060332417488098,False,64,64
3074,TwoRoom,0.02,34,65,312.45904541015625,273.3938293457031,24.77651596069336,False,False,True,113.39639282226562,0.7415918707847595,False,0,0
3074,TwoRoom,0.02,35,65,148.6000518798828,38.84712219238281,6.750884532928467,True,True,True,108.56253051757812,0.26943138241767883,False,0,0
3074,TwoRoom,0.02,36,65,241.08328247070312,29.1015625,3.64046311378479,True,True,True,217.37872314453125,0.1161268800497055,False,0,0
3074,TwoRoom,0.02,37,65,29.620763778686523,322.1526794433594,15.624711990356445,False,False,False,-312.65673828125,11.55532455444336,True,46,0
3074,TwoRoom,0.02,38,65,13.32989501953125,32.381011962890625,5.802279949188232,False,False,True,0.3558349609375,0.9733055233955383,False,19,19
3074,TwoRoom,0.02,39,65,2.5532588958740234,59.281959533691406,8.191326141357422,False,False,False,-26.92669677734375,11.546010971069336,False,20,20
3074,TwoRoom,0.02,40,65,96.57846069335938,269.728271484375,40.600772857666016,False,False,True,52.16543960571289,0.8076204061508179,False,0,0
3074,TwoRoom,0.02,41,65,106.88004302978516,162.11083984375,10.72099781036377,False,False,True,44.89427185058594,0.7102031111717224,False,0,0
3074,TwoRoom,0.02,42,65,207.5593719482422,44.406494140625,10.706830024719238,True,True,True,199.45562744140625,0.15763045847415924,False,0,0
3074,TwoRoom,0.02,43,65,299.7313537597656,175.68960571289062,10.95052433013916,False,False,True,280.9967346191406,0.38972681760787964,False,0,0
3074,TwoRoom,0.02,44,65,272.8156433105469,3.568206787109375,0.6942183375358582,True,True,True,271.2427978515625,0.013551895506680012,False,0,0
3074,TwoRoom,0.02,45,65,319.7533874511719,56.375579833984375,5.552166938781738,True,True,True,250.9974822998047,0.245404452085495,False,0,0
3074,TwoRoom,0.02,46,65,17.330238342285156,68.82333374023438,12.352174758911133,False,False,False,-2.86226749420166,1.1651602983474731,True,0,23
3074,TwoRoom,0.02,47,65,23.482158660888672,7.772003173828125,1.638780117034912,True,True,True,20.007469177246094,0.14797146618366241,False,0,0
3074,TwoRoom,0.02,48,65,105.44668579101562,69.81320190429688,5.975304126739502,False,False,True,79.66707611083984,0.3365701138973236,False,13,13
3074,TwoRoom,0.02,49,65,114.50634765625,146.93551635742188,12.121904373168945,False,False,True,94.60418701171875,0.5773448348045349,False,0,0
3074,TwoRoom,0.02,50,65,149.9473876953125,18.220916748046875,3.867971420288086,True,True,True,138.3905792236328,0.07707241922616959,False,0,0
3074,TwoRoom,0.02,51,65,68.22486114501953,304.6042175292969,24.308332443237305,False,False,False,-379.4901428222656,6.562343597412109,True,0,29
3074,TwoRoom,0.02,52,65,49.588375091552734,303.72930908203125,13.956987380981445,False,False,True,40.480079650878906,0.495789110660553,False,0,0
3074,TwoRoom,0.02,53,65,10.928077697753906,164.84117126464844,8.099946975708008,False,False,False,-136.30203247070312,4.614688396453857,True,16,0
3074,TwoRoom,0.02,54,65,279.6142272949219,97.33056640625,4.8479814529418945,True,True,True,272.6672668457031,0.16857242584228516,False,0,0
3074,TwoRoom,0.02,55,65,2.2032291889190674,51.64833068847656,6.765654563903809,False,False,False,-4.28397274017334,2.944406509399414,False,33,33
3074,TwoRoom,0.02,56,65,95.31546783447266,67.80787658691406,23.126428604125977,False,False,True,39.34934997558594,0.5871672034263611,False,0,0
3074,TwoRoom,0.02,57,65,238.38815307617188,47.03176498413086,2.7895493507385254,True,True,True,185.47003173828125,0.22198300063610077,False,0,0
3074,TwoRoom,0.02,58,65,164.36373901367188,55.78924560546875,10.624176979064941,True,True,True,110.02227783203125,0.38523757457733154,False,0,0
3074,TwoRoom,0.02,59,65,120.22380065917969,89.59271240234375,8.426004409790039,False,False,True,114.86750793457031,0.20471830666065216,False,0,0
3074,TwoRoom,0.02,60,65,219.55462646484375,155.65179443359375,20.18744468688965,False,False,True,22.067626953125,0.8994891047477722,False,0,0
3074,TwoRoom,0.02,61,65,208.8747100830078,68.7137451171875,10.1145658493042,True,True,True,129.42431640625,0.380373477935791,False,0,0
3074,TwoRoom,0.02,62,65,11.067748069763184,47.55731201171875,10.995920181274414,False,False,True,10.14626693725586,0.3264826536178589,False,0,0
3074,TwoRoom,0.02,63,65,217.7050323486328,3.0381622314453125,0.7546104192733765,True,True,True,216.50352478027344,0.016414519399404526,False,0,0
3074,TwoRoom,0.02,64,65,276.3832702636719,175.34671020507812,28.86403465270996,False,False,True,29.029685974121094,0.901627242565155,False,0,0
3074,TwoRoom,0.02,65,65,4.748025894165039,37.6798095703125,6.038425922393799,False,False,False,-3.2855589389801025,1.6919841766357422,True,0,29
3074,TwoRoom,0.02,66,65,132.7779083251953,98.70411682128906,30.850961685180664,False,False,True,68.79706573486328,0.4818636178970337,False,0,0
3074,TwoRoom,0.02,67,65,250.05691528320312,59.37298583984375,11.569666862487793,True,True,True,181.45343017578125,0.290818452835083,False,0,0
3074,TwoRoom,0.02,68,65,328.759033203125,67.33932495117188,9.732544898986816,True,True,True,318.52789306640625,0.11896450817584991,False,0,0
3074,TwoRoom,0.02,69,65,285.4966125488281,114.7867431640625,7.697013854980469,True,True,True,255.45924377441406,0.31204840540885925,False,0,0
3074,TwoRoom,0.02,70,65,4.574962615966797,103.22726440429688,21.950153350830078,False,False,False,-48.825096130371094,10.321953773498535,True,0,11
3074,TwoRoom,0.02,71,65,248.28671264648438,63.408172607421875,3.8836123943328857,True,True,True,246.24818420410156,0.16851231455802917,False,0,0
3074,TwoRoom,0.02,72,65,139.34259033203125,102.46484375,18.3570613861084,False,False,True,58.089054107666016,0.5934735536575317,False,0,0
3074,TwoRoom,0.02,73,65,107.14981079101562,30.573394775390625,5.328039646148682,True,True,True,71.13236999511719,0.3361409902572632,False,0,0
3074,TwoRoom,0.02,74,65,233.92572021484375,9.116180419921875,2.426164388656616,True,True,True,225.46722412109375,0.046047426760196686,False,0,0
3074,TwoRoom,0.02,75,65,297.19439697265625,9.872528076171875,2.333437442779541,True,True,True,291.83135986328125,0.03465680778026581,False,0,0
3074,TwoRoom,0.02,76,65,31.309919357299805,59.307830810546875,6.133748531341553,False,False,True,25.8251953125,0.17584195733070374,False,0,0
3074,TwoRoom,0.02,77,65,366.2613220214844,25.28570556640625,6.829786777496338,True,True,True,345.8833923339844,0.05563768744468689,False,0,0
3074,TwoRoom,0.02,78,65,263.8815002441406,23.24237060546875,5.925619602203369,True,True,True,241.91787719726562,0.08323288708925247,False,0,0
3074,TwoRoom,0.02,79,65,132.72157287597656,82.174072265625,5.294413089752197,False,False,True,127.22359466552734,0.36207157373428345,False,0,0
3074,TwoRoom,0.02,80,65,233.7012481689453,64.6190185546875,11.513704299926758,True,True,True,172.33065795898438,0.29474908113479614,False,0,0
3074,TwoRoom,0.02,81,65,158.745849609375,35.83203125,7.249577045440674,True,True,True,131.71395874023438,0.17028410732746124,False,0,0
3074,TwoRoom,0.02,82,65,16.46634292602539,278.8025817871094,27.419145584106445,False,False,False,-483.24566650390625,30.34747886657715,True,0,47
3074,TwoRoom,0.02,83,65,89.78104400634766,32.126617431640625,4.823792934417725,True,True,True,87.68309783935547,0.08779033273458481,False,0,0
3074,TwoRoom,0.02,84,65,155.38156127929688,59.29713439941406,3.4635143280029297,True,True,True,142.25234985351562,0.24641776084899902,False,0,0
3074,TwoRoom,0.02,85,65,7.073936462402344,127.58770751953125,14.984017372131348,False,False,False,-182.9651641845703,26.864686965942383,True,0,51
3074,TwoRoom,0.02,86,65,246.1640167236328,129.52352905273438,3.739731550216675,False,False,True,237.90841674804688,0.28745487332344055,False,0,0
3074,TwoRoom,0.02,87,65,275.08795166015625,77.66281127929688,12.532703399658203,True,True,True,177.34912109375,0.372082382440567,False,0,0
3074,TwoRoom,0.02,88,65,383.21380615234375,66.26455688476562,7.9721360206604,True,True,True,345.7366027832031,0.153961181640625,False,0,0
3074,TwoRoom,0.02,89,65,185.28744506835938,15.0972900390625,2.7465877532958984,True,True,True,157.69357299804688,0.14892467856407166,False,0,0
3074,TwoRoom,0.02,90,65,229.69912719726562,17.93353271484375,2.5552055835723877,True,True,True,215.0278778076172,0.0638715922832489,False,0,0
3074,TwoRoom,0.02,91,65,98.26336669921875,13.85394287109375,2.566225528717041,True,True,True,87.14048767089844,0.18499945104122162,False,0,0
3074,TwoRoom,0.02,92,65,174.91278076171875,30.107711791992188,5.204052925109863,True,True,True,137.28428649902344,0.21512717008590698,False,0,0
3074,TwoRoom,0.02,93,65,219.9196319580078,64.71395111083984,6.411221027374268,True,True,True,149.5306396484375,0.33241620659828186,False,0,0
3074,TwoRoom,0.02,94,65,9.816986083984375,41.2386474609375,8.244104385375977,False,False,False,-15.656303405761719,2.4741456508636475,False,63,63
3074,TwoRoom,0.02,95,65,86.44246673583984,36.2833251953125,7.823822498321533,True,True,True,49.17134475708008,0.43116679787635803,False,0,0
3074,TwoRoom,0.02,96,65,348.74298095703125,340.73388671875,20.503376007080078,False,False,False,-10.660909652709961,1.0305695533752441,False,0,0
3074,TwoRoom,0.02,97,65,297.1683654785156,412.9851379394531,13.724675178527832,False,False,False,-118.15789794921875,1.3976126909255981,True,0,3
3074,TwoRoom,0.02,98,65,0.8388128280639648,431.0035095214844,33.405792236328125,False,False,False,-709.77099609375,847.1612548828125,True,0,62
3074,TwoRoom,0.02,99,65,16.281476974487305,169.5706787109375,51.96969223022461,False,False,False,-187.207763671875,12.498204231262207,True,0,44
3074,TwoRoom,0.03,0,65,24.60176658630371,194.808349609375,14.204232215881348,False,False,False,-348.5518493652344,15.167757034301758,False,0,0
3074,TwoRoom,0.03,1,65,82.299072265625,290.6946716308594,18.68963623046875,False,False,False,-273.6835632324219,4.325475692749023,True,0,25
3074,TwoRoom,0.03,2,65,256.5939025878906,37.490753173828125,4.858126640319824,True,True,True,221.7567596435547,0.22246821224689484,False,0,0
3074,TwoRoom,0.03,3,65,203.55799865722656,101.66482543945312,10.022746086120605,True,True,True,79.92298889160156,0.6732591986656189,False,0,0
3074,TwoRoom,0.03,4,65,249.39959716796875,3.852996826171875,0.7710587978363037,True,True,True,248.7063751220703,0.013575936667621136,False,0,0
3074,TwoRoom,0.03,5,65,62.160762786865234,58.19062805175781,6.596381187438965,False,False,True,37.25187301635742,0.40071725845336914,False,0,0
3074,TwoRoom,0.03,6,65,220.09754943847656,18.85589599609375,5.187870979309082,True,True,True,209.19149780273438,0.06032601743936539,False,0,0
3074,TwoRoom,0.03,7,65,295.28851318359375,9.255279541015625,2.0234005451202393,True,True,True,293.63006591796875,0.02512938156723976,False,0,0
3074,TwoRoom,0.03,8,65,11.62586498260498,18.70245361328125,4.065953731536865,False,False,True,5.993799209594727,0.48444274067878723,False,0,0
3074,TwoRoom,0.03,9,65,82.8048095703125,21.587371826171875,2.0319364070892334,True,True,True,79.04615020751953,0.1418294757604599,False,0,0
3074,TwoRoom,0.03,10,65,2.258608818054199,14.320648193359375,3.249147653579712,False,False,True,0.6628236770629883,0.7065345644950867,False,0,0
3074,TwoRoom,0.03,11,65,358.26348876953125,50.1168212890625,4.2142462730407715,True,True,True,354.6252746582031,0.08448347449302673,False,0,0
3074,TwoRoom,0.03,12,65,18.490503311157227,22.327621459960938,4.172260761260986,False,False,True,6.303341388702393,0.6591038703918457,False,0,0
3074,TwoRoom,0.03,13,65,157.69186401367188,25.564380645751953,4.975962162017822,True,True,True,111.90972900390625,0.2903265655040741,False,0,0
3074,TwoRoom,0.03,14,65,41.49539566040039,20.89520263671875,2.8862149715423584,False,False,True,39.94195556640625,0.112919881939888,False,0,0
3074,TwoRoom,0.03,15,65,210.08847045898438,3.675506591796875,0.7422629594802856,True,True,True,208.43881225585938,0.011546624824404716,False,0,0
3074,TwoRoom,0.03,16,65,237.8335723876953,6.251689910888672,1.5440577268600464,True,True,True,231.05291748046875,0.03875278681516647,False,0,0
3074,TwoRoom,0.03,17,65,0.701629638671875,4.025543212890625,0.7501460313796997,False,False,False,-0.040679931640625,1.0579792261123657,False,48,48
3074,TwoRoom,0.03,18,65,42.198387145996094,54.93585205078125,6.374945640563965,False,False,False,-9.602434158325195,1.227554440498352,True,0,15
3074,TwoRoom,0.03,19,65,5.139314651489258,114.9892578125,18.88714599609375,False,False,False,-37.3126220703125,8.260232925415039,False,0,0
3074,TwoRoom,0.03,20,65,269.82501220703125,9.38226318359375,2.2391109466552734,True,True,True,266.2549133300781,0.03958149999380112,False,0,0
3074,TwoRoom,0.03,21,65,130.52828979492188,9.769149780273438,1.6077159643173218,True,True,True,120.474853515625,0.08374093472957611,False,0,0
3074,TwoRoom,0.03,22,65,15.453492164611816,122.73748779296875,23.390514373779297,False,False,False,-37.41183090209961,3.4209306240081787,False,0,0
3074,TwoRoom,0.03,23,65,47.12201690673828,34.010040283203125,6.064952850341797,False,False,False,-2.6347408294677734,1.0559132099151611,True,0,59
3074,TwoRoom,0.03,24,65,26.606075286865234,8.9935302734375,1.6641654968261719,True,True,True,16.299915313720703,0.3873611390590668,False,0,0
3074,TwoRoom,0.03,25,65,223.90679931640625,22.940521240234375,2.73028826713562,True,True,True,214.75018310546875,0.0955992192029953,False,0,0
3074,TwoRoom,0.03,26,65,218.53347778320312,5.029815673828125,0.8790918588638306,True,True,True,216.1919708251953,0.025114892050623894,False,0,0
3074,TwoRoom,0.03,27,65,8.463912963867188,1.284210205078125,0.3918471038341522,True,True,True,7.06280517578125,0.16553901135921478,False,0,0
3074,TwoRoom,0.03,28,65,253.20223999023438,186.818603515625,5.450353145599365,False,False,True,145.77528381347656,0.5619485378265381,False,0,0
3074,TwoRoom,0.03,29,65,26.649808883666992,36.57856750488281,3.471463203430176,False,False,True,16.731369018554688,0.6915659308433533,False,0,0
3074,TwoRoom,0.03,30,65,330.2203369140625,19.176788330078125,4.330935955047607,True,True,True,317.7015075683594,0.06230786442756653,False,0,0
3074,TwoRoom,0.03,31,65,227.13555908203125,123.58795928955078,12.49635124206543,False,False,True,100.68280792236328,0.5567281246185303,False,0,0
3074,TwoRoom,0.03,32,65,213.44650268554688,53.381591796875,5.451757431030273,True,True,True,209.01290893554688,0.19945964217185974,False,0,0
3074,TwoRoom,0.03,33,65,15.448773384094238,77.56184387207031,4.932255744934082,False,False,False,-7.101531982421875,1.4596824645996094,False,0,0
3074,TwoRoom,0.03,34,65,302.7729187011719,36.506805419921875,2.8268704414367676,True,True,True,290.186767578125,0.07919769734144211,False,0,0
3074,TwoRoom,0.03,35,65,134.2646484375,37.363525390625,4.310683250427246,True,True,True,106.34916687011719,0.2079138606786728,False,0,0
3074,TwoRoom,0.03,36,65,252.67193603515625,17.554901123046875,2.0305304527282715,True,True,True,249.6660919189453,0.0648341253399849,False,0,0
3074,TwoRoom,0.03,37,65,25.918743133544922,36.682342529296875,3.091808557510376,False,False,True,6.951618194580078,0.7317918539047241,False,46,46
3074,TwoRoom,0.03,38,65,1.8721923828125,12.427520751953125,0.7178184986114502,False,False,False,-0.061431884765625,1.0328128337860107,False,19,19
3074,TwoRoom,0.03,39,65,20.64589500427246,52.603309631347656,7.6424150466918945,False,False,True,16.026321411132812,0.4689023494720459,False,0,0
3074,TwoRoom,0.03,40,65,189.3212890625,329.12713623046875,45.190120697021484,False,False,True,171.60145568847656,0.5175264477729797,False,0,0
3074,TwoRoom,0.03,41,65,110.29938507080078,46.242462158203125,4.288507461547852,True,True,True,94.3000259399414,0.2411658763885498,False,0,0
3074,TwoRoom,0.03,42,65,307.6810607910156,20.005859375,5.603152275085449,True,True,True,301.6332092285156,0.05221322178840637,False,0,0
3074,TwoRoom,0.03,43,65,305.0667419433594,86.40557861328125,15.348268508911133,True,True,True,304.4127502441406,0.19644559919834137,False,0,0
3074,TwoRoom,0.03,44,65,230.43955993652344,19.9678955078125,3.3736984729766846,True,True,True,225.2332000732422,0.06281870603561401,False,0,0
3074,TwoRoom,0.03,45,65,306.2157897949219,33.303009033203125,4.320008754730225,True,True,True,286.75555419921875,0.10965747386217117,False,0,0
3074,TwoRoom,0.03,46,65,17.468929290771484,42.643951416015625,8.74949836730957,False,False,True,13.923126220703125,0.20297770202159882,False,0,0
3074,TwoRoom,0.03,47,65,48.03814697265625,51.097320556640625,9.788812637329102,False,False,True,4.101352691650391,0.9146230220794678,False,0,0
3074,TwoRoom,0.03,48,65,9.076644897460938,44.402374267578125,6.055075645446777,False,False,False,-13.731048583984375,2.512789011001587,True,0,13
3074,TwoRoom,0.03,49,65,151.5214385986328,103.00308227539062,9.19330883026123,False,False,True,38.86613464355469,0.7434941530227661,False,0,0
3074,TwoRoom,0.03,50,65,148.89723205566406,28.51190185546875,2.7665047645568848,True,True,True,145.136962890625,0.0825459435582161,False,0,0
3074,TwoRoom,0.03,51,65,16.013198852539062,12.090576171875,2.1201608180999756,False,False,True,14.522725105285645,0.09307782351970673,False,0,0
3074,TwoRoom,0.03,52,65,40.92674255371094,65.30096435546875,2.3739898204803467,False,False,True,39.77751159667969,0.11366985738277435,False,0,0
3074,TwoRoom,0.03,53,65,35.129112243652344,74.24871826171875,3.9074440002441406,False,False,False,-24.882644653320312,1.5460923910140991,True,16,25
3074,TwoRoom,0.03,54,65,292.877197265625,146.99761962890625,6.024997711181641,False,False,True,290.3916320800781,0.31882303953170776,False,0,0
3074,TwoRoom,0.03,55,65,2.3472185134887695,82.12796020507812,22.78536605834961,False,False,False,-30.8339786529541,4.107466697692871,True,0,33
3074,TwoRoom,0.03,56,65,53.29529571533203,44.373504638671875,14.441325187683105,False,False,True,24.980615615844727,0.5312791466712952,False,0,0
3074,TwoRoom,0.03,57,65,226.27586364746094,9.84588623046875,1.634466290473938,True,True,True,223.63751220703125,0.02970205247402191,False,0,0
3074,TwoRoom,0.03,58,65,232.74090576171875,37.72691345214844,6.762811183929443,True,True,True,184.6548614501953,0.24287426471710205,False,0,0
3074,TwoRoom,0.03,59,65,100.2192153930664,26.475982666015625,2.9498002529144287,True,True,True,99.30258178710938,0.06874604523181915,False,0,0
3074,TwoRoom,0.03,60,65,234.29766845703125,7.04376220703125,1.3922650814056396,True,True,True,232.3819580078125,0.025023290887475014,False,0,0
3074,TwoRoom,0.03,61,65,81.23384094238281,11.934661865234375,1.7617361545562744,True,True,True,64.44883728027344,0.2066258043050766,False,0,0
3074,TwoRoom,0.03,62,65,6.435050010681152,29.57427978515625,7.303160667419434,False,False,True,4.4180145263671875,0.31344524025917053,False,0,0
3074,TwoRoom,0.03,63,65,220.9786834716797,18.15118408203125,3.4292361736297607,True,True,True,211.14222717285156,0.09325769543647766,False,0,0
3074,TwoRoom,0.03,64,65,259.5773010253906,110.82760620117188,17.09592056274414,True,True,True,167.56097412109375,0.4021508991718292,False,0,0
3074,TwoRoom,0.03,65,65,1.421818733215332,61.119140625,4.93766975402832,False,False,False,-8.296284675598145,6.834980487823486,True,0,29
3074,TwoRoom,0.03,66,65,112.40509033203125,31.79803466796875,8.047513961791992,True,True,True,110.15927124023438,0.1288483887910843,False,0,0
3074,TwoRoom,0.03,67,65,248.86891174316406,18.042724609375,2.863554000854492,True,True,True,230.6958465576172,0.10579007118940353,False,0,0
3074,TwoRoom,0.03,68,65,297.1863098144531,10.124908447265625,1.9077033996582031,True,True,True,296.2528381347656,0.02176544815301895,False,0,0
3074,TwoRoom,0.03,69,65,284.9657897949219,23.115386962890625,3.534623384475708,True,True,True,279.6979064941406,0.0816410630941391,False,0,0
3074,TwoRoom,0.03,70,65,1.8156169652938843,16.629730224609375,1.4743708372116089,False,False,True,1.3002245426177979,0.2838662266731262,False,0,0
3074,TwoRoom,0.03,71,65,243.2399444580078,18.792083740234375,2.99208927154541,True,True,True,235.1558380126953,0.05906113609671593,False,0,0
3074,TwoRoom,0.03,72,65,98.04901123046875,53.549163818359375,9.83570671081543,False,False,True,64.2473373413086,0.37020960450172424,False,0,0
3074,TwoRoom,0.03,73,65,123.16401672363281,67.23231506347656,5.283512115478516,False,False,True,60.19401931762695,0.5112694501876831,False,0,0
3074,TwoRoom,0.03,74,65,221.44427490234375,21.550952911376953,3.204119920730591,True,True,True,198.84396362304688,0.12721355259418488,False,0,0
3074,TwoRoom,0.03,75,65,297.70391845703125,2.467254638671875,0.3176324665546417,True,True,True,297.3868713378906,0.005812592804431915,False,0,0
3074,TwoRoom,0.03,76,65,31.948904037475586,33.154754638671875,9.643851280212402,False,False,True,5.524624824523926,0.8270793557167053,False,0,0
3074,TwoRoom,0.03,77,65,300.08355712890625,71.415283203125,4.3381853103637695,True,True,True,251.92784118652344,0.22133982181549072,False,0,0
3074,TwoRoom,0.03,78,65,293.7849426269531,24.273651123046875,7.048216819763184,True,True,True,273.26751708984375,0.09997756779193878,False,0,0
3074,TwoRoom,0.03,79,65,154.4543914794922,35.1300048828125,4.078156471252441,True,True,True,142.49412536621094,0.11411809176206589,False,0,0
3074,TwoRoom,0.03,80,65,10.9486083984375,375.2840881347656,12.088251113891602,False,False,False,-283.9111328125,3.613048553466797,True,1,0
3074,TwoRoom,0.03,81,65,168.40774536132812,72.96395874023438,11.742189407348633,True,True,True,102.71739196777344,0.39006727933883667,False,0,0
3074,TwoRoom,0.03,82,65,5.928121566772461,40.35108947753906,4.191365718841553,False,False,False,-8.885063171386719,2.4987990856170654,False,0,0
3074,TwoRoom,0.03,83,65,171.23947143554688,23.68743896484375,7.591069221496582,True,True,True,160.77169799804688,0.10327844321727753,False,0,0
3074,TwoRoom,0.03,84,65,155.1994171142578,69.01054382324219,6.751847743988037,True,True,True,103.27381134033203,0.3345734477043152,False,0,0
3074,TwoRoom,0.03,85,65,39.32283401489258,9.275718688964844,1.0390766859054565,True,True,True,31.3964900970459,0.2015710473060608,False,0,0
3074,TwoRoom,0.03,86,65,297.4127502441406,38.069549560546875,2.9814820289611816,True,True,True,297.23516845703125,0.09628253430128098,False,0,0
3074,TwoRoom,0.03,87,65,269.7696228027344,4.695068359375,1.073065161705017,True,True,True,269.1920166015625,0.013987251557409763,False,0,0
3074,TwoRoom,0.03,88,65,345.93255615234375,72.210205078125,8.245948791503906,True,True,True,332.192138671875,0.13223406672477722,False,0,0
3074,TwoRoom,0.03,89,65,185.51113891601562,54.14495849609375,8.140694618225098,True,True,True,129.41250610351562,0.3379828929901123,False,0,0
3074,TwoRoom,0.03,90,65,168.1910400390625,27.86474609375,3.7668309211730957,True,True,True,158.57855224609375,0.057152245193719864,False,0,0
3074,TwoRoom,0.03,91,65,96.34725952148438,30.726089477539062,5.292796611785889,True,True,True,59.58415222167969,0.3815687894821167,False,0,0
3074,TwoRoom,0.03,92,65,185.5040283203125,23.29425048828125,3.4984419345855713,True,True,True,182.72425842285156,0.057836297899484634,False,0,0
3074,TwoRoom,0.03,93,65,227.95681762695312,49.07609558105469,4.831403732299805,True,True,True,172.8801727294922,0.2574365437030792,False,0,0
3074,TwoRoom,0.03,94,65,57.75065612792969,72.13409423828125,12.636739730834961,False,False,True,21.676727294921875,0.6617695093154907,False,24,24
3074,TwoRoom,0.03,95,65,87.96670532226562,37.0792236328125,6.714784622192383,True,True,True,66.58342742919922,0.24308374524116516,False,0,0
3074,TwoRoom,0.03,96,65,365.49176025390625,25.287811279296875,2.7973551750183105,True,True,True,356.3729248046875,0.04921810328960419,False,0,0
3074,TwoRoom,0.03,97,65,282.760986328125,27.918792724609375,4.731802940368652,True,True,True,274.080810546875,0.08238893747329712,False,0,0
3074,TwoRoom,0.03,98,65,234.76736450195312,170.55935668945312,16.08182144165039,False,False,True,123.3719482421875,0.565115749835968,False,0,0
3074,TwoRoom,0.03,99,65,20.199132919311523,37.2025146484375,8.987471580505371,False,False,True,8.847291946411133,0.6365710496902466,False,0,0
3074,TwoRoom,0.04,0,65,9.358428955078125,9.913299560546875,0.8882675170898438,False,False,True,0.6979885101318359,0.9254160523414612,False,0,0
3074,TwoRoom,0.04,1,65,31.68408966064453,16.477340698242188,2.16268253326416,False,False,True,21.4996337890625,0.3214375376701355,False,0,0
3074,TwoRoom,0.04,2,65,230.23382568359375,18.118072509765625,2.125016212463379,True,True,True,208.61782836914062,0.11381852626800537,False,0,0
3074,TwoRoom,0.04,3,65,148.86976623535156,76.32035827636719,4.78161096572876,False,False,True,52.45242691040039,0.647662341594696,False,0,0
3074,TwoRoom,0.04,4,65,233.9095001220703,27.8482666015625,3.450418472290039,True,True,True,222.66357421875,0.09314455091953278,False,0,0
3074,TwoRoom,0.04,5,65,71.2274169921875,51.33839416503906,2.1562716960906982,False,False,True,63.2234992980957,0.3224155306816101,False,0,0
3074,TwoRoom,0.04,6,65,177.8458709716797,31.662185668945312,4.779392719268799,True,True,True,127.21212768554688,0.2847057580947876,False,0,0
3074,TwoRoom,0.04,7,65,318.8714294433594,17.75030517578125,2.816103935241699,True,True,True,316.60748291015625,0.03625916689634323,False,0,0
3074,TwoRoom,0.04,8,65,4.628181457519531,5.591156005859375,1.2565829753875732,False,False,True,3.8962907791137695,0.15813785791397095,False,0,0
3074,TwoRoom,0.04,9,65,92.57425689697266,69.47718048095703,6.292704105377197,False,False,False,-15.387680053710938,1.1662198305130005,False,0,0
3074,TwoRoom,0.04,10,65,16.010997772216797,23.74749755859375,7.180752754211426,False,False,True,14.275440216064453,0.28472650051116943,False,0,0
3074,TwoRoom,0.04,11,65,261.0315856933594,12.427093505859375,1.8586983680725098,True,True,True,257.6412658691406,0.03066292032599449,False,0,0
3074,TwoRoom,0.04,12,65,4.331735610961914,98.99264526367188,6.7557053565979,False,False,False,-90.95177459716797,21.996612548828125,True,0,6
3074,TwoRoom,0.04,13,65,186.88937377929688,15.97796630859375,2.171267032623291,True,True,True,169.8397674560547,0.12032463401556015,False,0,0
3074,TwoRoom,0.04,14,65,110.0484390258789,8.14093017578125,1.6831086874008179,True,True,True,109.678955078125,0.030385032296180725,False,0,0
3074,TwoRoom,0.04,15,65,218.19873046875,8.99658203125,1.6910138130187988,True,True,True,212.68890380859375,0.0408635288476944,False,0,0
3074,TwoRoom,0.04,16,65,248.91574096679688,8.724188804626465,1.1872165203094482,True,True,True,237.99090576171875,0.044548261910676956,False,0,0
3074,TwoRoom,0.04,17,65,9.9422607421875,85.396484375,3.0739169120788574,False,False,True,5.0120391845703125,0.5115106701850891,False,30,30
3074,TwoRoom,0.04,18,65,70.98497772216797,39.388511657714844,4.535698890686035,False,False,True,48.045352935791016,0.3304566442966461,False,0,0
3074,TwoRoom,0.04,19,65,1.1403193473815918,26.03131103515625,4.747673988342285,False,False,False,-4.6594038009643555,5.0860514640808105,True,0,46
3074,TwoRoom,0.04,20,65,253.65390014648438,25.306182861328125,2.355534315109253,True,True,True,249.7327423095703,0.057363349944353104,False,0,0
3074,TwoRoom,0.04,21,65,142.47267150878906,30.24676513671875,4.194739818572998,True,True,True,120.10374450683594,0.23279379308223724,False,0,0
3074,TwoRoom,0.04,22,65,18.540987014770508,57.76155090332031,14.873727798461914,False,False,False,-18.075092315673828,1.9748722314834595,False,0,0
3074,TwoRoom,0.04,23,65,45.01824951171875,34.0343017578125,3.6020429134368896,False,False,True,16.239805221557617,0.6392617225646973,False,0,0
3074,TwoRoom,0.04,24,65,14.618477821350098,180.68301391601562,12.001279830932617,False,False,False,-41.48546600341797,3.837878465652466,True,0,22
3074,TwoRoom,0.04,25,65,244.68228149414062,20.69805335998535,2.19028377532959,True,True,True,223.53964233398438,0.10366199910640717,False,0,0
3074,TwoRoom,0.04,26,65,198.64341735839844,51.19645690917969,5.989315986633301,True,True,True,149.66912841796875,0.28098157048225403,False,0,0
3074,TwoRoom,0.04,27,65,0.6391067504882812,36.3741455078125,3.477677345275879,False,False,False,-30.944015502929688,49.4176025390625,False,0,0
3074,TwoRoom,0.04,28,65,246.78175354003906,114.7337646484375,4.42966365814209,True,True,True,232.73243713378906,0.33049625158309937,False,0,0
3074,TwoRoom,0.04,29,65,20.750207901000977,11.829826354980469,0.8990667462348938,False,False,True,20.705209732055664,0.1190219447016716,False,0,0
3074,TwoRoom,0.04,30,65,322.9884338378906,1.250732421875,0.33044499158859253,True,True,True,321.83209228515625,0.004248668439686298,False,0,0
3074,TwoRoom,0.04,31,65,126.65631103515625,16.080596923828125,2.3545494079589844,True,True,True,117.51862335205078,0.10423918813467026,False,0,0
3074,TwoRoom,0.04,32,65,196.1342315673828,23.724075317382812,2.636220693588257,True,True,True,188.65850830078125,0.10276271402835846,False,0,0
3074,TwoRoom,0.04,33,65,1.7742948532104492,22.764892578125,3.028503656387329,False,False,False,-5.617640972137451,4.166125774383545,False,64,64
3074,TwoRoom,0.04,34,65,274.44683837890625,234.23367309570312,15.289909362792969,False,False,True,202.50526428222656,0.5378735065460205,False,0,0
3074,TwoRoom,0.04,35,65,123.24958801269531,36.657562255859375,3.3457841873168945,True,True,True,109.83651733398438,0.10882853716611862,False,0,0
3074,TwoRoom,0.04,36,65,252.51181030273438,7.99761962890625,0.9192346930503845,True,True,True,250.36537170410156,0.028352627530694008,False,0,0
3074,TwoRoom,0.04,37,65,2.547740936279297,19.733909606933594,2.873216390609741,False,False,False,-7.758872985839844,4.045392990112305,True,0,46
3074,TwoRoom,0.04,38,65,22.12841796875,14.20794677734375,0.6012460589408875,False,False,True,21.625396728515625,0.2809986174106598,False,19,19
3074,TwoRoom,0.04,39,65,19.00199317932129,18.928741455078125,2.3173086643218994,False,False,True,13.768726348876953,0.27540621161460876,False,0,0
3074,TwoRoom,0.04,40,65,11.472557067871094,30.95489501953125,12.44091796875,False,False,False,-0.5299224853515625,1.0461905002593994,False,0,0
3074,TwoRoom,0.04,41,65,103.35208892822266,101.92379760742188,3.965501070022583,False,False,True,91.46580505371094,0.36649587750434875,False,0,0
3074,TwoRoom,0.04,42,65,332.6302185058594,17.1075439453125,4.073614120483398,True,True,True,326.068359375,0.03380816429853439,False,0,0
3074,TwoRoom,0.04,43,65,286.4456481933594,15.0914306640625,1.7563068866729736,True,True,True,280.1007080078125,0.03793930262327194,False,0,0
3074,TwoRoom,0.04,44,65,247.40708923339844,7.93408203125,1.5131704807281494,True,True,True,243.16981506347656,0.03550131618976593,False,0,0
3074,TwoRoom,0.04,45,65,263.9642028808594,19.8870849609375,1.927715539932251,True,True,True,234.10159301757812,0.11313128471374512,False,0,0
3074,TwoRoom,0.04,46,65,24.561195373535156,30.27398681640625,6.606957912445068,False,False,True,7.545065402984619,0.6928054690361023,False,0,0
3074,TwoRoom,0.04,47,65,42.843666076660156,18.603363037109375,4.840522766113281,True,True,True,20.736238479614258,0.5160022377967834,False,0,0
3074,TwoRoom,0.04,48,65,6.124168395996094,34.341522216796875,7.016937732696533,False,False,False,-28.591529846191406,5.668638706207275,False,0,0
3074,TwoRoom,0.04,49,65,129.32046508789062,28.4193115234375,3.8764500617980957,True,True,True,102.17742919921875,0.2098897397518158,False,0,0
3074,TwoRoom,0.04,50,65,144.83384704589844,71.99459838867188,6.28016471862793,True,True,True,133.13824462890625,0.19104787707328796,False,0,0
3074,TwoRoom,0.04,51,65,62.15166473388672,367.52667236328125,8.944709777832031,False,False,False,-308.8665466308594,5.96956205368042,False,0,0
3074,TwoRoom,0.04,52,65,35.980018615722656,21.274383544921875,3.6640584468841553,False,False,True,35.18268585205078,0.05940660089254379,False,0,0
3074,TwoRoom,0.04,53,65,26.23487091064453,66.35478210449219,2.0188331604003906,False,False,False,-45.183860778808594,2.722282648086548,False,0,0
3074,TwoRoom,0.04,54,65,272.7274475097656,16.365631103515625,2.6618704795837402,True,True,True,271.6676330566406,0.047963738441467285,False,0,0
3074,TwoRoom,0.04,55,65,0.22162246704101562,23.34869384765625,3.8673269748687744,False,False,False,-1.3044664859771729,6.885984897613525,True,0,12
3074,TwoRoom,0.04,56,65,68.44348907470703,24.323699951171875,4.147007465362549,True,True,True,65.17697143554688,0.12545110285282135,False,0,0
3074,TwoRoom,0.04,57,65,200.75521850585938,11.96148681640625,1.6177600622177124,True,True,True,199.96742248535156,0.037405695766210556,False,0,0
3074,TwoRoom,0.04,58,65,186.94091796875,43.146263122558594,2.414146900177002,True,True,True,141.62692260742188,0.24239736795425415,False,0,0
3074,TwoRoom,0.04,59,65,147.109619140625,30.778289794921875,2.3571829795837402,True,True,True,144.0934600830078,0.08513756096363068,False,0,0
3074,TwoRoom,0.04,60,65,258.0679931640625,3.74920654296875,0.7455146312713623,True,True,True,256.2916259765625,0.013064507395029068,False,0,0
3074,TwoRoom,0.04,61,65,1.4610977172851562,17.876922607421875,1.8860520124435425,False,False,False,-7.736412048339844,6.294931411743164,True,41,0
3074,TwoRoom,0.04,62,65,12.56118106842041,49.851287841796875,6.058947563171387,False,False,True,7.378993034362793,0.4125557839870453,False,0,0
3074,TwoRoom,0.04,63,65,228.358642578125,22.595306396484375,3.727231025695801,True,True,True,225.99586486816406,0.07542314380407333,False,0,0
3074,TwoRoom,0.04,64,65,252.19305419921875,14.895660400390625,1.4328727722167969,True,True,True,241.66026306152344,0.04176480323076248,False,0,0
3074,TwoRoom,0.04,65,65,3.8253226280212402,25.538238525390625,1.1851630210876465,False,False,True,1.6008496284484863,0.5815125107765198,False,29,29
3074,TwoRoom,0.04,66,65,107.60653686523438,6.3036651611328125,1.2388068437576294,True,True,True,104.62393951416016,0.03520483523607254,False,0,0
3074,TwoRoom,0.04,67,65,271.794677734375,3.8699951171875,0.5555766224861145,True,True,True,270.80322265625,0.011281454004347324,False,0,0
3074,TwoRoom,0.04,68,65,318.9323425292969,25.81475830078125,2.5605578422546387,True,True,True,318.74664306640625,0.04747697338461876,False,0,0
3074,TwoRoom,0.04,69,65,235.6540069580078,37.242431640625,1.3763244152069092,True,True,True,233.62355041503906,0.0923137441277504,False,0,0
3074,TwoRoom,0.04,70,65,3.784541130065918,14.860794067382812,3.763911008834839,False,False,False,-0.6258000135421753,1.165356993675232,False,58,58
3074,TwoRoom,0.04,71,65,257.3831481933594,189.57342529296875,5.997471809387207,False,False,True,102.93058776855469,0.6484238505363464,False,0,0
3074,TwoRoom,0.04,72,65,109.65447998046875,45.622222900390625,7.613396167755127,True,True,True,108.22667694091797,0.2359643578529358,False,0,0
3074,TwoRoom,0.04,73,65,86.10124969482422,10.102523803710938,1.3704161643981934,True,True,True,81.03422546386719,0.05884958431124687,False,0,0
3074,TwoRoom,0.04,74,65,248.70489501953125,12.078460693359375,1.6551564931869507,True,True,True,234.25955200195312,0.06032099947333336,False,0,0
3074,TwoRoom,0.04,75,65,298.07061767578125,10.346160888671875,1.8115346431732178,True,True,True,295.9092712402344,0.024086585268378258,False,0,0
3074,TwoRoom,0.04,76,65,32.209136962890625,16.56707763671875,3.0649573802948,False,False,True,21.78420639038086,0.3236638009548187,False,0,0
3074,TwoRoom,0.04,77,65,121.04093170166016,1.66326904296875,0.2801928222179413,True,True,True,120.2249755859375,0.006741172168403864,False,0,0
3074,TwoRoom,0.04,78,65,292.5943908691406,11.459442138671875,2.6700985431671143,True,True,True,278.429931640625,0.048409827053546906,False,0,0
3074,TwoRoom,0.04,79,65,168.10044860839844,11.962005615234375,1.4040368795394897,True,True,True,161.50099182128906,0.040157921612262726,False,0,0
3074,TwoRoom,0.04,80,65,13.563812255859375,18.54180908203125,2.8920700550079346,False,False,False,-7.159576416015625,1.527843952178955,False,1,1
3074,TwoRoom,0.04,81,65,160.99887084960938,8.7852783203125,2.3600142002105713,True,True,True,153.8799591064453,0.044217146933078766,False,0,0
3074,TwoRoom,0.04,82,65,16.013599395751953,69.67144775390625,6.262582302093506,False,False,False,-60.386810302734375,4.555204391479492,True,0,47
3074,TwoRoom,0.04,83,65,127.97725677490234,15.7003173828125,3.5025408267974854,True,True,True,123.32727813720703,0.03998823091387749,False,0,0
3074,TwoRoom,0.04,84,65,183.13185119628906,22.1826171875,2.6722090244293213,True,True,True,181.001220703125,0.06410449743270874,False,0,0
3074,TwoRoom,0.04,85,65,45.850982666015625,2.0243377685546875,0.28284958004951477,True,True,True,45.55842590332031,0.02434675209224224,False,0,0
3074,TwoRoom,0.04,86,65,293.373291015625,27.1234130859375,2.2070531845092773,True,True,True,293.0263366699219,0.06953821331262589,False,0,0
3074,TwoRoom,0.04,87,65,287.5985107421875,13.808074951171875,1.6367422342300415,True,True,True,275.61700439453125,0.05075948312878609,False,0,0
3074,TwoRoom,0.04,88,65,219.7908935546875,37.4364013671875,5.881658554077148,True,True,True,210.37789916992188,0.08732935041189194,False,0,0
3074,TwoRoom,0.04,89,65,218.2075958251953,13.301542282104492,2.668926239013672,True,True,True,203.2902069091797,0.09172526001930237,False,0,0
3074,TwoRoom,0.04,90,65,210.24729919433594,1.6053466796875,0.4129607081413269,True,True,True,208.59014892578125,0.007881873287260532,False,0,0
3074,TwoRoom,0.04,91,65,73.80258178710938,18.056594848632812,2.4579763412475586,True,True,True,56.27452087402344,0.23749931156635284,False,0,0
3074,TwoRoom,0.04,92,65,178.40866088867188,11.98297119140625,1.2012990713119507,True,True,True,174.73687744140625,0.027120107784867287,False,0,0
3074,TwoRoom,0.04,93,65,227.8115997314453,40.56483459472656,2.8567004203796387,True,True,True,186.5711669921875,0.2508532404899597,False,0,0
3074,TwoRoom,0.04,94,65,20.946895599365234,29.726226806640625,6.219478607177734,False,False,True,9.174808502197266,0.5619967579841614,False,24,24
3074,TwoRoom,0.04,95,65,60.85511779785156,7.7413177490234375,0.9297601580619812,True,True,True,52.62940216064453,0.13516883552074432,False,0,0
3074,TwoRoom,0.04,96,65,353.13751220703125,268.116943359375,20.28278923034668,False,False,True,201.13059997558594,0.4806467294692993,False,0,0
3074,TwoRoom,0.04,97,65,181.1913604736328,8.555419921875,2.3503456115722656,True,True,True,178.6442413330078,0.025650566443800926,False,0,0
3074,TwoRoom,0.04,98,65,22.473352432250977,408.81396484375,25.260934829711914,False,False,False,-391.8458251953125,18.436019897460938,False,0,0
3074,TwoRoom,0.04,99,65,8.280670166015625,14.54986572265625,3.2596371173858643,False,False,True,3.0176291465759277,0.6355815529823303,False,0,0
3074,TwoRoom,0.05,0,65,20.999618530273438,21.126508712768555,2.421881675720215,False,False,False,-14.64926815032959,1.6975969076156616,False,0,0
3074,TwoRoom,0.05,1,65,70.99124145507812,212.90736389160156,8.171233177185059,False,False,False,-144.6349639892578,3.0373635292053223,False,0,0
3074,TwoRoom,0.05,2,65,232.10028076171875,8.304840087890625,0.6453452110290527,True,True,True,230.09144592285156,0.04152972996234894,False,0,0
3074,TwoRoom,0.05,3,65,149.92266845703125,46.496429443359375,4.20611047744751,True,True,True,57.91936492919922,0.6136717200279236,False,0,0
3074,TwoRoom,0.05,4,65,222.9608917236328,277.36724853515625,11.628405570983887,False,False,True,33.51542282104492,0.9007692933082581,False,0,0
3074,TwoRoom,0.05,5,65,53.30387496948242,5.017295837402344,0.7746297717094421,True,True,True,51.0411262512207,0.04449394345283508,False,0,0
3074,TwoRoom,0.05,6,65,220.1919403076172,32.87803649902344,5.118162155151367,True,True,True,180.74432373046875,0.17915108799934387,False,0,0
3074,TwoRoom,0.05,7,65,346.1147766113281,11.169342041015625,2.103196382522583,True,True,True,345.75396728515625,0.02275948040187359,False,0,0
3074,TwoRoom,0.05,8,65,7.4438958168029785,15.455535888671875,2.7485177516937256,False,False,True,0.4097585678100586,0.9449537396430969,False,0,0
3074,TwoRoom,0.05,9,65,77.26151275634766,2.4347686767578125,0.35029369592666626,True,True,True,76.13118743896484,0.017426948994398117,False,0,0
3074,TwoRoom,0.05,10,65,16.835174560546875,15.399139404296875,3.7298965454101562,False,False,True,15.205594062805176,0.23466195166110992,False,0,0
3074,TwoRoom,0.05,11,65,197.59091186523438,28.317535400390625,7.7828779220581055,True,True,True,161.0576934814453,0.18489320576190948,False,0,0
3074,TwoRoom,0.05,12,65,16.249967575073242,31.4166259765625,3.441683769226074,False,False,False,-12.557778358459473,1.7727879285812378,False,0,0
3074,TwoRoom,0.05,13,65,106.06828308105469,21.2957763671875,3.343083381652832,True,True,True,83.67102813720703,0.21115882694721222,False,0,0
3074,TwoRoom,0.05,14,65,25.538105010986328,23.65313720703125,2.148573875427246,False,False,True,24.77176856994629,0.05228186026215553,False,0,0
3074,TwoRoom,0.05,15,65,255.69168090820312,7.02947998046875,2.3156750202178955,True,True,True,247.4702606201172,0.0321536622941494,False,0,0
3074,TwoRoom,0.05,16,65,238.97802734375,27.581100463867188,2.0144848823547363,True,True,True,208.86729431152344,0.1301187127828598,False,0,0
3074,TwoRoom,0.05,17,65,0.908721923828125,4.537628173828125,0.3349550664424896,False,False,True,0.8312835693359375,0.18659864366054535,False,11,11
3074,TwoRoom,0.05,18,65,75.45075225830078,84.17147064208984,11.602148056030273,False,False,False,-25.09695053100586,1.3222721815109253,True,0,12
3074,TwoRoom,0.05,19,65,1.6643733978271484,12.688079833984375,2.723618268966675,False,False,False,-8.199234008789062,5.926318645477295,True,0,46
3074,TwoRoom,0.05,20,65,206.54981994628906,8.740234375,1.3341853618621826,True,True,True,201.54261779785156,0.02814355492591858,False,0,0
3074,TwoRoom,0.05,21,65,120.80267333984375,57.466278076171875,6.535004138946533,True,True,True,56.47526168823242,0.5448217391967773,False,0,0
3074,TwoRoom,0.05,22,65,42.51239013671875,88.69894409179688,18.133955001831055,False,False,True,20.91908836364746,0.6833141446113586,False,0,0
3074,TwoRoom,0.05,23,65,58.451690673828125,7.10699462890625,1.3524460792541504,True,True,True,50.66494369506836,0.13321678340435028,False,0,0
3074,TwoRoom,0.05,24,65,52.33110809326172,24.159378051757812,3.896772623062134,True,True,True,37.315521240234375,0.3182399570941925,False,0,0
3074,TwoRoom,0.05,25,65,253.2843017578125,11.304051399230957,1.9430903196334839,True,True,True,241.4085693359375,0.06019381806254387,False,0,0
3074,TwoRoom,0.05,26,65,205.09344482421875,42.74017333984375,6.2596635818481445,True,True,True,175.7548370361328,0.162897527217865,False,0,0
3074,TwoRoom,0.05,27,65,44.486534118652344,21.065765380859375,1.5438928604125977,True,True,True,34.18110656738281,0.23165273666381836,False,0,0
3074,TwoRoom,0.05,28,65,241.01162719726562,10.164764404296875,1.855613112449646,True,True,True,236.20570373535156,0.036015208810567856,False,0,0
3074,TwoRoom,0.05,29,65,14.681869506835938,32.96208190917969,2.7383127212524414,False,False,True,3.4720306396484375,0.8098661303520203,False,0,0
3074,TwoRoom,0.05,30,65,288.55792236328125,6.343994140625,2.420154333114624,True,True,True,285.86920166015625,0.01319996826350689,False,0,0
3074,TwoRoom,0.05,31,65,160.88238525390625,5.357391357421875,0.9776025414466858,True,True,True,157.78562927246094,0.023913513869047165,False,0,0
3074,TwoRoom,0.05,32,65,184.4851837158203,46.91496276855469,7.041949272155762,True,True,True,142.87501525878906,0.2501608431339264,False,0,0
3074,TwoRoom,0.05,33,65,1.3564958572387695,12.77752685546875,1.337066411972046,False,False,False,-3.1110000610351562,3.2934091091156006,True,64,0
3074,TwoRoom,0.05,34,65,377.7060241699219,249.6339111328125,16.410602569580078,False,False,True,320.5426330566406,0.3668653666973114,False,0,0
3074,TwoRoom,0.05,35,65,104.36547088623047,96.51168823242188,6.412765979766846,False,False,True,93.12018585205078,0.2584249675273895,False,0,0
3074,TwoRoom,0.05,36,65,243.80889892578125,14.896209716796875,2.273712396621704,True,True,True,233.83872985839844,0.061354294419288635,False,0,0
3074,TwoRoom,0.05,37,65,42.04541778564453,306.5696105957031,7.353326320648193,False,False,False,-18.95600128173828,1.0649223327636719,True,0,46
3074,TwoRoom,0.05,38,65,7.524566650390625,9.20452880859375,0.7060692310333252,False,False,True,6.236328125,0.1712043434381485,False,19,19
3074,TwoRoom,0.05,39,65,9.312111854553223,112.19822692871094,19.950292587280273,False,False,False,-37.5689811706543,1.5464260578155518,False,20,20
3074,TwoRoom,0.05,40,65,104.20557403564453,24.38079833984375,11.568055152893066,True,True,True,96.04341125488281,0.11223091930150986,False,0,0
3074,TwoRoom,0.05,41,65,93.43458557128906,7.452705383300781,0.9414037466049194,True,True,True,89.6175765991211,0.07708130776882172,False,0,0
3074,TwoRoom,0.05,42,65,219.8601837158203,25.22210693359375,6.703615188598633,True,True,True,212.1322021484375,0.05374167114496231,False,0,0
3074,TwoRoom,0.05,43,65,299.5303955078125,3.67010498046875,0.5604454874992371,True,True,True,299.1091613769531,0.008248536847531796,False,0,0
3074,TwoRoom,0.05,44,65,240.45016479492188,14.112701416015625,2.440199136734009,True,True,True,232.1468505859375,0.0591982863843441,False,0,0
3074,TwoRoom,0.05,45,65,287.0538635253906,35.19830322265625,3.9734725952148438,True,True,True,277.3983459472656,0.11204034835100174,False,0,0
3074,TwoRoom,0.05,46,65,13.472123146057129,68.43275451660156,16.86856460571289,False,False,False,-8.410304069519043,1.6242746114730835,False,0,0
3074,TwoRoom,0.05,47,65,41.48235321044922,10.447998046875,2.7806363105773926,True,True,True,33.51335144042969,0.19210579991340637,False,0,0
3074,TwoRoom,0.05,48,65,36.243125915527344,23.6160888671875,2.009002208709717,False,False,True,31.548904418945312,0.23321372270584106,False,13,13
3074,TwoRoom,0.05,49,65,111.0020523071289,25.062103271484375,3.051501750946045,True,True,True,91.35993957519531,0.17695270478725433,False,0,0
3074,TwoRoom,0.05,50,65,135.5846405029297,19.2021484375,4.194857120513916,True,True,True,124.96395874023438,0.07833246886730194,False,0,0
3074,TwoRoom,0.05,51,65,2.4230804443359375,200.15692138671875,9.52327823638916,False,False,False,-205.56727600097656,85.83716583251953,True,53,29
3074,TwoRoom,0.05,52,65,32.776424407958984,270.8414306640625,6.304217338562012,False,False,False,-115.4135971069336,1.740600347518921,False,0,0
3074,TwoRoom,0.05,53,65,17.31218719482422,46.831871032714844,2.5716493129730225,False,False,False,-30.67871856689453,2.264010190963745,True,16,25
3074,TwoRoom,0.05,54,65,228.79312133789062,13.15216064453125,1.4378337860107422,True,True,True,226.43807983398438,0.02891029231250286,False,0,0
3074,TwoRoom,0.05,55,65,1.873185634613037,15.840087890625,1.9487605094909668,False,False,True,0.8182501792907715,0.563177227973938,False,33,33
3074,TwoRoom,0.05,56,65,85.26254272460938,23.055633544921875,5.813182830810547,True,True,True,76.3009262084961,0.17294323444366455,False,0,0
3074,TwoRoom,0.05,57,65,249.8921356201172,1.459228515625,0.21589739620685577,True,True,True,249.28208923339844,0.0047754147090017796,False,0,0
3074,TwoRoom,0.05,58,65,193.7073974609375,27.581459045410156,2.116663932800293,True,True,True,164.48150634765625,0.15087652206420898,False,0,0
3074,TwoRoom,0.05,59,65,64.44358825683594,29.336822509765625,3.9975969791412354,True,True,True,63.10546875,0.12210691720247269,False,0,0
3074,TwoRoom,0.05,60,65,208.278076171875,5.0571136474609375,1.0991623401641846,True,True,True,201.218017578125,0.03389730304479599,False,0,0
3074,TwoRoom,0.05,61,65,231.54974365234375,22.215087890625,2.1918423175811768,True,True,True,229.42666625976562,0.09446954727172852,False,0,0
3074,TwoRoom,0.05,62,65,5.9316277503967285,62.9315185546875,5.372555732727051,False,False,True,2.4288556575775146,0.5905246138572693,False,0,0
3074,TwoRoom,0.05,63,65,196.58657836914062,11.98309326171875,2.08240008354187,True,True,True,194.32044982910156,0.04257040098309517,False,0,0
3074,TwoRoom,0.05,64,65,250.5524444580078,17.1416015625,2.7439308166503906,True,True,True,241.8684539794922,0.05615563318133354,False,0,0
3074,TwoRoom,0.05,65,65,13.845438003540039,44.469818115234375,3.4492239952087402,False,False,False,-1.4213709831237793,1.1026599407196045,False,0,0
3074,TwoRoom,0.05,66,65,119.33538818359375,18.294097900390625,5.315670013427734,True,True,True,108.3282699584961,0.11668607592582703,False,0,0
3074,TwoRoom,0.05,67,65,269.2915954589844,152.9150390625,8.605731964111328,False,False,True,114.59463500976562,0.5819815993309021,False,0,0
3074,TwoRoom,0.05,68,65,327.86944580078125,148.094970703125,8.84117317199707,True,True,True,179.21990966796875,0.4533802568912506,False,0,0
3074,TwoRoom,0.05,69,65,255.43142700195312,31.30712890625,3.0193400382995605,True,True,True,242.9713897705078,0.07435392588376999,False,0,0
3074,TwoRoom,0.05,70,65,24.984779357910156,12.413444519042969,3.6750237941741943,True,True,True,18.278244018554688,0.2684248685836792,False,0,0
3074,TwoRoom,0.05,71,65,238.7350311279297,4.448455810546875,0.446122407913208,True,True,True,238.18763732910156,0.009568920359015465,False,0,0
3074,TwoRoom,0.05,72,65,112.18547058105469,28.666534423828125,7.634748458862305,True,True,True,97.6051254272461,0.12996640801429749,False,0,0
3074,TwoRoom,0.05,73,65,92.6134033203125,17.508026123046875,1.4990215301513672,True,True,True,83.4773941040039,0.09864676743745804,False,0,0
3074,TwoRoom,0.05,74,65,219.57601928710938,6.1575927734375,1.5756092071533203,True,True,True,211.0852813720703,0.046097882091999054,False,0,0
3074,TwoRoom,0.05,75,65,292.5021057128906,12.33026123046875,2.835820198059082,True,True,True,288.7193908691406,0.027837488800287247,False,0,0
3074,TwoRoom,0.05,76,65,37.406272888183594,69.06488037109375,6.108572959899902,False,False,True,17.509260177612305,0.5319164991378784,False,0,0
3074,TwoRoom,0.05,77,65,274.5972595214844,9.3194580078125,1.4089096784591675,True,True,True,271.44256591796875,0.02517814189195633,False,0,0
3074,TwoRoom,0.05,78,65,237.76377868652344,10.2130126953125,2.215980291366577,True,True,True,225.494384765625,0.05160331353545189,False,0,0
3074,TwoRoom,0.05,79,65,124.85476684570312,5.49981689453125,0.5761123895645142,True,True,True,123.65848541259766,0.01716841571033001,False,0,0
3074,TwoRoom,0.05,80,65,238.77572631835938,37.546722412109375,8.6347017288208,True,True,True,206.56558227539062,0.15163281559944153,False,0,0
3074,TwoRoom,0.05,81,65,162.56715393066406,22.94403076171875,3.328716278076172,True,True,True,150.71722412109375,0.08546322584152222,False,0,0
3074,TwoRoom,0.05,82,65,9.592569351196289,37.60888671875,3.8781816959381104,False,False,False,-14.736518859863281,2.536243200302124,True,41,0
3074,TwoRoom,0.05,83,65,7.757071018218994,19.126708984375,3.149554967880249,False,False,True,6.884169101715088,0.11252983659505844,False,0,0
3074,TwoRoom,0.05,84,65,168.77285766601562,7.1604461669921875,1.0407729148864746,True,True,True,163.78005981445312,0.03584439679980278,False,0,0
3074,TwoRoom,0.05,85,65,12.09370231628418,5.03436279296875,0.4353864789009094,True,True,True,10.606477737426758,0.12297512590885162,False,0,0
3074,TwoRoom,0.05,86,65,142.45419311523438,31.265167236328125,3.070737838745117,True,True,True,141.82406616210938,0.08661213517189026,False,0,0
3074,TwoRoom,0.05,87,65,314.36114501953125,24.135528564453125,3.8327856063842773,True,True,True,286.0568542480469,0.09003745764493942,False,0,0
3074,TwoRoom,0.05,88,65,230.4392852783203,38.410308837890625,13.405559539794922,True,True,True,211.17649841308594,0.09169507771730423,False,0,0
3074,TwoRoom,0.05,89,65,207.09341430664062,11.235210418701172,1.9867429733276367,True,True,True,191.15322875976562,0.07977063208818436,False,0,0
3074,TwoRoom,0.05,90,65,171.79879760742188,24.378204345703125,4.1197404861450195,True,True,True,165.14015197753906,0.06538919359445572,False,0,0
3074,TwoRoom,0.05,91,65,64.06910705566406,25.4969482421875,3.8987174034118652,True,True,True,27.925006866455078,0.5641424059867859,False,0,0
3074,TwoRoom,0.05,92,65,231.68115234375,16.9072265625,1.534096360206604,True,True,True,226.2782745361328,0.0450766496360302,False,0,0
3074,TwoRoom,0.05,93,65,221.36497497558594,25.45705795288086,2.795811653137207,True,True,True,194.57901000976562,0.19020485877990723,False,0,0
3074,TwoRoom,0.05,94,65,14.30230712890625,83.078857421875,6.208160400390625,False,False,True,12.477203369140625,0.3404114544391632,False,63,63
3074,TwoRoom,0.05,95,65,80.87742614746094,7.177286148071289,1.3858263492584229,True,True,True,68.53340911865234,0.15262626111507416,False,0,0
3074,TwoRoom,0.05,96,65,349.3154296875,28.040863037109375,1.4550362825393677,True,True,True,348.71466064453125,0.06381138414144516,False,0,0
3074,TwoRoom,0.05,97,65,270.3827209472656,6.7193603515625,1.1352434158325195,True,True,True,265.485595703125,0.02368718944489956,False,0,0
3074,TwoRoom,0.05,98,65,26.77939224243164,300.92877197265625,15.221485137939453,False,False,False,-274.53131103515625,11.251588821411133,False,0,0
3074,TwoRoom,0.05,99,65,6.5898895263671875,23.25982666015625,7.553922176361084,False,False,True,0.9236135482788086,0.8598438501358032,False,0,0
3074,TwoRoom,0.06,0,65,28.993356704711914,10.74066162109375,1.656427264213562,True,True,True,15.642816543579102,0.46046894788742065,False,0,0
3074,TwoRoom,0.06,1,65,70.28071594238281,82.13018798828125,5.828522205352783,False,False,True,35.02749252319336,0.5016059279441833,False,0,0
3074,TwoRoom,0.06,2,65,245.89476013183594,4.888214111328125,0.9239304661750793,True,True,True,245.21243286132812,0.013749255798757076,False,0,0
3074,TwoRoom,0.06,3,65,196.30239868164062,22.175643920898438,2.550424098968506,True,True,True,159.81314086914062,0.2000848948955536,False,0,0
3074,TwoRoom,0.06,4,65,232.28018188476562,1.22967529296875,0.2676132321357727,True,True,True,230.96279907226562,0.009401391260325909,False,0,0
3074,TwoRoom,0.06,5,65,67.54857635498047,11.070266723632812,1.8521584272384644,True,True,True,61.42947006225586,0.1274762600660324,False,0,0
3074,TwoRoom,0.06,6,65,234.4828338623047,22.913330078125,4.346635818481445,True,True,True,206.00930786132812,0.12529733777046204,False,0,0
3074,TwoRoom,0.06,7,65,329.75042724609375,8.537872314453125,2.368489980697632,True,True,True,329.215087890625,0.02236657589673996,False,0,0
3074,TwoRoom,0.06,8,65,5.9200849533081055,7.86358642578125,2.087083578109741,False,False,True,3.845594882965088,0.35041558742523193,False,0,0
3074,TwoRoom,0.06,9,65,93.7831039428711,7.535003662109375,1.1696465015411377,True,True,True,83.3526840209961,0.11121854186058044,False,0,0
3074,TwoRoom,0.06,10,65,0.9046173095703125,41.963623046875,12.54934310913086,False,False,False,-3.407978057861328,4.767314434051514,True,7,0
3074,TwoRoom,0.06,11,65,54.1640625,7.327484130859375,1.6326329708099365,True,True,True,50.31187438964844,0.09833177924156189,False,0,0
3074,TwoRoom,0.06,12,65,13.511054992675781,13.944747924804688,1.4715334177017212,False,False,True,2.9416260719299316,0.7822800874710083,False,0,0
3074,TwoRoom,0.06,13,65,114.64140319824219,8.237823486328125,2.175128221511841,True,True,True,108.09098052978516,0.06567614525556564,False,0,0
3074,TwoRoom,0.06,14,65,74.33285522460938,32.4547119140625,3.5712127685546875,True,True,True,71.19999694824219,0.056372445076704025,False,0,0
3074,TwoRoom,0.06,15,65,194.10630798339844,8.883316040039062,1.9907594919204712,True,True,True,188.19027709960938,0.061289235949516296,False,0,0
3074,TwoRoom,0.06,16,65,130.30047607421875,2.280303955078125,0.4676987826824188,True,True,True,127.460205078125,0.021797865629196167,False,0,0
3074,TwoRoom,0.06,17,65,29.04827117919922,5.872344970703125,0.7866939902305603,True,True,True,25.778717041015625,0.11255589127540588,False,30,30
3074,TwoRoom,0.06,18,65,59.440895080566406,11.575836181640625,1.624414086341858,True,True,True,49.28282928466797,0.21237270534038544,False,0,0
3074,TwoRoom,0.06,19,65,7.202596187591553,88.31365966796875,4.696270942687988,False,False,True,3.7738702297210693,0.4760402739048004,False,46,46
3074,TwoRoom,0.06,20,65,253.837158203125,73.44775390625,5.469099998474121,True,True,True,242.95162963867188,0.13887210190296173,False,0,0
3074,TwoRoom,0.06,21,65,116.46148681640625,3.556304931640625,0.4605450928211212,True,True,True,113.1152572631836,0.028732482343912125,False,0,0
3074,TwoRoom,0.06,22,65,20.10370635986328,16.27410888671875,2.812497615814209,False,False,True,15.794086456298828,0.21436940133571625,False,0,0
3074,TwoRoom,0.06,23,65,11.946632385253906,9.356658935546875,1.1522938013076782,False,False,True,8.600347518920898,0.28010275959968567,False,0,0
3074,TwoRoom,0.06,24,65,5.271404266357422,15.108871459960938,1.837607741355896,False,False,False,-3.346712112426758,1.634880542755127,False,0,0
3074,TwoRoom,0.06,25,65,253.69775390625,6.895111083984375,1.9018410444259644,True,True,True,249.9696044921875,0.024822019040584564,False,0,0
3074,TwoRoom,0.06,26,65,190.8795623779297,8.72723388671875,1.37825345993042,True,True,True,184.41006469726562,0.04243228957056999,False,0,0
3074,TwoRoom,0.06,27,65,0.9955520629882812,11.247406005859375,1.134455919265747,False,False,False,-10.506454467773438,11.55339527130127,False,0,0
3074,TwoRoom,0.06,28,65,268.0468444824219,18.405303955078125,6.144744873046875,True,True,True,260.23150634765625,0.05108698084950447,False,0,0
3074,TwoRoom,0.06,29,65,25.41900634765625,4.078125,0.4244039058685303,True,True,True,23.997791290283203,0.06029993295669556,False,0,0
3074,TwoRoom,0.06,30,65,369.6662292480469,4.68280029296875,2.109224796295166,True,True,True,368.80230712890625,0.0089672040194273,False,0,0
3074,TwoRoom,0.06,31,65,146.9805450439453,15.07989501953125,3.864114999771118,True,True,True,137.7146759033203,0.08022484928369522,False,0,0
3074,TwoRoom,0.06,32,65,203.19613647460938,22.05877685546875,1.8897291421890259,True,True,True,196.02474975585938,0.08874945342540741,False,0,0
3074,TwoRoom,0.06,33,65,7.479372978210449,2.8509063720703125,0.28196245431900024,True,True,True,6.680377960205078,0.10682646930217743,False,0,0
3074,TwoRoom,0.06,34,65,225.43185424804688,32.180419921875,3.550053834915161,True,True,True,221.8977508544922,0.05266541615128517,False,0,0
3074,TwoRoom,0.06,35,65,141.70376586914062,19.79266357421875,1.7673410177230835,True,True,True,134.13165283203125,0.05343623459339142,False,0,0
3074,TwoRoom,0.06,36,65,234.5404510498047,7.9742431640625,1.006427526473999,True,True,True,227.62632751464844,0.05089034512639046,False,0,0
3074,TwoRoom,0.06,37,65,28.74915313720703,3.59814453125,0.746597409248352,True,True,True,28.381088256835938,0.017065634950995445,False,46,46
3074,TwoRoom,0.06,38,65,8.764190673828125,9.34527587890625,2.0298678874969482,False,False,True,6.58514404296875,0.24863067269325256,False,40,40
3074,TwoRoom,0.06,39,65,10.6732177734375,24.107513427734375,3.3553576469421387,False,False,True,6.159322738647461,0.4229179322719574,False,0,0
3074,TwoRoom,0.06,40,65,108.66413116455078,14.12042236328125,3.863210916519165,True,True,True,106.21293640136719,0.054124247282743454,False,0,0
3074,TwoRoom,0.06,41,65,104.42808532714844,12.936737060546875,1.837444543838501,True,True,True,99.39323425292969,0.07069285959005356,False,0,0
3074,TwoRoom,0.06,42,65,387.3428955078125,24.6944580078125,5.471317291259766,True,True,True,379.083984375,0.05118977278470993,False,0,0
3074,TwoRoom,0.06,43,65,280.2457580566406,30.560760498046875,1.9686223268508911,True,True,True,279.69189453125,0.06113038212060928,False,0,0
3074,TwoRoom,0.06,44,65,221.654052734375,9.2169189453125,1.9598220586776733,True,True,True,212.17178344726562,0.05269428342580795,False,0,0
3074,TwoRoom,0.06,45,65,258.4902648925781,15.310516357421875,2.3052279949188232,True,True,True,232.65948486328125,0.09992942214012146,False,0,0
3074,TwoRoom,0.06,46,65,13.729090690612793,18.767669677734375,4.747480392456055,False,False,True,7.143852710723877,0.47965580224990845,False,0,0
3074,TwoRoom,0.06,47,65,34.239898681640625,7.7849273681640625,1.6447283029556274,True,True,True,31.413368225097656,0.08255075663328171,False,0,0
3074,TwoRoom,0.06,48,65,67.56143188476562,81.96601867675781,5.855706214904785,False,False,True,48.49441909790039,0.38228118419647217,False,0,0
3074,TwoRoom,0.06,49,65,128.37612915039062,17.9910888671875,2.1035518646240234,True,True,True,119.27806854248047,0.07087035477161407,False,0,0
3074,TwoRoom,0.06,50,65,150.30052185058594,31.8306884765625,2.524054527282715,True,True,True,149.7930450439453,0.0690544918179512,False,0,0
3074,TwoRoom,0.06,51,65,45.050804138183594,290.6994323730469,8.28610610961914,False,False,False,-245.82106018066406,6.45652961730957,False,0,0
3074,TwoRoom,0.06,52,65,53.9157829284668,31.08685302734375,2.367584705352783,False,False,True,51.76862335205078,0.07353676855564117,False,0,0
3074,TwoRoom,0.06,53,65,6.40716552734375,13.777679443359375,1.29238760471344,False,False,False,-1.0043869018554688,1.1567599773406982,True,25,16
3074,TwoRoom,0.06,54,65,275.0680847167969,20.46649169921875,3.0148634910583496,True,True,True,272.3234558105469,0.054338883608579636,False,0,0
3074,TwoRoom,0.06,55,65,3.341653347015381,16.941314697265625,2.7032077312469482,False,False,True,2.947201728820801,0.11804085224866867,False,33,33
3074,TwoRoom,0.06,56,65,78.47117614746094,22.7625732421875,4.087408065795898,True,True,True,76.71778869628906,0.09963031113147736,False,0,0
3074,TwoRoom,0.06,57,65,166.79283142089844,2.358917236328125,0.45423173904418945,True,True,True,164.03192138671875,0.01655297540128231,False,0,0
3074,TwoRoom,0.06,58,65,204.9227294921875,2.490692138671875,0.6906298398971558,True,True,True,201.8368682861328,0.015058629214763641,False,0,0
3074,TwoRoom,0.06,59,65,105.0293197631836,80.13302612304688,3.6689183712005615,False,False,True,101.35535430908203,0.2593593895435333,False,0,0
3074,TwoRoom,0.06,60,65,224.3987274169922,6.61767578125,1.9005630016326904,True,True,True,221.1462860107422,0.03170103579759598,False,0,0
3074,TwoRoom,0.06,61,65,38.335411071777344,7.708038330078125,1.934112310409546,True,True,True,30.82202911376953,0.195990651845932,False,0,0
3074,TwoRoom,0.06,62,65,9.330053329467773,25.41461181640625,6.526803016662598,False,False,True,4.629395484924316,0.5038189888000488,False,0,0
3074,TwoRoom,0.06,63,65,234.962646484375,25.06365966796875,3.397088050842285,True,True,True,227.62741088867188,0.08285053819417953,False,0,0
3074,TwoRoom,0.06,64,65,152.1528778076172,15.880416870117188,3.4434099197387695,True,True,True,135.14210510253906,0.11180048435926437,False,0,0
3074,TwoRoom,0.06,65,65,3.1892623901367188,83.47706604003906,4.4375505447387695,False,False,False,-2.8033595085144043,1.8789993524551392,True,0,29
3074,TwoRoom,0.06,66,65,136.2039794921875,20.1561279296875,4.118728160858154,True,True,True,127.99962615966797,0.08463937044143677,False,0,0
3074,TwoRoom,0.06,67,65,190.8280029296875,12.460250854492188,1.4383138418197632,True,True,True,178.14247131347656,0.07839902490377426,False,0,0
3074,TwoRoom,0.06,68,65,286.635498046875,227.78329467773438,9.649759292602539,False,False,True,154.66307067871094,0.5878093242645264,False,0,0
3074,TwoRoom,0.06,69,65,224.33709716796875,77.82827758789062,6.274855136871338,True,True,True,209.88580322265625,0.23273372650146484,False,0,0
3074,TwoRoom,0.06,70,65,10.228532791137695,11.971603393554688,2.703688859939575,False,False,True,4.531546592712402,0.5569700002670288,False,0,0
3074,TwoRoom,0.06,71,65,262.104248046875,45.076202392578125,3.1915080547332764,True,True,True,216.73428344726562,0.17309892177581787,False,0,0
3074,TwoRoom,0.06,72,65,109.97179412841797,11.745712280273438,2.8042349815368652,True,True,True,105.06134033203125,0.10195158421993256,False,0,0
3074,TwoRoom,0.06,73,65,105.19600677490234,3.8588409423828125,0.8416597247123718,True,True,True,104.7168197631836,0.016989782452583313,False,0,0
3074,TwoRoom,0.06,74,65,216.45831298828125,12.878662109375,2.4171218872070312,True,True,True,199.7266845703125,0.07729723304510117,False,0,0
3074,TwoRoom,0.06,75,65,214.817626953125,10.3760986328125,1.8331022262573242,True,True,True,211.09683227539062,0.021068425849080086,False,0,0
3074,TwoRoom,0.06,76,65,52.789459228515625,16.7271728515625,2.258906364440918,True,True,True,47.1527214050293,0.10677771270275116,False,0,0
3074,TwoRoom,0.06,77,65,154.6295166015625,13.82781982421875,3.688217878341675,True,True,True,150.11834716796875,0.0717303454875946,False,0,0
3074,TwoRoom,0.06,78,65,294.94622802734375,20.068115234375,3.6198630332946777,True,True,True,271.21331787109375,0.08046526461839676,False,0,0
3074,TwoRoom,0.06,79,65,179.4187774658203,6.679718017578125,1.2226711511611938,True,True,True,176.35531616210938,0.02651727944612503,False,0,0
3074,TwoRoom,0.06,80,65,256.1605224609375,78.135986328125,5.659375190734863,True,True,True,247.66165161132812,0.1816311627626419,False,0,0
3074,TwoRoom,0.06,81,65,142.28347778320312,7.405914306640625,1.778867244720459,True,True,True,134.61166381835938,0.05391919985413551,False,0,0
3074,TwoRoom,0.06,82,65,10.737781524658203,19.476287841796875,1.340768575668335,False,False,True,5.203777313232422,0.5153768658638,False,0,0
3074,TwoRoom,0.06,83,65,63.20586395263672,19.2342529296875,3.7632639408111572,True,True,True,54.17109680175781,0.1429419368505478,False,0,0
3074,TwoRoom,0.06,84,65,178.0762939453125,41.23858642578125,5.071081638336182,True,True,True,152.74380493164062,0.19730880856513977,False,0,0
3074,TwoRoom,0.06,85,65,25.235193252563477,4.579093933105469,0.3514411151409149,True,True,True,23.851566314697266,0.0647335797548294,False,0,0
3074,TwoRoom,0.06,86,65,312.1853332519531,70.89974975585938,3.447551965713501,True,True,True,289.6181945800781,0.19701847434043884,False,0,0
3074,TwoRoom,0.06,87,65,256.6690979003906,3.210418701171875,0.8558825254440308,True,True,True,253.44970703125,0.01254298910498619,False,0,0
3074,TwoRoom,0.06,88,65,236.673828125,33.3802490234375,9.415907859802246,True,True,True,218.37042236328125,0.14370930194854736,False,0,0
3074,TwoRoom,0.06,89,65,219.79493713378906,8.212310791015625,3.1930928230285645,True,True,True,210.47454833984375,0.05148811638355255,False,0,0
3074,TwoRoom,0.06,90,65,190.38616943359375,29.03839111328125,5.060177326202393,True,True,True,177.25558471679688,0.10887352377176285,False,0,0
3074,TwoRoom,0.06,91,65,100.89717864990234,20.045181274414062,3.3283352851867676,True,True,True,77.75333404541016,0.2293805181980133,False,0,0
3074,TwoRoom,0.06,92,65,285.6600036621094,7.060302734375,1.4240574836730957,True,True,True,283.33929443359375,0.013448409736156464,False,0,0
3074,TwoRoom,0.06,93,65,235.7333984375,7.1448974609375,1.0428744554519653,True,True,True,229.60687255859375,0.05062092840671539,False,0,0
3074,TwoRoom,0.06,94,65,56.25835418701172,38.16741943359375,5.627986907958984,False,False,True,50.16288757324219,0.23678122460842133,False,24,24
3074,TwoRoom,0.06,95,65,79.95150756835938,3.201629638671875,0.7541330456733704,True,True,True,75.13188171386719,0.06028183922171593,False,0,0
3074,TwoRoom,0.06,96,65,327.8454284667969,5.4156494140625,0.8098970055580139,True,True,True,327.28814697265625,0.01233938243240118,False,0,0
3074,TwoRoom,0.06,97,65,60.53910827636719,4.255584716796875,0.9770377278327942,True,True,True,59.353309631347656,0.019587283954024315,False,0,0
3074,TwoRoom,0.06,98,65,228.2665252685547,115.19525146484375,9.095104217529297,False,False,True,219.0343017578125,0.28041139245033264,False,0,0
3074,TwoRoom,0.06,99,65,7.999234199523926,18.81280517578125,4.547212600708008,False,False,True,6.125297546386719,0.33140817284584045,False,0,0
3074,TwoRoom,0.07,0,65,0.3060894012451172,7.610442161560059,1.7335178852081299,False,False,False,-12.946149826049805,43.29532241821289,True,0,11
3074,TwoRoom,0.07,1,65,93.2894515991211,140.5872344970703,4.379258632659912,False,False,True,74.0931167602539,0.391216903924942,False,0,0
3074,TwoRoom,0.07,2,65,251.7941436767578,3.92364501953125,0.5252974033355713,True,True,True,251.14901733398438,0.013869103044271469,False,0,0
3074,TwoRoom,0.07,3,65,149.85765075683594,14.332275390625,2.083714008331299,True,True,True,141.2060546875,0.057732101529836655,False,0,0
3074,TwoRoom,0.07,4,65,225.67962646484375,5.4161376953125,0.4755598306655884,True,True,True,224.36647033691406,0.0231767687946558,False,0,0
3074,TwoRoom,0.07,5,65,42.3736686706543,13.226654052734375,1.9542008638381958,True,True,True,36.9184455871582,0.12874092161655426,False,0,0
3074,TwoRoom,0.07,6,65,115.00038146972656,26.935836791992188,2.1908562183380127,True,True,True,98.6480712890625,0.22302623093128204,False,0,0
3074,TwoRoom,0.07,7,65,317.19830322265625,30.7076416015625,5.882173538208008,True,True,True,307.595947265625,0.06941932439804077,False,0,0
3074,TwoRoom,0.07,8,65,6.376614093780518,18.908645629882812,4.603362083435059,False,False,False,-0.47342491149902344,1.0742439031600952,False,0,0
3074,TwoRoom,0.07,9,65,87.44373321533203,16.30376434326172,2.4696402549743652,True,True,True,66.64313507080078,0.2963104248046875,False,0,0
3074,TwoRoom,0.07,10,65,16.01609230041504,34.036956787109375,8.868050575256348,False,False,True,8.565218925476074,0.5428134799003601,False,0,0
3074,TwoRoom,0.07,11,65,58.661956787109375,5.4666748046875,1.4995495080947876,True,True,True,55.55914306640625,0.05289311707019806,False,0,0
3074,TwoRoom,0.07,12,65,5.904108047485352,22.04571533203125,2.055312156677246,False,False,False,-14.576879501342773,3.4689385890960693,True,0,6
3074,TwoRoom,0.07,13,65,101.25579833984375,5.73223876953125,0.5747528672218323,True,True,True,98.98326110839844,0.03553325682878494,False,0,0
3074,TwoRoom,0.07,14,65,115.21641540527344,7.39129638671875,0.835904061794281,True,True,True,113.70148468017578,0.013148566707968712,False,0,0
3074,TwoRoom,0.07,15,65,233.80996704101562,0.57293701171875,0.160238116979599,True,True,True,233.2020721435547,0.0025999366771429777,False,0,0
3074,TwoRoom,0.07,16,65,173.6944122314453,14.488621711730957,1.7847609519958496,True,True,True,158.07901000976562,0.0934036374092102,False,0,0
3074,TwoRoom,0.07,17,65,22.775787353515625,4.82269287109375,0.4911201000213623,True,True,True,17.175033569335938,0.2459082454442978,False,30,30
3074,TwoRoom,0.07,18,65,31.90972137451172,13.405746459960938,1.3484652042388916,True,True,True,23.988235473632812,0.24824675917625427,False,0,0
3074,TwoRoom,0.07,19,65,5.699982166290283,9.587158203125,1.4906344413757324,False,False,True,1.2707252502441406,0.7770650386810303,False,0,0
3074,TwoRoom,0.07,20,65,163.60537719726562,3.79736328125,0.6736478805541992,True,True,True,159.8997039794922,0.02265009842813015,False,0,0
3074,TwoRoom,0.07,21,65,120.16239929199219,8.8472900390625,2.060436487197876,True,True,True,117.4078140258789,0.03023362159729004,False,0,0
3074,TwoRoom,0.07,22,65,42.04203796386719,30.353668212890625,6.452691078186035,False,False,True,28.163658142089844,0.3301072120666504,False,0,0
3074,TwoRoom,0.07,23,65,47.92715835571289,3.8987808227539062,0.8089198470115662,True,True,True,43.23929214477539,0.09781230986118317,False,0,0
3074,TwoRoom,0.07,24,65,14.115486145019531,25.843109130859375,1.3926447629928589,False,False,True,9.231367111206055,0.34601137042045593,False,0,0
3074,TwoRoom,0.07,25,65,242.49737548828125,2.582000732421875,0.39339253306388855,True,True,True,241.71597290039062,0.009505446068942547,False,0,0
3074,TwoRoom,0.07,26,65,203.73513793945312,9.312652587890625,1.1546894311904907,True,True,True,199.7842254638672,0.03311386704444885,False,0,0
3074,TwoRoom,0.07,27,65,32.429168701171875,22.5013427734375,1.8203433752059937,False,False,True,10.346214294433594,0.6809596419334412,False,30,30
3074,TwoRoom,0.07,28,65,248.21888732910156,86.0838623046875,3.2891952991485596,True,True,True,248.053466796875,0.18824510276317596,False,0,0
3074,TwoRoom,0.07,29,65,26.316303253173828,5.115509033203125,0.4148160517215729,True,True,True,25.942462921142578,0.04725327715277672,False,0,0
3074,TwoRoom,0.07,30,65,309.75775146484375,17.659088134765625,3.292076587677002,True,True,True,296.1340637207031,0.04398171976208687,False,0,0
3074,TwoRoom,0.07,31,65,167.14666748046875,2.82476806640625,0.49660739302635193,True,True,True,166.4286651611328,0.010763796977698803,False,0,0
3074,TwoRoom,0.07,32,65,193.9347381591797,67.61386108398438,4.809345245361328,True,True,True,184.09848022460938,0.23019881546497345,False,0,0
3074,TwoRoom,0.07,33,65,7.596396446228027,32.16206359863281,1.4658701419830322,False,False,True,4.1399383544921875,0.45501285791397095,False,0,0
3074,TwoRoom,0.07,34,65,350.0205078125,21.717529296875,2.9860730171203613,True,True,True,336.2625732421875,0.04586276784539223,False,0,0
3074,TwoRoom,0.07,35,65,98.86384582519531,6.532470703125,1.5510761737823486,True,True,True,95.7381362915039,0.031616318970918655,False,0,0
3074,TwoRoom,0.07,36,65,256.7975769042969,2.032073974609375,0.2840397357940674,True,True,True,255.93215942382812,0.0075103361159563065,False,0,0
3074,TwoRoom,0.07,37,65,30.604965209960938,5.643035888671875,1.1499171257019043,True,True,True,22.376251220703125,0.2688685953617096,False,8,8
3074,TwoRoom,0.07,38,65,18.916839599609375,12.780029296875,1.9663715362548828,False,False,True,5.14654541015625,0.7279384136199951,False,58,58
3074,TwoRoom,0.07,39,65,1.906325340270996,7.740142822265625,1.3025587797164917,False,False,True,1.4004096984863281,0.2653878927230835,False,0,0
3074,TwoRoom,0.07,40,65,85.15281677246094,19.5267333984375,3.001507520675659,True,True,True,80.9359359741211,0.049521297216415405,False,0,0
3074,TwoRoom,0.07,41,65,77.13740539550781,2.2335357666015625,0.26515743136405945,True,True,True,76.31023406982422,0.020357782021164894,False,0,0
3074,TwoRoom,0.07,42,65,320.0897521972656,16.577362060546875,4.560184001922607,True,True,True,309.6883544921875,0.04296661168336868,False,0,0
3074,TwoRoom,0.07,43,65,290.0709228515625,18.9647216796875,1.187483310699463,True,True,True,287.4779357910156,0.03516426682472229,False,0,0
3074,TwoRoom,0.07,44,65,255.0814971923828,4.764373779296875,1.4774678945541382,True,True,True,251.70230102539062,0.021034900099039078,False,0,0
3074,TwoRoom,0.07,45,65,250.48854064941406,18.176055908203125,2.2828826904296875,True,True,True,226.18939208984375,0.09700704365968704,False,0,0
3074,TwoRoom,0.07,46,65,22.163761138916016,52.17405700683594,4.394315242767334,False,False,True,18.204326629638672,0.2792414426803589,False,0,0
3074,TwoRoom,0.07,47,65,16.725563049316406,15.77154541015625,3.82975697517395,False,False,True,4.024539947509766,0.7593778967857361,False,0,0
3074,TwoRoom,0.07,48,65,17.27808380126953,30.40704345703125,4.016345024108887,False,False,False,-3.307628631591797,1.1412590742111206,False,13,13
3074,TwoRoom,0.07,49,65,98.37307739257812,30.875579833984375,2.6638808250427246,True,True,True,85.6123046875,0.12971818447113037,False,0,0
3074,TwoRoom,0.07,50,65,132.320556640625,7.010498046875,1.7727656364440918,True,True,True,130.79042053222656,0.020960822701454163,False,0,0
3074,TwoRoom,0.07,51,65,26.953697204589844,63.34911346435547,3.1259958744049072,False,False,False,-36.57440185546875,2.3569345474243164,False,0,0
3074,TwoRoom,0.07,52,65,25.681241989135742,94.85806274414062,2.511591911315918,False,False,True,25.39222526550293,0.22559316456317902,False,0,0
3074,TwoRoom,0.07,53,65,21.1990966796875,10.135940551757812,0.7773067951202393,True,True,True,14.074356079101562,0.47828736901283264,False,16,16
3074,TwoRoom,0.07,54,65,246.10406494140625,150.27340698242188,4.136000633239746,False,False,True,245.57382202148438,0.29733726382255554,False,0,0
3074,TwoRoom,0.07,55,65,2.2986512184143066,17.654296875,2.175081968307495,False,False,True,1.9829602241516113,0.14119090139865875,False,0,0
3074,TwoRoom,0.07,56,65,51.49549865722656,16.670501708984375,2.526571750640869,True,True,True,49.79911804199219,0.09728784114122391,False,0,0
3074,TwoRoom,0.07,57,65,135.19976806640625,6.683990478515625,0.9362499713897705,True,True,True,127.04554748535156,0.06031237170100212,False,0,0
3074,TwoRoom,0.07,58,65,170.31710815429688,7.12713623046875,1.568984031677246,True,True,True,162.36135864257812,0.06547114998102188,False,0,0
3074,TwoRoom,0.07,59,65,80.31145477294922,8.958572387695312,1.3759231567382812,True,True,True,79.796875,0.05877962335944176,False,0,0
3074,TwoRoom,0.07,60,65,202.7802276611328,10.7490234375,1.1936485767364502,True,True,True,199.184326171875,0.04374390468001366,False,0,0
3074,TwoRoom,0.07,61,65,87.41380310058594,13.101333618164062,1.0288978815078735,True,True,True,73.56819915771484,0.15839150547981262,False,0,0
3074,TwoRoom,0.07,62,65,1.4878864288330078,28.74444580078125,7.23627233505249,False,False,False,-3.7704572677612305,3.5341029167175293,True,0,34
3074,TwoRoom,0.07,63,65,226.00906372070312,5.20465087890625,0.8741560578346252,True,True,True,224.58767700195312,0.019620204344391823,False,0,0
3074,TwoRoom,0.07,64,65,242.90005493164062,7.12591552734375,1.215362310409546,True,True,True,237.52162170410156,0.022494008764624596,False,0,0
3074,TwoRoom,0.07,65,65,2.4869813919067383,16.582244873046875,1.377869963645935,False,False,True,1.614522099494934,0.35081055760383606,False,0,0
3074,TwoRoom,0.07,66,65,126.12850952148438,17.5638427734375,5.71867561340332,True,True,True,122.51360321044922,0.08649076521396637,False,0,0
3074,TwoRoom,0.07,67,65,267.9408874511719,3.403167724609375,0.4240630567073822,True,True,True,267.35736083984375,0.0105752469971776,False,0,0
3074,TwoRoom,0.07,68,65,316.0649108886719,4.30108642578125,0.6506970524787903,True,True,True,315.9541320800781,0.009701053611934185,False,0,0
3074,TwoRoom,0.07,69,65,256.5574035644531,8.30523681640625,1.9296538829803467,True,True,True,252.48597717285156,0.031001538038253784,False,0,0
3074,TwoRoom,0.07,70,65,4.125973701477051,20.028488159179688,5.565829753875732,False,False,False,-8.757674217224121,3.1225714683532715,False,58,58
3074,TwoRoom,0.07,71,65,248.2740020751953,24.29010009765625,1.4273560047149658,True,True,True,246.37672424316406,0.062055569142103195,False,0,0
3074,TwoRoom,0.07,72,65,117.25151062011719,15.41009521484375,3.219904899597168,True,True,True,104.8743896484375,0.10556047409772873,False,0,0
3074,TwoRoom,0.07,73,65,72.99454498291016,2.3841552734375,0.3336483836174011,True,True,True,72.61373901367188,0.008162218146026134,False,0,0
3074,TwoRoom,0.07,74,65,216.5344696044922,14.26638412475586,1.115889310836792,True,True,True,201.60923767089844,0.07085908204317093,False,0,0
3074,TwoRoom,0.07,75,65,301.48345947265625,8.55810546875,1.7484196424484253,True,True,True,299.84759521484375,0.02379460260272026,False,0,0
3074,TwoRoom,0.07,76,65,20.59327507019043,27.705413818359375,3.100410223007202,False,False,True,9.601919174194336,0.5337352156639099,False,0,0
3074,TwoRoom,0.07,77,65,149.2720184326172,8.51190185546875,2.0912580490112305,True,True,True,144.57005310058594,0.039260655641555786,False,0,0
3074,TwoRoom,0.07,78,65,271.3924255371094,0.523406982421875,0.128636434674263,True,True,True,270.90875244140625,0.0017822253284975886,False,0,0
3074,TwoRoom,0.07,79,65,109.71187591552734,9.899871826171875,1.2619056701660156,True,True,True,105.05281066894531,0.05352337658405304,False,0,0
3074,TwoRoom,0.07,80,65,12.219390869140625,8.2392578125,0.9798100590705872,False,False,True,11.68035888671875,0.26391860842704773,False,24,24
3074,TwoRoom,0.07,81,65,134.72483825683594,15.447113037109375,2.5536320209503174,True,True,True,123.21887969970703,0.08540338277816772,False,0,0
3074,TwoRoom,0.07,82,65,14.561620712280273,3.0885543823242188,0.382530152797699,True,True,True,12.197244644165039,0.16237039864063263,False,0,0
3074,TwoRoom,0.07,83,65,13.58896255493164,176.6494140625,5.092155456542969,False,False,True,13.126968383789062,0.5214440822601318,False,0,0
3074,TwoRoom,0.07,84,65,168.646240234375,66.66447448730469,6.685113430023193,True,True,True,109.96932220458984,0.3479290008544922,False,0,0
3074,TwoRoom,0.07,85,65,20.138647079467773,1.1513252258300781,0.17141084372997284,True,True,True,18.774274826049805,0.06774892657995224,False,0,0
3074,TwoRoom,0.07,86,65,166.49630737304688,14.226470947265625,1.7216522693634033,True,True,True,161.8162384033203,0.0359128937125206,False,0,0
3074,TwoRoom,0.07,87,65,215.16636657714844,12.59222412109375,2.4052541255950928,True,True,True,208.1266326904297,0.03950819373130798,False,0,0
3074,TwoRoom,0.07,88,65,272.6123352050781,16.243621826171875,3.8451035022735596,True,True,True,272.09027099609375,0.045745640993118286,False,0,0
3074,TwoRoom,0.07,89,65,167.6789093017578,2.132110595703125,0.412537544965744,True,True,True,165.6817169189453,0.011910802684724331,False,0,0
3074,TwoRoom,0.07,90,65,128.09793090820312,8.936248779296875,1.1518211364746094,True,True,True,126.58724975585938,0.03115895576775074,False,0,0
3074,TwoRoom,0.07,91,65,79.02886962890625,13.385971069335938,1.3753138780593872,True,True,True,71.41285705566406,0.09637000411748886,False,0,0
3074,TwoRoom,0.07,92,65,175.32142639160156,11.90936279296875,2.0789237022399902,True,True,True,168.54690551757812,0.038640618324279785,False,0,0
3074,TwoRoom,0.07,93,65,239.17930603027344,10.771072387695312,1.6642789840698242,True,True,True,219.573974609375,0.08196917921304703,False,0,0
3074,TwoRoom,0.07,94,65,1.3744983673095703,24.0003662109375,5.219507694244385,False,False,False,-5.565824508666992,5.049349784851074,False,24,24
3074,TwoRoom,0.07,95,65,70.05068969726562,18.4561767578125,3.5517730712890625,True,True,True,44.10392761230469,0.3703997731208801,False,0,0
3074,TwoRoom,0.07,96,65,325.78009033203125,103.01065063476562,6.924407958984375,True,True,True,301.756591796875,0.25496214628219604,False,0,0
3074,TwoRoom,0.07,97,65,274.02099609375,14.53802490234375,2.6298110485076904,True,True,True,272.1219177246094,0.03549720719456673,False,0,0
3074,TwoRoom,0.07,98,65,3.068476676940918,4.8915863037109375,0.5073054432868958,False,False,True,2.4171981811523438,0.21224814653396606,False,0,0
3074,TwoRoom,0.07,99,65,8.049263000488281,10.69683837890625,2.7532474994659424,False,False,True,5.70219612121582,0.291587769985199,False,0,0
3074,TwoRoom,0.08,0,65,31.778963088989258,10.205333709716797,0.837007462978363,True,True,True,16.6615047454834,0.47570645809173584,False,0,0
3074,TwoRoom,0.08,1,65,29.474956512451172,16.226531982421875,1.9492136240005493,False,False,True,13.529502868652344,0.5409830808639526,False,0,0
3074,TwoRoom,0.08,2,65,236.58743286132812,10.284576416015625,1.2334997653961182,True,True,True,227.39756774902344,0.06295755505561829,False,0,0
3074,TwoRoom,0.08,3,65,139.4376220703125,22.923019409179688,1.8977073431015015,True,True,True,115.15996551513672,0.1741112321615219,False,0,0
3074,TwoRoom,0.08,4,65,245.80360412597656,12.64300537109375,2.4012861251831055,True,True,True,240.04574584960938,0.04089341312646866,False,0,0
3074,TwoRoom,0.08,5,65,53.03296661376953,58.022796630859375,3.162936210632324,False,False,True,40.338436126708984,0.3506630063056946,False,0,0
3074,TwoRoom,0.08,6,65,166.0391845703125,4.6277008056640625,0.9459913969039917,True,True,True,159.13478088378906,0.04158299043774605,False,0,0
3074,TwoRoom,0.08,7,65,345.99176025390625,1.700439453125,0.3804550766944885,True,True,True,345.2178649902344,0.0043167839758098125,False,0,0
3074,TwoRoom,0.08,8,65,6.473385810852051,17.70751953125,3.0667054653167725,False,False,True,3.9533255100250244,0.3892955482006073,False,0,0
3074,TwoRoom,0.08,9,65,54.14423370361328,7.145530700683594,0.453176885843277,True,True,True,43.68083190917969,0.19325052201747894,False,0,0
3074,TwoRoom,0.08,10,65,14.589292526245117,4.375640869140625,0.6032067537307739,True,True,True,14.517269134521484,0.02807498350739479,False,7,7
3074,TwoRoom,0.08,11,65,333.3370666503906,7.319091796875,1.9319502115249634,True,True,True,330.6353759765625,0.021221911534667015,False,0,0
3074,TwoRoom,0.08,12,65,32.40073776245117,30.010116577148438,3.106553316116333,False,False,True,3.062135696411133,0.9054917693138123,False,0,0
3074,TwoRoom,0.08,13,65,112.29347229003906,7.009368896484375,1.0542497634887695,True,True,True,102.17232513427734,0.09013121575117111,False,0,0
3074,TwoRoom,0.08,14,65,27.07664680480957,72.3839111328125,4.380553245544434,False,False,True,25.5662784576416,0.18344555795192719,False,0,0
3074,TwoRoom,0.08,15,65,232.50588989257812,2.17047119140625,0.45758405327796936,True,True,True,231.47442626953125,0.012386412359774113,False,0,0
3074,TwoRoom,0.08,16,65,247.64952087402344,2.852592945098877,0.2511109709739685,True,True,True,244.3739013671875,0.014589105732738972,False,0,0
3074,TwoRoom,0.08,17,65,82.77627563476562,7.646209716796875,0.9268470406532288,True,True,True,73.72770690917969,0.10931355506181717,False,30,30
3074,TwoRoom,0.08,18,65,88.68781280517578,26.966140747070312,2.6457462310791016,True,True,True,71.39325714111328,0.19500485062599182,False,0,0
3074,TwoRoom,0.08,19,65,2.383883476257324,29.47686767578125,4.201526641845703,False,False,True,0.12605762481689453,0.9471209049224854,False,46,46
3074,TwoRoom,0.08,20,65,201.62002563476562,6.81195068359375,1.0708410739898682,True,True,True,198.92630004882812,0.02435636892914772,False,0,0
3074,TwoRoom,0.08,21,65,88.16448974609375,4.78936767578125,0.8234185576438904,True,True,True,81.69673156738281,0.07336016744375229,False,0,0
3074,TwoRoom,0.08,22,65,10.204439163208008,9.390106201171875,1.8471641540527344,False,False,True,8.409095764160156,0.17593753337860107,False,0,0
3074,TwoRoom,0.08,23,65,32.44489288330078,13.7921142578125,1.6694371700286865,True,True,True,26.256099700927734,0.19074782729148865,False,0,0
3074,TwoRoom,0.08,24,65,0.4906005859375,128.20913696289062,10.043684005737305,False,False,False,-60.90113067626953,109.68003845214844,True,22,0
3074,TwoRoom,0.08,25,65,261.4634094238281,4.92364501953125,1.1876829862594604,True,True,True,255.44589233398438,0.02301473170518875,False,0,0
3074,TwoRoom,0.08,26,65,213.6146697998047,4.110321044921875,0.7108920812606812,True,True,True,211.3306427001953,0.020913943648338318,False,0,0
3074,TwoRoom,0.08,27,65,1.6620635986328125,40.094635009765625,2.4749772548675537,False,False,False,-12.602813720703125,8.582630157470703,False,0,0
3074,TwoRoom,0.08,28,65,232.78123474121094,9.0789794921875,2.21616268157959,True,True,True,229.32440185546875,0.02911541983485222,False,0,0
3074,TwoRoom,0.08,29,65,19.260923385620117,27.081260681152344,2.9514949321746826,False,False,True,8.661735534667969,0.6346961259841919,False,0,0
3074,TwoRoom,0.08,30,65,330.46441650390625,19.031707763671875,3.414067506790161,True,True,True,320.0317687988281,0.06073492765426636,False,0,0
3074,TwoRoom,0.08,31,65,117.67847442626953,9.515472412109375,1.5755016803741455,True,True,True,112.22183990478516,0.04963146522641182,False,0,0
3074,TwoRoom,0.08,32,65,192.4892120361328,15.34844970703125,1.8944271802902222,True,True,True,185.3275604248047,0.06984985619783401,False,0,0
3074,TwoRoom,0.08,33,65,7.4961700439453125,5.124542236328125,1.0151313543319702,False,False,True,0.386688232421875,0.948415219783783,False,0,0
3074,TwoRoom,0.08,34,65,174.2425994873047,144.79818725585938,11.074333190917969,False,False,True,169.95030212402344,0.31642454862594604,False,0,0
3074,TwoRoom,0.08,35,65,58.84258270263672,25.386337280273438,2.742015838623047,True,True,True,49.94649887084961,0.15118446946144104,False,0,0
3074,TwoRoom,0.08,36,65,265.53826904296875,7.65435791015625,1.135105848312378,True,True,True,263.2937316894531,0.02929367497563362,False,0,0
3074,TwoRoom,0.08,37,65,14.500747680664062,2.01373291015625,0.3890441954135895,True,True,True,10.747299194335938,0.25884518027305603,False,0,0
3074,TwoRoom,0.08,38,65,6.5153656005859375,24.407562255859375,2.6265876293182373,False,False,False,-1.5465087890625,1.237363338470459,False,19,19
3074,TwoRoom,0.08,39,65,8.282526016235352,14.157989501953125,1.158669352531433,False,False,True,8.04281997680664,0.13469938933849335,False,0,0
3074,TwoRoom,0.08,40,65,202.7039337158203,10.40533447265625,2.4492616653442383,True,True,True,201.2921600341797,0.018849218264222145,False,0,0
3074,TwoRoom,0.08,41,65,87.63887786865234,17.6424560546875,2.4342517852783203,True,True,True,78.09335327148438,0.1870308518409729,False,0,0
3074,TwoRoom,0.08,42,65,309.431884765625,3.999267578125,1.00948166847229,True,True,True,307.8642883300781,0.009357435628771782,False,0,0
3074,TwoRoom,0.08,43,65,302.29364013671875,20.80328369140625,1.345547080039978,True,True,True,301.098876953125,0.045103903859853745,False,0,0
3074,TwoRoom,0.08,44,65,266.97930908203125,7.758819580078125,1.103842854499817,True,True,True,262.078857421875,0.028020504862070084,False,0,0
3074,TwoRoom,0.08,45,65,260.6240539550781,6.96868896484375,1.4300537109375,True,True,True,248.33047485351562,0.047169771045446396,False,0,0
3074,TwoRoom,0.08,46,65,19.215930938720703,17.0693359375,3.1373913288116455,False,False,True,13.818375587463379,0.2808896005153656,False,0,0
3074,TwoRoom,0.08,47,65,30.41935920715332,2.265228271484375,0.5270400047302246,True,True,True,27.572145462036133,0.09359873831272125,False,0,0
3074,TwoRoom,0.08,48,65,66.59170532226562,27.91650390625,3.306079149246216,True,True,True,49.9525032043457,0.3876298666000366,False,13,13
3074,TwoRoom,0.08,49,65,126.5175552368164,7.0112762451171875,0.746000349521637,True,True,True,122.53871154785156,0.03144891560077667,False,0,0
3074,TwoRoom,0.08,50,65,174.88409423828125,18.77764892578125,2.2460708618164062,True,True,True,171.16455078125,0.05459441989660263,False,0,0
3074,TwoRoom,0.08,51,65,52.463165283203125,175.751708984375,6.885766506195068,False,False,False,-125.4694595336914,1.9986169338226318,False,0,0
3074,TwoRoom,0.08,52,65,30.516807556152344,4.87017822265625,0.7976507544517517,True,True,True,29.905759811401367,0.020023318007588387,False,0,0
3074,TwoRoom,0.08,53,65,20.425567626953125,20.844444274902344,1.8420002460479736,False,False,False,-8.861640930175781,1.4338504076004028,True,25,16
3074,TwoRoom,0.08,54,65,318.0985412597656,31.316253662109375,2.799210786819458,True,True,True,317.7738952636719,0.08626876771450043,False,0,0
3074,TwoRoom,0.08,55,65,1.3013708591461182,12.803802490234375,1.9657312631607056,False,False,True,1.1289887428283691,0.2702522575855255,False,0,0
3074,TwoRoom,0.08,56,65,85.34294128417969,8.284255981445312,1.1976674795150757,True,True,True,84.74797058105469,0.052555378526449203,False,0,0
3074,TwoRoom,0.08,57,65,198.07443237304688,3.486501693725586,0.6678789854049683,True,True,True,194.28529357910156,0.02252265065908432,False,0,0
3074,TwoRoom,0.08,58,65,182.67942810058594,2.7339859008789062,0.21590353548526764,True,True,True,179.5836181640625,0.017118973657488823,False,0,0
3074,TwoRoom,0.08,59,65,60.69618606567383,13.21588134765625,1.8852616548538208,True,True,True,59.03706359863281,0.0402531772851944,False,0,0
3074,TwoRoom,0.08,60,65,187.24632263183594,5.1922607421875,0.7425661683082581,True,True,True,185.40354919433594,0.023290172219276428,False,0,0
3074,TwoRoom,0.08,61,65,15.868953704833984,23.610984802246094,3.371737241744995,False,False,False,-9.064517974853516,1.5712108612060547,False,41,41
3074,TwoRoom,0.08,62,65,5.039670944213867,15.205352783203125,3.7293663024902344,False,False,True,2.993197202682495,0.4060728847980499,False,0,0
3074,TwoRoom,0.08,63,65,195.37269592285156,14.200332641601562,2.2478909492492676,True,True,True,178.70362854003906,0.08531928807497025,False,0,0
3074,TwoRoom,0.08,64,65,136.97291564941406,11.872955322265625,2.0045523643493652,True,True,True,129.19134521484375,0.05681104212999344,False,0,0
3074,TwoRoom,0.08,65,65,9.328361511230469,33.66802978515625,3.710752248764038,False,False,False,-2.8446056842803955,1.3049416542053223,True,0,29
3074,TwoRoom,0.08,66,65,115.90740966796875,7.99951171875,2.0391201972961426,True,True,True,111.93009185791016,0.034314583986997604,False,0,0
3074,TwoRoom,0.08,67,65,267.4305114746094,10.770355224609375,1.639972448348999,True,True,True,266.1184997558594,0.03698808699846268,False,0,0
3074,TwoRoom,0.08,68,65,293.9654235839844,122.4266357421875,4.0376386642456055,True,True,True,293.2845153808594,0.2530454993247986,False,0,0
3074,TwoRoom,0.08,69,65,206.71023559570312,64.724853515625,2.166958808898926,True,True,True,204.869384765625,0.13566505908966064,False,0,0
3074,TwoRoom,0.08,70,65,5.0797905921936035,8.50244140625,1.9513821601867676,False,False,True,2.303375720977783,0.5465608835220337,False,58,58
3074,TwoRoom,0.08,71,65,241.7999725341797,158.49813842773438,4.101841449737549,False,False,True,240.13916015625,0.34250888228416443,False,0,0
3074,TwoRoom,0.08,72,65,118.86710357666016,12.766471862792969,2.4975156784057617,True,True,True,105.92913818359375,0.10884397476911545,False,0,0
3074,TwoRoom,0.08,73,65,86.53504180908203,16.61712646484375,1.0990186929702759,True,True,True,78.63346862792969,0.10597386211156845,False,0,0
3074,TwoRoom,0.08,74,65,245.79885864257812,4.3392333984375,0.8615216016769409,True,True,True,242.25881958007812,0.02283746935427189,False,0,0
3074,TwoRoom,0.08,75,65,286.0880432128906,4.60626220703125,0.8651137948036194,True,True,True,285.7412414550781,0.009958995506167412,False,0,0
3074,TwoRoom,0.08,76,65,26.60417938232422,44.708534240722656,2.8452835083007812,False,False,True,10.4022855758667,0.6089980602264404,False,0,0
3074,TwoRoom,0.08,77,65,267.2956848144531,8.965545654296875,1.0565241575241089,True,True,True,261.6502685546875,0.02112048678100109,False,0,0
3074,TwoRoom,0.08,78,65,252.82427978515625,5.75469970703125,1.3384777307510376,True,True,True,244.99806213378906,0.030955186113715172,False,0,0
3074,TwoRoom,0.08,79,65,204.08917236328125,14.393936157226562,1.538967251777649,True,True,True,193.81320190429688,0.08569429069757462,False,0,0
3074,TwoRoom,0.08,80,65,73.79286193847656,4.33990478515625,0.7706238031387329,True,True,True,68.31993103027344,0.07416612654924393,False,25,25
3074,TwoRoom,0.08,81,65,118.78887939453125,4.491241455078125,0.7096236944198608,True,True,True,113.1402359008789,0.0475519560277462,False,0,0
3074,TwoRoom,0.08,82,65,21.179485321044922,22.342926025390625,2.3609628677368164,False,False,True,5.387807846069336,0.7456119656562805,False,0,0
3074,TwoRoom,0.08,83,65,65.04266357421875,6.19000244140625,1.3787516355514526,True,True,True,63.928184509277344,0.025093816220760345,False,0,0
3074,TwoRoom,0.08,84,65,116.51698303222656,17.425369262695312,2.007976531982422,True,True,True,98.77613067626953,0.15225982666015625,False,0,0
3074,TwoRoom,0.08,85,65,36.50941467285156,33.529541015625,3.487959384918213,False,False,False,-0.7227745056152344,1.0197969675064087,False,0,0
3074,TwoRoom,0.08,86,65,211.7455291748047,8.941619873046875,1.6899603605270386,True,True,True,206.01016235351562,0.027086103335022926,False,0,0
3074,TwoRoom,0.08,87,65,259.1193542480469,4.71990966796875,1.1352005004882812,True,True,True,255.39463806152344,0.02302168682217598,False,0,0
3074,TwoRoom,0.08,88,65,318.4621276855469,12.917633056640625,3.776304244995117,True,True,True,315.77716064453125,0.03921789675951004,False,0,0
3074,TwoRoom,0.08,89,65,202.3630828857422,43.121646881103516,4.011641025543213,True,True,True,154.2013397216797,0.2562510073184967,False,0,0
3074,TwoRoom,0.08,90,65,187.76622009277344,20.688995361328125,1.1532398462295532,True,True,True,180.39956665039062,0.05296512693166733,False,0,0
3074,TwoRoom,0.08,91,65,93.39973449707031,8.502586364746094,1.1926802396774292,True,True,True,84.4292221069336,0.09604433178901672,False,0,0
3074,TwoRoom,0.08,92,65,106.7617416381836,11.30218505859375,1.7992087602615356,True,True,True,103.96998596191406,0.03102407604455948,False,0,0
3074,TwoRoom,0.08,93,65,197.1273193359375,1.6880130767822266,0.38098111748695374,True,True,True,195.19747924804688,0.012340359389781952,False,0,0
3074,TwoRoom,0.08,94,65,11.713916778564453,24.69964599609375,5.666329860687256,False,False,True,8.871925354003906,0.3125326335430145,False,24,24
3074,TwoRoom,0.08,95,65,91.02029418945312,31.43048095703125,4.39307975769043,True,True,True,68.64117431640625,0.24586956202983856,False,0,0
3074,TwoRoom,0.08,96,65,321.8546447753906,117.29681396484375,7.36850118637085,True,True,True,262.7781066894531,0.3088984489440918,False,0,0
3074,TwoRoom,0.08,97,65,249.04443359375,11.07421875,1.3652992248535156,True,True,True,248.0450439453125,0.03199312463402748,False,0,0
3074,TwoRoom,0.08,98,65,11.110825538635254,23.400665283203125,4.3817572593688965,False,False,True,9.396642684936523,0.15428046882152557,False,13,13
3074,TwoRoom,0.08,99,65,3.440080165863037,34.46868896484375,8.910884857177734,False,False,False,-7.948268890380859,3.3104896545410156,False,0,0
