training_seed,task,std_key,sample_index,candidate_count,clean_margin,sample_max_drift,sample_mean_drift,coarse_cert_pass,cert_pass,sharp_cert_pass,sharp_cert_slack,sharp_normalized_score,top1_flip,clean_best,noisy_best
3072,TwoRoom,0.0,0,65,318.6593933105469,461.5545959472656,110.26810455322266,False,False,False,-371.1851501464844,2.1131856441497803,True,0,27
3072,TwoRoom,0.0,1,65,90.96959686279297,205.57742309570312,19.239994049072266,False,False,False,-229.70333862304688,3.5250561237335205,True,0,52
3072,TwoRoom,0.0,2,65,168.87164306640625,341.9163818359375,64.01292419433594,False,False,False,-333.88629150390625,2.9771602153778076,True,0,23
3072,TwoRoom,0.0,3,65,28.34250259399414,66.20068359375,15.672943115234375,False,False,False,-34.52346420288086,2.218080997467041,False,11,11
3072,TwoRoom,0.0,4,65,24.442874908447266,561.7514038085938,122.97738647460938,False,False,False,-1077.001953125,45.0620002746582,True,0,34
3072,TwoRoom,0.0,5,65,0.20052623748779297,361.9873962402344,90.48116302490234,False,False,False,-691.3466186523438,3233.159423828125,True,21,27
3072,TwoRoom,0.0,6,65,282.8144226074219,421.85504150390625,71.55122375488281,False,False,False,-305.443359375,2.0799195766448975,True,0,41
3072,TwoRoom,0.0,7,65,59.32916259765625,424.518798828125,114.25160217285156,False,False,False,-730.6338500976562,13.314919471740723,True,0,2
3072,TwoRoom,0.0,8,65,16.642837524414062,336.7338562011719,77.99378204345703,False,False,False,-536.3387451171875,33.22639846801758,True,0,47
3072,TwoRoom,0.0,9,65,261.7386474609375,266.5675354003906,45.90784454345703,False,False,False,-68.19537353515625,1.255298376083374,True,0,46
3072,TwoRoom,0.0,10,65,184.011962890625,402.9958190917969,63.49532699584961,False,False,False,-569.6049194335938,4.09547758102417,True,0,55
3072,TwoRoom,0.0,11,65,42.59671401977539,152.65377807617188,28.214014053344727,False,False,False,-12.1277494430542,1.2847108840942383,True,0,7
3072,TwoRoom,0.0,12,65,90.87521362304688,421.69842529296875,103.60079956054688,False,False,False,-672.7206420898438,8.402685165405273,True,0,43
3072,TwoRoom,0.0,13,65,251.47007751464844,265.3822021484375,35.62152099609375,False,False,False,-124.00631713867188,1.4803920984268188,True,0,21
3072,TwoRoom,0.0,14,65,235.9459686279297,297.2374572753906,47.33330154418945,False,False,False,-163.9835662841797,1.5756721496582031,True,0,30
3072,TwoRoom,0.0,15,65,132.40980529785156,484.2000427246094,133.12550354003906,False,False,False,-686.8602294921875,6.169689655303955,True,0,28
3072,TwoRoom,0.0,16,65,2.635756492614746,336.40484619140625,115.68368530273438,False,False,False,-587.02978515625,223.71775817871094,True,13,49
3072,TwoRoom,0.0,17,65,168.15249633789062,215.24984741210938,42.15885925292969,False,False,False,-151.31234741210938,1.771960973739624,True,0,29
3072,TwoRoom,0.0,18,65,234.8916015625,321.30523681640625,91.13688659667969,False,False,False,-328.235595703125,2.3973917961120605,True,0,57
3072,TwoRoom,0.0,19,65,327.9432678222656,450.1655578613281,90.63542175292969,False,False,False,-315.737548828125,1.9564335346221924,True,0,22
3072,TwoRoom,0.0,20,65,33.468017578125,584.423828125,210.6262969970703,False,False,False,-1011.9987182617188,31.2377872467041,True,0,18
3072,TwoRoom,0.0,21,65,234.46849060058594,425.76995849609375,43.736576080322266,False,False,False,-305.0205078125,2.3009018898010254,True,0,31
3072,TwoRoom,0.0,22,65,48.97990417480469,234.35433959960938,79.32836151123047,False,False,False,-326.98309326171875,7.675862789154053,False,0,0
3072,TwoRoom,0.0,23,65,22.24117660522461,385.85601806640625,85.78451538085938,False,False,False,-741.0491333007812,34.318790435791016,True,0,35
3072,TwoRoom,0.0,24,65,287.5714111328125,275.92333984375,34.69025802612305,False,False,False,-30.57275390625,1.0931493043899536,True,0,29
3072,TwoRoom,0.0,25,65,251.06082153320312,383.8581848144531,46.84992599487305,False,False,False,-272.8990173339844,2.0869836807250977,True,0,31
3072,TwoRoom,0.0,26,65,95.92269897460938,251.88035583496094,48.93912887573242,False,False,False,-274.9778137207031,3.8666605949401855,True,0,33
3072,TwoRoom,0.0,27,65,299.82098388671875,147.9942626953125,44.963829040527344,True,True,True,145.03414916992188,0.5162642002105713,False,0,0
3072,TwoRoom,0.0,28,65,371.41748046875,558.1834106445312,80.33688354492188,False,False,False,-190.48634338378906,1.3173907995224,True,0,18
3072,TwoRoom,0.0,29,65,3.11906099319458,281.99560546875,75.13927459716797,False,False,False,-530.34521484375,171.0336151123047,True,0,33
3072,TwoRoom,0.0,30,65,240.79373168945312,432.71417236328125,78.85205841064453,False,False,False,-430.7908020019531,2.5197958946228027,True,0,3
3072,TwoRoom,0.0,31,65,125.75396728515625,304.96630859375,99.99761962890625,False,False,False,-263.500732421875,3.095367193222046,True,0,46
3072,TwoRoom,0.0,32,65,159.60922241210938,196.65667724609375,22.16938018798828,False,False,False,-147.031494140625,1.921196699142456,True,0,64
3072,TwoRoom,0.0,33,65,43.44967269897461,443.3155517578125,154.35533142089844,False,False,False,-773.2431640625,18.796293258666992,True,0,62
3072,TwoRoom,0.0,34,65,106.7228012084961,272.33404541015625,84.89697265625,False,False,False,-231.5105438232422,2.8925929069519043,True,0,30
3072,TwoRoom,0.0,35,65,49.10246658325195,456.4339294433594,38.626033782958984,False,False,False,-409.1341552734375,9.312049865722656,True,0,1
3072,TwoRoom,0.0,36,65,228.87081909179688,286.2951965332031,19.975055694580078,False,False,False,-91.26835632324219,1.398776650428772,True,0,39
3072,TwoRoom,0.0,37,65,88.11091613769531,349.7694091796875,91.67816162109375,False,False,False,-492.2088317871094,6.586241245269775,True,0,38
3072,TwoRoom,0.0,38,65,71.7858657836914,265.0824890136719,47.449153900146484,False,False,False,-300.2364501953125,3.904937267303467,True,21,64
3072,TwoRoom,0.0,39,65,5.020541191101074,466.9589538574219,132.76473999023438,False,False,False,-835.52587890625,167.42147827148438,True,0,4
3072,TwoRoom,0.0,40,65,34.25489044189453,127.034423828125,34.48329544067383,False,False,False,-53.872154235839844,1.7686793804168701,True,0,50
3072,TwoRoom,0.0,41,65,290.5570983886719,239.87518310546875,28.414140701293945,False,False,True,89.79924011230469,0.7408888339996338,False,0,0
3072,TwoRoom,0.0,42,65,169.7007598876953,263.10858154296875,70.21305847167969,False,False,False,-222.2445526123047,2.3096261024475098,True,0,29
3072,TwoRoom,0.0,43,65,46.11344528198242,247.2248077392578,59.83809280395508,False,False,False,-417.201171875,10.04727840423584,True,8,40
3072,TwoRoom,0.0,44,65,297.823974609375,145.6085205078125,27.840707778930664,True,True,True,192.9190216064453,0.46486151218414307,False,0,0
3072,TwoRoom,0.0,45,65,34.65980529785156,111.35626220703125,20.588228225708008,False,False,True,24.84499740600586,0.3567048907279968,False,0,0
3072,TwoRoom,0.0,46,65,311.8203125,154.87530517578125,49.47429656982422,True,True,True,182.63113403320312,0.4843224585056305,False,0,0
3072,TwoRoom,0.0,47,65,290.3956298828125,409.7539978027344,55.41551971435547,False,False,False,-248.3892822265625,1.8553478717803955,True,0,24
3072,TwoRoom,0.0,48,65,297.4691162109375,405.6976623535156,98.34427642822266,False,False,False,-164.13436889648438,1.551769495010376,True,0,55
3072,TwoRoom,0.0,49,65,11.23575210571289,110.87401580810547,24.304481506347656,False,False,False,-163.0045928955078,9.905996322631836,True,0,22
3072,TwoRoom,0.0,50,65,62.67716598510742,507.64117431640625,99.40980529785156,False,False,False,-894.0496826171875,15.264360427856445,True,0,59
3072,TwoRoom,0.0,51,65,222.86671447753906,254.25608825683594,61.324161529541016,False,False,False,-273.29437255859375,2.2262680530548096,True,0,46
3072,TwoRoom,0.0,52,65,18.459117889404297,492.3233947753906,172.33160400390625,False,False,False,-964.3438110351562,53.24213790893555,True,0,24
3072,TwoRoom,0.0,53,65,44.988651275634766,341.87603759765625,90.48814392089844,False,False,False,-290.83319091796875,5.809291839599609,True,0,38
3072,TwoRoom,0.0,54,65,310.4148254394531,225.85791015625,68.62321472167969,False,False,False,-13.74847412109375,1.0427238941192627,False,0,0
3072,TwoRoom,0.0,55,65,210.15773010253906,304.22564697265625,79.60408020019531,False,False,False,-204.9948272705078,1.7070732116699219,True,0,28
3072,TwoRoom,0.0,56,65,289.03106689453125,438.7099609375,47.341976165771484,False,False,False,-320.4350280761719,1.9517414569854736,True,0,8
3072,TwoRoom,0.0,57,65,208.0082244873047,511.51806640625,121.66120910644531,False,False,False,-653.2540893554688,4.1405205726623535,True,0,2
3072,TwoRoom,0.0,58,65,50.84895324707031,532.0184326171875,61.1438102722168,False,False,False,-600.2684936523438,9.871892929077148,True,44,63
3072,TwoRoom,0.0,59,65,30.880157470703125,506.13714599609375,109.18254089355469,False,False,False,-951.0887451171875,31.799348831176758,True,0,62
3072,TwoRoom,0.0,60,65,34.946319580078125,302.6612548828125,50.55691146850586,False,False,False,-286.14874267578125,6.46985387802124,True,36,13
3072,TwoRoom,0.0,61,65,202.99368286132812,230.92147827148438,47.90115737915039,False,False,False,-124.43045043945312,1.6129769086837769,True,0,51
3072,TwoRoom,0.0,62,65,4.820528984069824,468.45745849609375,146.673095703125,False,False,False,-926.2125244140625,187.5280303955078,True,0,53
3072,TwoRoom,0.0,63,65,279.9789733886719,201.32455444335938,32.76821517944336,False,False,True,214.5819854736328,0.46624812483787537,False,0,0
3072,TwoRoom,0.0,64,65,316.8559875488281,205.57583618164062,32.834720611572266,False,False,True,35.617340087890625,0.8875914216041565,False,0,0
3072,TwoRoom,0.0,65,65,18.681961059570312,375.08050537109375,120.09830474853516,False,False,False,-417.128173828125,23.327857971191406,True,4,25
3072,TwoRoom,0.0,66,65,205.55223083496094,151.86566162109375,24.08580207824707,False,False,True,16.35113525390625,0.9204526543617249,False,0,0
3072,TwoRoom,0.0,67,65,249.34759521484375,439.9718017578125,99.88326263427734,False,False,False,-326.03546142578125,2.140322685241699,True,0,57
3072,TwoRoom,0.0,68,65,189.26705932617188,167.7566375732422,42.532920837402344,False,False,True,67.72667694091797,0.7555264234542847,False,0,0
3072,TwoRoom,0.0,69,65,0.42384767532348633,440.3492736816406,108.1453857421875,False,False,False,-840.3359375,1804.717529296875,True,61,6
3072,TwoRoom,0.0,70,65,199.33424377441406,418.4762268066406,41.12050247192383,False,False,False,-438.189697265625,3.19826602935791,True,0,58
3072,TwoRoom,0.0,71,65,79.89936828613281,292.3185729980469,48.03125762939453,False,False,False,-360.245361328125,5.113802433013916,True,0,28
3072,TwoRoom,0.0,72,65,91.44419860839844,461.60693359375,124.81838989257812,False,False,False,-803.6431274414062,9.788344383239746,True,0,8
3072,TwoRoom,0.0,73,65,21.651456832885742,573.2103881835938,139.447998046875,False,False,False,-1065.28173828125,50.20138931274414,True,0,23
3072,TwoRoom,0.0,74,65,222.6271514892578,331.00811767578125,71.60691833496094,False,False,False,-361.5554504394531,2.624040365219116,True,0,20
3072,TwoRoom,0.0,75,65,277.58984375,336.164794921875,54.494903564453125,False,False,False,-167.655029296875,1.6039667129516602,True,0,18
3072,TwoRoom,0.0,76,65,49.442474365234375,356.39923095703125,101.76376342773438,False,False,False,-167.80557250976562,4.095335960388184,False,0,0
3072,TwoRoom,0.0,77,65,256.89300537109375,330.15411376953125,36.64097213745117,False,False,False,-190.9549560546875,1.7429986000061035,True,0,46
3072,TwoRoom,0.0,78,65,17.547203063964844,363.1095886230469,73.4441146850586,False,False,False,-707.6924438476562,41.33078384399414,True,0,22
3072,TwoRoom,0.0,79,65,280.69903564453125,244.50485229492188,41.24446487426758,False,False,True,15.729682922363281,0.9439625144004822,False,0,0
3072,TwoRoom,0.0,80,65,126.33722686767578,166.8521728515625,8.95829963684082,False,False,False,-79.94152069091797,1.6327630281448364,True,0,46
3072,TwoRoom,0.0,81,65,27.24578094482422,391.5397033691406,148.58160400390625,False,False,False,-728.94775390625,27.754520416259766,True,0,33
3072,TwoRoom,0.0,82,65,105.21968078613281,257.72589111328125,58.05146026611328,False,False,False,-300.88531494140625,3.8595917224884033,True,0,51
3072,TwoRoom,0.0,83,65,120.7166748046875,400.7846374511719,104.95037078857422,False,False,False,-573.1223754882812,5.594120025634766,True,0,42
3072,TwoRoom,0.0,84,65,41.79551696777344,349.5991516113281,95.0123291015625,False,False,False,-580.1886596679688,14.881600379943848,True,0,15
3072,TwoRoom,0.0,85,65,25.836589813232422,190.14498901367188,53.55134582519531,False,False,False,-238.60459899902344,8.178157806396484,True,0,4
3072,TwoRoom,0.0,86,65,0.5650792121887207,38.6917724609375,6.558359622955322,False,False,False,-18.002490997314453,32.85834884643555,False,0,0
3072,TwoRoom,0.0,87,65,0.5689868927001953,542.5540161132812,207.81471252441406,False,False,False,-1037.6536865234375,1379.675048828125,True,11,54
3072,TwoRoom,0.0,88,65,13.023029327392578,287.9241638183594,47.75309753417969,False,False,False,-180.21939086914062,12.483524322509766,False,0,0
3072,TwoRoom,0.0,89,65,26.05791473388672,247.46197509765625,62.45039749145508,False,False,False,-289.13092041015625,12.095705032348633,True,42,37
3072,TwoRoom,0.0,90,65,157.1641387939453,69.3167724609375,14.460346221923828,True,True,True,71.587158203125,0.5630453824996948,False,0,0
3072,TwoRoom,0.0,91,65,157.72396850585938,408.71331787109375,101.67658996582031,False,False,False,-472.6136474609375,3.9964606761932373,True,0,21
3072,TwoRoom,0.0,92,65,318.53076171875,108.33844757080078,16.50480842590332,True,True,True,195.913330078125,0.4482046067714691,False,0,0
3072,TwoRoom,0.0,93,65,66.52549743652344,105.63580322265625,16.156156539916992,False,False,False,-12.182300567626953,1.1831222772598267,True,0,34
3072,TwoRoom,0.0,94,65,82.81510925292969,241.7608642578125,49.35825729370117,False,False,False,-338.14666748046875,5.0521111488342285,True,0,5
3072,TwoRoom,0.0,95,65,282.0645446777344,306.6112365722656,98.939208984375,False,False,False,-279.89422607421875,1.9923055171966553,True,0,29
3072,TwoRoom,0.0,96,65,339.8381652832031,259.4024658203125,69.29808044433594,False,False,True,183.11468505859375,0.5780037641525269,False,0,0
3072,TwoRoom,0.0,97,65,93.09181213378906,379.79486083984375,122.37409973144531,False,False,False,-509.96124267578125,6.47804594039917,True,0,62
3072,TwoRoom,0.0,98,65,84.0185546875,495.8119812011719,169.76206970214844,False,False,False,-371.16998291015625,4.8596930503845215,True,0,56
3072,TwoRoom,0.0,99,65,277.3604431152344,432.3304138183594,94.43006134033203,False,False,False,-385.5769958496094,2.2923734188079834,True,0,62
3072,TwoRoom,0.01,0,65,324.7315979003906,24.338623046875,3.9534075260162354,True,True,True,313.0774230957031,0.03859932720661163,False,0,0
3072,TwoRoom,0.01,1,65,114.8259048461914,8.22576904296875,1.8594096899032593,True,True,True,107.41425323486328,0.06454687565565109,False,0,0
3072,TwoRoom,0.01,2,65,188.35995483398438,40.64320373535156,10.918882369995117,True,True,True,136.11032104492188,0.32756856083869934,False,0,0
3072,TwoRoom,0.01,3,65,40.7333984375,52.384063720703125,7.250648498535156,False,False,True,34.888031005859375,0.15622302889823914,False,11,11
3072,TwoRoom,0.01,4,65,8.869343757629395,176.44061279296875,23.47092056274414,False,False,False,-19.121009826660156,3.1558539867401123,False,0,0
3072,TwoRoom,0.01,5,65,15.571052551269531,357.5669860839844,41.3990478515625,False,False,False,-624.632080078125,37.57509994506836,True,29,49
3072,TwoRoom,0.01,6,65,314.032958984375,30.94024658203125,5.796571254730225,True,True,True,307.3714294433594,0.07251126319169998,False,0,0
3072,TwoRoom,0.01,7,65,31.15903091430664,116.6480712890625,30.594207763671875,False,False,False,-143.19174194335938,5.595513343811035,True,0,11
3072,TwoRoom,0.01,8,65,1.6843008995056152,96.71159362792969,22.594919204711914,False,False,False,-25.21827507019043,13.964791297912598,False,0,0
3072,TwoRoom,0.01,9,65,276.22259521484375,131.64434814453125,27.117813110351562,True,True,True,133.83999633789062,0.6194357872009277,False,0,0
3072,TwoRoom,0.01,10,65,109.74484252929688,269.97833251953125,28.543170928955078,False,False,False,-349.570068359375,4.185298442840576,True,0,43
3072,TwoRoom,0.01,11,65,48.75460433959961,217.4639892578125,38.07896041870117,False,False,False,-293.28399658203125,7.015513896942139,False,0,0
3072,TwoRoom,0.01,12,65,72.6425552368164,205.7344207763672,18.977527618408203,False,False,True,23.10460090637207,0.6819412708282471,False,0,0
3072,TwoRoom,0.01,13,65,237.31842041015625,48.386016845703125,5.673316478729248,True,True,True,194.16123962402344,0.24371662735939026,False,0,0
3072,TwoRoom,0.01,14,65,241.96035766601562,374.2383728027344,27.93375587463379,False,False,False,-179.32754516601562,1.6953644752502441,True,0,40
3072,TwoRoom,0.01,15,65,94.24259948730469,165.0364990234375,30.45160675048828,False,False,False,-35.97105026245117,1.381685733795166,True,0,32
3072,TwoRoom,0.01,16,65,2.603773593902588,440.4371337890625,117.90420532226562,False,False,False,-798.7791137695312,288.3650817871094,True,13,9
3072,TwoRoom,0.01,17,65,229.16171264648438,34.78948974609375,11.629597663879395,True,True,True,198.55796813964844,0.13354650139808655,False,0,0
3072,TwoRoom,0.01,18,65,231.17901611328125,32.666595458984375,5.578602313995361,True,True,True,218.68321228027344,0.07965514808893204,False,0,0
3072,TwoRoom,0.01,19,65,330.897705078125,162.04815673828125,33.06134796142578,True,True,True,258.31182861328125,0.35603997111320496,False,0,0
3072,TwoRoom,0.01,20,65,35.05824279785156,83.12738037109375,23.674888610839844,False,False,False,-28.411006927490234,1.810394525527954,False,0,0
3072,TwoRoom,0.01,21,65,232.7089080810547,68.19184875488281,14.132841110229492,True,True,True,137.9181671142578,0.4082925021648407,False,0,0
3072,TwoRoom,0.01,22,65,105.84990692138672,140.82113647460938,25.391494750976562,False,False,True,53.18931198120117,0.7035447359085083,False,0,0
3072,TwoRoom,0.01,23,65,113.61356353759766,128.89938354492188,14.155029296875,False,False,False,-45.141265869140625,1.3973227739334106,True,0,14
3072,TwoRoom,0.01,24,65,302.9783630371094,129.64718627929688,28.637420654296875,True,True,True,175.55532836914062,0.48731422424316406,False,0,0
3072,TwoRoom,0.01,25,65,180.3529052734375,158.77142333984375,28.44118309020996,False,False,True,70.34542083740234,0.7125825881958008,False,0,0
3072,TwoRoom,0.01,26,65,47.72198486328125,79.04510498046875,8.415724754333496,False,False,False,-46.1468505859375,1.9669935703277588,True,0,33
3072,TwoRoom,0.01,27,65,288.2262878417969,142.82659912109375,34.68157958984375,True,True,True,231.74610900878906,0.36928966641426086,False,0,0
3072,TwoRoom,0.01,28,65,366.5639343261719,197.5261688232422,56.03221130371094,False,False,True,131.26451110839844,0.7387727499008179,False,0,0
3072,TwoRoom,0.01,29,65,3.0562705993652344,102.22715759277344,11.110657691955566,False,False,False,-31.41834259033203,2.4186840057373047,True,0,50
3072,TwoRoom,0.01,30,65,268.87750244140625,102.5015869140625,19.495712280273438,True,True,True,162.00198364257812,0.4251413345336914,False,0,0
3072,TwoRoom,0.01,31,65,91.45115661621094,61.324249267578125,8.522051811218262,False,False,True,68.92501831054688,0.2463187426328659,False,0,0
3072,TwoRoom,0.01,32,65,183.4582977294922,98.07740783691406,9.818819046020508,False,False,False,-2.29632568359375,1.0125168561935425,True,0,16
3072,TwoRoom,0.01,33,65,84.33956146240234,206.515380859375,59.28480911254883,False,False,False,-73.86201477050781,1.8757693767547607,False,0,0
3072,TwoRoom,0.01,34,65,125.20890045166016,163.1734619140625,23.288745880126953,False,False,True,10.230865478515625,0.9182896018028259,False,0,0
3072,TwoRoom,0.01,35,65,44.581321716308594,111.83901977539062,27.91790771484375,False,False,True,8.800790786743164,0.8025901913642883,False,0,0
3072,TwoRoom,0.01,36,65,219.23117065429688,11.267014503479004,1.5673478841781616,True,True,True,207.23382568359375,0.06396851688623428,False,0,0
3072,TwoRoom,0.01,37,65,86.47633361816406,67.329345703125,7.8722310066223145,False,False,True,85.46089172363281,0.27673038840293884,False,0,0
3072,TwoRoom,0.01,38,65,7.252857208251953,309.1883850097656,73.22471618652344,False,False,False,-430.8700866699219,50.95656204223633,True,22,21
3072,TwoRoom,0.01,39,65,0.9387755393981934,151.19259643554688,20.995454788208008,False,False,False,-108.79513549804688,116.89046478271484,False,46,46
3072,TwoRoom,0.01,40,65,38.687252044677734,197.05886840820312,55.93462371826172,False,False,False,-280.9222412109375,7.449219226837158,True,0,50
3072,TwoRoom,0.01,41,65,308.7882385253906,311.27960205078125,33.58810806274414,False,False,True,218.50634765625,0.4310184419155121,False,0,0
3072,TwoRoom,0.01,42,65,130.95042419433594,323.7212829589844,36.796478271484375,False,False,False,-477.13360595703125,4.643620014190674,True,0,58
3072,TwoRoom,0.01,43,65,20.405033111572266,222.84042358398438,42.1619987487793,False,False,False,-216.04306030273438,7.290740013122559,True,8,37
3072,TwoRoom,0.01,44,65,320.1378173828125,107.24774169921875,15.3319730758667,True,True,True,293.21722412109375,0.2393208146095276,False,0,0
3072,TwoRoom,0.01,45,65,99.60897827148438,217.71038818359375,25.20295524597168,False,False,False,-4.281179428100586,1.0178190469741821,False,0,0
3072,TwoRoom,0.01,46,65,315.1405029296875,138.95932006835938,25.310161590576172,True,True,True,228.83619689941406,0.3350394070148468,False,0,0
3072,TwoRoom,0.01,47,65,298.7208251953125,173.55902099609375,20.35668182373047,False,False,True,23.418067932128906,0.9254692792892456,False,0,0
3072,TwoRoom,0.01,48,65,296.664794921875,331.8606872558594,11.656341552734375,False,False,True,1.5061397552490234,0.9954955577850342,False,0,0
3072,TwoRoom,0.01,49,65,12.540644645690918,57.88978576660156,10.300149917602539,False,False,False,-31.042631149291992,3.4753615856170654,True,0,8
3072,TwoRoom,0.01,50,65,53.324737548828125,85.02392578125,18.039052963256836,False,False,False,-22.965980529785156,1.430681586265564,False,0,0
3072,TwoRoom,0.01,51,65,253.10366821289062,191.446044921875,19.684431076049805,False,False,True,13.366607666015625,0.9488146305084229,False,0,0
3072,TwoRoom,0.01,52,65,3.4712164402008057,213.4503173828125,28.20985984802246,False,False,False,-119.84567260742188,35.52555465698242,False,0,0
3072,TwoRoom,0.01,53,65,44.818050384521484,238.56597900390625,50.18772506713867,False,False,False,-153.3649444580078,2.6744165420532227,False,0,0
3072,TwoRoom,0.01,54,65,308.2213439941406,21.258819580078125,2.9881770610809326,True,True,True,297.0770263671875,0.0678332969546318,False,0,0
3072,TwoRoom,0.01,55,65,166.0612335205078,304.2723083496094,61.34988784790039,False,False,False,-243.3652801513672,2.465515375137329,True,0,1
3072,TwoRoom,0.01,56,65,299.4002990722656,81.41238403320312,7.636274337768555,True,True,True,280.4389953613281,0.19277991354465485,False,0,0
3072,TwoRoom,0.01,57,65,141.67706298828125,263.4513854980469,9.888619422912598,False,False,False,-121.99465942382812,1.8610756397247314,False,0,0
3072,TwoRoom,0.01,58,65,56.72072982788086,118.32846069335938,29.783172607421875,False,False,False,-83.90872192382812,2.4793307781219482,True,0,17
3072,TwoRoom,0.01,59,65,82.53840637207031,336.1665954589844,64.94794464111328,False,False,False,-476.0458984375,6.767569065093994,True,0,61
3072,TwoRoom,0.01,60,65,9.525222778320312,164.7115020751953,14.608144760131836,False,False,False,-69.93389129638672,4.4586501121521,True,46,13
3072,TwoRoom,0.01,61,65,189.60853576660156,128.97238159179688,16.874128341674805,False,False,True,36.215850830078125,0.8090863227844238,False,0,0
3072,TwoRoom,0.01,62,65,9.145781517028809,103.1131591796875,20.261356353759766,False,False,False,-19.585777282714844,3.141509532928467,True,0,44
3072,TwoRoom,0.01,63,65,266.06060791015625,12.791015625,2.610577344894409,True,True,True,252.75692749023438,0.05000242218375206,False,0,0
3072,TwoRoom,0.01,64,65,337.2034606933594,143.51040649414062,33.97764587402344,True,True,True,134.57302856445312,0.6390995383262634,False,0,0
3072,TwoRoom,0.01,65,65,8.12137222290039,76.95265197753906,15.75558853149414,False,False,False,-130.33880615234375,17.048864364624023,True,0,56
3072,TwoRoom,0.01,66,65,217.4698944091797,85.87872314453125,6.984421253204346,True,True,True,117.22355651855469,0.47527173161506653,False,0,0
3072,TwoRoom,0.01,67,65,279.0468444824219,17.18756103515625,3.3665707111358643,True,True,True,259.39642333984375,0.07041984796524048,False,0,0
3072,TwoRoom,0.01,68,65,172.50552368164062,142.83860778808594,21.78672981262207,False,False,False,-14.550048828125,1.0774253606796265,False,0,0
3072,TwoRoom,0.01,69,65,1.670121431350708,186.62225341796875,14.509552955627441,False,False,False,-47.287872314453125,29.31403350830078,True,0,42
3072,TwoRoom,0.01,70,65,155.9041290283203,77.98384094238281,9.928709030151367,False,False,True,76.75924682617188,0.5350926518440247,False,0,0
3072,TwoRoom,0.01,71,65,89.39446258544922,332.0165100097656,35.4212532043457,False,False,False,-401.6646423339844,5.493171215057373,True,0,63
3072,TwoRoom,0.01,72,65,107.68132019042969,140.98748779296875,27.127174377441406,False,False,False,-1.0050849914550781,1.007132649421692,True,0,5
3072,TwoRoom,0.01,73,65,43.92470932006836,76.85354614257812,14.188117980957031,False,False,True,35.38032913208008,0.22820048034191132,False,0,0
3072,TwoRoom,0.01,74,65,1.0795154571533203,257.02056884765625,27.11680793762207,False,False,False,-431.66424560546875,400.8685302734375,True,0,32
3072,TwoRoom,0.01,75,65,251.0810546875,145.8934783935547,20.92906951904297,False,False,True,143.13949584960938,0.48904794454574585,False,0,0
3072,TwoRoom,0.01,76,65,44.26795196533203,250.635498046875,19.533742904663086,False,False,False,-42.112693786621094,1.8495306968688965,False,0,0
3072,TwoRoom,0.01,77,65,294.2259521484375,178.85057067871094,18.905532836914062,False,False,True,52.64839172363281,0.8410031199455261,False,0,0
3072,TwoRoom,0.01,78,65,40.32191848754883,96.57046508789062,7.348031997680664,False,False,True,34.78623580932617,0.46451708674430847,False,0,0
3072,TwoRoom,0.01,79,65,216.1230926513672,220.994140625,52.44845199584961,False,False,False,-27.339000701904297,1.1264973878860474,False,0,0
3072,TwoRoom,0.01,80,65,149.68626403808594,18.91461181640625,2.425997257232666,True,True,True,136.8143768310547,0.13050447404384613,False,0,0
3072,TwoRoom,0.01,81,65,35.23320388793945,97.93002319335938,14.02401065826416,False,False,True,30.773706436157227,0.2903190553188324,False,0,0
3072,TwoRoom,0.01,82,65,151.75344848632812,42.4459228515625,5.928969383239746,True,True,True,117.250244140625,0.22736354172229767,False,0,0
3072,TwoRoom,0.01,83,65,93.3649673461914,403.9064025878906,48.51556396484375,False,False,False,-456.2251281738281,5.886470317840576,True,0,4
3072,TwoRoom,0.01,84,65,64.54447937011719,250.3103485107422,16.410497665405273,False,False,False,-204.27755737304688,4.164911270141602,False,0,0
3072,TwoRoom,0.01,85,65,39.02574157714844,164.9465789794922,18.9102840423584,False,False,False,-114.20856475830078,3.910839557647705,True,0,59
3072,TwoRoom,0.01,86,65,6.080366134643555,268.9740295410156,27.090654373168945,False,False,False,-31.31050682067871,6.149444103240967,True,0,63
3072,TwoRoom,0.01,87,65,8.142446517944336,480.39923095703125,208.54327392578125,False,False,False,-951.8099365234375,117.89483642578125,True,37,19
3072,TwoRoom,0.01,88,65,37.42436218261719,300.489013671875,44.3980827331543,False,False,False,-432.51239013671875,9.662063598632812,True,0,53
3072,TwoRoom,0.01,89,65,91.36305236816406,161.44412231445312,18.109107971191406,False,False,False,-72.17387390136719,1.5356451272964478,False,0,0
3072,TwoRoom,0.01,90,65,158.78305053710938,249.6407012939453,21.300617218017578,False,False,False,-42.48994445800781,1.21210515499115,True,0,57
3072,TwoRoom,0.01,91,65,163.47744750976562,161.29226684570312,9.481222152709961,False,False,False,-77.86880493164062,1.4763275384902954,False,0,0
3072,TwoRoom,0.01,92,65,281.4003601074219,58.2989501953125,7.3476972579956055,True,True,True,257.36181640625,0.10906040668487549,False,0,0
3072,TwoRoom,0.01,93,65,80.73310852050781,49.588226318359375,7.909562587738037,False,False,True,45.761539459228516,0.43317505717277527,False,0,0
3072,TwoRoom,0.01,94,65,106.0531234741211,80.36373901367188,11.034271240234375,False,False,True,14.765508651733398,0.8711985945701599,False,0,0
3072,TwoRoom,0.01,95,65,297.97332763671875,229.5716552734375,16.83348274230957,False,False,True,120.18101501464844,0.656914472579956,False,0,0
3072,TwoRoom,0.01,96,65,291.6126708984375,153.74490356445312,35.718902587890625,False,False,True,90.95218658447266,0.7097091674804688,False,0,0
3072,TwoRoom,0.01,97,65,106.63743591308594,130.2762908935547,34.321964263916016,False,False,False,-61.194190979003906,1.448144793510437,True,0,60
3072,TwoRoom,0.01,98,65,78.10966491699219,87.94866943359375,14.092049598693848,False,False,True,72.39179229736328,0.32885006070137024,False,0,0
3072,TwoRoom,0.01,99,65,322.6514892578125,48.55029296875,13.60129165649414,True,True,True,268.7039794921875,0.1978147327899933,False,0,0
3072,TwoRoom,0.02,0,65,333.953125,101.63571166992188,9.365435600280762,True,True,True,324.0653381347656,0.23862934112548828,False,0,0
3072,TwoRoom,0.02,1,65,116.04999542236328,92.51083374023438,7.000738620758057,False,False,False,-8.920379638671875,1.0768667459487915,False,0,0
3072,TwoRoom,0.02,2,65,181.9677734375,21.412445068359375,5.60162353515625,True,True,True,178.67852783203125,0.09010117501020432,False,0,0
3072,TwoRoom,0.02,3,65,47.409645080566406,16.954498291015625,2.8302271366119385,True,True,True,42.12151336669922,0.1115412637591362,False,11,11
3072,TwoRoom,0.02,4,65,9.404862403869629,26.429931640625,7.301793575286865,False,False,True,2.254901885986328,0.7602408528327942,False,0,0
3072,TwoRoom,0.02,5,65,19.80768585205078,294.73486328125,15.576006889343262,False,False,False,-283.599853515625,8.62053108215332,False,29,29
3072,TwoRoom,0.02,6,65,199.9451904296875,89.63690185546875,19.874876022338867,True,True,True,169.24114990234375,0.3266504108905792,False,0,0
3072,TwoRoom,0.02,7,65,27.47042465209961,82.23780822753906,23.20891571044922,False,False,False,-29.138317108154297,1.4061003923416138,False,0,0
3072,TwoRoom,0.02,8,65,3.3289794921875,129.33987426757812,22.338716506958008,False,False,False,-49.318599700927734,8.538732528686523,True,8,0
3072,TwoRoom,0.02,9,65,227.71478271484375,94.23868560791016,10.19501781463623,True,True,True,100.78838348388672,0.585781991481781,False,0,0
3072,TwoRoom,0.02,10,65,115.95333862304688,61.19618225097656,7.617799282073975,False,False,True,50.520896911621094,0.5642997622489929,False,0,0
3072,TwoRoom,0.02,11,65,22.742198944091797,24.0999755859375,4.838224411010742,False,False,False,-1.1888599395751953,1.052275538444519,True,0,7
3072,TwoRoom,0.02,12,65,41.669761657714844,357.861328125,23.29165267944336,False,False,False,-317.10943603515625,8.610061645507812,False,0,0
3072,TwoRoom,0.02,13,65,242.90524291992188,198.3339385986328,16.547388076782227,False,False,True,3.8845062255859375,0.9849408268928528,False,0,0
3072,TwoRoom,0.02,14,65,225.2873992919922,10.6295166015625,2.0699830055236816,True,True,True,225.02012634277344,0.035761356353759766,False,0,0
3072,TwoRoom,0.02,15,65,90.21914672851562,113.06463623046875,9.471935272216797,False,False,True,78.7651596069336,0.30216291546821594,False,0,0
3072,TwoRoom,0.02,16,65,6.568079948425293,105.08869171142578,29.030296325683594,False,False,False,-103.95822143554688,12.465020179748535,True,13,0
3072,TwoRoom,0.02,17,65,204.10447692871094,150.72142028808594,12.752768516540527,False,False,True,14.987213134765625,0.9265708923339844,False,0,0
3072,TwoRoom,0.02,18,65,168.9322967529297,11.867919921875,2.608738422393799,True,True,True,163.94227600097656,0.03236917033791542,False,0,0
3072,TwoRoom,0.02,19,65,316.7409362792969,38.32159423828125,4.909361362457275,True,True,True,311.4283142089844,0.07968608289957047,False,0,0
3072,TwoRoom,0.02,20,65,17.82175064086914,34.404937744140625,6.837004661560059,False,False,True,13.214914321899414,0.25849518179893494,False,0,0
3072,TwoRoom,0.02,21,65,213.9221954345703,16.17218017578125,3.1093521118164062,True,True,True,208.72976684570312,0.0486619733273983,False,0,0
3072,TwoRoom,0.02,22,65,269.6595764160156,38.777801513671875,5.209163665771484,True,True,True,234.82908630371094,0.12926845252513885,False,0,0
3072,TwoRoom,0.02,23,65,125.4655532836914,60.65380859375,11.873958587646484,True,True,True,47.54918670654297,0.6210179924964905,False,0,0
3072,TwoRoom,0.02,24,65,281.6242370605469,18.19232177734375,3.4906625747680664,True,True,True,278.2615051269531,0.05012645572423935,False,0,0
3072,TwoRoom,0.02,25,65,244.57815551757812,49.754058837890625,4.729564666748047,True,True,True,231.56243896484375,0.19555827975273132,False,0,0
3072,TwoRoom,0.02,26,65,87.31159973144531,82.31634521484375,13.119522094726562,False,False,True,65.58795166015625,0.4765291213989258,False,33,33
3072,TwoRoom,0.02,27,65,310.21026611328125,136.23062133789062,11.837053298950195,True,True,True,237.34564208984375,0.370817095041275,False,0,0
3072,TwoRoom,0.02,28,65,333.3796691894531,39.34527587890625,6.357633590698242,True,True,True,318.7736511230469,0.09730713069438934,False,0,0
3072,TwoRoom,0.02,29,65,1.7644213438034058,125.685546875,22.56858253479004,False,False,False,-175.5015869140625,67.70892333984375,True,50,27
3072,TwoRoom,0.02,30,65,217.43185424804688,23.2236328125,4.446118354797363,True,True,True,186.48529052734375,0.14232760667800903,False,0,0
3072,TwoRoom,0.02,31,65,81.25140380859375,133.583984375,15.076475143432617,False,False,True,60.03837966918945,0.28664839267730713,False,0,0
3072,TwoRoom,0.02,32,65,152.77845764160156,50.9818115234375,5.546336650848389,True,True,True,81.01724243164062,0.4697076678276062,False,0,0
3072,TwoRoom,0.02,33,65,123.44860076904297,101.13214111328125,25.512788772583008,False,False,True,29.60434341430664,0.76018887758255,False,0,0
3072,TwoRoom,0.02,34,65,134.51968383789062,75.11190795898438,9.6453218460083,False,False,True,104.70408630371094,0.27026328444480896,False,0,0
3072,TwoRoom,0.02,35,65,72.0278549194336,64.78424072265625,12.750557899475098,False,False,True,67.07202911376953,0.1833166480064392,False,0,0
3072,TwoRoom,0.02,36,65,216.8675079345703,244.5300750732422,10.30640983581543,False,False,False,-47.962188720703125,1.2211589813232422,True,0,39
3072,TwoRoom,0.02,37,65,68.83526611328125,35.74272918701172,5.090904712677002,False,False,True,1.0515174865722656,0.984724223613739,False,0,0
3072,TwoRoom,0.02,38,65,69.44192504882812,100.07699584960938,24.36042022705078,False,False,True,38.85826873779297,0.44042059779167175,False,0,0
3072,TwoRoom,0.02,39,65,2.2155866622924805,283.7900390625,34.4752197265625,False,False,False,-354.01519775390625,160.15916442871094,True,46,62
3072,TwoRoom,0.02,40,65,68.86589050292969,45.576507568359375,11.562661170959473,False,False,True,47.79483413696289,0.44055894017219543,False,0,0
3072,TwoRoom,0.02,41,65,292.7900085449219,25.694091796875,3.633229970932007,True,True,True,286.0511779785156,0.04837372526526451,False,0,0
3072,TwoRoom,0.02,42,65,216.14886474609375,69.87968444824219,7.303391456604004,True,True,True,114.23363494873047,0.511528730392456,False,0,0
3072,TwoRoom,0.02,43,65,8.037997245788574,119.4429931640625,21.47650146484375,False,False,False,-45.69764709472656,6.685202598571777,True,8,37
3072,TwoRoom,0.02,44,65,289.9645080566406,34.3619384765625,4.783414840698242,True,True,True,286.4177551269531,0.08265193551778793,False,0,0
3072,TwoRoom,0.02,45,65,149.23745727539062,20.467864990234375,3.5000689029693604,True,True,True,132.458740234375,0.15526314079761505,False,0,0
3072,TwoRoom,0.02,46,65,307.1390686035156,144.28759765625,19.890283584594727,True,True,True,189.71661376953125,0.4327271282672882,False,0,0
3072,TwoRoom,0.02,47,65,268.2685852050781,153.16990661621094,16.25950050354004,False,False,True,129.55636596679688,0.582709789276123,False,0,0
3072,TwoRoom,0.02,48,65,299.9056701660156,269.9082336425781,12.418770790100098,False,False,True,60.84321212768555,0.821371853351593,False,0,0
3072,TwoRoom,0.02,49,65,10.544610977172852,2.465301513671875,0.6407576203346252,True,True,True,8.857309341430664,0.1600155383348465,False,0,0
3072,TwoRoom,0.02,50,65,32.01688003540039,58.93357849121094,12.271757125854492,False,False,False,-2.8406405448913574,1.0887231826782227,False,0,0
3072,TwoRoom,0.02,51,65,245.2680206298828,280.2820129394531,25.363374710083008,False,False,False,-120.43852233886719,1.4910485744476318,True,0,53
3072,TwoRoom,0.02,52,65,16.719318389892578,143.28317260742188,30.260726928710938,False,False,False,-46.90599060058594,2.777092218399048,False,4,4
3072,TwoRoom,0.02,53,65,33.020408630371094,235.454833984375,17.34588050842285,False,False,True,1.6489887237548828,0.9500615000724792,False,0,0
3072,TwoRoom,0.02,54,65,332.79730224609375,49.44537353515625,4.406732082366943,True,True,True,320.4522399902344,0.10829084366559982,False,0,0
3072,TwoRoom,0.02,55,65,226.81149291992188,121.49557495117188,7.108839988708496,False,False,True,104.99972534179688,0.5370616912841797,False,0,0
3072,TwoRoom,0.02,56,65,279.6635437011719,283.7366638183594,29.984867095947266,False,False,False,-75.36038208007812,1.269468069076538,False,0,0
3072,TwoRoom,0.02,57,65,166.43106079101562,16.986663818359375,2.953188419342041,True,True,True,157.57809448242188,0.05319295823574066,False,0,0
3072,TwoRoom,0.02,58,65,55.13503646850586,74.66390991210938,14.64284896850586,False,False,True,28.722593307495117,0.47905007004737854,False,0,0
3072,TwoRoom,0.02,59,65,32.27995300292969,56.07989501953125,13.855984687805176,False,False,True,3.757412910461426,0.8835992217063904,False,0,0
3072,TwoRoom,0.02,60,65,4.751110076904297,170.06268310546875,19.957809448242188,False,False,False,-248.38668823242188,39.37548828125,True,0,21
3072,TwoRoom,0.02,61,65,203.12667846679688,28.53076171875,4.236926555633545,True,True,True,191.11160278320312,0.13873781263828278,False,0,0
3072,TwoRoom,0.02,62,65,6.499733924865723,65.064208984375,15.827264785766602,False,False,False,-6.560859203338623,2.009404182434082,False,0,0
3072,TwoRoom,0.02,63,65,283.1387634277344,56.402008056640625,17.082706451416016,True,True,True,212.93026733398438,0.31797531247138977,False,0,0
3072,TwoRoom,0.02,64,65,323.1695861816406,81.26266479492188,13.564743995666504,True,True,True,273.51226806640625,0.2014329731464386,False,0,0
3072,TwoRoom,0.02,65,65,18.073429107666016,70.0769271850586,13.915724754333496,False,False,False,-27.689746856689453,2.532069444656372,False,0,0
3072,TwoRoom,0.02,66,65,213.66036987304688,28.50360107421875,2.485607385635376,True,True,True,189.51817321777344,0.16786445677280426,False,0,0
3072,TwoRoom,0.02,67,65,250.87738037109375,146.08477783203125,14.261164665222168,False,False,True,140.28915405273438,0.5124017000198364,False,0,0
3072,TwoRoom,0.02,68,65,238.35804748535156,93.61036682128906,4.667214870452881,True,True,True,130.61277770996094,0.4520311951637268,False,0,0
3072,TwoRoom,0.02,69,65,2.415464401245117,427.31475830078125,14.016471862792969,False,False,False,-430.3772277832031,177.04849243164062,True,0,61
3072,TwoRoom,0.02,70,65,210.77969360351562,52.15191650390625,10.100570678710938,True,True,True,193.42640686035156,0.17626914381980896,False,0,0
3072,TwoRoom,0.02,71,65,74.66065216064453,77.87728881835938,11.045746803283691,False,False,True,28.48672103881836,0.6184507012367249,False,0,0
3072,TwoRoom,0.02,72,65,102.54766082763672,101.13751220703125,24.197538375854492,False,False,True,24.598352432250977,0.760127604007721,False,0,0
3072,TwoRoom,0.02,73,65,35.7961540222168,19.53631591796875,2.4175543785095215,False,False,True,28.73479461669922,0.1972658634185791,False,0,0
3072,TwoRoom,0.02,74,65,285.06787109375,119.43751525878906,17.3980712890625,True,True,True,122.94718933105469,0.5687090754508972,False,0,0
3072,TwoRoom,0.02,75,65,255.5001678466797,101.94808959960938,15.235349655151367,True,True,True,166.09176635742188,0.4119641184806824,False,0,0
3072,TwoRoom,0.02,76,65,55.998252868652344,20.527069091796875,3.156214714050293,True,True,True,53.55980682373047,0.13757197558879852,False,0,0
3072,TwoRoom,0.02,77,65,279.2219543457031,50.26226806640625,8.842095375061035,True,True,True,227.3246612548828,0.26329317688941956,False,0,0
3072,TwoRoom,0.02,78,65,14.32960319519043,64.4775390625,6.756392002105713,False,False,False,-20.710886001586914,2.445321559906006,True,0,16
3072,TwoRoom,0.02,79,65,172.23678588867188,74.8328857421875,12.75804328918457,True,True,True,166.04287719726562,0.17839397490024567,False,0,0
3072,TwoRoom,0.02,80,65,166.25830078125,125.446044921875,10.097355842590332,False,False,False,-33.26164245605469,1.1551275253295898,True,0,1
3072,TwoRoom,0.02,81,65,45.204345703125,252.06158447265625,7.817129135131836,False,False,True,44.472320556640625,0.6486548185348511,False,0,0
3072,TwoRoom,0.02,82,65,135.7401885986328,90.49264526367188,6.529889106750488,False,False,True,29.047954559326172,0.7860032320022583,False,0,0
3072,TwoRoom,0.02,83,65,136.3401641845703,60.21733093261719,12.275028228759766,True,True,True,121.578369140625,0.27571335434913635,False,0,0
3072,TwoRoom,0.02,84,65,55.233768463134766,213.99221801757812,11.259603500366211,False,False,False,-166.962890625,3.5133183002471924,False,0,0
3072,TwoRoom,0.02,85,65,36.52820587158203,155.4427490234375,14.514638900756836,False,False,False,-211.01803588867188,6.776851654052734,False,0,0
3072,TwoRoom,0.02,86,65,1.9118540287017822,65.5135498046875,7.394470691680908,False,False,False,-5.233962535858154,3.7376372814178467,False,0,0
3072,TwoRoom,0.02,87,65,10.365856170654297,459.2862548828125,112.67279815673828,False,False,False,-356.5718994140625,20.28016471862793,True,47,7
3072,TwoRoom,0.02,88,65,7.778630256652832,321.9020080566406,16.712507247924805,False,False,False,-330.1567687988281,43.44407653808594,True,60,53
3072,TwoRoom,0.02,89,65,56.954559326171875,129.47219848632812,8.404903411865234,False,False,False,-64.94711303710938,1.728050708770752,False,0,0
3072,TwoRoom,0.02,90,65,161.45529174804688,76.04231262207031,10.925743103027344,True,True,True,55.84428405761719,0.6541191935539246,False,0,0
3072,TwoRoom,0.02,91,65,154.6417694091797,53.88665771484375,4.749080181121826,True,True,True,88.16559600830078,0.510856032371521,False,0,0
3072,TwoRoom,0.02,92,65,311.80035400390625,92.625244140625,18.836421966552734,True,True,True,225.38015747070312,0.2917814552783966,False,0,0
3072,TwoRoom,0.02,93,65,67.77899169921875,53.052703857421875,7.210770606994629,False,False,True,51.78907012939453,0.23591265082359314,False,0,0
3072,TwoRoom,0.02,94,65,49.290374755859375,4.79541015625,0.7876779437065125,True,True,True,42.86577606201172,0.13034185767173767,False,0,0
3072,TwoRoom,0.02,95,65,321.3781433105469,236.11532592773438,14.718432426452637,False,False,True,308.5361633300781,0.38566145300865173,False,0,0
3072,TwoRoom,0.02,96,65,279.1706848144531,26.38739013671875,3.780194044113159,True,True,True,276.5941467285156,0.08332327008247375,False,0,0
3072,TwoRoom,0.02,97,65,71.1586685180664,44.44395446777344,13.796737670898438,False,False,True,18.414621353149414,0.7412174940109253,False,0,0
3072,TwoRoom,0.02,98,65,61.5439567565918,76.80841064453125,17.08987808227539,False,False,True,44.966697692871094,0.4592313766479492,False,0,0
3072,TwoRoom,0.02,99,65,345.3025207519531,31.9217529296875,3.0826306343078613,True,True,True,326.0629577636719,0.10722184181213379,False,0,0
3072,TwoRoom,0.03,0,65,316.45819091796875,49.21044921875,3.182666540145874,True,True,True,303.0608215332031,0.14044229686260223,False,0,0
3072,TwoRoom,0.03,1,65,98.98130798339844,26.06097412109375,3.743800163269043,True,True,True,68.92932891845703,0.3036126494407654,False,0,0
3072,TwoRoom,0.03,2,65,184.03250122070312,57.76335144042969,5.6424031257629395,True,True,True,162.5577850341797,0.29759570956230164,False,0,0
3072,TwoRoom,0.03,3,65,48.96864700317383,19.899139404296875,1.2695823907852173,True,True,True,42.01161193847656,0.1420712172985077,False,11,11
3072,TwoRoom,0.03,4,65,5.7997918128967285,79.3375244140625,28.635528564453125,False,False,False,-4.451781749725342,1.7675760984420776,True,0,56
3072,TwoRoom,0.03,5,65,9.268091201782227,161.72764587402344,15.070960998535156,False,False,False,-103.65926361083984,6.348710060119629,True,29,21
3072,TwoRoom,0.03,6,65,196.77235412597656,26.220458984375,5.268937110900879,True,True,True,194.2166290283203,0.05733051896095276,False,0,0
3072,TwoRoom,0.03,7,65,34.05680847167969,33.738800048828125,7.930281162261963,False,False,True,0.2635364532470703,0.9922618865966797,False,0,0
3072,TwoRoom,0.03,8,65,0.1817302703857422,71.06277465820312,11.260430335998535,False,False,False,-7.004626274108887,39.54408264160156,True,0,8
3072,TwoRoom,0.03,9,65,174.36663818359375,60.262794494628906,9.958062171936035,True,True,True,110.5722885131836,0.36586326360702515,False,0,0
3072,TwoRoom,0.03,10,65,125.59332275390625,57.15409851074219,5.53145170211792,True,True,True,45.714508056640625,0.6360116600990295,False,0,0
3072,TwoRoom,0.03,11,65,23.564542770385742,36.49473571777344,6.829582214355469,False,False,False,-8.557482719421387,1.363150715827942,True,0,7
3072,TwoRoom,0.03,12,65,81.36984252929688,177.8262939453125,17.351930618286133,False,False,True,22.771312713623047,0.7375707626342773,False,0,0
3072,TwoRoom,0.03,13,65,225.83767700195312,11.518890380859375,1.2158156633377075,True,True,True,212.7509765625,0.05794737488031387,False,0,0
3072,TwoRoom,0.03,14,65,179.24278259277344,19.89697265625,2.857590436935425,True,True,True,174.2493896484375,0.08793704211711884,False,0,0
3072,TwoRoom,0.03,15,65,86.00623321533203,92.55975341796875,5.923664569854736,False,False,True,73.69952392578125,0.17926287651062012,False,0,0
3072,TwoRoom,0.03,16,65,6.210476875305176,46.59130859375,8.740134239196777,False,False,True,2.5031473636627197,0.5969476103782654,False,13,13
3072,TwoRoom,0.03,17,65,201.49752807617188,57.225624084472656,4.486815452575684,True,True,True,139.52371215820312,0.3234516680240631,False,0,0
3072,TwoRoom,0.03,18,65,134.67385864257812,36.456146240234375,6.719813346862793,True,True,True,114.17356872558594,0.15222173929214478,False,0,0
3072,TwoRoom,0.03,19,65,337.12152099609375,62.95709228515625,8.630718231201172,True,True,True,316.8751525878906,0.15720538794994354,False,0,0
3072,TwoRoom,0.03,20,65,14.059171676635742,25.156463623046875,7.4435577392578125,False,False,True,7.303557872772217,0.48051294684410095,False,0,0
3072,TwoRoom,0.03,21,65,214.1073760986328,1.049591064453125,0.2003822922706604,True,True,True,213.9633026123047,0.003814555471763015,False,0,0
3072,TwoRoom,0.03,22,65,182.12545776367188,67.39218139648438,15.667159080505371,True,True,True,159.11727905273438,0.23924241960048676,False,0,0
3072,TwoRoom,0.03,23,65,92.0613784790039,113.69499206542969,13.57982063293457,False,False,False,-52.532562255859375,1.5706253051757812,True,0,14
3072,TwoRoom,0.03,24,65,240.70974731445312,56.71875,8.79162883758545,True,True,True,197.46249389648438,0.2784302830696106,False,0,0
3072,TwoRoom,0.03,25,65,270.5669860839844,91.35725402832031,8.240110397338867,True,True,True,209.05587768554688,0.3742908835411072,False,0,0
3072,TwoRoom,0.03,26,65,21.634536743164062,36.69328308105469,5.506727695465088,False,False,False,-38.508941650390625,2.779975414276123,True,33,0
3072,TwoRoom,0.03,27,65,272.0608825683594,9.33868408203125,2.2940001487731934,True,True,True,271.0588684082031,0.033212803304195404,False,0,0
3072,TwoRoom,0.03,28,65,390.421875,17.69915771484375,5.721341133117676,True,True,True,378.0409240722656,0.054365213960409164,False,0,0
3072,TwoRoom,0.03,29,65,9.317692756652832,50.425376892089844,3.867418050765991,False,False,False,-4.382375717163086,1.470328450202942,False,50,50
3072,TwoRoom,0.03,30,65,216.36526489257812,36.83892822265625,6.144623279571533,True,True,True,207.0443115234375,0.10403085500001907,False,0,0
3072,TwoRoom,0.03,31,65,164.77210998535156,8.390716552734375,1.5402796268463135,True,True,True,160.85977172851562,0.023743964731693268,False,0,0
3072,TwoRoom,0.03,32,65,188.55340576171875,39.628875732421875,4.525304794311523,True,True,True,113.27618408203125,0.3992355465888977,False,0,0
3072,TwoRoom,0.03,33,65,140.257568359375,51.27886199951172,13.31032657623291,True,True,True,83.18265533447266,0.4069293141365051,False,0,0
3072,TwoRoom,0.03,34,65,120.51419830322266,83.31741333007812,6.313838958740234,False,False,True,108.74089813232422,0.207706019282341,False,0,0
3072,TwoRoom,0.03,35,65,43.935035705566406,79.6920166015625,7.437523365020752,False,False,True,40.012184143066406,0.1864573359489441,False,0,0
3072,TwoRoom,0.03,36,65,200.46583557128906,2.6655168533325195,0.39872652292251587,True,True,True,197.66539001464844,0.016359269618988037,False,0,0
3072,TwoRoom,0.03,37,65,35.397281646728516,33.787139892578125,3.406892776489258,False,False,True,25.481781005859375,0.2801204025745392,False,0,0
3072,TwoRoom,0.03,38,65,99.6002426147461,33.831878662109375,6.370830535888672,True,True,True,68.76665496826172,0.3095734417438507,False,0,0
3072,TwoRoom,0.03,39,65,0.0315241813659668,83.22999572753906,13.034904479980469,False,False,False,-12.315921783447266,391.6817321777344,True,46,44
3072,TwoRoom,0.03,40,65,31.932321548461914,42.7532958984375,3.4769539833068848,False,False,True,26.65545082092285,0.29550057649612427,False,0,0
3072,TwoRoom,0.03,41,65,324.71820068359375,121.611328125,8.023338317871094,True,True,True,323.04705810546875,0.22339577972888947,False,0,0
3072,TwoRoom,0.03,42,65,213.33853149414062,15.884872436523438,1.4389779567718506,True,True,True,195.5081329345703,0.0835779458284378,False,0,0
3072,TwoRoom,0.03,43,65,22.640750885009766,16.688919067382812,2.1789536476135254,False,False,True,16.95257568359375,0.2512361407279968,False,8,8
3072,TwoRoom,0.03,44,65,312.93316650390625,37.928131103515625,3.372321128845215,True,True,True,311.3475341796875,0.07182355225086212,False,0,0
3072,TwoRoom,0.03,45,65,127.91232299804688,66.39462280273438,11.657146453857422,False,False,True,110.78144836425781,0.18033823370933533,False,0,0
3072,TwoRoom,0.03,46,65,292.8161315917969,21.94720458984375,4.6486005783081055,True,True,True,288.364501953125,0.056729529052972794,False,0,0
3072,TwoRoom,0.03,47,65,226.26925659179688,231.61788940429688,21.698171615600586,False,False,True,36.672054290771484,0.8379273414611816,False,0,0
3072,TwoRoom,0.03,48,65,272.5041809082031,25.136444091796875,2.500558614730835,True,True,True,259.6330261230469,0.07784859091043472,False,0,0
3072,TwoRoom,0.03,49,65,13.317493438720703,55.49681091308594,10.357888221740723,False,False,False,-48.28993225097656,4.6260528564453125,False,0,0
3072,TwoRoom,0.03,50,65,25.739864349365234,107.6644287109375,21.328487396240234,False,False,False,-36.824867248535156,2.430655002593994,False,0,0
3072,TwoRoom,0.03,51,65,246.90921020507812,58.8817138671875,9.03951644897461,True,True,True,185.1760711669922,0.37155479192733765,False,0,0
3072,TwoRoom,0.03,52,65,0.7632417678833008,117.21597290039062,20.169979095458984,False,False,False,-51.63722229003906,68.65513610839844,False,4,4
3072,TwoRoom,0.03,53,65,71.99568176269531,195.41925048828125,14.159577369689941,False,False,True,60.321468353271484,0.3435385227203369,False,0,0
3072,TwoRoom,0.03,54,65,307.253173828125,10.00537109375,1.7486882209777832,True,True,True,304.64306640625,0.025448473170399666,False,0,0
3072,TwoRoom,0.03,55,65,192.89413452148438,47.038482666015625,2.8217391967773438,True,True,True,175.60411071777344,0.221054345369339,False,0,0
3072,TwoRoom,0.03,56,65,287.7166442871094,23.4637451171875,3.5313172340393066,True,True,True,272.7937316894531,0.10040019452571869,False,0,0
3072,TwoRoom,0.03,57,65,257.57073974609375,49.9873046875,6.596631050109863,True,True,True,207.45758056640625,0.19456073641777039,False,0,0
3072,TwoRoom,0.03,58,65,6.673515319824219,119.30331420898438,28.712379455566406,False,False,False,-24.284042358398438,4.63886833190918,True,17,0
3072,TwoRoom,0.03,59,65,22.818450927734375,61.666473388671875,11.764084815979004,False,False,False,-29.01433563232422,2.2715296745300293,True,0,58
3072,TwoRoom,0.03,60,65,10.328765869140625,30.305679321289062,3.426542043685913,False,False,False,-23.651653289794922,3.289881944656372,False,36,36
3072,TwoRoom,0.03,61,65,201.5743408203125,109.95918273925781,13.823688507080078,False,False,True,49.90052795410156,0.7524460554122925,False,0,0
3072,TwoRoom,0.03,62,65,2.2511398792266846,52.28472900390625,6.520956516265869,False,False,True,1.0748181343078613,0.5225449204444885,False,0,0
3072,TwoRoom,0.03,63,65,141.05624389648438,40.4311408996582,6.626363277435303,True,True,True,100.207763671875,0.2895900309085846,False,0,0
3072,TwoRoom,0.03,64,65,339.4825134277344,38.7701416015625,10.647736549377441,True,True,True,311.7397766113281,0.11150751262903214,False,0,0
3072,TwoRoom,0.03,65,65,1.046072006225586,82.12369537353516,22.396900177001953,False,False,False,-54.291595458984375,52.90044021606445,True,0,4
3072,TwoRoom,0.03,66,65,248.37286376953125,10.897501945495605,1.5612809658050537,True,True,True,236.9417266845703,0.06312285363674164,False,0,0
3072,TwoRoom,0.03,67,65,257.1025085449219,10.836456298828125,0.6822046637535095,True,True,True,255.38609313964844,0.024274105206131935,False,0,0
3072,TwoRoom,0.03,68,65,227.59629821777344,62.62360763549805,9.838593482971191,True,True,True,162.5116424560547,0.33699896931648254,False,0,0
3072,TwoRoom,0.03,69,65,1.7620296478271484,225.177978515625,14.59759521484375,False,False,False,-41.877098083496094,15.205575942993164,True,61,42
3072,TwoRoom,0.03,70,65,219.35414123535156,23.637237548828125,2.5952677726745605,True,True,True,203.18618774414062,0.1431511640548706,False,0,0
3072,TwoRoom,0.03,71,65,68.3488540649414,16.642684936523438,1.4762078523635864,True,True,True,63.62898635864258,0.10840021818876266,False,0,0
3072,TwoRoom,0.03,72,65,71.61601257324219,43.43138122558594,10.572261810302734,False,False,True,40.75570297241211,0.4309135377407074,False,0,0
3072,TwoRoom,0.03,73,65,36.82402038574219,147.5413818359375,4.957370758056641,False,False,True,31.986852645874023,0.3441292941570282,False,0,0
3072,TwoRoom,0.03,74,65,154.79124450683594,189.25033569335938,11.303438186645508,False,False,False,-187.69187927246094,2.2125484943389893,True,0,43
3072,TwoRoom,0.03,75,65,172.55548095703125,46.43180847167969,8.130369186401367,True,True,True,150.30714416503906,0.1833270639181137,False,0,0
3072,TwoRoom,0.03,76,65,27.206876754760742,196.5797119140625,11.078588485717773,False,False,True,25.81311798095703,0.413875013589859,False,0,0
3072,TwoRoom,0.03,77,65,297.7238464355469,57.968299865722656,5.581101894378662,True,True,True,207.20938110351562,0.30402156710624695,False,0,0
3072,TwoRoom,0.03,78,65,10.878074645996094,11.680023193359375,1.120156168937683,False,False,True,9.637840270996094,0.11401235312223434,False,0,0
3072,TwoRoom,0.03,79,65,218.81103515625,7.083740234375,1.491655945777893,True,True,True,215.15989685058594,0.019763482734560966,False,0,0
3072,TwoRoom,0.03,80,65,142.58448791503906,257.82330322265625,10.629342079162598,False,False,False,-143.0037384033203,2.0029404163360596,True,0,1
3072,TwoRoom,0.03,81,65,40.52739715576172,203.14044189453125,12.83991527557373,False,False,True,37.59965896606445,0.3143787384033203,False,0,0
3072,TwoRoom,0.03,82,65,88.62528228759766,64.68145751953125,5.380336284637451,False,False,False,-11.981269836425781,1.1351902484893799,True,0,23
3072,TwoRoom,0.03,83,65,88.65614318847656,59.880706787109375,12.651076316833496,False,False,True,83.52676391601562,0.3171941339969635,False,0,0
3072,TwoRoom,0.03,84,65,14.835962295532227,7.2274017333984375,1.2302939891815186,True,True,True,11.034967422485352,0.25620147585868835,False,0,0
3072,TwoRoom,0.03,85,65,33.20979309082031,11.878997802734375,1.6215929985046387,True,True,True,28.35735321044922,0.2022010236978531,False,0,0
3072,TwoRoom,0.03,86,65,0.199188232421875,15.171295166015625,4.173107624053955,False,False,False,-2.7379932403564453,14.745758056640625,False,63,63
3072,TwoRoom,0.03,87,65,3.7754697799682617,108.11500549316406,17.353090286254883,False,False,False,-19.418338775634766,1.615220069885254,True,11,47
3072,TwoRoom,0.03,88,65,20.867015838623047,80.84223937988281,14.387186050415039,False,False,False,-68.41606140136719,4.278670310974121,False,0,0
3072,TwoRoom,0.03,89,65,10.113899230957031,54.95501708984375,8.268516540527344,False,False,False,-22.453834533691406,3.2200968265533447,False,0,0
3072,TwoRoom,0.03,90,65,179.03221130371094,50.26148223876953,6.38102388381958,True,True,True,110.9266128540039,0.45801493525505066,False,0,0
3072,TwoRoom,0.03,91,65,168.71371459960938,48.57804870605469,4.94223165512085,True,True,True,103.19125366210938,0.43915918469429016,False,0,0
3072,TwoRoom,0.03,92,65,322.94329833984375,22.126617431640625,6.2389631271362305,True,True,True,311.70135498046875,0.059462472796440125,False,0,0
3072,TwoRoom,0.03,93,65,57.47712707519531,29.836181640625,4.551236629486084,False,False,True,48.22150802612305,0.1610313206911087,False,0,0
3072,TwoRoom,0.03,94,65,30.64751434326172,17.201873779296875,3.2975287437438965,False,False,True,7.497817039489746,0.7553531527519226,False,0,0
3072,TwoRoom,0.03,95,65,307.89013671875,125.88775634765625,5.050612449645996,True,True,True,305.3040466308594,0.2634715139865875,False,0,0
3072,TwoRoom,0.03,96,65,261.1553955078125,32.4783935546875,3.405449151992798,True,True,True,244.82093811035156,0.10101988166570663,False,0,0
3072,TwoRoom,0.03,97,65,77.62810516357422,28.042816162109375,7.516554355621338,True,True,True,51.844905853271484,0.33677154779434204,False,0,0
3072,TwoRoom,0.03,98,65,174.19166564941406,61.904541015625,10.144110679626465,True,True,True,111.33697509765625,0.3608364164829254,False,0,0
3072,TwoRoom,0.03,99,65,287.7535705566406,43.66009521484375,3.840867042541504,True,True,True,286.3225402832031,0.08842937648296356,False,0,0
3072,TwoRoom,0.04,0,65,355.4431457519531,17.947845458984375,2.588968515396118,True,True,True,349.46844482421875,0.04265777766704559,False,0,0
3072,TwoRoom,0.04,1,65,67.96151733398438,26.057876586914062,4.062830448150635,True,True,True,38.906005859375,0.42752888798713684,False,0,0
3072,TwoRoom,0.04,2,65,165.46856689453125,42.8717041015625,5.8840556144714355,True,True,True,153.7654266357422,0.2383594661951065,False,0,0
3072,TwoRoom,0.04,3,65,39.137840270996094,10.7581787109375,2.483142137527466,True,True,True,32.06357955932617,0.1807524561882019,False,11,11
3072,TwoRoom,0.04,4,65,1.6398539543151855,27.7630615234375,8.42280101776123,False,False,False,-1.5886116027832031,1.9687519073486328,False,56,56
3072,TwoRoom,0.04,5,65,2.4036474227905273,139.04129028320312,10.37165355682373,False,False,False,-13.922274589538574,6.792145252227783,True,29,21
3072,TwoRoom,0.04,6,65,192.64613342285156,5.49237060546875,0.8921445608139038,True,True,True,192.54364013671875,0.009855756536126137,False,0,0
3072,TwoRoom,0.04,7,65,39.92802047729492,56.0281982421875,11.884575843811035,False,False,False,-31.02276611328125,1.7769674062728882,False,0,0
3072,TwoRoom,0.04,8,65,1.832392692565918,5.71612548828125,1.236081600189209,False,False,True,1.122105598449707,0.3876281976699829,False,8,8
3072,TwoRoom,0.04,9,65,238.59909057617188,21.90887451171875,3.666922092437744,True,True,True,227.0006561279297,0.07026202231645584,False,0,0
3072,TwoRoom,0.04,10,65,109.4376449584961,13.143524169921875,2.198418617248535,True,True,True,102.4144287109375,0.06417552381753922,False,0,0
3072,TwoRoom,0.04,11,65,29.42803955078125,35.86766052246094,7.798299789428711,False,False,False,-11.019424438476562,1.3744531869888306,True,0,7
3072,TwoRoom,0.04,12,65,70.84140014648438,21.420379638671875,1.0151026248931885,True,True,True,70.0711898803711,0.04804905876517296,False,0,0
3072,TwoRoom,0.04,13,65,238.04515075683594,7.581960678100586,0.6673216819763184,True,True,True,229.06683349609375,0.04000405594706535,False,0,0
3072,TwoRoom,0.04,14,65,124.00920867919922,16.48332405090332,2.134748697280884,True,True,True,98.70230865478516,0.2040727585554123,False,0,0
3072,TwoRoom,0.04,15,65,59.32722091674805,106.7862548828125,9.089009284973145,False,False,True,47.42658615112305,0.26782724261283875,False,0,0
3072,TwoRoom,0.04,16,65,2.304875373840332,43.757781982421875,4.607797622680664,False,False,False,-1.9327335357666016,1.8385415077209473,False,13,13
3072,TwoRoom,0.04,17,65,222.6347198486328,14.925712585449219,2.450867176055908,True,True,True,202.39593505859375,0.0909058228135109,False,0,0
3072,TwoRoom,0.04,18,65,127.16437530517578,7.2743988037109375,2.738982677459717,True,True,True,115.93903350830078,0.0882742628455162,False,0,0
3072,TwoRoom,0.04,19,65,311.3376770019531,129.02392578125,4.664510726928711,True,True,True,310.1034851074219,0.2592866122722626,False,0,0
3072,TwoRoom,0.04,20,65,13.229230880737305,49.717010498046875,8.96123218536377,False,False,False,-0.28325939178466797,1.021411657333374,False,0,0
3072,TwoRoom,0.04,21,65,225.211669921875,391.2464294433594,10.830544471740723,False,False,False,-174.72158813476562,1.76041841506958,True,0,59
3072,TwoRoom,0.04,22,65,208.80104064941406,53.55157470703125,8.700032234191895,True,True,True,186.50282287597656,0.19440849125385284,False,0,0
3072,TwoRoom,0.04,23,65,90.30535125732422,31.804901123046875,5.221948146820068,True,True,True,72.15340423583984,0.20100635290145874,False,0,0
3072,TwoRoom,0.04,24,65,270.2195129394531,33.392608642578125,4.6133222579956055,True,True,True,264.2125244140625,0.11623598635196686,False,0,0
3072,TwoRoom,0.04,25,65,249.1488800048828,74.913330078125,6.000714302062988,True,True,True,177.3628692626953,0.3536829352378845,False,0,0
3072,TwoRoom,0.04,26,65,73.3089599609375,51.162445068359375,4.974815368652344,False,False,True,1.03570556640625,0.9858720302581787,False,0,0
3072,TwoRoom,0.04,27,65,273.7967529296875,15.3853759765625,2.7699592113494873,True,True,True,267.5249328613281,0.031303685158491135,False,0,0
3072,TwoRoom,0.04,28,65,419.4112548828125,26.25872802734375,6.238422870635986,True,True,True,414.2318420410156,0.04888114333152771,False,0,0
3072,TwoRoom,0.04,29,65,4.272905349731445,6.894439697265625,0.9128488302230835,False,False,True,3.628002643585205,0.15092839300632477,False,0,0
3072,TwoRoom,0.04,30,65,181.94610595703125,29.032440185546875,5.375257968902588,True,True,True,160.22157287597656,0.15996681153774261,False,0,0
3072,TwoRoom,0.04,31,65,140.7460479736328,11.067291259765625,1.8294764757156372,True,True,True,137.40850830078125,0.03091183304786682,False,0,0
3072,TwoRoom,0.04,32,65,161.75006103515625,7.8476409912109375,0.4637114107608795,True,True,True,153.07554626464844,0.05362916365265846,False,0,0
3072,TwoRoom,0.04,33,65,137.99005126953125,24.368270874023438,7.3555498123168945,True,True,True,126.25313568115234,0.11241960525512695,False,0,0
3072,TwoRoom,0.04,34,65,78.77484130859375,13.392669677734375,2.0301711559295654,True,True,True,76.38905334472656,0.06649456173181534,False,0,0
3072,TwoRoom,0.04,35,65,54.2144889831543,37.894775390625,7.780502796173096,False,False,True,48.288475036621094,0.10930681228637695,False,0,0
3072,TwoRoom,0.04,36,65,160.07994079589844,12.834486961364746,0.9560642838478088,True,True,True,144.42088317871094,0.0978202298283577,False,0,0
3072,TwoRoom,0.04,37,65,62.9169921875,20.164566040039062,2.494685649871826,True,True,True,41.82586669921875,0.33522140979766846,False,0,0
3072,TwoRoom,0.04,38,65,64.06459045410156,31.18524169921875,8.42429256439209,True,True,True,37.52333068847656,0.4379573464393616,False,0,0
3072,TwoRoom,0.04,39,65,4.692911148071289,11.222076416015625,1.085039496421814,False,False,True,2.7272586822509766,0.4188556671142578,False,0,0
3072,TwoRoom,0.04,40,65,50.681949615478516,38.24457550048828,7.245446681976318,False,False,True,38.16518783569336,0.32217177748680115,False,0,0
3072,TwoRoom,0.04,41,65,301.73114013671875,41.556396484375,2.995795965194702,True,True,True,299.91015625,0.07985319197177887,False,0,0
3072,TwoRoom,0.04,42,65,137.83123779296875,99.924072265625,2.7035818099975586,False,False,True,134.06781005859375,0.4170125424861908,False,0,0
3072,TwoRoom,0.04,43,65,13.317434310913086,187.7505340576172,21.548444747924805,False,False,False,-69.3373794555664,3.479306936264038,True,8,37
3072,TwoRoom,0.04,44,65,312.55517578125,12.107757568359375,1.543218731880188,True,True,True,312.2072448730469,0.02663944475352764,False,0,0
3072,TwoRoom,0.04,45,65,216.56640625,58.59307861328125,5.105986595153809,True,True,True,210.6487274169922,0.2094092220067978,False,0,0
3072,TwoRoom,0.04,46,65,251.48960876464844,87.01742553710938,6.586020469665527,True,True,True,190.64076232910156,0.24195371568202972,False,0,0
3072,TwoRoom,0.04,47,65,284.84820556640625,38.794189453125,2.7236242294311523,True,True,True,245.70716857910156,0.13741016387939453,False,0,0
3072,TwoRoom,0.04,48,65,284.28662109375,70.2576904296875,7.385531425476074,True,True,True,266.315185546875,0.2227315753698349,False,0,0
3072,TwoRoom,0.04,49,65,15.421119689941406,12.25408935546875,1.784841775894165,False,False,True,4.625333786010742,0.7000649571418762,False,0,0
3072,TwoRoom,0.04,50,65,41.20018768310547,13.32958984375,4.466023921966553,True,True,True,40.93424606323242,0.07842476665973663,False,0,0
3072,TwoRoom,0.04,51,65,249.82041931152344,3.79998779296875,0.2871800363063812,True,True,True,249.31625366210938,0.01125780027359724,False,0,0
3072,TwoRoom,0.04,52,65,8.047475814819336,67.141357421875,17.909833908081055,False,False,False,-58.563575744628906,8.277260780334473,False,4,4
3072,TwoRoom,0.04,53,65,58.55276870727539,125.07119750976562,7.072107315063477,False,False,True,50.62004089355469,0.26641178131103516,False,0,0
3072,TwoRoom,0.04,54,65,317.3471374511719,8.2208251953125,1.4003374576568604,True,True,True,315.22015380859375,0.02272450178861618,False,0,0
3072,TwoRoom,0.04,55,65,261.4032897949219,10.3099365234375,2.15521502494812,True,True,True,252.25071716308594,0.0354485958814621,False,0,0
3072,TwoRoom,0.04,56,65,316.1239013671875,7.894439697265625,1.067285418510437,True,True,True,314.77801513671875,0.021269697695970535,False,0,0
3072,TwoRoom,0.04,57,65,249.81103515625,24.566558837890625,3.648160457611084,True,True,True,224.07022094726562,0.1030411645770073,False,0,0
3072,TwoRoom,0.04,58,65,41.56351089477539,46.530548095703125,7.474982738494873,False,False,True,19.905410766601562,0.5210844874382019,False,44,44
3072,TwoRoom,0.04,59,65,34.2835807800293,56.21185302734375,8.714736938476562,False,False,True,26.104896545410156,0.2385597974061966,False,0,0
3072,TwoRoom,0.04,60,65,1.3775634765625,22.92437744140625,2.1856064796447754,False,False,False,-1.7504425048828125,2.2706801891326904,True,46,21
3072,TwoRoom,0.04,61,65,246.4176025390625,2.730682373046875,0.3226207196712494,True,True,True,245.69100952148438,0.010451432317495346,False,0,0
3072,TwoRoom,0.04,62,65,1.4442393779754639,25.7652587890625,5.8547210693359375,False,False,False,-0.6475235819816589,1.4483492374420166,False,0,0
3072,TwoRoom,0.04,63,65,207.635498046875,31.549062728881836,5.7981743812561035,True,True,True,169.7941131591797,0.18224914371967316,False,0,0
3072,TwoRoom,0.04,64,65,198.16409301757812,19.01031494140625,5.6019287109375,True,True,True,189.32334899902344,0.08319763094186783,False,0,0
3072,TwoRoom,0.04,65,65,7.552913665771484,17.517120361328125,2.7049481868743896,False,False,True,2.7837862968444824,0.6314288377761841,False,0,0
3072,TwoRoom,0.04,66,65,238.7001190185547,2.58135986328125,0.5202106237411499,True,True,True,237.13946533203125,0.013759326189756393,False,0,0
3072,TwoRoom,0.04,67,65,228.77444458007812,55.986968994140625,2.480886459350586,True,True,True,204.0167999267578,0.15392206609249115,False,0,0
3072,TwoRoom,0.04,68,65,225.25172424316406,18.26324462890625,3.4889259338378906,True,True,True,222.01295471191406,0.0683417022228241,False,0,0
3072,TwoRoom,0.04,69,65,1.2586328983306885,3.4853057861328125,0.7447032928466797,False,False,True,0.4328746795654297,0.6560755372047424,False,61,61
3072,TwoRoom,0.04,70,65,206.689208984375,17.136962890625,3.1522397994995117,True,True,True,197.8907928466797,0.10252255946397781,False,0,0
3072,TwoRoom,0.04,71,65,74.11096954345703,37.227935791015625,3.8925724029541016,False,False,True,48.43434524536133,0.3464618921279907,False,0,0
3072,TwoRoom,0.04,72,65,91.42018127441406,20.575729370117188,5.735466003417969,True,True,True,74.845703125,0.18130002915859222,False,0,0
3072,TwoRoom,0.04,73,65,45.38274383544922,18.72369384765625,3.700774908065796,True,True,True,36.288299560546875,0.20039428770542145,False,0,0
3072,TwoRoom,0.04,74,65,129.383056640625,48.322906494140625,3.7176785469055176,True,True,True,123.6746597290039,0.20957228541374207,False,0,0
3072,TwoRoom,0.04,75,65,205.37994384765625,15.6259765625,3.0873751640319824,True,True,True,200.0750732421875,0.06118112429976463,False,0,0
3072,TwoRoom,0.04,76,65,26.486528396606445,23.795166015625,2.545226573944092,False,False,True,24.096534729003906,0.09023428708314896,False,0,0
3072,TwoRoom,0.04,77,65,302.6208801269531,17.090728759765625,1.6835761070251465,True,True,True,276.0267333984375,0.0878794714808464,False,0,0
3072,TwoRoom,0.04,78,65,17.59137725830078,19.59625244140625,1.864601731300354,False,False,True,9.967231750488281,0.433402419090271,False,0,0
3072,TwoRoom,0.04,79,65,193.71092224121094,36.10736083984375,6.403682231903076,True,True,True,169.35292053222656,0.12574408948421478,False,0,0
3072,TwoRoom,0.04,80,65,98.78205108642578,44.31275177001953,2.468907117843628,True,True,True,48.42866134643555,0.5097423195838928,False,0,0
3072,TwoRoom,0.04,81,65,56.34983825683594,102.3017578125,4.731196403503418,False,False,True,55.392024993896484,0.2829901874065399,False,0,0
3072,TwoRoom,0.04,82,65,83.743896484375,80.49333190917969,5.210683345794678,False,False,False,-5.460132598876953,1.0652003288269043,False,0,0
3072,TwoRoom,0.04,83,65,112.8838882446289,24.049346923828125,4.446871280670166,True,True,True,108.25129699707031,0.14669065177440643,False,0,0
3072,TwoRoom,0.04,84,65,16.803348541259766,211.33985900878906,5.899386405944824,False,False,False,-182.9350128173828,6.413194179534912,False,0,0
3072,TwoRoom,0.04,85,65,20.92761993408203,9.897796630859375,1.2847894430160522,True,True,True,16.46713638305664,0.2131386399269104,False,0,0
3072,TwoRoom,0.04,86,65,3.363192319869995,33.847412109375,5.20308780670166,False,False,False,-3.558427333831787,2.0580503940582275,False,0,0
3072,TwoRoom,0.04,87,65,0.8208398818969727,22.22002410888672,4.2214837074279785,False,False,False,-0.5791220664978027,1.7055238485336304,True,47,50
3072,TwoRoom,0.04,88,65,28.44978141784668,73.69261932373047,9.893180847167969,False,False,False,-54.07402038574219,2.9006831645965576,True,0,60
3072,TwoRoom,0.04,89,65,9.150764465332031,17.238540649414062,2.231659412384033,False,False,True,3.601104736328125,0.6064695119857788,False,23,23
3072,TwoRoom,0.04,90,65,183.96253967285156,40.30903625488281,3.605360269546509,True,True,True,148.7460479736328,0.21351057291030884,False,0,0
3072,TwoRoom,0.04,91,65,205.76275634765625,38.65455627441406,3.360133171081543,True,True,True,160.19595336914062,0.22145311534404755,False,0,0
3072,TwoRoom,0.04,92,65,312.3824157714844,31.2149658203125,5.569562911987305,True,True,True,298.9225769042969,0.09808439761400223,False,0,0
3072,TwoRoom,0.04,93,65,55.35643768310547,22.12359619140625,2.5359580516815186,True,True,True,53.35165023803711,0.07468745112419128,False,0,0
3072,TwoRoom,0.04,94,65,40.574153900146484,72.92550659179688,9.96207332611084,False,False,False,-62.92314529418945,2.55081844329834,False,0,0
3072,TwoRoom,0.04,95,65,337.480712890625,84.98599243164062,2.930372953414917,True,True,True,336.6137390136719,0.15424029529094696,False,0,0
3072,TwoRoom,0.04,96,65,150.10377502441406,30.292449951171875,8.917874336242676,True,True,True,136.5654296875,0.10758168995380402,False,0,0
3072,TwoRoom,0.04,97,65,67.2991714477539,9.386505126953125,2.0416574478149414,True,True,True,62.91416549682617,0.06515687704086304,False,0,0
3072,TwoRoom,0.04,98,65,222.65615844726562,45.975616455078125,4.230402946472168,True,True,True,216.5912628173828,0.16217723488807678,False,0,0
3072,TwoRoom,0.04,99,65,140.25653076171875,20.2381591796875,2.871067523956299,True,True,True,133.59788513183594,0.051050469279289246,False,0,0
3072,TwoRoom,0.05,0,65,286.39947509765625,209.58587646484375,11.151925086975098,False,False,True,223.92935180664062,0.48350000381469727,False,0,0
3072,TwoRoom,0.05,1,65,76.65518188476562,10.724494934082031,1.9915555715560913,True,True,True,64.85496520996094,0.15393897891044617,False,0,0
3072,TwoRoom,0.05,2,65,192.94163513183594,15.499847412109375,2.273113250732422,True,True,True,187.3372039794922,0.0609448179602623,False,0,0
3072,TwoRoom,0.05,3,65,36.49533462524414,9.507087707519531,0.9791245460510254,True,True,True,25.81198501586914,0.2927319407463074,False,11,11
3072,TwoRoom,0.05,4,65,3.7635390758514404,19.43896484375,3.991804361343384,False,False,True,2.239753007888794,0.40488114953041077,False,0,0
3072,TwoRoom,0.05,5,65,11.992908477783203,56.69306945800781,1.8467336893081665,False,False,True,11.352127075195312,0.24280168116092682,False,29,29
3072,TwoRoom,0.05,6,65,221.7073211669922,41.23193359375,10.396234512329102,True,True,True,199.3260498046875,0.10094961524009705,False,0,0
3072,TwoRoom,0.05,7,65,31.641462326049805,45.666542053222656,7.0452704429626465,False,False,False,-31.400959014892578,1.9923990964889526,False,0,0
3072,TwoRoom,0.05,8,65,3.5508360862731934,18.68170166015625,6.177219867706299,False,False,True,2.316798210144043,0.7467116117477417,False,0,0
3072,TwoRoom,0.05,9,65,238.50827026367188,39.07232666015625,5.656676292419434,True,True,True,212.9461669921875,0.17219127714633942,False,0,0
3072,TwoRoom,0.05,10,65,85.80585479736328,4.752960205078125,0.8247620463371277,True,True,True,84.83648681640625,0.011297190561890602,False,0,0
3072,TwoRoom,0.05,11,65,7.442055702209473,15.327896118164062,2.9455888271331787,False,False,False,-2.101677656173706,1.2824056148529053,False,0,0
3072,TwoRoom,0.05,12,65,70.10303497314453,61.823394775390625,6.175424098968506,False,False,True,52.448692321777344,0.4376984238624573,False,0,0
3072,TwoRoom,0.05,13,65,236.64073181152344,47.22740173339844,3.463808536529541,True,True,True,165.3529815673828,0.30124884843826294,False,0,0
3072,TwoRoom,0.05,14,65,199.15829467773438,15.328399658203125,2.4460301399230957,True,True,True,171.69287109375,0.13790751993656158,False,0,0
3072,TwoRoom,0.05,15,65,74.50922393798828,20.1077880859375,4.943889617919922,True,True,True,66.76235961914062,0.10795190930366516,False,0,0
3072,TwoRoom,0.05,16,65,3.3805251121520996,64.84481811523438,5.987337112426758,False,False,False,-1.833688735961914,1.5424271821975708,False,13,13
3072,TwoRoom,0.05,17,65,153.32757568359375,19.380722045898438,1.9685908555984497,True,True,True,137.849365234375,0.19022677838802338,False,0,0
3072,TwoRoom,0.05,18,65,40.41767883300781,25.88958740234375,3.5125572681427,False,False,True,35.27760314941406,0.12717394530773163,False,0,0
3072,TwoRoom,0.05,19,65,324.04144287109375,11.904876708984375,2.237489700317383,True,True,True,320.24554443359375,0.028767842799425125,False,0,0
3072,TwoRoom,0.05,20,65,18.585535049438477,35.42718505859375,6.235827445983887,False,False,True,14.001838684082031,0.2466270625591278,False,0,0
3072,TwoRoom,0.05,21,65,219.99415588378906,399.2784729003906,10.53432846069336,False,False,False,-182.0705108642578,1.8276152610778809,True,0,59
3072,TwoRoom,0.05,22,65,184.87677001953125,39.61236572265625,2.954502582550049,True,True,True,173.7939910888672,0.12659978866577148,False,0,0
3072,TwoRoom,0.05,23,65,145.76095581054688,12.51055908203125,1.4742085933685303,True,True,True,135.63804626464844,0.06944866478443146,False,0,0
3072,TwoRoom,0.05,24,65,242.83489990234375,5.345001220703125,0.6820198893547058,True,True,True,236.7850799560547,0.024913331493735313,False,0,0
3072,TwoRoom,0.05,25,65,228.951171875,11.999786376953125,1.3997671604156494,True,True,True,219.92843627929688,0.06127062439918518,False,0,0
3072,TwoRoom,0.05,26,65,64.4520263671875,43.03594970703125,4.0353217124938965,False,False,True,45.53120422363281,0.29356443881988525,False,33,33
3072,TwoRoom,0.05,27,65,281.9964904785156,15.286285400390625,1.726665735244751,True,True,True,279.6033020019531,0.033879902213811874,False,0,0
3072,TwoRoom,0.05,28,65,429.50799560546875,21.44671630859375,4.839027404785156,True,True,True,426.8994140625,0.036315880715847015,False,0,0
3072,TwoRoom,0.05,29,65,0.2377021312713623,26.992782592773438,2.9273791313171387,False,False,False,-3.7557621002197266,16.8002872467041,True,0,50
3072,TwoRoom,0.05,30,65,205.46871948242188,19.119537353515625,3.4040610790252686,True,True,True,196.32275390625,0.08413103222846985,False,0,0
3072,TwoRoom,0.05,31,65,137.80392456054688,18.80340576171875,2.2347195148468018,True,True,True,134.37338256835938,0.06207142397761345,False,0,0
3072,TwoRoom,0.05,32,65,159.00099182128906,2.29193115234375,0.21619319915771484,True,True,True,156.61260986328125,0.015021218918263912,False,0,0
3072,TwoRoom,0.05,33,65,173.51771545410156,35.54766845703125,7.866143703460693,True,True,True,152.9625244140625,0.11846160888671875,False,0,0
3072,TwoRoom,0.05,34,65,114.1847915649414,122.56488037109375,3.6441755294799805,False,False,True,94.33779907226562,0.5666329264640808,False,0,0
3072,TwoRoom,0.05,35,65,47.89382553100586,44.18182373046875,5.715750217437744,False,False,True,33.85391616821289,0.293146550655365,False,0,0
3072,TwoRoom,0.05,36,65,207.0037384033203,112.3880844116211,4.860934257507324,False,False,True,80.99994659423828,0.6089719533920288,False,0,0
3072,TwoRoom,0.05,37,65,68.51766204833984,9.90435791015625,0.9302325248718262,True,True,True,66.4931640625,0.08527488261461258,False,0,0
3072,TwoRoom,0.05,38,65,65.0451431274414,32.350059509277344,9.342432022094727,True,True,True,38.0385627746582,0.415197491645813,False,0,0
3072,TwoRoom,0.05,39,65,0.1284494400024414,17.699913024902344,1.463897943496704,False,False,False,-2.4901926517486572,20.386558532714844,True,46,0
3072,TwoRoom,0.05,40,65,54.682586669921875,19.22675323486328,1.9421175718307495,True,True,True,53.045616149902344,0.15502412617206573,False,0,0
3072,TwoRoom,0.05,41,65,289.5508117675781,13.170623779296875,0.9383137822151184,True,True,True,288.3402099609375,0.026018042117357254,False,0,0
3072,TwoRoom,0.05,42,65,173.67410278320312,19.899444580078125,0.9301081895828247,True,True,True,158.3154296875,0.0884338766336441,False,0,0
3072,TwoRoom,0.05,43,65,49.15534210205078,114.11874389648438,7.471907138824463,False,False,True,27.806983947753906,0.7745934128761292,False,8,8
3072,TwoRoom,0.05,44,65,291.87890625,30.158203125,5.161489486694336,True,True,True,285.54779052734375,0.06808928400278091,False,0,0
3072,TwoRoom,0.05,45,65,239.35354614257812,19.32171630859375,1.7743219137191772,True,True,True,237.49819946289062,0.05289549008011818,False,0,0
3072,TwoRoom,0.05,46,65,293.0298156738281,13.5792236328125,1.5254225730895996,True,True,True,287.9954528808594,0.03370397165417671,False,0,0
3072,TwoRoom,0.05,47,65,237.780029296875,15.37664794921875,3.3540828227996826,True,True,True,225.99703979492188,0.06113407760858536,False,0,0
3072,TwoRoom,0.05,48,65,322.28851318359375,389.70318603515625,12.368590354919434,False,False,True,260.7293395996094,0.60468989610672,False,0,0
3072,TwoRoom,0.05,49,65,6.3731689453125,8.910629272460938,1.3220165967941284,False,False,True,5.328422546386719,0.30798086524009705,False,0,0
3072,TwoRoom,0.05,50,65,31.053707122802734,24.202178955078125,7.509391784667969,False,False,True,19.03457260131836,0.38704344630241394,False,0,0
3072,TwoRoom,0.05,51,65,245.69041442871094,7.942169189453125,0.9312617778778076,True,True,True,244.0070343017578,0.02119528502225876,False,0,0
3072,TwoRoom,0.05,52,65,21.395713806152344,24.642669677734375,3.4889352321624756,False,False,True,14.257776260375977,0.3336152732372284,False,4,4
3072,TwoRoom,0.05,53,65,43.1322021484375,36.690216064453125,2.8133010864257812,False,False,True,42.26097869873047,0.23789547383785248,False,0,0
3072,TwoRoom,0.05,54,65,309.3734130859375,10.99749755859375,2.530839204788208,True,True,True,303.9444274902344,0.03294987604022026,False,0,0
3072,TwoRoom,0.05,55,65,207.0283203125,12.314579010009766,0.7282574772834778,True,True,True,194.66571044921875,0.05971460044384003,False,0,0
3072,TwoRoom,0.05,56,65,312.5538330078125,53.17972183227539,3.95857834815979,True,True,True,255.57211303710938,0.182938352227211,False,0,0
3072,TwoRoom,0.05,57,65,207.6165771484375,43.529998779296875,2.6582162380218506,True,True,True,205.35440063476562,0.11626622080802917,False,0,0
3072,TwoRoom,0.05,58,65,6.630046844482422,11.691619873046875,3.537196159362793,False,False,False,-0.08308792114257812,1.0125319957733154,True,0,44
3072,TwoRoom,0.05,59,65,42.275634765625,51.23951721191406,10.700090408325195,False,False,True,24.129104614257812,0.4292432367801666,False,0,0
3072,TwoRoom,0.05,60,65,21.96664810180664,80.12771606445312,4.461357116699219,False,False,False,-17.51451301574707,1.7973231077194214,True,36,0
3072,TwoRoom,0.05,61,65,203.12977600097656,9.492279052734375,2.0055298805236816,True,True,True,197.4449920654297,0.04617403447628021,False,0,0
3072,TwoRoom,0.05,62,65,3.0878424644470215,11.6197509765625,2.826077938079834,False,False,True,1.0233756303787231,0.6685791015625,False,0,0
3072,TwoRoom,0.05,63,65,305.9886474609375,40.42291259765625,6.80165433883667,True,True,True,285.26177978515625,0.10276490449905396,False,0,0
3072,TwoRoom,0.05,64,65,274.2943115234375,8.08465576171875,1.5933456420898438,True,True,True,273.7766418457031,0.025393962860107422,False,0,0
3072,TwoRoom,0.05,65,65,3.9221200942993164,6.4119873046875,1.1417068243026733,False,False,True,0.631901741027832,0.8388876914978027,False,0,0
3072,TwoRoom,0.05,66,65,230.76016235351562,33.641693115234375,2.1154885292053223,True,True,True,224.58299255371094,0.10595524311065674,False,0,0
3072,TwoRoom,0.05,67,65,263.04254150390625,226.62103271484375,8.129939079284668,False,False,True,40.119441986083984,0.8496199250221252,False,0,0
3072,TwoRoom,0.05,68,65,243.36634826660156,12.404233932495117,1.2830827236175537,True,True,True,228.54522705078125,0.06090044602751732,False,0,0
3072,TwoRoom,0.05,69,65,1.823286771774292,9.609466552734375,1.9639111757278442,False,False,True,0.11567854881286621,0.9365549087524414,False,61,61
3072,TwoRoom,0.05,70,65,176.1950225830078,9.212677001953125,1.4770257472991943,True,True,True,170.38687133789062,0.0578913651406765,False,0,0
3072,TwoRoom,0.05,71,65,58.20816421508789,34.20939636230469,3.2025763988494873,False,False,True,55.72487258911133,0.19303883612155914,False,0,0
3072,TwoRoom,0.05,72,65,56.76883316040039,12.537109375,3.118438482284546,True,True,True,49.83855438232422,0.12207891792058945,False,0,0
3072,TwoRoom,0.05,73,65,42.266014099121094,25.93487548828125,7.236997604370117,False,False,True,39.142601013183594,0.07389888167381287,False,0,0
3072,TwoRoom,0.05,74,65,66.69871520996094,100.79360961914062,7.073902130126953,False,False,False,-40.76041793823242,1.6111124753952026,False,0,0
3072,TwoRoom,0.05,75,65,164.85031127929688,9.9083251953125,2.1096384525299072,True,True,True,163.83224487304688,0.023493636399507523,False,0,0
3072,TwoRoom,0.05,76,65,42.21504592895508,18.805206298828125,2.2207260131835938,True,True,True,41.78498077392578,0.13973291218280792,False,0,0
3072,TwoRoom,0.05,77,65,280.8271179199219,12.931396484375,1.690378189086914,True,True,True,266.9534912109375,0.06597277522087097,False,0,0
3072,TwoRoom,0.05,78,65,30.235919952392578,20.75177001953125,2.8416013717651367,False,False,True,24.928815841674805,0.17552316188812256,False,0,0
3072,TwoRoom,0.05,79,65,182.1270294189453,20.149871826171875,4.447251319885254,True,True,True,169.86692810058594,0.0673162043094635,False,0,0
3072,TwoRoom,0.05,80,65,141.29391479492188,15.783645629882812,0.8491910696029663,True,True,True,120.71749877929688,0.14562846720218658,False,0,0
3072,TwoRoom,0.05,81,65,43.80436325073242,7.138702392578125,0.8331745266914368,True,True,True,43.683589935302734,0.01667708344757557,False,0,0
3072,TwoRoom,0.05,82,65,152.27842712402344,11.638229370117188,1.7431985139846802,True,True,True,139.08782958984375,0.08662160485982895,False,0,0
3072,TwoRoom,0.05,83,65,71.3466796875,5.6035003662109375,0.7480975985527039,True,True,True,70.89401245117188,0.026341987773776054,False,0,0
3072,TwoRoom,0.05,84,65,38.47787857055664,12.733619689941406,0.9677940011024475,True,True,True,30.566699981689453,0.20560330152511597,False,0,0
3072,TwoRoom,0.05,85,65,34.113502502441406,44.586181640625,5.119542598724365,False,False,False,-10.771993637084961,1.268959641456604,True,0,51
3072,TwoRoom,0.05,86,65,11.772479057312012,9.3994140625,1.4122700691223145,False,False,True,11.051082611083984,0.06127825006842613,False,0,0
3072,TwoRoom,0.05,87,65,5.336456298828125,188.5369873046875,53.48769760131836,False,False,False,-109.48286437988281,16.279476165771484,True,0,31
3072,TwoRoom,0.05,88,65,0.0077056884765625,5.05316162109375,0.7100684642791748,False,False,False,-0.44930076599121094,59.307674407958984,False,60,60
3072,TwoRoom,0.05,89,65,30.972610473632812,11.2724609375,0.7872176170349121,True,True,True,27.680679321289062,0.10628523677587509,False,23,23
3072,TwoRoom,0.05,90,65,187.61203002929688,12.71832275390625,2.7839179039001465,True,True,True,178.48011779785156,0.07203148305416107,False,0,0
3072,TwoRoom,0.05,91,65,174.09854125976562,6.0455169677734375,0.5840907096862793,True,True,True,167.064453125,0.04040292277932167,False,0,0
3072,TwoRoom,0.05,92,65,308.4422607421875,33.5831298828125,7.281950950622559,True,True,True,294.0538330078125,0.09398182481527328,False,0,0
3072,TwoRoom,0.05,93,65,44.56554412841797,14.645477294921875,1.8632545471191406,True,True,True,41.0762939453125,0.0782947838306427,False,0,0
3072,TwoRoom,0.05,94,65,33.737525939941406,61.89868927001953,5.7954020500183105,False,False,False,-38.99566650390625,2.1558544635772705,False,0,0
3072,TwoRoom,0.05,95,65,350.2344970703125,134.94570922851562,5.016116142272949,True,True,True,348.4983825683594,0.2631634473800659,False,0,0
3072,TwoRoom,0.05,96,65,243.81451416015625,23.615631103515625,5.848215103149414,True,True,True,237.9653778076172,0.06209902837872505,False,0,0
3072,TwoRoom,0.05,97,65,76.5348129272461,9.01287841796875,1.1033676862716675,True,True,True,73.91187286376953,0.034271229058504105,False,0,0
3072,TwoRoom,0.05,98,65,78.29821014404297,20.28533935546875,5.309088706970215,True,True,True,65.45720672607422,0.1640012413263321,False,0,0
3072,TwoRoom,0.05,99,65,111.75779724121094,12.7193603515625,1.690792202949524,True,True,True,98.73519134521484,0.11652527004480362,False,0,0
3072,TwoRoom,0.06,0,65,209.0397491455078,25.430755615234375,4.836231708526611,True,True,True,196.3584747314453,0.06066440790891647,False,0,0
3072,TwoRoom,0.06,1,65,100.841796875,5.7438507080078125,1.1308783292770386,True,True,True,94.41385650634766,0.06374283879995346,False,0,0
3072,TwoRoom,0.06,2,65,188.6521759033203,10.363388061523438,1.5702885389328003,True,True,True,184.96682739257812,0.05565421283245087,False,0,0
3072,TwoRoom,0.06,3,65,31.21753692626953,8.065887451171875,1.255700707435608,True,True,True,22.926555633544922,0.26558730006217957,False,11,11
3072,TwoRoom,0.06,4,65,4.45028018951416,20.00482177734375,4.568301200866699,False,False,True,2.2506532669067383,0.494267076253891,False,0,0
3072,TwoRoom,0.06,5,65,9.981606483459473,6.304080963134766,0.7840279936790466,False,False,True,7.500678539276123,0.24854996800422668,False,29,29
3072,TwoRoom,0.06,6,65,183.67616271972656,19.2020263671875,4.873605251312256,True,True,True,182.36468505859375,0.03654337674379349,False,0,0
3072,TwoRoom,0.06,7,65,56.39462661743164,20.037628173828125,4.744323253631592,True,True,True,42.21839904785156,0.2513754665851593,False,0,0
3072,TwoRoom,0.06,8,65,1.9092903137207031,8.685150146484375,2.212686777114868,False,False,False,-1.178318738937378,1.617150068283081,False,0,0
3072,TwoRoom,0.06,9,65,228.19439697265625,8.634124755859375,0.5988712906837463,True,True,True,227.51068115234375,0.0251007080078125,False,0,0
3072,TwoRoom,0.06,10,65,83.8115234375,31.19782257080078,4.428562641143799,True,True,True,36.15099334716797,0.5686632394790649,False,0,0
3072,TwoRoom,0.06,11,65,34.88928985595703,8.136627197265625,0.6997227072715759,True,True,True,32.012264251708984,0.08246157318353653,False,0,0
3072,TwoRoom,0.06,12,65,62.80255126953125,16.848724365234375,2.612558603286743,True,True,True,45.682464599609375,0.27260178327560425,False,0,0
3072,TwoRoom,0.06,13,65,229.4152069091797,2.4744415283203125,0.30821672081947327,True,True,True,225.54966735839844,0.01684952713549137,False,0,0
3072,TwoRoom,0.06,14,65,207.54098510742188,9.198822021484375,1.2163589000701904,True,True,True,193.5293426513672,0.06751268357038498,False,0,0
3072,TwoRoom,0.06,15,65,84.37263488769531,7.617889404296875,1.395540714263916,True,True,True,84.17357635498047,0.036691900342702866,False,0,0
3072,TwoRoom,0.06,16,65,2.0380756855010986,8.16656494140625,0.945024847984314,False,False,True,0.6919806003570557,0.6604735255241394,False,13,13
3072,TwoRoom,0.06,17,65,184.92742919921875,11.701858520507812,1.7542847394943237,True,True,True,178.135986328125,0.07011179625988007,False,0,0
3072,TwoRoom,0.06,18,65,124.86864471435547,27.48345947265625,3.9327821731567383,True,True,True,116.36617279052734,0.09892893582582474,False,0,0
3072,TwoRoom,0.06,19,65,348.8545227050781,54.7996826171875,4.000895977020264,True,True,True,345.4609375,0.08884507417678833,False,0,0
3072,TwoRoom,0.06,20,65,22.80252456665039,15.26910400390625,2.9717352390289307,False,False,True,19.37816619873047,0.15017451345920563,False,0,0
3072,TwoRoom,0.06,21,65,224.9439239501953,77.89581298828125,3.1830739974975586,True,True,True,206.08499145507812,0.27044957876205444,False,0,0
3072,TwoRoom,0.06,22,65,261.3045349121094,12.86505126953125,2.1301631927490234,True,True,True,250.92401123046875,0.06187072768807411,False,0,0
3072,TwoRoom,0.06,23,65,114.18011474609375,42.2720947265625,5.2580437660217285,True,True,True,55.31379318237305,0.5155566930770874,False,0,0
3072,TwoRoom,0.06,24,65,284.34454345703125,18.266326904296875,1.7931472063064575,True,True,True,275.6079406738281,0.0449659563601017,False,0,0
3072,TwoRoom,0.06,25,65,229.3991241455078,11.764663696289062,0.9234796166419983,True,True,True,215.8544921875,0.05904398858547211,False,0,0
3072,TwoRoom,0.06,26,65,13.411407470703125,28.6807861328125,3.9147677421569824,False,False,False,-10.746498107910156,1.801295280456543,True,33,0
3072,TwoRoom,0.06,27,65,269.0718994140625,145.9698486328125,4.788524627685547,False,False,True,265.1776123046875,0.32368525862693787,False,0,0
3072,TwoRoom,0.06,28,65,384.319580078125,18.661834716796875,5.267894268035889,True,True,True,381.31622314453125,0.04521786421537399,False,0,0
3072,TwoRoom,0.06,29,65,6.494487762451172,9.175430297851562,0.8848078846931458,False,False,True,4.147943496704102,0.36131322383880615,False,50,50
3072,TwoRoom,0.06,30,65,206.9073944091797,9.68792724609375,1.8546435832977295,True,True,True,196.96646118164062,0.04804534465074539,False,0,0
3072,TwoRoom,0.06,31,65,116.78421783447266,28.9884033203125,5.01794958114624,True,True,True,111.70883178710938,0.09807521849870682,False,0,0
3072,TwoRoom,0.06,32,65,177.73193359375,5.9338531494140625,0.4596881568431854,True,True,True,170.78614807128906,0.039080116897821426,False,0,0
3072,TwoRoom,0.06,33,65,155.43234252929688,16.159271240234375,6.12197732925415,True,True,True,146.5650634765625,0.0820605680346489,False,0,0
3072,TwoRoom,0.06,34,65,118.1368637084961,161.6251678466797,5.376957416534424,False,False,True,112.46156311035156,0.42489537596702576,False,0,0
3072,TwoRoom,0.06,35,65,25.82147789001465,20.46954345703125,2.7067179679870605,False,False,True,23.05400848388672,0.10717703402042389,False,0,0
3072,TwoRoom,0.06,36,65,213.14491271972656,0.538543701171875,0.12017995119094849,True,True,True,212.76011657714844,0.0028434754349291325,False,0,0
3072,TwoRoom,0.06,37,65,77.115234375,16.960189819335938,1.7733008861541748,True,True,True,72.56922912597656,0.09281536936759949,False,0,0
3072,TwoRoom,0.06,38,65,80.92410278320312,20.664154052734375,8.304156303405762,True,True,True,54.817665100097656,0.36039623618125916,False,0,0
3072,TwoRoom,0.06,39,65,4.607620716094971,28.2286376953125,4.3712639808654785,False,False,False,-2.3903331756591797,1.5187782049179077,False,0,0
3072,TwoRoom,0.06,40,65,46.14762878417969,10.343551635742188,2.191823720932007,True,True,True,40.7835693359375,0.11623695492744446,False,0,0
3072,TwoRoom,0.06,41,65,304.3106384277344,9.18951416015625,1.1955418586730957,True,True,True,302.09466552734375,0.0154015077278018,False,0,0
3072,TwoRoom,0.06,42,65,186.16448974609375,8.19451904296875,0.36716243624687195,True,True,True,177.87841796875,0.04450943320989609,False,0,0
3072,TwoRoom,0.06,43,65,29.18502426147461,77.98167419433594,7.982645511627197,False,False,True,13.252830505371094,0.6954969763755798,False,8,8
3072,TwoRoom,0.06,44,65,293.13970947265625,8.281158447265625,1.209081768989563,True,True,True,292.0036926269531,0.021973660215735435,False,0,0
3072,TwoRoom,0.06,45,65,226.3094024658203,31.179107666015625,2.9506261348724365,True,True,True,218.58447265625,0.12799780070781708,False,0,0
3072,TwoRoom,0.06,46,65,244.65029907226562,12.009613037109375,0.9905137419700623,True,True,True,244.50958251953125,0.04253912717103958,False,0,0
3072,TwoRoom,0.06,47,65,266.72698974609375,2.2938232421875,0.328828901052475,True,True,True,266.4788818359375,0.008965958841145039,False,0,0
3072,TwoRoom,0.06,48,65,300.1514587402344,273.19342041015625,14.942095756530762,False,False,True,289.2135009765625,0.47447407245635986,False,0,0
3072,TwoRoom,0.06,49,65,29.38896942138672,7.83013916015625,1.0563560724258423,True,True,True,26.895069122314453,0.08485838025808334,False,0,0
3072,TwoRoom,0.06,50,65,26.695037841796875,35.930694580078125,8.783214569091797,False,False,True,11.931979179382324,0.5530263185501099,False,0,0
3072,TwoRoom,0.06,51,65,259.4608154296875,27.406036376953125,3.1951537132263184,True,True,True,250.75579833984375,0.0786823183298111,False,0,0
3072,TwoRoom,0.06,52,65,25.092716217041016,9.6920166015625,1.207572102546692,True,True,True,22.966636657714844,0.10094054788351059,False,4,4
3072,TwoRoom,0.06,53,65,35.930419921875,173.7978515625,8.53482723236084,False,False,True,33.794586181640625,0.5119891166687012,False,0,0
3072,TwoRoom,0.06,54,65,283.6844482421875,11.25286865234375,1.3959132432937622,True,True,True,282.8086242675781,0.027004148811101913,False,0,0
3072,TwoRoom,0.06,55,65,196.689208984375,41.15538024902344,1.8190741539001465,True,True,True,154.1648712158203,0.21620066463947296,False,0,0
3072,TwoRoom,0.06,56,65,296.81719970703125,6.012881278991699,0.8317270874977112,True,True,True,289.981201171875,0.03023264929652214,False,0,0
3072,TwoRoom,0.06,57,65,179.10025024414062,52.519256591796875,6.565271854400635,True,True,True,156.01303100585938,0.2532857358455658,False,0,0
3072,TwoRoom,0.06,58,65,0.040085792541503906,19.894302368164062,3.9011826515197754,False,False,False,-8.334354400634766,208.9129180908203,False,0,0
3072,TwoRoom,0.06,59,65,29.366426467895508,10.64019775390625,0.8818830251693726,True,True,True,29.024791717529297,0.03447163105010986,False,0,0
3072,TwoRoom,0.06,60,65,28.676868438720703,20.574905395507812,1.5350078344345093,False,False,True,27.913406372070312,0.21730899810791016,False,21,21
3072,TwoRoom,0.06,61,65,210.932373046875,10.158447265625,1.623706579208374,True,True,True,209.5388946533203,0.03535837307572365,False,0,0
3072,TwoRoom,0.06,62,65,1.2761216163635254,11.903289794921875,2.3697288036346436,False,False,True,0.4524514079093933,0.6454480290412903,False,0,0
3072,TwoRoom,0.06,63,65,301.4888000488281,13.329803466796875,3.0138003826141357,True,True,True,295.8001403808594,0.04902055114507675,False,0,0
3072,TwoRoom,0.06,64,65,234.62689208984375,6.863739013671875,1.9112399816513062,True,True,True,231.59487915039062,0.026860659942030907,False,0,0
3072,TwoRoom,0.06,65,65,2.7805700302124023,8.022109985351562,1.4329266548156738,False,False,True,1.1264095306396484,0.784533679485321,False,34,34
3072,TwoRoom,0.06,66,65,233.358642578125,5.713470458984375,0.7523181438446045,True,True,True,230.5229949951172,0.024242756888270378,False,0,0
3072,TwoRoom,0.06,67,65,256.6994934082031,181.33438110351562,8.887833595275879,False,False,True,112.96370697021484,0.616439938545227,False,0,0
3072,TwoRoom,0.06,68,65,201.84304809570312,6.024810791015625,1.4985978603363037,True,True,True,199.24427795410156,0.02731839008629322,False,0,0
3072,TwoRoom,0.06,69,65,5.570696830749512,8.928314208984375,1.493865966796875,False,False,True,2.086259126663208,0.6254940629005432,False,0,0
3072,TwoRoom,0.06,70,65,141.69137573242188,18.293563842773438,2.778618574142456,True,True,True,121.75981140136719,0.14834006130695343,False,0,0
3072,TwoRoom,0.06,71,65,76.73664855957031,8.197372436523438,0.6563354134559631,True,True,True,67.22284698486328,0.12397994101047516,False,0,0
3072,TwoRoom,0.06,72,65,89.4917984008789,26.89447021484375,3.887528657913208,True,True,True,88.64599609375,0.16869790852069855,False,0,0
3072,TwoRoom,0.06,73,65,50.97678756713867,4.082366943359375,0.9210180640220642,True,True,True,50.20649719238281,0.015110578387975693,False,0,0
3072,TwoRoom,0.06,74,65,199.14578247070312,15.566680908203125,1.7960008382797241,True,True,True,172.61558532714844,0.13321995735168457,False,0,0
3072,TwoRoom,0.06,75,65,168.8992919921875,12.944671630859375,2.0712130069732666,True,True,True,161.60830688476562,0.04714827239513397,False,0,0
3072,TwoRoom,0.06,76,65,22.014286041259766,242.39889526367188,15.156747817993164,False,False,True,19.99359893798828,0.7873489260673523,False,0,0
3072,TwoRoom,0.06,77,65,280.89007568359375,4.473968505859375,0.8017826676368713,True,True,True,277.7640075683594,0.02091377042233944,False,0,0
3072,TwoRoom,0.06,78,65,15.918729782104492,32.33329772949219,3.534371852874756,False,False,True,6.900872707366943,0.5664934515953064,False,0,0
3072,TwoRoom,0.06,79,65,169.05003356933594,227.983642578125,16.100807189941406,False,False,True,158.70323181152344,0.39662036299705505,False,0,0
3072,TwoRoom,0.06,80,65,149.56373596191406,11.119476318359375,0.9958410263061523,True,True,True,140.62872314453125,0.07527533173561096,False,0,0
3072,TwoRoom,0.06,81,65,80.17462158203125,177.9178466796875,8.661046028137207,False,False,True,77.43702697753906,0.34414368867874146,False,0,0
3072,TwoRoom,0.06,82,65,97.80567932128906,12.89849853515625,1.136216402053833,True,True,True,83.66181945800781,0.14461186528205872,False,0,0
3072,TwoRoom,0.06,83,65,106.61735534667969,12.862548828125,1.8104801177978516,True,True,True,96.85431671142578,0.09157083928585052,False,0,0
3072,TwoRoom,0.06,84,65,26.014371871948242,9.6728515625,0.9910979270935059,True,True,True,24.070789337158203,0.08278585970401764,False,0,0
3072,TwoRoom,0.06,85,65,42.374210357666016,10.86648178100586,2.0363903045654297,True,True,True,30.790019989013672,0.286291241645813,False,0,0
3072,TwoRoom,0.06,86,65,0.45862531661987305,14.077117919921875,1.4032970666885376,False,False,False,-1.406463384628296,4.0666937828063965,False,63,63
3072,TwoRoom,0.06,87,65,2.079662799835205,94.18724060058594,28.738231658935547,False,False,False,-45.349891662597656,16.69599151611328,True,47,1
3072,TwoRoom,0.06,88,65,8.820823669433594,22.559282302856445,3.2087833881378174,False,False,False,-5.683130264282227,1.2848060131072998,True,53,0
3072,TwoRoom,0.06,89,65,13.451889038085938,40.933990478515625,3.833028793334961,False,False,False,-12.147186279296875,1.9030096530914307,False,23,23
3072,TwoRoom,0.06,90,65,181.9132843017578,48.02984619140625,4.664495468139648,True,True,True,141.4097900390625,0.24079014360904694,False,0,0
3072,TwoRoom,0.06,91,65,177.365966796875,5.830902099609375,0.6765109300613403,True,True,True,173.5902557373047,0.04526595398783684,False,0,0
3072,TwoRoom,0.06,92,65,306.72344970703125,15.790069580078125,3.4391069412231445,True,True,True,294.8749084472656,0.0580657497048378,False,0,0
3072,TwoRoom,0.06,93,65,47.089080810546875,37.548828125,3.507014274597168,False,False,True,40.19889831542969,0.14632228016853333,False,0,0
3072,TwoRoom,0.06,94,65,68.3792495727539,18.43035888671875,2.098806142807007,True,True,True,46.100379943847656,0.32581332325935364,False,0,0
3072,TwoRoom,0.06,95,65,312.85015869140625,16.8865966796875,3.0891127586364746,True,True,True,309.3287353515625,0.03875366970896721,False,0,0
3072,TwoRoom,0.06,96,65,171.9613800048828,16.374420166015625,4.6986565589904785,True,True,True,162.76693725585938,0.05346811190247536,False,0,0
3072,TwoRoom,0.06,97,65,70.27486419677734,8.990692138671875,2.004364252090454,True,True,True,65.84454345703125,0.07306079566478729,False,0,0
3072,TwoRoom,0.06,98,65,92.37773132324219,14.958709716796875,4.540682315826416,True,True,True,86.17626190185547,0.07889226078987122,False,0,0
3072,TwoRoom,0.06,99,65,83.83352661132812,82.38436889648438,8.593043327331543,False,False,True,72.93318939208984,0.2614196836948395,False,0,0
3072,TwoRoom,0.07,0,65,333.6156005859375,97.9246826171875,10.226058006286621,True,True,True,299.2421569824219,0.19163785874843597,False,0,0
3072,TwoRoom,0.07,1,65,91.03532409667969,0.55572509765625,0.10419120639562607,True,True,True,90.85182189941406,0.0022687988821417093,False,0,0
3072,TwoRoom,0.07,2,65,193.1333465576172,2.0460662841796875,0.2393863946199417,True,True,True,192.7913360595703,0.008938102051615715,False,0,0
3072,TwoRoom,0.07,3,65,53.62628173828125,8.2950439453125,1.201125144958496,True,True,True,52.34037780761719,0.027211228385567665,False,11,11
3072,TwoRoom,0.07,4,65,76.9910659790039,23.1182861328125,5.701800346374512,True,True,True,68.5285873413086,0.10991507023572922,False,0,0
3072,TwoRoom,0.07,5,65,2.2287092208862305,126.71701049804688,6.957518100738525,False,False,False,-40.679725646972656,15.710664749145508,False,29,29
3072,TwoRoom,0.07,6,65,131.82296752929688,24.898284912109375,5.459648609161377,True,True,True,126.91030883789062,0.07592149823904037,False,0,0
3072,TwoRoom,0.07,7,65,38.1622200012207,4.78607177734375,0.7143038511276245,True,True,True,35.57306671142578,0.06784600764513016,False,0,0
3072,TwoRoom,0.07,8,65,0.18582820892333984,5.2164306640625,0.8517086505889893,False,False,False,-1.0366535186767578,6.578558444976807,False,0,0
3072,TwoRoom,0.07,9,65,293.7782287597656,23.018798828125,1.625649333000183,True,True,True,270.0645751953125,0.08071956038475037,False,0,0
3072,TwoRoom,0.07,10,65,98.23088836669922,1.033660888671875,0.15579478442668915,True,True,True,97.65052032470703,0.005908178631216288,False,0,0
3072,TwoRoom,0.07,11,65,19.12991714477539,14.36944580078125,3.271650552749634,False,False,True,10.288146018981934,0.4621959924697876,False,0,0
3072,TwoRoom,0.07,12,65,50.52922439575195,22.851806640625,3.591951608657837,True,True,True,49.79069137573242,0.25261369347572327,False,0,0
3072,TwoRoom,0.07,13,65,255.8424072265625,2.8423500061035156,0.3575547933578491,True,True,True,251.67681884765625,0.016281867399811745,False,0,0
3072,TwoRoom,0.07,14,65,241.87234497070312,7.184385299682617,1.1343088150024414,True,True,True,234.412353515625,0.04319790378212929,False,0,0
3072,TwoRoom,0.07,15,65,53.645179748535156,5.8363494873046875,1.3360520601272583,True,True,True,50.57988357543945,0.05714022368192673,False,0,0
3072,TwoRoom,0.07,16,65,7.397548675537109,30.844619750976562,7.713573932647705,False,False,False,-1.1090564727783203,1.1499221324920654,False,13,13
3072,TwoRoom,0.07,17,65,125.00013732910156,2.53277587890625,0.6301058530807495,True,True,True,120.96365356445312,0.03229183331131935,False,0,0
3072,TwoRoom,0.07,18,65,149.13795471191406,7.273590087890625,1.8785743713378906,True,True,True,146.55731201171875,0.01953231357038021,False,0,0
3072,TwoRoom,0.07,19,65,334.403076171875,171.18136596679688,6.279505729675293,False,False,True,329.35736083984375,0.2704524099826813,False,0,0
3072,TwoRoom,0.07,20,65,29.266864776611328,8.097412109375,2.008171319961548,True,True,True,26.7237606048584,0.08689363300800323,False,0,0
3072,TwoRoom,0.07,21,65,208.47076416015625,33.65901184082031,1.3053889274597168,True,True,True,204.16893005371094,0.1295807659626007,False,0,0
3072,TwoRoom,0.07,22,65,142.14881896972656,33.08367919921875,4.208590507507324,True,True,True,115.34410858154297,0.18856793642044067,False,0,0
3072,TwoRoom,0.07,23,65,54.98862075805664,11.408065795898438,1.3096613883972168,True,True,True,35.3981819152832,0.35626351833343506,False,0,0
3072,TwoRoom,0.07,24,65,240.6721954345703,23.05194091796875,3.2007811069488525,True,True,True,221.68991088867188,0.08112376183271408,False,0,0
3072,TwoRoom,0.07,25,65,223.89739990234375,18.180999755859375,1.90922212600708,True,True,True,220.4296417236328,0.06960740685462952,False,0,0
3072,TwoRoom,0.07,26,65,128.37794494628906,1.528839111328125,0.3802034854888916,True,True,True,126.37660217285156,0.015589459799230099,False,33,33
3072,TwoRoom,0.07,27,65,246.89218139648438,13.9246826171875,4.051787853240967,True,True,True,243.27447509765625,0.042890727519989014,False,0,0
3072,TwoRoom,0.07,28,65,357.0448913574219,11.11785888671875,2.622307538986206,True,True,True,353.8896179199219,0.026354704052209854,False,0,0
3072,TwoRoom,0.07,29,65,0.5607447624206543,30.501983642578125,3.304677963256836,False,False,False,-8.64970588684082,16.42538833618164,True,50,0
3072,TwoRoom,0.07,30,65,206.7540283203125,7.61163330078125,1.884004831314087,True,True,True,202.5998992919922,0.03969930484890938,False,0,0
3072,TwoRoom,0.07,31,65,152.06825256347656,9.94012451171875,1.3167752027511597,True,True,True,149.29022216796875,0.02459091693162918,False,0,0
3072,TwoRoom,0.07,32,65,171.53565979003906,12.077987670898438,1.2459652423858643,True,True,True,156.4216766357422,0.0881098285317421,False,0,0
3072,TwoRoom,0.07,33,65,0.6208343505859375,3.11981201171875,0.7989119291305542,False,False,False,-0.8202743530273438,2.3212451934814453,True,51,49
3072,TwoRoom,0.07,34,65,116.94127655029297,15.6614990234375,3.123522996902466,True,True,True,112.6973648071289,0.057444170117378235,False,0,0
3072,TwoRoom,0.07,35,65,37.47809600830078,14.365325927734375,3.8436808586120605,True,True,True,33.19398498535156,0.11430972814559937,False,0,0
3072,TwoRoom,0.07,36,65,152.5037384033203,18.68212890625,1.0705617666244507,True,True,True,131.4158172607422,0.138278067111969,False,0,0
3072,TwoRoom,0.07,37,65,76.79544067382812,9.95013427734375,0.8529826402664185,True,True,True,72.18877410888672,0.061154428869485855,False,0,0
3072,TwoRoom,0.07,38,65,6.027219772338867,13.060089111328125,2.22330641746521,False,False,True,4.81136417388916,0.2277037799358368,False,0,0
3072,TwoRoom,0.07,39,65,1.6606311798095703,13.476001739501953,1.7958338260650635,False,False,False,-3.699812412261963,3.2279555797576904,False,46,46
3072,TwoRoom,0.07,40,65,60.494327545166016,3.504547119140625,0.8209512233734131,True,True,True,58.24941635131836,0.037109456956386566,False,0,0
3072,TwoRoom,0.07,41,65,346.46875,42.941436767578125,5.121122360229492,True,True,True,344.2726745605469,0.10391753911972046,False,0,0
3072,TwoRoom,0.07,42,65,57.76570129394531,7.576072692871094,0.7741166949272156,True,True,True,45.253231048583984,0.2166072577238083,False,0,0
3072,TwoRoom,0.07,43,65,7.063081741333008,28.232589721679688,4.095755577087402,False,False,False,-4.338893890380859,1.614306092262268,True,8,37
3072,TwoRoom,0.07,44,65,290.114990234375,30.316741943359375,3.519676685333252,True,True,True,288.574462890625,0.06839433312416077,False,0,0
3072,TwoRoom,0.07,45,65,139.6273193359375,9.6309814453125,1.2364317178726196,True,True,True,138.23301696777344,0.025717470794916153,False,0,0
3072,TwoRoom,0.07,46,65,303.9283447265625,50.480255126953125,7.744471549987793,True,True,True,291.9571228027344,0.13382382690906525,False,0,0
3072,TwoRoom,0.07,47,65,264.6552734375,12.921295166015625,2.8252084255218506,True,True,True,254.68373107910156,0.06952150166034698,False,0,0
3072,TwoRoom,0.07,48,65,288.3201904296875,24.83990478515625,0.9449937343597412,True,True,True,286.0791931152344,0.04294021055102348,False,0,0
3072,TwoRoom,0.07,49,65,16.457290649414062,18.5479736328125,2.443420886993408,False,False,True,12.097169876098633,0.3293939232826233,False,0,0
3072,TwoRoom,0.07,50,65,43.17900466918945,21.566879272460938,4.270309925079346,True,True,True,33.652992248535156,0.22061674296855927,False,0,0
3072,TwoRoom,0.07,51,65,284.1422119140625,28.05224609375,2.613591194152832,True,True,True,272.3495178222656,0.08052162826061249,False,0,0
3072,TwoRoom,0.07,52,65,7.781391143798828,38.49481201171875,8.836234092712402,False,False,False,-13.201125144958496,2.6964995861053467,False,4,4
3072,TwoRoom,0.07,53,65,35.06092071533203,71.9456787109375,5.415064334869385,False,False,True,31.048234939575195,0.7024262547492981,False,0,0
3072,TwoRoom,0.07,54,65,358.18450927734375,28.88897705078125,2.9908690452575684,True,True,True,353.6527099609375,0.052164576947689056,False,0,0
3072,TwoRoom,0.07,55,65,227.8421630859375,0.443206787109375,0.13012287020683289,True,True,True,227.62266540527344,0.0016242321580648422,False,0,0
3072,TwoRoom,0.07,56,65,289.58880615234375,3.1775856018066406,0.5544490814208984,True,True,True,285.64434814453125,0.016282642260193825,False,0,0
3072,TwoRoom,0.07,57,65,158.38009643554688,16.394317626953125,0.55413419008255,True,True,True,158.0565948486328,0.0479285791516304,False,0,0
3072,TwoRoom,0.07,58,65,16.704435348510742,15.581161499023438,2.633610248565674,False,False,True,14.51669692993164,0.13096748292446136,False,0,0
3072,TwoRoom,0.07,59,65,28.018503189086914,14.4779052734375,3.1496071815490723,False,False,True,23.608409881591797,0.15739931166172028,False,0,0
3072,TwoRoom,0.07,60,65,38.787166595458984,12.834548950195312,2.0420639514923096,True,True,True,25.397747039794922,0.3452022969722748,False,21,21
3072,TwoRoom,0.07,61,65,231.2005157470703,10.119659423828125,1.7531472444534302,True,True,True,225.71188354492188,0.0467122457921505,False,0,0
3072,TwoRoom,0.07,62,65,2.1825554370880127,8.487030029296875,1.4442635774612427,False,False,True,1.8032381534576416,0.17379505932331085,False,0,0
3072,TwoRoom,0.07,63,65,241.8051300048828,90.28594970703125,5.03381872177124,True,True,True,225.1865692138672,0.2414403110742569,False,0,0
3072,TwoRoom,0.07,64,65,106.9794921875,9.3497314453125,2.457061767578125,True,True,True,104.79137420654297,0.03896060213446617,False,0,0
3072,TwoRoom,0.07,65,65,1.5278949737548828,69.05870056152344,12.802557945251465,False,False,False,-35.80084991455078,7.517214298248291,True,34,0
3072,TwoRoom,0.07,66,65,231.7010955810547,1.432708740234375,0.23984839022159576,True,True,True,230.5294647216797,0.007932722568511963,False,0,0
3072,TwoRoom,0.07,67,65,269.3909606933594,15.9764404296875,1.9494770765304565,True,True,True,266.8988952636719,0.057277195155620575,False,0,0
3072,TwoRoom,0.07,68,65,222.20501708984375,6.634735107421875,1.1714495420455933,True,True,True,218.787841796875,0.03101400099694729,False,0,0
3072,TwoRoom,0.07,69,65,3.285889148712158,26.70849609375,4.283212661743164,False,False,False,-7.697846412658691,3.342698335647583,True,0,42
3072,TwoRoom,0.07,70,65,207.84341430664062,18.173404693603516,2.4738876819610596,True,True,True,185.82098388671875,0.13666534423828125,False,0,0
3072,TwoRoom,0.07,71,65,130.4866943359375,18.736846923828125,1.381331205368042,True,True,True,111.51129150390625,0.14542017877101898,False,0,0
3072,TwoRoom,0.07,72,65,87.60165405273438,8.186843872070312,2.0872859954833984,True,True,True,83.28113555908203,0.05851234868168831,False,0,0
3072,TwoRoom,0.07,73,65,56.837913513183594,12.61566162109375,2.1841611862182617,True,True,True,53.85771942138672,0.052433207631111145,False,0,0
3072,TwoRoom,0.07,74,65,176.8041534423828,26.421356201171875,1.6852409839630127,True,True,True,172.42510986328125,0.13468313217163086,False,0,0
3072,TwoRoom,0.07,75,65,177.01612854003906,5.31689453125,0.973114013671875,True,True,True,176.6996307373047,0.018368910998106003,False,0,0
3072,TwoRoom,0.07,76,65,25.38837432861328,3.43988037109375,0.4993043839931488,True,True,True,25.031391143798828,0.014060892164707184,False,0,0
3072,TwoRoom,0.07,77,65,290.7731018066406,16.01976776123047,2.0803349018096924,True,True,True,270.3988952636719,0.09562031924724579,False,0,0
3072,TwoRoom,0.07,78,65,26.268217086791992,42.96400451660156,4.540809154510498,False,False,True,11.866372108459473,0.5482612252235413,False,0,0
3072,TwoRoom,0.07,79,65,173.18182373046875,21.823822021484375,5.098108768463135,True,True,True,168.3914794921875,0.049724336713552475,False,0,0
3072,TwoRoom,0.07,80,65,119.02952575683594,3.5950775146484375,0.4497999846935272,True,True,True,118.66950988769531,0.02153513766825199,False,0,0
3072,TwoRoom,0.07,81,65,30.53293228149414,4.468170166015625,0.9290468692779541,True,True,True,30.005210876464844,0.017283648252487183,False,0,0
3072,TwoRoom,0.07,82,65,51.13226318359375,10.18658447265625,0.9491087794303894,True,True,True,34.99565887451172,0.31558555364608765,False,0,0
3072,TwoRoom,0.07,83,65,103.79612731933594,16.54656982421875,2.6785409450531006,True,True,True,92.9840316772461,0.1156453937292099,False,0,0
3072,TwoRoom,0.07,84,65,24.751811981201172,1.8343887329101562,0.3226565420627594,True,True,True,23.493621826171875,0.05083226412534714,False,0,0
3072,TwoRoom,0.07,85,65,59.664485931396484,11.333648681640625,1.0449798107147217,True,True,True,48.45220947265625,0.1879221498966217,False,0,0
3072,TwoRoom,0.07,86,65,4.222887992858887,22.00439453125,3.0751497745513916,False,False,False,-1.549208402633667,1.366860032081604,False,0,0
3072,TwoRoom,0.07,87,65,3.8709044456481934,39.022186279296875,12.9846773147583,False,False,False,-8.67827033996582,3.2419230937957764,False,63,63
3072,TwoRoom,0.07,88,65,18.063751220703125,18.855072021484375,3.5463626384735107,False,False,False,-5.468743324279785,1.2993584871292114,True,0,60
3072,TwoRoom,0.07,89,65,54.72467041015625,98.27217102050781,4.339513301849365,False,False,False,-48.4383544921875,1.8851282596588135,True,42,0
3072,TwoRoom,0.07,90,65,180.47235107421875,6.66949462890625,1.701945185661316,True,True,True,175.04165649414062,0.0300915390253067,False,0,0
3072,TwoRoom,0.07,91,65,172.77615356445312,3.6750030517578125,0.3710756301879883,True,True,True,168.71063232421875,0.023530561476945877,False,0,0
3072,TwoRoom,0.07,92,65,330.5767517089844,9.3011474609375,1.5212230682373047,True,True,True,329.12969970703125,0.018552618101239204,False,0,0
3072,TwoRoom,0.07,93,65,63.86880111694336,39.5030517578125,2.4979233741760254,False,False,True,55.661705017089844,0.12849926948547363,False,0,0
3072,TwoRoom,0.07,94,65,119.6292953491211,37.210906982421875,3.6277055740356445,True,True,True,79.71949768066406,0.33361220359802246,False,0,0
3072,TwoRoom,0.07,95,65,346.4172058105469,263.226318359375,7.3510541915893555,False,False,True,343.56842041015625,0.4085898697376251,False,0,0
3072,TwoRoom,0.07,96,65,131.20632934570312,8.147491455078125,1.9496454000473022,True,True,True,127.26256561279297,0.040130842477083206,False,0,0
3072,TwoRoom,0.07,97,65,77.33280944824219,4.2767791748046875,0.9037732481956482,True,True,True,74.87014770507812,0.03184498846530914,False,0,0
3072,TwoRoom,0.07,98,65,78.38243103027344,22.031463623046875,3.6737277507781982,True,True,True,75.93346405029297,0.08561273664236069,False,0,0
3072,TwoRoom,0.07,99,65,21.50582504272461,77.19369506835938,4.8600897789001465,False,False,True,16.210556030273438,0.2965910732746124,False,0,0
3072,TwoRoom,0.08,0,65,301.2643737792969,8.5108642578125,1.286948561668396,True,True,True,298.6993408203125,0.02525792084634304,False,0,0
3072,TwoRoom,0.08,1,65,73.83747863769531,8.55950927734375,1.4018787145614624,True,True,True,65.06976318359375,0.11874347925186157,False,0,0
3072,TwoRoom,0.08,2,65,155.5980987548828,6.960693359375,0.9997859001159668,True,True,True,155.40599060058594,0.02808382175862789,False,0,0
3072,TwoRoom,0.08,3,65,25.754776000976562,9.13360595703125,1.36615788936615,True,True,True,18.024768829345703,0.30013877153396606,False,11,11
3072,TwoRoom,0.08,4,65,9.899663925170898,32.033233642578125,7.5100555419921875,False,False,True,5.94027042388916,0.39995232224464417,False,0,0
3072,TwoRoom,0.08,5,65,13.009683609008789,35.78923797607422,1.9196842908859253,False,False,True,1.3293800354003906,0.8978161215782166,False,29,29
3072,TwoRoom,0.08,6,65,128.82643127441406,30.35028076171875,3.54827880859375,True,True,True,125.86710357666016,0.09196063876152039,False,0,0
3072,TwoRoom,0.08,7,65,29.817520141601562,34.72880554199219,7.1048102378845215,False,False,True,19.255332946777344,0.35422757267951965,False,0,0
3072,TwoRoom,0.08,8,65,1.5579891204833984,13.484649658203125,2.1078853607177734,False,False,True,0.30022335052490234,0.8073007464408875,False,0,0
3072,TwoRoom,0.08,9,65,276.95684814453125,7.824462890625,1.168973445892334,True,True,True,267.7187805175781,0.033355627208948135,False,0,0
3072,TwoRoom,0.08,10,65,89.80270385742188,18.446434020996094,2.5697712898254395,True,True,True,70.80335998535156,0.21156759560108185,False,0,0
3072,TwoRoom,0.08,11,65,18.443021774291992,7.197479248046875,0.8471360206604004,True,True,True,17.202133178710938,0.0672822818160057,False,0,0
3072,TwoRoom,0.08,12,65,30.754514694213867,289.4656982421875,21.273624420166016,False,False,False,-201.31753540039062,3.2831223011016846,False,0,0
3072,TwoRoom,0.08,13,65,212.89175415039062,100.18817138671875,3.43373703956604,True,True,True,181.39215087890625,0.297768771648407,False,0,0
3072,TwoRoom,0.08,14,65,177.9762420654297,7.05049467086792,1.1470834016799927,True,True,True,170.55361938476562,0.0481456033885479,False,0,0
3072,TwoRoom,0.08,15,65,58.39853286743164,3.967559814453125,1.0058255195617676,True,True,True,56.60240173339844,0.042424291372299194,False,0,0
3072,TwoRoom,0.08,16,65,10.893020629882812,13.193229675292969,1.0806570053100586,False,False,True,9.909454345703125,0.09911049157381058,False,13,13
3072,TwoRoom,0.08,17,65,228.26766967773438,9.847747802734375,2.136157989501953,True,True,True,225.0590362548828,0.0460393950343132,False,0,0
3072,TwoRoom,0.08,18,65,131.5810546875,4.93878173828125,1.2591911554336548,True,True,True,128.6823272705078,0.022029975429177284,False,0,0
3072,TwoRoom,0.08,19,65,305.6982421875,4.68975830078125,0.9601330161094666,True,True,True,304.5088195800781,0.012605151161551476,False,0,0
3072,TwoRoom,0.08,20,65,12.07972526550293,1.4273681640625,0.4751300513744354,True,True,True,11.552465438842773,0.04364832863211632,False,0,0
3072,TwoRoom,0.08,21,65,229.610107421875,5.701507568359375,0.7304942011833191,True,True,True,228.78347778320312,0.01599687710404396,False,0,0
3072,TwoRoom,0.08,22,65,228.25733947753906,28.445159912109375,3.881190776824951,True,True,True,218.51419067382812,0.0837327167391777,False,0,0
3072,TwoRoom,0.08,23,65,46.94729232788086,13.00201416015625,2.7663016319274902,True,True,True,29.27523422241211,0.37642335891723633,False,0,0
3072,TwoRoom,0.08,24,65,227.1519012451172,6.00030517578125,1.393072247505188,True,True,True,220.65481567382812,0.02860240265727043,False,0,0
3072,TwoRoom,0.08,25,65,218.94395446777344,6.167572021484375,0.6955509185791016,True,True,True,217.74874877929688,0.02310781739652157,False,0,0
3072,TwoRoom,0.08,26,65,12.21600341796875,12.414840698242188,1.7510697841644287,False,False,False,-3.8235626220703125,1.3129961490631104,False,0,0
3072,TwoRoom,0.08,27,65,256.91534423828125,10.296478271484375,2.6911330223083496,True,True,True,255.8428955078125,0.03722008317708969,False,0,0
3072,TwoRoom,0.08,28,65,395.5807189941406,8.746673583984375,1.9052809476852417,True,True,True,391.6542053222656,0.022219175472855568,False,0,0
3072,TwoRoom,0.08,29,65,4.237954616546631,53.513092041015625,5.783186435699463,False,False,False,-4.142803192138672,1.9775478839874268,True,50,0
3072,TwoRoom,0.08,30,65,246.31915283203125,13.5245361328125,3.676400899887085,True,True,True,229.65298461914062,0.10181725025177002,False,0,0
3072,TwoRoom,0.08,31,65,120.63922882080078,39.6661376953125,3.4443960189819336,True,True,True,116.15647888183594,0.09400203078985214,False,0,0
3072,TwoRoom,0.08,32,65,163.33343505859375,11.938369750976562,1.2175219058990479,True,True,True,148.11642456054688,0.09316535294055939,False,0,0
3072,TwoRoom,0.08,33,65,107.97038269042969,42.90968322753906,8.085074424743652,True,True,True,95.00054168701172,0.1700959950685501,False,0,0
3072,TwoRoom,0.08,34,65,96.19178771972656,18.389404296875,3.678816080093384,True,True,True,90.15119171142578,0.09204264730215073,False,0,0
3072,TwoRoom,0.08,35,65,31.7015438079834,10.73858642578125,3.151456356048584,True,True,True,29.419994354248047,0.07196969538927078,False,0,0
3072,TwoRoom,0.08,36,65,199.16107177734375,7.09397029876709,0.9946062564849854,True,True,True,191.947021484375,0.0402672216296196,False,0,0
3072,TwoRoom,0.08,37,65,28.790634155273438,19.53997039794922,1.5974212884902954,False,False,True,23.01675033569336,0.28375208377838135,False,0,0
3072,TwoRoom,0.08,38,65,38.871559143066406,7.5,1.092976450920105,True,True,True,36.237178802490234,0.06777141243219376,False,0,0
3072,TwoRoom,0.08,39,65,12.019420623779297,9.294113159179688,1.5804821252822876,False,False,True,7.266732215881348,0.3954174220561981,False,0,0
3072,TwoRoom,0.08,40,65,42.364410400390625,5.3352813720703125,0.8032124638557434,True,True,True,42.006019592285156,0.04001828655600548,False,0,0
3072,TwoRoom,0.08,41,65,288.0509033203125,8.56329345703125,1.3696086406707764,True,True,True,287.50335693359375,0.025915464386343956,False,0,0
3072,TwoRoom,0.08,42,65,129.63819885253906,16.107513427734375,1.379120945930481,True,True,True,99.2988510131836,0.23403093218803406,False,0,0
3072,TwoRoom,0.08,43,65,4.740636825561523,55.55079650878906,6.310797691345215,False,False,False,-4.535652160644531,1.956760048866272,True,8,37
3072,TwoRoom,0.08,44,65,284.4249267578125,25.5430908203125,3.1377933025360107,True,True,True,280.2519836425781,0.060917891561985016,False,0,0
3072,TwoRoom,0.08,45,65,210.15176391601562,13.2926025390625,0.8837981820106506,True,True,True,208.2991180419922,0.04296423867344856,False,0,0
3072,TwoRoom,0.08,46,65,278.5806579589844,200.5584716796875,4.9253082275390625,False,False,True,277.6351013183594,0.38542407751083374,False,0,0
3072,TwoRoom,0.08,47,65,208.6905059814453,4.0456695556640625,0.6666340827941895,True,True,True,203.63400268554688,0.02422964572906494,False,0,0
3072,TwoRoom,0.08,48,65,253.0604248046875,16.529541015625,3.497114658355713,True,True,True,236.8405303955078,0.06409496068954468,False,0,0
3072,TwoRoom,0.08,49,65,7.83924674987793,21.865982055664062,3.7336833477020264,False,False,False,-2.6842708587646484,1.3419592380523682,True,0,8
3072,TwoRoom,0.08,50,65,54.44565200805664,21.95782470703125,5.732921600341797,True,True,True,42.9221076965332,0.21165220439434052,False,0,0
3072,TwoRoom,0.08,51,65,240.84141540527344,20.5982666015625,2.5246479511260986,True,True,True,237.31524658203125,0.05213071033358574,False,0,0
3072,TwoRoom,0.08,52,65,0.3246879577636719,8.120452880859375,1.8929728269577026,False,False,False,-1.8932676315307617,6.831037521362305,False,0,0
3072,TwoRoom,0.08,53,65,55.04334259033203,210.80694580078125,9.222179412841797,False,False,True,51.39422607421875,0.8047308921813965,False,0,0
3072,TwoRoom,0.08,54,65,320.60986328125,32.475128173828125,2.160836935043335,True,True,True,311.0860290527344,0.09523268789052963,False,0,0
3072,TwoRoom,0.08,55,65,178.94859313964844,7.201992034912109,0.47330740094184875,True,True,True,171.55235290527344,0.04133162647485733,False,0,0
3072,TwoRoom,0.08,56,65,312.0594482421875,2.600808620452881,0.8412509560585022,True,True,True,307.99078369140625,0.013038136065006256,False,0,0
3072,TwoRoom,0.08,57,65,89.23380279541016,7.990936279296875,1.0919263362884521,True,True,True,82.23710632324219,0.07840857654809952,False,0,0
3072,TwoRoom,0.08,58,65,9.597304344177246,18.790435791015625,5.3580474853515625,False,False,False,-0.24751663208007812,1.0257902145385742,False,0,0
3072,TwoRoom,0.08,59,65,64.99051666259766,13.406890869140625,2.4605367183685303,True,True,True,57.922386169433594,0.10875631868839264,False,0,0
3072,TwoRoom,0.08,60,65,24.72855567932129,13.21337890625,1.0062366724014282,False,False,True,23.792041778564453,0.09270159155130386,False,21,21
3072,TwoRoom,0.08,61,65,187.5099334716797,11.34051513671875,1.8435925245285034,True,True,True,183.33737182617188,0.04612540826201439,False,0,0
3072,TwoRoom,0.08,62,65,4.9664716720581055,8.16143798828125,2.1598243713378906,False,False,True,3.654325246810913,0.26420092582702637,False,0,0
3072,TwoRoom,0.08,63,65,155.59951782226562,10.362022399902344,1.8806800842285156,True,True,True,137.95443725585938,0.1134006604552269,False,0,0
3072,TwoRoom,0.08,64,65,184.93960571289062,6.20849609375,2.2666642665863037,True,True,True,181.23680114746094,0.020021721720695496,False,0,0
3072,TwoRoom,0.08,65,65,12.635560989379883,4.58807373046875,1.2802332639694214,True,True,True,12.1875581741333,0.07986345887184143,False,0,0
3072,TwoRoom,0.08,66,65,244.86370849609375,4.37640380859375,0.8041262626647949,True,True,True,243.40773010253906,0.016718775033950806,False,0,0
3072,TwoRoom,0.08,67,65,238.27352905273438,99.551025390625,7.013336658477783,True,True,True,216.07705688476562,0.3083120584487915,False,0,0
3072,TwoRoom,0.08,68,65,185.5543212890625,4.4444580078125,0.8611197471618652,True,True,True,183.300537109375,0.025895947590470314,False,0,0
3072,TwoRoom,0.08,69,65,2.249034881591797,8.689804077148438,1.552603006362915,False,False,False,-0.025496959686279297,1.0113368034362793,False,0,0
3072,TwoRoom,0.08,70,65,187.03347778320312,14.714107513427734,2.761206865310669,True,True,True,169.1913604736328,0.1125827506184578,False,0,0
3072,TwoRoom,0.08,71,65,65.40032196044922,7.299072265625,0.6564395427703857,True,True,True,61.569339752197266,0.07563470304012299,False,0,0
3072,TwoRoom,0.08,72,65,75.32201385498047,7.748077392578125,1.827831506729126,True,True,True,72.39608764648438,0.0616750568151474,False,0,0
3072,TwoRoom,0.08,73,65,15.89549732208252,36.58575439453125,3.8031864166259766,False,False,True,13.76848030090332,0.1338125318288803,False,0,0
3072,TwoRoom,0.08,74,65,89.42781829833984,9.17840576171875,0.9305536150932312,True,True,True,77.88357543945312,0.12909004092216492,False,0,0
3072,TwoRoom,0.08,75,65,137.99270629882812,26.1285400390625,2.995835542678833,True,True,True,134.71136474609375,0.10035552829504013,False,0,0
3072,TwoRoom,0.08,76,65,17.696943283081055,176.43988037109375,11.481621742248535,False,False,True,8.201727867126465,0.5365455150604248,False,0,0
3072,TwoRoom,0.08,77,65,302.47515869140625,50.085479736328125,1.9175924062728882,True,True,True,258.9071350097656,0.16511909663677216,False,0,0
3072,TwoRoom,0.08,78,65,34.318702697753906,34.415802001953125,4.3176774978637695,False,False,True,20.34709358215332,0.40711355209350586,False,0,0
3072,TwoRoom,0.08,79,65,129.3370361328125,13.609466552734375,2.842528820037842,True,True,True,123.52484130859375,0.044938381761312485,False,0,0
3072,TwoRoom,0.08,80,65,129.5326385498047,6.309234619140625,0.6580175757408142,True,True,True,126.59955596923828,0.05261071026325226,False,0,0
3072,TwoRoom,0.08,81,65,24.693086624145508,5.0865478515625,0.6605843305587769,True,True,True,24.277355194091797,0.017773739993572235,False,0,0
3072,TwoRoom,0.08,82,65,78.41691589355469,40.46399688720703,2.855952262878418,False,False,True,16.234819412231445,0.7929679155349731,False,0,0
3072,TwoRoom,0.08,83,65,27.629932403564453,23.362953186035156,2.9905922412872314,False,False,True,22.378080368041992,0.28283846378326416,False,0,0
3072,TwoRoom,0.08,84,65,10.767763137817383,43.06189727783203,1.2583388090133667,False,False,True,5.77254056930542,0.46390530467033386,False,0,0
3072,TwoRoom,0.08,85,65,24.618974685668945,26.05986785888672,3.292992115020752,False,False,True,1.1114616394042969,0.9548534750938416,False,0,0
3072,TwoRoom,0.08,86,65,2.974562168121338,20.80523681640625,1.8039251565933228,False,False,True,0.8526959419250488,0.7133373022079468,False,0,0
3072,TwoRoom,0.08,87,65,1.3272576332092285,39.45098876953125,11.623189926147461,False,False,False,-3.0557124614715576,2.9728944301605225,True,0,37
3072,TwoRoom,0.08,88,65,4.589251518249512,20.868133544921875,2.179570198059082,False,False,False,-8.946131706237793,2.9493660926818848,False,0,0
3072,TwoRoom,0.08,89,65,21.515243530273438,9.807525634765625,1.1162877082824707,True,True,True,13.63763427734375,0.36614084243774414,False,23,23
3072,TwoRoom,0.08,90,65,152.38040161132812,15.308013916015625,1.9582728147506714,True,True,True,135.3724822998047,0.1116148829460144,False,0,0
3072,TwoRoom,0.08,91,65,175.66712951660156,2.9674530029296875,0.468403160572052,True,True,True,173.16226196289062,0.020015515387058258,False,0,0
3072,TwoRoom,0.08,92,65,338.02996826171875,12.5069580078125,1.8568718433380127,True,True,True,331.80755615234375,0.023780982941389084,False,0,0
3072,TwoRoom,0.08,93,65,62.955902099609375,15.08734130859375,2.087101697921753,True,True,True,58.33504104614258,0.07339837402105331,False,0,0
3072,TwoRoom,0.08,94,65,78.41728973388672,6.124053955078125,0.8111525177955627,True,True,True,72.07701873779297,0.08085300028324127,False,0,0
3072,TwoRoom,0.08,95,65,346.0918884277344,6.4156494140625,0.8162977695465088,True,True,True,345.83660888671875,0.012811684980988503,False,0,0
3072,TwoRoom,0.08,96,65,152.2559814453125,12.871246337890625,3.85539174079895,True,True,True,148.53103637695312,0.04842662066221237,False,0,0
3072,TwoRoom,0.08,97,65,60.15357971191406,2.56329345703125,0.6998719573020935,True,True,True,59.047828674316406,0.02149979956448078,False,0,0
3072,TwoRoom,0.08,98,65,246.82284545898438,4.99261474609375,1.2084895372390747,True,True,True,244.6029052734375,0.017562076449394226,False,0,0
3072,TwoRoom,0.08,99,65,30.27897834777832,23.207672119140625,3.3047921657562256,False,False,True,15.603218078613281,0.4846847951412201,False,0,0
