training_seed,task,std_key,sample_index,candidate_count,clean_margin,sample_max_drift,sample_mean_drift,coarse_cert_pass,cert_pass,sharp_cert_pass,sharp_cert_slack,sharp_normalized_score,top1_flip,clean_best,noisy_best
3073,Reacher,0.0,0,65,66.80091857910156,319.55474853515625,90.26133728027344,False,False,False,-415.9612121582031,7.116724014282227,True,0,49
3073,Reacher,0.0,1,65,34.65635681152344,456.164794921875,82.20028686523438,False,False,False,-517.789306640625,15.940673828125,True,0,15
3073,Reacher,0.0,2,65,62.89200210571289,396.5048522949219,125.57699584960938,False,False,False,-649.6326904296875,10.041433334350586,True,0,23
3073,Reacher,0.0,3,65,29.157825469970703,340.3704833984375,82.81332397460938,False,False,False,-603.4710693359375,20.202346801757812,True,0,57
3073,Reacher,0.0,4,65,22.231637954711914,553.5787353515625,142.18618774414062,False,False,False,-884.3594970703125,40.77932357788086,True,0,55
3073,Reacher,0.0,5,65,10.871195793151855,364.26434326171875,112.81749725341797,False,False,False,-593.179443359375,55.56432342529297,True,0,60
3073,Reacher,0.0,6,65,14.228151321411133,340.520263671875,75.26998901367188,False,False,False,-658.3231201171875,47.2690544128418,True,0,62
3073,Reacher,0.0,7,65,101.71197509765625,423.9995422363281,178.24839782714844,False,False,False,-485.710205078125,5.775349140167236,True,0,25
3073,Reacher,0.0,8,65,27.595975875854492,63.40057373046875,14.9575777053833,False,False,False,-6.3028411865234375,1.2283971309661865,False,0,0
3073,Reacher,0.0,9,65,139.53524780273438,394.84033203125,76.57968139648438,False,False,False,-477.03704833984375,4.418756484985352,True,0,35
3073,Reacher,0.0,10,65,40.117027282714844,419.7414245605469,120.00223541259766,False,False,False,-640.57275390625,16.96760368347168,True,0,36
3073,Reacher,0.0,11,65,1.5026658773422241,414.8023681640625,117.38627624511719,False,False,False,-749.550537109375,484.3451843261719,True,7,57
3073,Reacher,0.0,12,65,8.957669258117676,224.2791748046875,61.69887161254883,False,False,False,-49.53997802734375,2.4658284187316895,True,0,55
3073,Reacher,0.0,13,65,17.425329208374023,382.316162109375,132.9246368408203,False,False,False,-607.5081787109375,35.86351013183594,True,0,33
3073,Reacher,0.0,14,65,0.545159637928009,468.43341064453125,162.61337280273438,False,False,False,-867.4259033203125,1592.14111328125,True,53,47
3073,Reacher,0.0,15,65,288.2975769042969,221.02874755859375,51.72867965698242,False,False,False,-49.476409912109375,1.138367772102356,True,0,31
3073,Reacher,0.0,16,65,10.187552452087402,129.91802978515625,27.821136474609375,False,False,False,-48.664119720458984,4.2706427574157715,False,0,0
3073,Reacher,0.0,17,65,3.0474090576171875,289.5235900878906,66.45011138916016,False,False,False,-571.0450439453125,188.38706970214844,True,0,6
3073,Reacher,0.0,18,65,2.448134422302246,525.6810302734375,161.86941528320312,False,False,False,-933.72998046875,382.4046936035156,True,0,22
3073,Reacher,0.0,19,65,19.657386779785156,493.47882080078125,147.62539672851562,False,False,False,-623.34375,32.71040725708008,True,0,60
3073,Reacher,0.0,20,65,26.939849853515625,392.46044921875,68.29720306396484,False,False,False,-684.2044677734375,26.397485733032227,True,0,8
3073,Reacher,0.0,21,65,10.145463943481445,336.5403137207031,143.3000946044922,False,False,False,-633.5628662109375,63.447898864746094,True,0,36
3073,Reacher,0.0,22,65,2.986082077026367,123.35939025878906,21.812259674072266,False,False,False,-74.34571838378906,16.200857162475586,True,0,62
3073,Reacher,0.0,23,65,21.669109344482422,352.81170654296875,71.02056884765625,False,False,False,-644.5244140625,30.743925094604492,True,0,37
3073,Reacher,0.0,24,65,3.8993144035339355,87.26052856445312,20.929994583129883,False,False,False,-12.467813491821289,1.5237866640090942,True,61,0
3073,Reacher,0.0,25,65,4.858028888702393,314.8422546386719,90.65167236328125,False,False,False,-617.0406494140625,128.01461791992188,True,0,30
3073,Reacher,0.0,26,65,0.728746771812439,346.779296875,112.48790740966797,False,False,False,-594.5145263671875,798.1817626953125,True,63,51
3073,Reacher,0.0,27,65,25.617706298828125,284.63836669921875,83.68023681640625,False,False,False,-532.107177734375,21.771068572998047,True,0,45
3073,Reacher,0.0,28,65,13.350979804992676,107.11769104003906,23.142013549804688,False,False,False,-41.706111907958984,4.123824119567871,True,0,40
3073,Reacher,0.0,29,65,2.005690813064575,443.1773376464844,139.81651306152344,False,False,False,-446.4120178222656,196.9513702392578,False,0,0
3073,Reacher,0.0,30,65,5.989096641540527,163.7593536376953,50.12417221069336,False,False,False,-225.40432739257812,31.55030059814453,True,0,35
3073,Reacher,0.0,31,65,0.7746896743774414,391.9344787597656,145.1678466796875,False,False,False,-683.6990966796875,883.5457153320312,True,60,15
3073,Reacher,0.0,32,65,1.0750513076782227,480.57208251953125,159.8283233642578,False,False,False,-814.6456909179688,668.000244140625,True,33,35
3073,Reacher,0.0,33,65,14.893821716308594,232.18177795410156,39.76185989379883,False,False,False,-305.3510437011719,21.501859664916992,True,0,64
3073,Reacher,0.0,34,65,1.0756001472473145,365.8652038574219,159.9662628173828,False,False,False,-678.500244140625,542.6187133789062,True,47,1
3073,Reacher,0.0,35,65,2.4826889038085938,350.34808349609375,72.46080017089844,False,False,False,-674.7857055664062,272.79632568359375,True,0,45
3073,Reacher,0.0,36,65,15.09460735321045,333.6832275390625,100.7259750366211,False,False,False,-644.867919921875,41.885345458984375,True,0,29
3073,Reacher,0.0,37,65,2.1505279541015625,319.83734130859375,104.61148071289062,False,False,False,-498.1094970703125,170.5889434814453,True,0,59
3073,Reacher,0.0,38,65,15.678865432739258,157.19998168945312,74.34954071044922,False,False,False,-178.55206298828125,12.388072967529297,False,0,0
3073,Reacher,0.0,39,65,0.04940462112426758,92.4644775390625,24.635774612426758,False,False,False,-25.625417709350586,519.6846313476562,False,0,0
3073,Reacher,0.0,40,65,8.818039894104004,485.26678466796875,201.1291961669922,False,False,False,-941.9285888671875,107.818359375,True,0,48
3073,Reacher,0.0,41,65,70.76923370361328,360.88458251953125,107.44290924072266,False,False,False,-535.43115234375,7.241003513336182,True,0,61
3073,Reacher,0.0,42,65,18.560749053955078,344.1693420410156,86.98490905761719,False,False,False,-640.730224609375,35.52070999145508,True,0,5
3073,Reacher,0.0,43,65,1.1222299337387085,235.55799865722656,58.66872024536133,False,False,False,-278.60015869140625,145.36024475097656,True,0,45
3073,Reacher,0.0,44,65,19.026575088500977,188.8328857421875,56.8088264465332,False,False,False,-248.77127075195312,9.916601181030273,True,0,9
3073,Reacher,0.0,45,65,96.1480712890625,406.41326904296875,49.31597137451172,False,False,False,-540.0037231445312,6.616375923156738,True,0,22
3073,Reacher,0.0,46,65,36.27766036987305,305.6924133300781,70.10971069335938,False,False,False,-404.10858154296875,12.139323234558105,False,0,0
3073,Reacher,0.0,47,65,37.812896728515625,401.5207214355469,134.64883422851562,False,False,False,-443.0107421875,12.715863227844238,True,0,25
3073,Reacher,0.0,48,65,95.467041015625,410.95294189453125,112.9509048461914,False,False,False,-643.4912109375,7.740454196929932,True,0,57
3073,Reacher,0.0,49,65,11.229721069335938,353.9210510253906,158.67564392089844,False,False,False,-690.45361328125,62.4844856262207,True,0,8
3073,Reacher,0.0,50,65,29.288087844848633,370.6153259277344,126.1021499633789,False,False,False,-655.9515380859375,23.328113555908203,True,0,33
3073,Reacher,0.0,51,65,0.7127535343170166,256.2682189941406,87.88217163085938,False,False,False,-491.4114990234375,690.4550170898438,True,0,25
3073,Reacher,0.0,52,65,78.07623291015625,332.119384765625,87.30159759521484,False,False,False,-410.32586669921875,6.255451679229736,True,0,26
3073,Reacher,0.0,53,65,46.529727935791016,427.80499267578125,81.1646728515625,False,False,False,-765.8447875976562,17.459257125854492,True,0,49
3073,Reacher,0.0,54,65,3.464512348175049,180.85946655273438,39.9608154296875,False,False,False,-195.46798706054688,33.678775787353516,False,0,0
3073,Reacher,0.0,55,65,241.53489685058594,291.6897888183594,59.222618103027344,False,False,False,-126.99160766601562,1.5257691144943237,False,0,0
3073,Reacher,0.0,56,65,11.700897216796875,343.3094787597656,76.35308837890625,False,False,False,-418.50762939453125,35.66305160522461,True,0,2
3073,Reacher,0.0,57,65,6.341111183166504,427.7112121582031,94.14404296875,False,False,False,-804.8851318359375,127.93124389648438,True,0,45
3073,Reacher,0.0,58,65,7.821839332580566,170.867431640625,55.26221466064453,False,False,False,-218.01390075683594,22.22054672241211,True,0,9
3073,Reacher,0.0,59,65,10.556171417236328,294.7734069824219,83.1934585571289,False,False,False,-567.4892578125,54.759002685546875,True,0,51
3073,Reacher,0.0,60,65,32.0906867980957,275.1773681640625,67.81890869140625,False,False,False,-404.8595275878906,13.1605863571167,True,0,60
3073,Reacher,0.0,61,65,4.001531600952148,138.48898315429688,41.21904754638672,False,False,False,-168.23617553710938,24.75004768371582,True,0,53
3073,Reacher,0.0,62,65,52.284793853759766,77.0206298828125,21.02182960510254,False,False,False,-18.021085739135742,1.3063393831253052,True,0,39
3073,Reacher,0.0,63,65,94.05245971679688,342.67584228515625,85.3334732055664,False,False,False,-523.8212890625,6.569458961486816,True,0,53
3073,Reacher,0.0,64,65,50.174072265625,284.4272155761719,70.67700958251953,False,False,False,-452.90704345703125,10.026715278625488,True,0,10
3073,Reacher,0.0,65,65,0.598229169845581,313.69549560546875,76.5744857788086,False,False,False,-531.3099365234375,686.5588989257812,True,0,31
3073,Reacher,0.0,66,65,9.218950271606445,260.568359375,84.1181640625,False,False,False,-505.1324462890625,55.7928352355957,True,0,5
3073,Reacher,0.0,67,65,10.4886474609375,367.9889831542969,70.87325286865234,False,False,False,-714.1301879882812,69.08601379394531,True,0,45
3073,Reacher,0.0,68,65,74.11585235595703,290.7139892578125,108.42453002929688,False,False,False,-364.3431396484375,5.915859699249268,True,0,61
3073,Reacher,0.0,69,65,1.0987143516540527,389.3822937011719,149.26246643066406,False,False,False,-697.3057861328125,568.4521484375,False,17,17
3073,Reacher,0.0,70,65,49.46883773803711,90.03152465820312,16.5292911529541,False,False,False,-12.215127944946289,1.246925711631775,False,0,0
3073,Reacher,0.0,71,65,7.629774570465088,192.70489501953125,61.74864959716797,False,False,False,-343.67816162109375,36.71477508544922,True,0,22
3073,Reacher,0.0,72,65,17.78400993347168,477.4003601074219,131.3897247314453,False,False,False,-590.2665405273438,33.41453170776367,True,0,17
3073,Reacher,0.0,73,65,20.08686637878418,334.0838317871094,99.16175079345703,False,False,False,-565.7259521484375,27.781818389892578,True,0,18
3073,Reacher,0.0,74,65,35.2337532043457,250.06448364257812,69.42388153076172,False,False,False,-207.29278564453125,4.33946418762207,True,0,19
3073,Reacher,0.0,75,65,0.3595278263092041,183.7218017578125,46.813385009765625,False,False,False,-192.61990356445312,536.7579956054688,True,0,50
3073,Reacher,0.0,76,65,86.38928985595703,155.54318237304688,26.138534545898438,False,False,False,-57.06278991699219,1.660530924797058,True,0,13
3073,Reacher,0.0,77,65,1.9459171295166016,372.7955322265625,129.04608154296875,False,False,False,-623.1604614257812,321.239990234375,True,0,21
3073,Reacher,0.0,78,65,32.02987289428711,358.1689453125,96.15181732177734,False,False,False,-630.9820556640625,20.361724853515625,True,0,27
3073,Reacher,0.0,79,65,6.149996757507324,412.84033203125,127.10601043701172,False,False,False,-729.6292724609375,104.10669708251953,True,0,27
3073,Reacher,0.0,80,65,0.4590793251991272,254.3980712890625,60.21989059448242,False,False,False,-464.6095886230469,1013.04638671875,True,7,5
3073,Reacher,0.0,81,65,20.053918838500977,318.69287109375,103.893310546875,False,False,False,-591.531494140625,30.497051239013672,True,0,1
3073,Reacher,0.0,82,65,16.595529556274414,239.12423706054688,59.0399169921875,False,False,False,-262.9832763671875,16.846633911132812,True,0,25
3073,Reacher,0.0,83,65,24.248523712158203,499.01641845703125,154.61614990234375,False,False,False,-863.7562255859375,34.749412536621094,True,0,19
3073,Reacher,0.0,84,65,12.576221466064453,206.7249755859375,60.13539123535156,False,False,False,-286.4862365722656,23.779991149902344,True,0,42
3073,Reacher,0.0,85,65,7.149585723876953,208.5244140625,31.94866943359375,False,False,False,-294.4671630859375,42.18660354614258,False,0,0
3073,Reacher,0.0,86,65,21.77423858642578,102.78622436523438,28.149093627929688,False,False,False,-90.46327209472656,5.154601097106934,False,0,0
3073,Reacher,0.0,87,65,29.84135627746582,227.3055877685547,96.87071990966797,False,False,False,-290.61004638671875,10.55158519744873,True,0,36
3073,Reacher,0.0,88,65,0.05447113513946533,187.5634002685547,64.39144897460938,False,False,False,-247.42660522460938,3088.50439453125,True,0,3
3073,Reacher,0.0,89,65,51.64518737792969,120.51850891113281,30.24993896484375,False,False,False,-68.39714050292969,2.2866382598876953,False,0,0
3073,Reacher,0.0,90,65,13.204994201660156,452.5141906738281,108.77006530761719,False,False,False,-450.158935546875,35.090049743652344,True,0,35
3073,Reacher,0.0,91,65,6.0210442543029785,406.4329528808594,130.00428771972656,False,False,False,-555.6722412109375,87.13761138916016,True,0,35
3073,Reacher,0.0,92,65,2.61635160446167,349.8193664550781,109.5283203125,False,False,False,-645.0986938476562,222.2831268310547,True,0,50
3073,Reacher,0.0,93,65,2.390825033187866,102.682373046875,30.130035400390625,False,False,False,-53.72321319580078,23.47057342529297,False,0,0
3073,Reacher,0.0,94,65,34.59825134277344,116.90577697753906,31.297338485717773,False,False,False,-15.527200698852539,1.448785662651062,False,0,0
3073,Reacher,0.0,95,65,40.91557312011719,184.9000244140625,70.81478881835938,False,False,False,-279.1842041015625,7.823421955108643,True,0,3
3073,Reacher,0.0,96,65,0.35254085063934326,203.34262084960938,67.06011199951172,False,False,False,-209.07656860351562,594.0562744140625,True,0,22
3073,Reacher,0.0,97,65,11.870644569396973,420.9937438964844,104.33940124511719,False,False,False,-829.0098876953125,70.83697509765625,True,0,61
3073,Reacher,0.0,98,65,235.88348388671875,123.71853637695312,26.805919647216797,False,False,True,106.4584732055664,0.5486819744110107,False,0,0
3073,Reacher,0.0,99,65,60.17095947265625,434.3038330078125,67.87994384765625,False,False,False,-317.71881103515625,6.28026819229126,True,0,11
3073,Reacher,0.01,0,65,52.00732421875,54.51788330078125,6.433781623840332,False,False,True,14.359967231750488,0.723885715007782,False,0,0
3073,Reacher,0.01,1,65,30.801706314086914,362.3793640136719,67.85942077636719,False,False,False,-548.7393798828125,18.656005859375,True,0,15
3073,Reacher,0.01,2,65,51.52206039428711,314.9099426269531,117.4360580444336,False,False,False,-530.322265625,9.848108291625977,True,0,26
3073,Reacher,0.01,3,65,28.252988815307617,302.462158203125,69.50147247314453,False,False,False,-373.78076171875,11.017577171325684,True,0,31
3073,Reacher,0.01,4,65,34.110595703125,470.2941589355469,129.16995239257812,False,False,False,-887.079833984375,27.005990982055664,True,0,6
3073,Reacher,0.01,5,65,19.512691497802734,284.09686279296875,75.53800964355469,False,False,False,-471.9286804199219,25.18572998046875,True,0,43
3073,Reacher,0.01,6,65,19.673686981201172,348.7133483886719,71.112548828125,False,False,False,-652.46728515625,34.164466857910156,True,0,35
3073,Reacher,0.01,7,65,85.57479095458984,422.9228210449219,142.43275451660156,False,False,False,-470.111083984375,6.493570327758789,True,0,63
3073,Reacher,0.01,8,65,30.757814407348633,62.79559326171875,17.029207229614258,False,False,False,-52.247169494628906,2.6986632347106934,True,0,54
3073,Reacher,0.01,9,65,143.10293579101562,182.22097778320312,39.62135696411133,False,False,False,-47.19768524169922,1.3298163414001465,False,0,0
3073,Reacher,0.01,10,65,38.11620330810547,205.97406005859375,68.02537536621094,False,False,False,-253.4980926513672,6.84893274307251,True,0,54
3073,Reacher,0.01,11,65,1.2007250785827637,427.9319763183594,124.37848663330078,False,False,False,-749.4268188476562,610.927978515625,True,0,56
3073,Reacher,0.01,12,65,3.8375000953674316,90.49761962890625,24.71430015563965,False,False,False,-48.90811538696289,13.244612693786621,True,0,55
3073,Reacher,0.01,13,65,8.391387939453125,261.50177001953125,83.60597229003906,False,False,False,-271.1090087890625,18.41779136657715,True,0,57
3073,Reacher,0.01,14,65,1.114603877067566,393.0172119140625,138.79478454589844,False,False,False,-730.8682861328125,583.23583984375,True,53,4
3073,Reacher,0.01,15,65,301.51043701171875,12.2335205078125,3.5151455402374268,True,True,True,296.81109619140625,0.039309486746788025,False,0,0
3073,Reacher,0.01,16,65,9.201759338378906,108.73954772949219,27.334972381591797,False,False,False,-74.72355651855469,5.682123184204102,True,0,46
3073,Reacher,0.01,17,65,1.6357104778289795,271.2393798828125,67.63943481445312,False,False,False,-539.1258544921875,330.5973815917969,True,0,1
3073,Reacher,0.01,18,65,1.429656744003296,517.0150146484375,118.27898406982422,False,False,False,-904.2249755859375,599.5247802734375,True,0,8
3073,Reacher,0.01,19,65,20.844751358032227,297.00701904296875,80.31836700439453,False,False,False,-515.9246826171875,25.750818252563477,True,0,62
3073,Reacher,0.01,20,65,36.74900436401367,259.22308349609375,48.7838249206543,False,False,False,-412.03497314453125,12.212140083312988,True,0,33
3073,Reacher,0.01,21,65,14.687235832214355,328.3040466308594,119.70670318603516,False,False,False,-610.58203125,40.48039245605469,True,0,10
3073,Reacher,0.01,22,65,7.253220558166504,39.15525817871094,5.9339704513549805,False,False,True,5.83294153213501,0.4173938035964966,False,0,0
3073,Reacher,0.01,23,65,15.755497932434082,106.946533203125,22.468795776367188,False,False,False,-84.05035400390625,6.334668159484863,False,0,0
3073,Reacher,0.01,24,65,1.7721495628356934,49.77674865722656,14.007675170898438,False,False,False,-26.718059539794922,16.07663917541504,True,0,3
3073,Reacher,0.01,25,65,13.388143539428711,275.9642028808594,85.28163146972656,False,False,False,-537.6829833984375,41.161128997802734,True,0,60
3073,Reacher,0.01,26,65,1.4034554958343506,302.34674072265625,102.63304138183594,False,False,False,-532.9364624023438,380.73162841796875,True,63,0
3073,Reacher,0.01,27,65,27.98212432861328,244.05479431152344,69.35388946533203,False,False,False,-449.96258544921875,17.080358505249023,False,0,0
3073,Reacher,0.01,28,65,19.477371215820312,45.84282684326172,10.876049995422363,False,False,False,-4.829742431640625,1.2479668855667114,False,0,0
3073,Reacher,0.01,29,65,0.0651780366897583,213.40716552734375,64.88973999023438,False,False,False,-179.4586181640625,1244.54736328125,True,55,20
3073,Reacher,0.01,30,65,11.861202239990234,32.25933837890625,10.050299644470215,False,False,False,-10.50381088256836,1.880618691444397,False,0,0
3073,Reacher,0.01,31,65,0.1879507303237915,175.91957092285156,47.67618179321289,False,False,False,-76.63601684570312,408.7452697753906,True,0,6
3073,Reacher,0.01,32,65,0.9261109232902527,467.7550354003906,151.42861938476562,False,False,False,-736.0078125,635.8592529296875,True,33,35
3073,Reacher,0.01,33,65,24.792205810546875,94.79531860351562,18.98835563659668,False,False,False,-45.05910110473633,2.8174703121185303,True,0,35
3073,Reacher,0.01,34,65,1.4586942195892334,48.165374755859375,15.833443641662598,False,False,False,-11.882587432861328,4.456466197967529,False,0,0
3073,Reacher,0.01,35,65,17.98980712890625,354.6271057128906,74.082275390625,False,False,False,-658.9449462890625,37.6287956237793,True,0,45
3073,Reacher,0.01,36,65,16.594558715820312,72.05694580078125,10.44766616821289,False,False,False,-16.384838104248047,1.2904856204986572,False,0,0
3073,Reacher,0.01,37,65,2.196471691131592,273.8038330078125,82.73052978515625,False,False,False,-525.3095092773438,240.16061401367188,True,0,16
3073,Reacher,0.01,38,65,19.377887725830078,100.27333068847656,19.132116317749023,False,False,False,-7.118544578552246,1.3673540353775024,True,0,2
3073,Reacher,0.01,39,65,0.16871118545532227,28.76605224609375,9.865621566772461,False,False,False,-0.9326838254928589,6.528286933898926,False,53,53
3073,Reacher,0.01,40,65,20.52500343322754,506.4624328613281,202.17982482910156,False,False,False,-975.368896484375,46.81107711791992,True,0,48
3073,Reacher,0.01,41,65,76.75949096679688,400.7339172363281,89.06779479980469,False,False,False,-611.505859375,8.876580238342285,True,0,59
3073,Reacher,0.01,42,65,16.003082275390625,270.7792663574219,79.26309204101562,False,False,False,-505.2554016113281,32.57238006591797,True,0,28
3073,Reacher,0.01,43,65,3.0645222663879395,179.14869689941406,44.74021911621094,False,False,False,-195.6923828125,39.66483688354492,True,0,5
3073,Reacher,0.01,44,65,19.57402992248535,41.35758972167969,4.9395599365234375,False,False,True,14.17050552368164,0.3330155909061432,False,0,0
3073,Reacher,0.01,45,65,99.13690185546875,58.26246643066406,5.061160564422607,False,False,True,77.80144500732422,0.40333622694015503,False,0,0
3073,Reacher,0.01,46,65,41.46335983276367,31.690277099609375,5.963839530944824,False,False,True,17.881990432739258,0.5687279105186462,False,0,0
3073,Reacher,0.01,47,65,34.183406829833984,224.89341735839844,69.4583969116211,False,False,False,-79.24661254882812,3.31827712059021,True,0,57
3073,Reacher,0.01,48,65,61.918418884277344,184.3486785888672,27.74683952331543,False,False,False,-137.72903442382812,2.1285593509674072,True,0,31
3073,Reacher,0.01,49,65,12.359678268432617,447.9324645996094,105.00724029541016,False,False,False,-731.6074829101562,52.308712005615234,False,0,0
3073,Reacher,0.01,50,65,27.404041290283203,389.8835754394531,128.69053649902344,False,False,False,-707.693115234375,26.038902282714844,True,0,42
3073,Reacher,0.01,51,65,1.751491665840149,158.09310913085938,44.4635009765625,False,False,False,-125.02590942382812,72.38253021240234,True,0,16
3073,Reacher,0.01,52,65,102.48714447021484,220.2819366455078,62.19661331176758,False,False,False,-313.34814453125,3.9498403072357178,True,0,41
3073,Reacher,0.01,53,65,47.97873306274414,182.8930206298828,45.98900604248047,False,False,False,-150.72024536132812,4.141396999359131,False,0,0
3073,Reacher,0.01,54,65,5.475403308868408,39.5487060546875,5.571746826171875,False,False,True,2.9530744552612305,0.5788231492042542,False,0,0
3073,Reacher,0.01,55,65,266.8343811035156,272.487548828125,51.0328254699707,False,False,False,-89.87225341796875,1.3368091583251953,False,0,0
3073,Reacher,0.01,56,65,17.919614791870117,99.98348999023438,25.69097137451172,False,False,False,-79.0288314819336,5.159817695617676,True,0,40
3073,Reacher,0.01,57,65,10.204553604125977,418.5228271484375,111.96569061279297,False,False,False,-772.5433959960938,75.4563217163086,True,0,45
3073,Reacher,0.01,58,65,4.174003601074219,21.005966186523438,5.871468544006348,False,False,True,3.66473388671875,0.4033268690109253,False,0,0
3073,Reacher,0.01,59,65,8.55235481262207,81.78058624267578,26.9720458984375,False,False,False,-49.463714599609375,6.783637046813965,False,0,0
3073,Reacher,0.01,60,65,20.830726623535156,45.67254638671875,9.384025573730469,False,False,True,1.1524231433868408,0.9446767568588257,False,0,0
3073,Reacher,0.01,61,65,7.768625259399414,23.789901733398438,5.103582859039307,False,False,False,-1.078965187072754,1.1388875246047974,False,0,0
3073,Reacher,0.01,62,65,49.298580169677734,59.17875671386719,14.074216842651367,False,False,False,-0.7029876708984375,1.0142598152160645,False,0,0
3073,Reacher,0.01,63,65,89.21272277832031,98.08155822753906,25.54784393310547,False,False,False,-40.95740509033203,1.4590983390808105,True,0,10
3073,Reacher,0.01,64,65,42.1037483215332,321.2231140136719,63.345237731933594,False,False,False,-540.6908569335938,13.84186840057373,True,0,63
3073,Reacher,0.01,65,65,4.334809303283691,162.39093017578125,43.05695343017578,False,False,False,-177.11843872070312,22.26746368408203,True,0,19
3073,Reacher,0.01,66,65,6.801894664764404,65.50605773925781,14.352295875549316,False,False,False,-6.14424991607666,1.620092749595642,False,0,0
3073,Reacher,0.01,67,65,14.010354995727539,268.2044982910156,56.19452667236328,False,False,False,-506.50823974609375,37.15242004394531,False,0,0
3073,Reacher,0.01,68,65,74.45623779296875,85.02536010742188,17.069358825683594,False,False,True,34.49343490600586,0.5367287397384644,False,0,0
3073,Reacher,0.01,69,65,0.48037052154541016,429.4071044921875,140.09176635742188,False,False,False,-687.52099609375,1156.177001953125,True,0,17
3073,Reacher,0.01,70,65,36.98763656616211,48.49296569824219,9.612775802612305,False,False,True,12.368544578552246,0.6656032204627991,False,0,0
3073,Reacher,0.01,71,65,14.617619514465332,153.80245971679688,43.31035614013672,False,False,False,-205.4016876220703,15.051651954650879,True,0,13
3073,Reacher,0.01,72,65,16.166393280029297,343.3404235839844,110.5202407836914,False,False,False,-561.6817016601562,33.81679916381836,True,0,58
3073,Reacher,0.01,73,65,19.406511306762695,309.155517578125,97.5050048828125,False,False,False,-580.9375,30.935184478759766,True,0,60
3073,Reacher,0.01,74,65,25.220287322998047,94.29994201660156,20.90880584716797,False,False,True,5.367016315460205,0.7871944904327393,False,0,0
3073,Reacher,0.01,75,65,7.040733337402344,58.76453399658203,15.837315559387207,False,False,False,-27.336135864257812,4.882569313049316,False,0,0
3073,Reacher,0.01,76,65,69.98699951171875,84.93803405761719,9.982328414916992,False,False,True,14.46483039855957,0.7933211922645569,False,0,0
3073,Reacher,0.01,77,65,2.8793184757232666,150.5673065185547,53.41920471191406,False,False,False,-145.88072204589844,51.665016174316406,True,0,33
3073,Reacher,0.01,78,65,31.48427391052246,366.52197265625,93.47746276855469,False,False,False,-673.2142333984375,21.644317626953125,True,0,27
3073,Reacher,0.01,79,65,1.2089767456054688,363.34100341796875,115.53662872314453,False,False,False,-648.1842041015625,533.1888427734375,True,0,44
3073,Reacher,0.01,80,65,0.1305750608444214,153.89625549316406,29.398151397705078,False,False,False,-126.76286315917969,971.8045043945312,True,0,56
3073,Reacher,0.01,81,65,24.204208374023438,367.7156982421875,93.61404418945312,False,False,False,-648.15771484375,27.77872085571289,True,0,1
3073,Reacher,0.01,82,65,11.573960304260254,61.55023193359375,16.790367126464844,False,False,False,-34.22614288330078,3.957167625427246,False,0,0
3073,Reacher,0.01,83,65,24.607702255249023,460.50128173828125,149.30833435058594,False,False,False,-773.8383178710938,32.048370361328125,True,0,29
3073,Reacher,0.01,84,65,16.56061553955078,44.7822265625,10.478968620300293,False,False,False,-7.610186576843262,1.4595353603363037,False,0,0
3073,Reacher,0.01,85,65,14.074243545532227,40.045135498046875,6.950707912445068,False,False,False,-2.0663695335388184,1.1468192338943481,True,0,36
3073,Reacher,0.01,86,65,30.227758407592773,104.01942443847656,25.136260986328125,False,False,False,-60.889583587646484,2.135795831680298,True,0,58
3073,Reacher,0.01,87,65,27.94009780883789,65.71585083007812,16.429601669311523,False,False,True,6.843947887420654,0.7550492286682129,False,0,0
3073,Reacher,0.01,88,65,3.1777286529541016,97.49714660644531,27.152437210083008,False,False,False,-48.59294128417969,10.908711433410645,True,0,5
3073,Reacher,0.01,89,65,65.60823822021484,82.87670135498047,24.20351791381836,False,False,False,-23.72058868408203,1.292643666267395,False,0,0
3073,Reacher,0.01,90,65,12.443387985229492,266.6363830566406,95.14419555664062,False,False,False,-506.2291259765625,41.682579040527344,True,0,3
3073,Reacher,0.01,91,65,3.9403011798858643,252.33193969726562,49.84993362426758,False,False,False,-308.6126708984375,58.47306823730469,True,0,7
3073,Reacher,0.01,92,65,3.5005478858947754,143.30699157714844,39.39888381958008,False,False,False,-109.7324447631836,17.112926483154297,True,0,28
3073,Reacher,0.01,93,65,2.9026904106140137,97.04629516601562,25.06648063659668,False,False,False,-32.89801788330078,12.333629608154297,True,0,30
3073,Reacher,0.01,94,65,34.978904724121094,105.90623474121094,40.829010009765625,False,False,False,-41.79146957397461,2.1947619915008545,True,0,14
3073,Reacher,0.01,95,65,48.829891204833984,99.5542984008789,26.969388961791992,False,False,False,-25.12846565246582,1.237943172454834,False,0,0
3073,Reacher,0.01,96,65,0.5947699546813965,82.98234558105469,27.37898826599121,False,False,False,-37.316200256347656,63.74056625366211,True,0,41
3073,Reacher,0.01,97,65,14.084290504455566,255.97874450683594,79.51422119140625,False,False,False,-468.32244873046875,34.25140380859375,True,0,59
3073,Reacher,0.01,98,65,208.87936401367188,35.86029052734375,8.85340690612793,True,True,True,169.65672302246094,0.18777649104595184,False,0,0
3073,Reacher,0.01,99,65,59.74644088745117,440.3567810058594,86.1531982421875,False,False,False,-497.249267578125,9.322659492492676,True,0,11
3073,Reacher,0.02,0,65,57.532344818115234,18.565704345703125,3.8256747722625732,True,True,True,46.65742111206055,0.18902277946472168,False,0,0
3073,Reacher,0.02,1,65,35.32304000854492,284.8157043457031,36.785057067871094,False,False,False,-374.568603515625,11.604087829589844,True,0,4
3073,Reacher,0.02,2,65,52.534507751464844,31.958419799804688,6.094526767730713,False,False,True,36.51968002319336,0.3048439621925354,False,0,0
3073,Reacher,0.02,3,65,31.880874633789062,53.903839111328125,14.888043403625488,False,False,False,-12.203731536865234,1.3827916383743286,True,0,31
3073,Reacher,0.02,4,65,30.302640914916992,50.903350830078125,12.131945610046387,False,False,True,22.95840835571289,0.33515089750289917,False,0,0
3073,Reacher,0.02,5,65,25.754405975341797,45.412506103515625,9.421286582946777,False,False,False,-0.16950607299804688,1.0065816640853882,True,0,38
3073,Reacher,0.02,6,65,19.197336196899414,75.01223754882812,13.433329582214355,False,False,False,-16.81428337097168,1.8758654594421387,True,0,8
3073,Reacher,0.02,7,65,97.85598754882812,65.81796264648438,14.220317840576172,False,False,True,75.14566040039062,0.3834151327610016,False,0,0
3073,Reacher,0.02,8,65,22.615673065185547,21.321823120117188,4.218966484069824,False,False,True,16.72860336303711,0.26030927896499634,False,0,0
3073,Reacher,0.02,9,65,113.74075317382812,30.52411651611328,8.927078247070312,True,True,True,81.91728973388672,0.27978944778442383,False,0,0
3073,Reacher,0.02,10,65,38.73701095581055,80.08447265625,28.3015193939209,False,False,False,-44.89972686767578,2.1590912342071533,True,0,54
3073,Reacher,0.02,11,65,0.6125980615615845,46.874237060546875,6.212568283081055,False,False,True,0.5464059114456177,0.2766125202178955,False,0,0
3073,Reacher,0.02,12,65,4.320660591125488,87.6448974609375,17.950029373168945,False,False,False,-7.534324645996094,2.7437899112701416,True,0,55
3073,Reacher,0.02,13,65,14.911914825439453,40.792236328125,9.81274127960205,False,False,True,10.170782089233398,0.3583150804042816,False,0,0
3073,Reacher,0.02,14,65,3.214526414871216,88.50909423828125,28.45989990234375,False,False,False,-36.63680648803711,10.358171463012695,False,53,53
3073,Reacher,0.02,15,65,284.2222900390625,7.384246826171875,2.0760254859924316,True,True,True,278.7590637207031,0.022832969203591347,False,0,0
3073,Reacher,0.02,16,65,10.526504516601562,23.74298095703125,4.876383304595947,False,False,True,7.545682907104492,0.28317296504974365,False,0,0
3073,Reacher,0.02,17,65,2.2127606868743896,23.95166015625,5.935246467590332,False,False,False,-3.807321786880493,2.720620632171631,False,0,0
3073,Reacher,0.02,18,65,0.46518826484680176,67.28028869628906,18.150922775268555,False,False,False,-19.174156188964844,32.994876861572266,True,50,23
3073,Reacher,0.02,19,65,31.731212615966797,118.92601013183594,23.437891006469727,False,False,False,-8.882919311523438,1.2799426317214966,True,0,62
3073,Reacher,0.02,20,65,40.201576232910156,84.44833374023438,17.710556030273438,False,False,True,19.320087432861328,0.5194196701049805,False,0,0
3073,Reacher,0.02,21,65,17.54388999938965,43.31573486328125,19.870115280151367,False,False,False,-2.465662956237793,1.1405425071716309,True,0,55
3073,Reacher,0.02,22,65,12.804197311401367,21.3475341796875,5.60817289352417,False,False,True,8.77286434173584,0.3279927968978882,False,0,0
3073,Reacher,0.02,23,65,13.868961334228516,48.81622314453125,9.358206748962402,False,False,False,-6.578486442565918,1.4743316173553467,False,0,0
3073,Reacher,0.02,24,65,2.433776378631592,51.914398193359375,7.901424407958984,False,False,False,-9.396119117736816,4.860715866088867,True,0,20
3073,Reacher,0.02,25,65,11.696752548217773,116.48880004882812,17.67928695678711,False,False,False,-22.25678062438965,2.9028170108795166,True,0,11
3073,Reacher,0.02,26,65,1.7891993522644043,71.49366760253906,17.113710403442383,False,False,False,-36.73421859741211,9.710798263549805,True,63,0
3073,Reacher,0.02,27,65,48.921024322509766,90.35879516601562,34.886051177978516,False,False,True,21.423595428466797,0.7509602904319763,False,0,0
3073,Reacher,0.02,28,65,22.488828659057617,27.104690551757812,6.498683929443359,False,False,True,8.160394668579102,0.6371356248855591,False,0,0
3073,Reacher,0.02,29,65,1.8288484811782837,97.91653442382812,25.019577026367188,False,False,False,-26.735727310180664,7.526740550994873,True,55,0
3073,Reacher,0.02,30,65,10.706024169921875,16.096282958984375,5.783156394958496,False,False,True,0.8545448780059814,0.9278483390808105,False,0,0
3073,Reacher,0.02,31,65,0.7977407574653625,40.939056396484375,10.036519050598145,False,False,False,-0.346965491771698,1.4349350929260254,False,60,60
3073,Reacher,0.02,32,65,0.006496906280517578,86.09552001953125,20.478839874267578,False,False,False,-8.040202140808105,546.5580444335938,True,0,33
3073,Reacher,0.02,33,65,10.280807495117188,23.366989135742188,3.6237480640411377,False,False,False,-2.754688262939453,1.2679446935653687,True,0,35
3073,Reacher,0.02,34,65,0.06305146217346191,40.493988037109375,11.632390975952148,False,False,False,-18.91120147705078,300.93280029296875,True,0,16
3073,Reacher,0.02,35,65,14.930387496948242,47.118255615234375,10.041126251220703,False,False,True,5.227808952331543,0.6498544216156006,False,0,0
3073,Reacher,0.02,36,65,16.369760513305664,9.697967529296875,2.7997777462005615,False,False,True,14.810663223266602,0.14355169236660004,False,0,0
3073,Reacher,0.02,37,65,1.2087434530258179,16.378074645996094,3.2967679500579834,False,False,False,-2.550816059112549,3.110304117202759,False,0,0
3073,Reacher,0.02,38,65,28.976713180541992,38.77552795410156,9.338798522949219,False,False,True,20.866592407226562,0.30487293004989624,False,0,0
3073,Reacher,0.02,39,65,0.04590582847595215,16.14250946044922,5.308450698852539,False,False,False,-1.7051935195922852,38.145469665527344,False,0,0
3073,Reacher,0.02,40,65,9.221467971801758,82.22943115234375,7.629485607147217,False,False,True,8.267818450927734,0.31091493368148804,False,0,0
3073,Reacher,0.02,41,65,85.3199691772461,67.6602783203125,13.054693222045898,False,False,True,55.11396789550781,0.4685915410518646,False,0,0
3073,Reacher,0.02,42,65,12.509430885314941,50.101654052734375,13.941276550292969,False,False,False,-19.508928298950195,2.559537649154663,False,0,0
3073,Reacher,0.02,43,65,0.06344789266586304,17.868194580078125,4.968966960906982,False,False,False,-2.529062271118164,40.8604621887207,False,0,0
3073,Reacher,0.02,44,65,14.969182968139648,25.457061767578125,4.387577056884766,False,False,True,4.093573570251465,0.7265332937240601,False,0,0
3073,Reacher,0.02,45,65,112.7863540649414,13.74224853515625,2.0480473041534424,True,True,True,103.85228729248047,0.07921227067708969,False,0,0
3073,Reacher,0.02,46,65,34.508052825927734,17.438720703125,3.2405996322631836,False,False,True,26.30537223815918,0.2377033531665802,False,0,0
3073,Reacher,0.02,47,65,26.143585205078125,21.087921142578125,4.820296764373779,False,False,True,22.09245491027832,0.15495699644088745,False,0,0
3073,Reacher,0.02,48,65,57.96086120605469,24.62615966796875,5.130629062652588,True,True,True,47.78915023803711,0.21214479207992554,False,0,0
3073,Reacher,0.02,49,65,9.556344985961914,64.85577392578125,12.914835929870605,False,False,False,-15.27403450012207,2.598313331604004,False,0,0
3073,Reacher,0.02,50,65,34.143917083740234,60.167999267578125,14.603209495544434,False,False,False,-1.8008537292480469,1.0505493879318237,False,0,0
3073,Reacher,0.02,51,65,0.27587687969207764,26.4906005859375,5.822915554046631,False,False,False,-1.569983959197998,6.690886497497559,False,1,1
3073,Reacher,0.02,52,65,83.02149200439453,66.62503051757812,11.892072677612305,False,False,True,29.368755340576172,0.6462512016296387,False,0,0
3073,Reacher,0.02,53,65,53.457115173339844,35.79217529296875,6.698530197143555,False,False,True,51.81201171875,0.17105358839035034,False,0,0
3073,Reacher,0.02,54,65,4.468130111694336,12.5616455078125,2.931523323059082,False,False,True,1.731648564338684,0.6124444603919983,False,0,0
3073,Reacher,0.02,55,65,260.6484069824219,15.829864501953125,3.12125563621521,True,True,True,249.4613037109375,0.06042610481381416,False,0,0
3073,Reacher,0.02,56,65,15.292917251586914,53.37353515625,15.25554084777832,False,False,False,-17.275699615478516,2.1296536922454834,True,0,34
3073,Reacher,0.02,57,65,9.871539115905762,79.25617980957031,21.414766311645508,False,False,False,-4.066563606262207,1.411948323249817,True,0,42
3073,Reacher,0.02,58,65,9.937376022338867,29.06317138671875,10.282328605651855,False,False,True,2.857618808746338,0.8011336326599121,False,0,0
3073,Reacher,0.02,59,65,7.257969856262207,21.13848876953125,6.969453811645508,False,False,False,-1.0401897430419922,1.1433168649673462,False,0,0
3073,Reacher,0.02,60,65,23.24962615966797,17.544418334960938,4.828186511993408,False,False,True,14.566880226135254,0.4259803593158722,False,0,0
3073,Reacher,0.02,61,65,5.4148406982421875,29.04205322265625,9.033308982849121,False,False,False,-2.9430313110351562,1.5435121059417725,False,0,0
3073,Reacher,0.02,62,65,44.48587417602539,6.6381378173828125,1.5281851291656494,True,True,True,37.9076042175293,0.14787323772907257,False,0,0
3073,Reacher,0.02,63,65,114.89537811279297,32.081329345703125,6.605698108673096,True,True,True,93.15670013427734,0.2500573694705963,False,0,0
3073,Reacher,0.02,64,65,51.61195373535156,79.83486938476562,14.101770401000977,False,False,True,21.72509002685547,0.579068660736084,False,0,0
3073,Reacher,0.02,65,65,0.03920036554336548,50.55152893066406,9.057343482971191,False,False,False,-6.819691181182861,174.9700927734375,False,19,19
3073,Reacher,0.02,66,65,10.40402889251709,6.208160400390625,1.7688041925430298,False,False,True,8.179818153381348,0.21378359198570251,False,0,0
3073,Reacher,0.02,67,65,19.425647735595703,39.07568359375,7.45684289932251,False,False,True,12.33034896850586,0.36525416374206543,False,0,0
3073,Reacher,0.02,68,65,78.10481262207031,6.558349609375,1.321535587310791,True,True,True,73.23555755615234,0.06234253570437431,False,0,0
3073,Reacher,0.02,69,65,1.4808428287506104,39.083526611328125,7.699857711791992,False,False,False,-0.9352185726165771,1.631544828414917,True,0,26
3073,Reacher,0.02,70,65,54.573001861572266,32.86432647705078,6.385010719299316,False,False,True,43.31483459472656,0.26764488220214844,False,0,0
3073,Reacher,0.02,71,65,11.14241886138916,16.10516357421875,3.5319936275482178,False,False,True,5.040318489074707,0.5476459264755249,False,0,0
3073,Reacher,0.02,72,65,15.54990291595459,114.05035400390625,26.873355865478516,False,False,False,-30.597015380859375,2.9676661491394043,False,0,0
3073,Reacher,0.02,73,65,18.29646873474121,68.15972900390625,15.811558723449707,False,False,True,5.366542816162109,0.7788236141204834,False,0,0
3073,Reacher,0.02,74,65,19.987173080444336,19.973175048828125,7.429764270782471,False,False,True,17.922067642211914,0.24162229895591736,False,0,0
3073,Reacher,0.02,75,65,4.624039173126221,21.538665771484375,5.482542991638184,False,False,True,4.1920366287231445,0.4576641619205475,False,0,0
3073,Reacher,0.02,76,65,79.33769226074219,61.372314453125,8.572955131530762,False,False,True,33.29555130004883,0.5803312063217163,False,0,0
3073,Reacher,0.02,77,65,3.419133186340332,28.2967529296875,10.610132217407227,False,False,False,-6.8404860496521,3.0006489753723145,False,0,0
3073,Reacher,0.02,78,65,32.7652587890625,88.52880859375,25.853744506835938,False,False,False,-12.459102630615234,1.3802534341812134,True,0,63
3073,Reacher,0.02,79,65,2.7187600135803223,74.56216430664062,14.930865287780762,False,False,False,-17.83917236328125,2.530357837677002,True,20,27
3073,Reacher,0.02,80,65,0.15376877784729004,6.7732086181640625,1.8811960220336914,False,False,True,0.10743683576583862,0.30130916833877563,False,0,0
3073,Reacher,0.02,81,65,22.74070930480957,37.312713623046875,7.127266883850098,False,False,True,8.01887035369873,0.6473782062530518,False,0,0
3073,Reacher,0.02,82,65,13.35450553894043,13.113983154296875,4.43393611907959,False,False,True,9.098299026489258,0.3187094032764435,False,0,0
3073,Reacher,0.02,83,65,25.342985153198242,46.53639221191406,9.405495643615723,False,False,True,20.82381820678711,0.3150433301925659,False,0,0
3073,Reacher,0.02,84,65,16.993284225463867,18.205123901367188,6.240636348724365,False,False,True,11.421473503112793,0.3872731626033783,False,0,0
3073,Reacher,0.02,85,65,6.791091442108154,5.421089172363281,0.6545504927635193,False,False,True,5.118870735168457,0.24623744189739227,False,0,0
3073,Reacher,0.02,86,65,24.335880279541016,22.659835815429688,5.000417232513428,False,False,True,19.915189743041992,0.3753880560398102,False,0,0
3073,Reacher,0.02,87,65,25.90038299560547,24.92071533203125,9.152376174926758,False,False,True,9.494887351989746,0.633407473564148,False,0,0
3073,Reacher,0.02,88,65,2.619192600250244,18.492019653320312,4.7590436935424805,False,False,True,0.42546719312667847,0.837557852268219,False,0,0
3073,Reacher,0.02,89,65,68.7738265991211,27.334884643554688,8.669229507446289,True,True,True,50.56459426879883,0.34151241183280945,False,0,0
3073,Reacher,0.02,90,65,14.414387702941895,70.42434692382812,18.100622177124023,False,False,True,0.21419334411621094,0.985140323638916,False,0,0
3073,Reacher,0.02,91,65,12.427555084228516,46.35133361816406,7.2330708503723145,False,False,True,9.224935531616211,0.5943694710731506,False,0,0
3073,Reacher,0.02,92,65,5.745022773742676,38.74693298339844,11.3010835647583,False,False,False,-0.9596266746520996,1.0619322061538696,False,0,0
3073,Reacher,0.02,93,65,3.312563896179199,9.5260009765625,2.017228364944458,False,False,True,0.4111337661743164,0.8758865594863892,False,0,0
3073,Reacher,0.02,94,65,43.6995849609375,29.3447265625,9.503239631652832,False,False,True,35.23347473144531,0.27911970019340515,False,0,0
3073,Reacher,0.02,95,65,53.69658279418945,27.613555908203125,7.586908340454102,False,False,True,38.761688232421875,0.27813494205474854,False,0,0
3073,Reacher,0.02,96,65,0.7639521956443787,25.0418701171875,6.554403781890869,False,False,False,-1.8288915157318115,3.393986940383911,False,0,0
3073,Reacher,0.02,97,65,20.117351531982422,96.43209838867188,17.778474807739258,False,False,False,-38.4158935546875,2.9095897674560547,True,0,42
3073,Reacher,0.02,98,65,205.54322814941406,8.1722412109375,1.4882479906082153,True,True,True,205.35986328125,0.03399062156677246,False,0,0
3073,Reacher,0.02,99,65,66.66468048095703,218.9343719482422,22.12973403930664,False,False,False,-158.1634979248047,3.372523307800293,False,0,0
3073,Reacher,0.03,0,65,67.12977600097656,6.9798126220703125,1.1971790790557861,True,True,True,62.873252868652344,0.06340736895799637,False,0,0
3073,Reacher,0.03,1,65,31.651206970214844,10.62103271484375,2.467097282409668,True,True,True,26.306116104125977,0.16887477040290833,False,0,0
3073,Reacher,0.03,2,65,36.49034118652344,8.325775146484375,1.7025247812271118,True,True,True,32.808265686035156,0.10090543329715729,False,0,0
3073,Reacher,0.03,3,65,36.771148681640625,28.203445434570312,7.040241718292236,False,False,True,16.572551727294922,0.5493055582046509,False,0,0
3073,Reacher,0.03,4,65,25.042999267578125,13.7320556640625,4.002061367034912,False,False,True,22.03464698791504,0.1776929646730423,False,0,0
3073,Reacher,0.03,5,65,31.033262252807617,10.213623046875,1.750902771949768,True,True,True,26.397428512573242,0.14938271045684814,False,0,0
3073,Reacher,0.03,6,65,20.174306869506836,29.97222900390625,6.018125057220459,False,False,True,16.781713485717773,0.42321258783340454,False,0,0
3073,Reacher,0.03,7,65,96.38986206054688,36.296478271484375,6.765689849853516,True,True,True,89.3415298461914,0.18254879117012024,False,0,0
3073,Reacher,0.03,8,65,22.279884338378906,17.283966064453125,4.80838680267334,False,False,True,14.011226654052734,0.37112659215927124,False,0,0
3073,Reacher,0.03,9,65,111.9275894165039,13.84906005859375,3.2149877548217773,True,True,True,99.25232696533203,0.11324521899223328,False,0,0
3073,Reacher,0.03,10,65,41.897945404052734,33.92469787597656,11.798521041870117,False,False,True,13.813691139221191,0.6703014969825745,False,0,0
3073,Reacher,0.03,11,65,0.8101668357849121,8.983642578125,2.5701801776885986,False,False,True,0.4227468967437744,0.47819772362709045,False,0,0
3073,Reacher,0.03,12,65,6.187528133392334,28.639251708984375,9.163153648376465,False,False,True,4.259415626525879,0.47054222226142883,False,0,0
3073,Reacher,0.03,13,65,12.886296272277832,11.97119140625,3.783491373062134,False,False,True,9.828994750976562,0.23725219070911407,False,0,0
3073,Reacher,0.03,14,65,0.6470150947570801,31.126419067382812,3.408440113067627,False,False,False,-2.7801566123962402,5.296895980834961,True,53,0
3073,Reacher,0.03,15,65,297.9141540527344,2.736419677734375,1.0991332530975342,True,True,True,296.40057373046875,0.01107710413634777,False,0,0
3073,Reacher,0.03,16,65,10.573812484741211,24.001388549804688,5.712471961975098,False,False,True,5.987799644470215,0.4386480748653412,False,0,0
3073,Reacher,0.03,17,65,1.0649237632751465,14.564697265625,2.7461347579956055,False,False,False,-2.4337592124938965,3.285383462905884,False,0,0
3073,Reacher,0.03,18,65,0.6810534596443176,52.673004150390625,14.622298240661621,False,False,False,-1.8507499694824219,3.1649250984191895,False,0,0
3073,Reacher,0.03,19,65,28.905624389648438,9.350982666015625,2.0430049896240234,True,True,True,23.02566909790039,0.2034190446138382,False,0,0
3073,Reacher,0.03,20,65,39.51793670654297,6.6954345703125,0.8401526808738708,True,True,True,36.23505401611328,0.08307322859764099,False,0,0
3073,Reacher,0.03,21,65,13.690403938293457,39.743988037109375,7.363483905792236,False,False,True,1.6762104034423828,0.8775631189346313,False,0,0
3073,Reacher,0.03,22,65,10.425122261047363,22.396163940429688,8.919827461242676,False,False,True,1.8877325057983398,0.8189246654510498,False,0,0
3073,Reacher,0.03,23,65,16.221012115478516,22.262649536132812,3.9973182678222656,False,False,True,7.950378894805908,0.5098716020584106,False,0,0
3073,Reacher,0.03,24,65,0.6995024681091309,12.18115234375,2.272367000579834,False,False,False,-1.066826581954956,2.5251219272613525,False,0,0
3073,Reacher,0.03,25,65,13.191461563110352,55.406402587890625,10.159893035888672,False,False,False,-10.881393432617188,1.8248815536499023,True,0,11
3073,Reacher,0.03,26,65,3.930941581726074,23.186614990234375,6.399826526641846,False,False,True,0.29077786207199097,0.9260284304618835,False,63,63
3073,Reacher,0.03,27,65,46.970001220703125,12.414169311523438,2.0845088958740234,True,True,True,40.13320541381836,0.14555668830871582,False,0,0
3073,Reacher,0.03,28,65,26.521135330200195,15.257095336914062,4.7000956535339355,False,False,True,21.71299934387207,0.239416241645813,False,0,0
3073,Reacher,0.03,29,65,1.5079888105392456,22.296493530273438,6.396148681640625,False,False,False,-0.0945206880569458,1.0626800060272217,False,0,0
3073,Reacher,0.03,30,65,9.558796882629395,37.0731201171875,12.280406951904297,False,False,False,-17.340553283691406,2.5904722213745117,False,0,0
3073,Reacher,0.03,31,65,0.15952539443969727,10.645751953125,2.641171932220459,False,False,False,-0.7644857168197632,5.792251110076904,False,0,0
3073,Reacher,0.03,32,65,1.591857671737671,34.859954833984375,6.879374027252197,False,False,True,1.1110622882843018,0.429742693901062,False,33,33
3073,Reacher,0.03,33,65,20.486042022705078,9.639251708984375,1.5193887948989868,True,True,True,10.756057739257812,0.47495678067207336,False,0,0
3073,Reacher,0.03,34,65,3.8262038230895996,10.21221923828125,2.602454662322998,False,False,True,2.0954604148864746,0.4523395299911499,False,0,0
3073,Reacher,0.03,35,65,15.591548919677734,21.739349365234375,6.014932632446289,False,False,True,8.305879592895508,0.4672832190990448,False,0,0
3073,Reacher,0.03,36,65,8.935304641723633,11.22119140625,2.865149974822998,False,False,True,6.75006103515625,0.24456284940242767,False,0,0
3073,Reacher,0.03,37,65,3.396629810333252,15.0826416015625,4.229666709899902,False,False,False,-1.9229018688201904,1.487842321395874,False,0,0
3073,Reacher,0.03,38,65,15.03327465057373,16.764205932617188,4.527515411376953,False,False,True,10.047599792480469,0.33164262771606445,False,0,0
3073,Reacher,0.03,39,65,0.09472638368606567,16.718185424804688,5.169536590576172,False,False,False,-1.1902446746826172,13.565081596374512,True,0,53
3073,Reacher,0.03,40,65,18.020294189453125,21.826263427734375,4.5512237548828125,False,False,True,14.937332153320312,0.17108280956745148,False,0,0
3073,Reacher,0.03,41,65,77.51791381835938,39.298370361328125,8.17992115020752,False,False,True,58.56280517578125,0.24452555179595947,False,0,0
3073,Reacher,0.03,42,65,18.57927131652832,4.063007354736328,0.8575486540794373,True,True,True,18.11742401123047,0.1256558746099472,False,0,0
3073,Reacher,0.03,43,65,0.6925079822540283,15.01806640625,4.2784624099731445,False,False,False,-1.828742504119873,3.6407530307769775,True,1,0
3073,Reacher,0.03,44,65,16.94835090637207,4.0012664794921875,1.0407092571258545,True,True,True,14.806415557861328,0.12638014554977417,False,0,0
3073,Reacher,0.03,45,65,100.71814727783203,20.01141357421875,3.149639368057251,True,True,True,85.21263885498047,0.15394949913024902,False,0,0
3073,Reacher,0.03,46,65,38.694847106933594,4.958904266357422,1.4345487356185913,True,True,True,37.223880767822266,0.08027829974889755,False,0,0
3073,Reacher,0.03,47,65,17.2460880279541,8.72625732421875,2.8034632205963135,False,False,True,14.338918685913086,0.16856977343559265,False,0,0
3073,Reacher,0.03,48,65,67.00581359863281,3.5549774169921875,1.0337557792663574,True,True,True,65.06649780273438,0.03179383650422096,False,0,0
3073,Reacher,0.03,49,65,8.924927711486816,33.339630126953125,5.208335876464844,False,False,True,4.718175888061523,0.4713485538959503,False,0,0
3073,Reacher,0.03,50,65,29.58787727355957,7.266937255859375,1.809249997138977,True,True,True,27.543663024902344,0.13353724777698517,False,0,0
3073,Reacher,0.03,51,65,0.22543105483055115,34.723388671875,9.86262035369873,False,False,False,-6.915196418762207,31.67543601989746,False,0,0
3073,Reacher,0.03,52,65,88.9084701538086,19.066375732421875,2.9582457542419434,True,True,True,87.33272552490234,0.12326386570930481,False,0,0
3073,Reacher,0.03,53,65,47.355247497558594,15.17974853515625,3.7915494441986084,True,True,True,36.03436279296875,0.23906293511390686,False,0,0
3073,Reacher,0.03,54,65,2.5866780281066895,5.861358642578125,1.331077218055725,False,False,True,0.47042417526245117,0.8181357979774475,False,0,0
3073,Reacher,0.03,55,65,235.90377807617188,6.15478515625,1.0063976049423218,True,True,True,234.48240661621094,0.02147015370428562,False,0,0
3073,Reacher,0.03,56,65,14.77646541595459,10.465972900390625,3.035229444503784,False,False,True,9.890329360961914,0.33067014813423157,False,0,0
3073,Reacher,0.03,57,65,14.073132514953613,11.148590087890625,2.470564365386963,False,False,True,9.952774047851562,0.29278188943862915,False,0,0
3073,Reacher,0.03,58,65,9.851500511169434,24.040130615234375,6.961762428283691,False,False,True,4.113152980804443,0.5824846029281616,False,0,0
3073,Reacher,0.03,59,65,6.993278503417969,30.22344970703125,8.629598617553711,False,False,False,-3.9401206970214844,1.5634154081344604,False,0,0
3073,Reacher,0.03,60,65,28.7902774810791,3.4290924072265625,0.8718509674072266,True,True,True,27.489166259765625,0.07041192799806595,False,0,0
3073,Reacher,0.03,61,65,9.690555572509766,23.913467407226562,6.430353164672852,False,False,False,-1.5404796600341797,1.158967137336731,False,0,0
3073,Reacher,0.03,62,65,40.24333190917969,16.67059326171875,4.790164947509766,True,True,True,27.912586212158203,0.35611602663993835,False,0,0
3073,Reacher,0.03,63,65,103.16756439208984,13.854354858398438,3.0871291160583496,True,True,True,88.56613159179688,0.14153122901916504,False,0,0
3073,Reacher,0.03,64,65,61.675697326660156,9.192413330078125,1.9145431518554688,True,True,True,58.277915954589844,0.06336985528469086,False,0,0
3073,Reacher,0.03,65,65,0.45959192514419556,35.03868103027344,10.565213203430176,False,False,False,-7.473844528198242,14.432836532592773,True,0,19
3073,Reacher,0.03,66,65,4.024334907531738,8.41607666015625,3.5954806804656982,False,False,True,0.15315604209899902,0.9619424939155579,False,0,0
3073,Reacher,0.03,67,65,19.506486892700195,13.350982666015625,2.121765613555908,False,False,True,14.391393661499023,0.2622252404689789,False,0,0
3073,Reacher,0.03,68,65,95.98312377929688,4.32391357421875,1.1618419885635376,True,True,True,93.21752166748047,0.028813380748033524,False,0,0
3073,Reacher,0.03,69,65,1.473013162612915,29.289535522460938,4.677186489105225,False,False,True,0.9155819416046143,0.5173540115356445,False,26,26
3073,Reacher,0.03,70,65,62.080810546875,21.373825073242188,5.040127754211426,True,True,True,43.132015228271484,0.3052278757095337,False,0,0
3073,Reacher,0.03,71,65,13.760398864746094,34.0050048828125,9.000099182128906,False,False,False,-3.5918354988098145,1.2610269784927368,False,0,0
3073,Reacher,0.03,72,65,14.481496810913086,6.59576416015625,1.3277729749679565,True,True,True,12.768354415893555,0.11829870939254761,False,0,0
3073,Reacher,0.03,73,65,20.701688766479492,17.17456817626953,4.9957427978515625,False,False,True,11.647236824035645,0.4373774528503418,False,0,0
3073,Reacher,0.03,74,65,24.688682556152344,8.970611572265625,3.272258758544922,True,True,True,18.818809509277344,0.23775559663772583,False,0,0
3073,Reacher,0.03,75,65,6.218003273010254,16.806182861328125,3.6610629558563232,False,False,True,4.083782196044922,0.3503314256668091,False,0,0
3073,Reacher,0.03,76,65,92.85578155517578,10.549835205078125,1.9384288787841797,True,True,True,81.6633071899414,0.12053614854812622,False,0,0
3073,Reacher,0.03,77,65,3.021501302719116,15.666275024414062,4.2874436378479,False,False,True,0.6111526489257812,0.7977321147918701,False,0,0
3073,Reacher,0.03,78,65,25.97672462463379,29.9383544921875,7.246654510498047,False,False,True,16.485164642333984,0.36538705229759216,False,0,0
3073,Reacher,0.03,79,65,1.5988073348999023,48.47686767578125,8.406645774841309,False,False,False,-3.4927568435668945,3.1846015453338623,False,27,27
3073,Reacher,0.03,80,65,0.2328794300556183,12.226165771484375,2.751924514770508,False,False,False,-0.14146029949188232,1.6074401140213013,True,0,7
3073,Reacher,0.03,81,65,19.935211181640625,6.593658447265625,1.4429986476898193,True,True,True,18.23850440979004,0.08511107414960861,False,0,0
3073,Reacher,0.03,82,65,14.462985038757324,20.94287109375,5.859638214111328,False,False,True,7.4373674392700195,0.48576539754867554,False,0,0
3073,Reacher,0.03,83,65,34.11745834350586,31.50994873046875,9.484905242919922,False,False,True,25.551332473754883,0.33636274933815,False,0,0
3073,Reacher,0.03,84,65,18.274715423583984,28.2257080078125,7.630977630615234,False,False,True,1.549333095550537,0.930368959903717,False,0,0
3073,Reacher,0.03,85,65,9.241508483886719,10.505157470703125,2.340162515640259,False,False,True,5.7014899253845215,0.3830563426017761,False,0,0
3073,Reacher,0.03,86,65,25.34653091430664,32.05487060546875,7.742638111114502,False,False,True,16.793745040893555,0.43040791153907776,False,0,0
3073,Reacher,0.03,87,65,24.53835678100586,12.394683837890625,4.682209491729736,False,False,True,16.14124870300293,0.3422033488750458,False,0,0
3073,Reacher,0.03,88,65,5.109112739562988,7.006561279296875,2.3967983722686768,False,False,True,2.802299737930298,0.4515095055103302,False,0,0
3073,Reacher,0.03,89,65,57.700252532958984,27.46881103515625,9.092878341674805,True,True,True,44.900569915771484,0.3393726944923401,False,0,0
3073,Reacher,0.03,90,65,18.058961868286133,23.796295166015625,7.007308483123779,False,False,True,7.582055568695068,0.5801499485969543,False,0,0
3073,Reacher,0.03,91,65,13.906291007995605,36.28419494628906,6.624466896057129,False,False,True,9.077779769897461,0.4641416072845459,False,0,0
3073,Reacher,0.03,92,65,5.114806652069092,13.017593383789062,3.998440742492676,False,False,True,1.5158621072769165,0.7036325931549072,False,0,0
3073,Reacher,0.03,93,65,2.8495800495147705,19.020782470703125,4.178441524505615,False,False,False,-1.2789347171783447,1.448815107345581,False,0,0
3073,Reacher,0.03,94,65,39.52359390258789,31.01274871826172,12.770947456359863,False,False,True,22.581567764282227,0.4286560118198395,False,0,0
3073,Reacher,0.03,95,65,62.34349822998047,23.286300659179688,6.55026388168335,True,True,True,37.24493408203125,0.40258508920669556,False,0,0
3073,Reacher,0.03,96,65,0.827523946762085,8.019638061523438,2.734332323074341,False,False,False,-0.17585602402687073,1.2125086784362793,False,32,32
3073,Reacher,0.03,97,65,19.697383880615234,84.8096923828125,14.400379180908203,False,False,True,0.8972015380859375,0.9544507265090942,False,0,0
3073,Reacher,0.03,98,65,195.4232940673828,7.2060394287109375,1.7363131046295166,True,True,True,188.43353271484375,0.03576728701591492,False,0,0
3073,Reacher,0.03,99,65,55.69873809814453,30.073944091796875,7.650920391082764,False,False,True,43.99586486816406,0.2851671874523163,False,0,0
3073,Reacher,0.04,0,65,58.55837631225586,9.576950073242188,2.1560721397399902,True,True,True,49.32363510131836,0.15770147740840912,False,0,0
3073,Reacher,0.04,1,65,24.505598068237305,5.642547607421875,1.4445029497146606,True,True,True,22.472795486450195,0.08295255899429321,False,0,0
3073,Reacher,0.04,2,65,49.99742126464844,4.00732421875,1.0184334516525269,True,True,True,48.434661865234375,0.034774668514728546,False,0,0
3073,Reacher,0.04,3,65,29.948495864868164,16.14300537109375,4.741776943206787,False,False,True,15.465957641601562,0.4835814833641052,False,0,0
3073,Reacher,0.04,4,65,25.678115844726562,14.925994873046875,4.726545333862305,False,False,True,21.259292602539062,0.2288403958082199,False,0,0
3073,Reacher,0.04,5,65,21.70293426513672,17.788543701171875,4.574380397796631,False,False,True,12.086487770080566,0.44309431314468384,False,0,0
3073,Reacher,0.04,6,65,18.766624450683594,14.70880126953125,2.127498149871826,False,False,True,16.647438049316406,0.11292316764593124,False,0,0
3073,Reacher,0.04,7,65,89.50313568115234,4.319305419921875,1.0339229106903076,True,True,True,86.33116149902344,0.035439781844615936,False,0,0
3073,Reacher,0.04,8,65,28.97756576538086,11.146774291992188,1.5509611368179321,True,True,True,24.684343338012695,0.1481567621231079,False,0,0
3073,Reacher,0.04,9,65,83.22193145751953,8.24713134765625,1.3303292989730835,True,True,True,79.71082305908203,0.04953416809439659,False,0,0
3073,Reacher,0.04,10,65,35.7448616027832,8.67138671875,2.384671211242676,True,True,True,34.602718353271484,0.09144045412540436,False,0,0
3073,Reacher,0.04,11,65,0.4324164390563965,5.385284423828125,1.461342692375183,False,False,True,0.32922327518463135,0.23864302039146423,False,7,7
3073,Reacher,0.04,12,65,1.8085412979125977,15.154144287109375,4.419714450836182,False,False,True,0.8964675068855286,0.5043146014213562,False,0,0
3073,Reacher,0.04,13,65,12.133334159851074,4.105804443359375,1.2257254123687744,True,True,True,10.75416088104248,0.11366815119981766,False,0,0
3073,Reacher,0.04,14,65,7.9596967697143555,11.2720947265625,4.790709495544434,False,False,True,6.856001377105713,0.19295477867126465,False,53,53
3073,Reacher,0.04,15,65,300.3572082519531,3.341583251953125,0.9120376706123352,True,True,True,299.387939453125,0.012329901568591595,False,0,0
3073,Reacher,0.04,16,65,10.460958480834961,8.6898193359375,2.334268569946289,False,False,True,9.695385932922363,0.14004133641719818,False,0,0
3073,Reacher,0.04,17,65,2.190295934677124,5.6524200439453125,0.8707576394081116,False,False,True,1.101790189743042,0.4969674348831177,False,0,0
3073,Reacher,0.04,18,65,0.004136919975280762,5.9063720703125,1.9301753044128418,False,False,False,-0.4688882827758789,114.34236145019531,True,0,50
3073,Reacher,0.04,19,65,16.62395668029785,15.943817138671875,3.465069055557251,False,False,True,10.000843048095703,0.39840778708457947,False,0,0
3073,Reacher,0.04,20,65,29.375425338745117,10.315338134765625,2.2104651927948,True,True,True,22.916614532470703,0.21987123787403107,False,0,0
3073,Reacher,0.04,21,65,12.64124870300293,14.2685546875,3.8386006355285645,False,False,True,9.015732765197754,0.28680047392845154,False,0,0
3073,Reacher,0.04,22,65,4.67435359954834,19.36529541015625,7.677340984344482,False,False,False,-2.888516902923584,1.6179499626159668,True,0,62
3073,Reacher,0.04,23,65,15.869649887084961,15.115203857421875,3.0192832946777344,False,False,True,10.245992660522461,0.3543655574321747,False,0,0
3073,Reacher,0.04,24,65,2.6255648136138916,11.987716674804688,2.61793851852417,False,False,True,2.060650587081909,0.3106667101383209,False,0,0
3073,Reacher,0.04,25,65,17.63570785522461,25.176788330078125,4.1035051345825195,False,False,True,13.447046279907227,0.48893001675605774,False,0,0
3073,Reacher,0.04,26,65,1.1176540851593018,5.7137603759765625,1.808031439781189,False,False,True,0.32629305124282837,0.7080554366111755,False,63,63
3073,Reacher,0.04,27,65,43.297664642333984,16.942062377929688,3.5371108055114746,True,True,True,36.375545501708984,0.15987278521060944,False,0,0
3073,Reacher,0.04,28,65,20.607643127441406,7.9082183837890625,2.5559189319610596,True,True,True,17.361412048339844,0.15752558410167694,False,0,0
3073,Reacher,0.04,29,65,0.8749963045120239,5.3502349853515625,1.4079537391662598,False,False,True,0.7367472648620605,0.15799957513809204,False,0,0
3073,Reacher,0.04,30,65,11.330282211303711,4.612762451171875,1.3264665603637695,True,True,True,9.810935974121094,0.19061750173568726,False,0,0
3073,Reacher,0.04,31,65,0.22414201498031616,2.59564208984375,0.5002861618995667,False,False,False,-0.020808100700378418,1.09283447265625,False,0,0
3073,Reacher,0.04,32,65,0.24460995197296143,12.6214599609375,4.071474552154541,False,False,False,-0.5404418706893921,3.209402561187744,True,33,0
3073,Reacher,0.04,33,65,38.993324279785156,13.365142822265625,2.584226131439209,True,True,True,25.69703483581543,0.3409888744354248,False,0,0
3073,Reacher,0.04,34,65,0.8068285584449768,13.105979919433594,4.039719581604004,False,False,False,-1.0740673542022705,2.331221103668213,False,0,0
3073,Reacher,0.04,35,65,23.922090530395508,23.362335205078125,6.0190629959106445,False,False,True,18.773279190063477,0.2152324765920639,False,0,0
3073,Reacher,0.04,36,65,12.7474365234375,9.76190185546875,2.2601633071899414,False,False,True,11.588488578796387,0.12613962590694427,False,0,0
3073,Reacher,0.04,37,65,2.602145195007324,4.3883056640625,1.3534011840820312,False,False,True,1.8085932731628418,0.46443983912467957,False,0,0
3073,Reacher,0.04,38,65,12.124523162841797,6.7752838134765625,1.282112717628479,False,False,True,10.668571472167969,0.12008317559957504,False,0,0
3073,Reacher,0.04,39,65,0.03858110308647156,11.56646728515625,3.168156385421753,False,False,False,-0.3109559416770935,9.059799194335938,True,53,0
3073,Reacher,0.04,40,65,6.373437881469727,13.137802124023438,5.485024452209473,False,False,True,4.474424362182617,0.29795747995376587,False,0,0
3073,Reacher,0.04,41,65,72.1368408203125,2.974700927734375,0.5571281909942627,True,True,True,71.73709869384766,0.028594115749001503,False,0,0
3073,Reacher,0.04,42,65,12.340249061584473,9.274993896484375,2.739476442337036,False,False,True,9.917957305908203,0.1962919980287552,False,0,0
3073,Reacher,0.04,43,65,2.411247491836548,8.72064208984375,2.1316020488739014,False,False,True,1.5386470556259155,0.36188754439353943,False,0,0
3073,Reacher,0.04,44,65,14.45513916015625,2.6669235229492188,0.5252515077590942,True,True,True,13.366971015930176,0.07527895271778107,False,0,0
3073,Reacher,0.04,45,65,107.00940704345703,4.363517761230469,0.70259690284729,True,True,True,102.51345825195312,0.04201451316475868,False,0,0
3073,Reacher,0.04,46,65,43.130592346191406,7.875274658203125,1.5602635145187378,True,True,True,36.9512939453125,0.14326952397823334,False,0,0
3073,Reacher,0.04,47,65,18.414722442626953,5.4581756591796875,1.1839878559112549,True,True,True,16.183805465698242,0.12114859372377396,False,0,0
3073,Reacher,0.04,48,65,58.09236526489258,4.464935302734375,1.05048406124115,True,True,True,56.519020080566406,0.043652407824993134,False,0,0
3073,Reacher,0.04,49,65,6.24899435043335,18.21746826171875,2.459986686706543,False,False,True,5.2597198486328125,0.15830941498279572,False,0,0
3073,Reacher,0.04,50,65,37.57207489013672,13.30499267578125,3.2350032329559326,True,True,True,33.1962776184082,0.15822534263134003,False,0,0
3073,Reacher,0.04,51,65,0.5159934759140015,3.8343963623046875,1.2826968431472778,False,False,False,-0.09375309944152832,1.1816943883895874,False,0,0
3073,Reacher,0.04,52,65,88.13282775878906,12.800491333007812,2.1965367794036865,True,True,True,86.14144897460938,0.10159295797348022,False,0,0
3073,Reacher,0.04,53,65,48.32439041137695,6.42120361328125,1.3930506706237793,True,True,True,43.111488342285156,0.10787314176559448,False,0,0
3073,Reacher,0.04,54,65,3.44899582862854,8.86114501953125,2.03547739982605,False,False,True,1.014498233795166,0.7058569192886353,False,0,0
3073,Reacher,0.04,55,65,241.4044647216797,4.728912353515625,0.9528106451034546,True,True,True,236.494140625,0.02034064754843712,False,0,0
3073,Reacher,0.04,56,65,14.59864616394043,7.89093017578125,2.1120307445526123,False,False,True,13.032683372497559,0.16568291187286377,False,0,0
3073,Reacher,0.04,57,65,6.1750359535217285,14.4456787109375,3.2915287017822266,False,False,True,2.4383764266967773,0.6051235198974609,False,0,0
3073,Reacher,0.04,58,65,10.082660675048828,4.660530090332031,1.4424322843551636,True,True,True,9.076419830322266,0.11437723785638809,False,0,0
3073,Reacher,0.04,59,65,6.476190567016602,13.575653076171875,4.19527006149292,False,False,True,0.93367600440979,0.8558294773101807,False,0,0
3073,Reacher,0.04,60,65,30.015371322631836,16.869400024414062,4.868051052093506,False,False,True,26.965925216674805,0.33006301522254944,False,0,0
3073,Reacher,0.04,61,65,8.02503490447998,15.221145629882812,4.0100998878479,False,False,True,0.7987747192382812,0.900464653968811,False,0,0
3073,Reacher,0.04,62,65,29.76374626159668,19.52978515625,4.939751625061035,False,False,True,23.286165237426758,0.27115917205810547,False,0,0
3073,Reacher,0.04,63,65,109.76790618896484,10.03350830078125,2.0306100845336914,True,True,True,100.39326477050781,0.08540420234203339,False,0,0
3073,Reacher,0.04,64,65,56.06391525268555,7.8995361328125,2.031412124633789,True,True,True,50.43703842163086,0.10036538541316986,False,0,0
3073,Reacher,0.04,65,65,1.3362133502960205,16.563156127929688,4.0745849609375,False,False,False,-0.4868907928466797,1.3643810749053955,True,0,19
3073,Reacher,0.04,66,65,9.639947891235352,6.9987945556640625,1.7269665002822876,False,False,True,8.050881385803223,0.21028830111026764,False,0,0
3073,Reacher,0.04,67,65,20.714841842651367,7.22979736328125,1.6577335596084595,True,True,True,18.404190063476562,0.11154569685459137,False,0,0
3073,Reacher,0.04,68,65,73.73622131347656,11.61285400390625,2.1984176635742188,True,True,True,64.5451889038086,0.12464744597673416,False,0,0
3073,Reacher,0.04,69,65,1.1006338596343994,23.3394775390625,3.5454320907592773,False,False,True,0.48621320724487305,0.5582425594329834,False,0,0
3073,Reacher,0.04,70,65,59.13570785522461,11.636993408203125,3.1905245780944824,True,True,True,47.681705474853516,0.19369010627269745,False,0,0
3073,Reacher,0.04,71,65,15.524358749389648,9.62518310546875,2.7634942531585693,False,False,True,10.681051254272461,0.39576172828674316,False,0,0
3073,Reacher,0.04,72,65,16.66941261291504,11.92584228515625,3.1243207454681396,False,False,True,15.194829940795898,0.0991039127111435,False,0,0
3073,Reacher,0.04,73,65,22.002944946289062,27.465682983398438,7.905375003814697,False,False,True,9.317922592163086,0.5765147805213928,False,0,0
3073,Reacher,0.04,74,65,23.047155380249023,8.802291870117188,2.4276649951934814,True,True,True,21.662992477416992,0.06081753224134445,False,0,0
3073,Reacher,0.04,75,65,5.615266799926758,1.48388671875,0.28292688727378845,True,True,True,5.502455711364746,0.026361551135778427,False,0,0
3073,Reacher,0.04,76,65,76.04138946533203,0.7017669677734375,0.13008108735084534,True,True,True,75.30525207519531,0.009680766612291336,False,0,0
3073,Reacher,0.04,77,65,3.2576904296875,9.69183349609375,3.9553072452545166,False,False,True,0.8817601799964905,0.7293297052383423,False,0,0
3073,Reacher,0.04,78,65,25.118680953979492,10.178268432617188,2.939004421234131,True,True,True,18.807373046875,0.25125956535339355,False,0,0
3073,Reacher,0.04,79,65,6.041780948638916,38.53564453125,8.422506332397461,False,False,True,0.12117958068847656,0.9799430966377258,False,20,20
3073,Reacher,0.04,80,65,0.6544787883758545,7.705108642578125,1.6462122201919556,False,False,True,0.38333621621131897,0.414287805557251,False,0,0
3073,Reacher,0.04,81,65,26.40395164489746,4.444549560546875,0.858942449092865,True,True,True,25.871122360229492,0.020179929211735725,False,0,0
3073,Reacher,0.04,82,65,11.556800842285156,4.59051513671875,1.1824287176132202,True,True,True,10.322006225585938,0.10684571415185928,False,0,0
3073,Reacher,0.04,83,65,23.410537719726562,6.886474609375,1.4824258089065552,True,True,True,21.85676383972168,0.06637073308229446,False,0,0
3073,Reacher,0.04,84,65,12.98161506652832,3.795928955078125,1.3138800859451294,True,True,True,11.591180801391602,0.10710792988538742,False,0,0
3073,Reacher,0.04,85,65,4.9193878173828125,4.24224853515625,1.167199730873108,False,False,True,2.9483745098114014,0.40066230297088623,False,0,0
3073,Reacher,0.04,86,65,33.69603729248047,2.8230743408203125,0.6959632039070129,True,True,True,32.61618423461914,0.032046932727098465,False,0,0
3073,Reacher,0.04,87,65,25.323514938354492,8.20196533203125,2.924407720565796,True,True,True,20.79445457458496,0.1788480579853058,False,0,0
3073,Reacher,0.04,88,65,5.614436149597168,17.4417724609375,4.123323917388916,False,False,True,2.17063045501709,0.6133840680122375,False,0,0
3073,Reacher,0.04,89,65,59.74830627441406,9.697906494140625,2.8932876586914062,True,True,True,59.09050369262695,0.100762277841568,False,0,0
3073,Reacher,0.04,90,65,15.281457901000977,4.2548370361328125,1.143169641494751,True,True,True,14.115602493286133,0.09551824629306793,False,0,0
3073,Reacher,0.04,91,65,5.428380489349365,2.8851318359375,0.6626049876213074,False,False,True,3.701004981994629,0.31821194291114807,False,0,0
3073,Reacher,0.04,92,65,2.4001431465148926,5.3343353271484375,1.5664408206939697,False,False,True,1.7698781490325928,0.2625947594642639,False,0,0
3073,Reacher,0.04,93,65,7.056798934936523,5.7780609130859375,1.596435785293579,False,False,True,4.290148735046387,0.39205455780029297,False,0,0
3073,Reacher,0.04,94,65,50.093204498291016,11.503936767578125,3.6147799491882324,True,True,True,44.86994934082031,0.10883277654647827,False,0,0
3073,Reacher,0.04,95,65,50.79618453979492,3.1712493896484375,0.6228914260864258,True,True,True,49.87256622314453,0.018182827159762383,False,0,0
3073,Reacher,0.04,96,65,0.5276269912719727,6.4159088134765625,2.2957568168640137,False,False,False,-0.20576238632202148,1.389976978302002,False,0,0
3073,Reacher,0.04,97,65,17.547992706298828,24.980987548828125,4.276155471801758,False,False,True,12.438274383544922,0.30995094776153564,False,0,0
3073,Reacher,0.04,98,65,214.9190216064453,8.585891723632812,1.6498953104019165,True,True,True,206.1637725830078,0.041697848588228226,False,0,0
3073,Reacher,0.04,99,65,66.2871322631836,12.134994506835938,3.2944538593292236,True,True,True,61.93079376220703,0.09702866524457932,False,0,0
3073,Reacher,0.05,0,65,66.12150573730469,3.373199462890625,0.7374405860900879,True,True,True,65.75917053222656,0.024043623358011246,False,0,0
3073,Reacher,0.05,1,65,32.00276184082031,4.498626708984375,1.2867039442062378,True,True,True,29.106117248535156,0.09051232039928436,False,0,0
3073,Reacher,0.05,2,65,54.39195251464844,3.3050384521484375,0.6594765782356262,True,True,True,53.030033111572266,0.026774274185299873,False,0,0
3073,Reacher,0.05,3,65,32.676082611083984,11.063240051269531,2.8986034393310547,True,True,True,23.446155548095703,0.28246739506721497,False,0,0
3073,Reacher,0.05,4,65,33.20233917236328,12.680908203125,4.453425407409668,True,True,True,28.707042694091797,0.19284582138061523,False,0,0
3073,Reacher,0.05,5,65,22.275259017944336,10.414947509765625,2.6948330402374268,True,True,True,18.00764274597168,0.19158552587032318,False,0,0
3073,Reacher,0.05,6,65,20.913633346557617,6.880035400390625,1.5675890445709229,True,True,True,19.28630828857422,0.11738649755716324,False,0,0
3073,Reacher,0.05,7,65,105.45643615722656,10.8170166015625,1.4869853258132935,True,True,True,100.6966552734375,0.0451350137591362,False,0,0
3073,Reacher,0.05,8,65,22.586204528808594,3.2886199951171875,0.4880540668964386,True,True,True,21.62920379638672,0.04237103834748268,False,0,0
3073,Reacher,0.05,9,65,103.36872100830078,13.141769409179688,2.8112313747406006,True,True,True,95.61579132080078,0.08954466879367828,False,0,0
3073,Reacher,0.05,10,65,36.012874603271484,15.396072387695312,5.054856777191162,True,True,True,26.445362091064453,0.2656692564487457,False,0,0
3073,Reacher,0.05,11,65,0.6960093975067139,6.1956024169921875,1.7819422483444214,False,False,True,0.25614428520202637,0.6319815516471863,False,0,0
3073,Reacher,0.05,12,65,2.7665786743164062,12.335617065429688,3.547978401184082,False,False,True,0.5202642679214478,0.8119467496871948,False,0,0
3073,Reacher,0.05,13,65,13.839601516723633,7.10943603515625,2.5404059886932373,False,False,True,13.202103614807129,0.14923937618732452,False,0,0
3073,Reacher,0.05,14,65,7.292028427124023,5.30255126953125,1.4313502311706543,False,False,True,5.944642066955566,0.1847752332687378,False,53,53
3073,Reacher,0.05,15,65,304.928955078125,2.93109130859375,1.1322401762008667,True,True,True,302.236328125,0.013450471684336662,False,0,0
3073,Reacher,0.05,16,65,12.975594520568848,3.952606201171875,0.9354152679443359,True,True,True,11.436323165893555,0.12332044541835785,False,0,0
3073,Reacher,0.05,17,65,2.8146917819976807,11.103851318359375,2.7387702465057373,False,False,False,-2.6297099590301514,1.9342799186706543,False,0,0
3073,Reacher,0.05,18,65,0.6153812408447266,4.853515625,1.327449917793274,False,False,True,0.20265436172485352,0.6706848740577698,False,0,0
3073,Reacher,0.05,19,65,24.944580078125,15.503204345703125,2.6586849689483643,False,False,True,18.9631404876709,0.23978914320468903,False,0,0
3073,Reacher,0.05,20,65,22.820966720581055,2.15032958984375,0.4807213246822357,True,True,True,21.765167236328125,0.046264465898275375,False,0,0
3073,Reacher,0.05,21,65,20.078777313232422,5.9772491455078125,1.4122390747070312,True,True,True,19.565135955810547,0.037838347256183624,False,0,0
3073,Reacher,0.05,22,65,7.867613792419434,15.683380126953125,4.692748069763184,False,False,True,3.881166934967041,0.5066907405853271,False,0,0
3073,Reacher,0.05,23,65,18.353891372680664,4.59478759765625,0.564484715461731,True,True,True,17.292999267578125,0.05780206620693207,False,0,0
3073,Reacher,0.05,24,65,0.33144474029541016,4.255584716796875,0.7900452613830566,False,False,True,0.09703654050827026,0.7072316408157349,False,0,0
3073,Reacher,0.05,25,65,7.017498016357422,25.262420654296875,4.383274555206299,False,False,True,0.6707706451416016,0.9044145345687866,False,0,0
3073,Reacher,0.05,26,65,5.009074687957764,8.8021240234375,2.183687448501587,False,False,True,2.6111960411071777,0.47870689630508423,False,63,63
3073,Reacher,0.05,27,65,49.46517562866211,4.2990875244140625,0.824180543422699,True,True,True,47.05409240722656,0.04886125028133392,False,0,0
3073,Reacher,0.05,28,65,26.17640495300293,7.327667236328125,2.018542528152466,True,True,True,22.902793884277344,0.125059574842453,False,0,0
3073,Reacher,0.05,29,65,1.092799425125122,5.637397766113281,1.7066248655319214,False,False,True,1.033650279045105,0.12501570582389832,False,0,0
3073,Reacher,0.05,30,65,8.653791427612305,3.9070892333984375,1.2722759246826172,True,True,True,7.274555206298828,0.15937942266464233,False,0,0
3073,Reacher,0.05,31,65,0.8082152605056763,3.8590240478515625,0.9995570182800293,False,False,True,0.686018705368042,0.2097729742527008,False,60,60
3073,Reacher,0.05,32,65,1.1348340511322021,33.721160888671875,7.628522872924805,False,False,False,-0.38675355911254883,1.3408018350601196,False,33,33
3073,Reacher,0.05,33,65,14.329545974731445,2.3721923828125,0.36573290824890137,True,True,True,13.825874328613281,0.035149168223142624,False,0,0
3073,Reacher,0.05,34,65,0.8303067684173584,11.193191528320312,2.4550278186798096,False,False,False,-0.1572796106338501,1.1894234418869019,True,0,47
3073,Reacher,0.05,35,65,17.941896438598633,12.313568115234375,2.261169910430908,False,False,True,11.47170639038086,0.36061906814575195,False,0,0
3073,Reacher,0.05,36,65,13.303144454956055,11.948699951171875,3.441786050796509,False,False,True,10.711663246154785,0.2235945165157318,False,0,0
3073,Reacher,0.05,37,65,0.6994273662567139,6.277008056640625,1.5494513511657715,False,False,False,-0.533837080001831,1.7632488012313843,True,0,45
3073,Reacher,0.05,38,65,10.027182579040527,4.1898651123046875,1.364375352859497,True,True,True,9.096647262573242,0.09280127286911011,False,0,0
3073,Reacher,0.05,39,65,0.02407783269882202,7.375762939453125,2.152416706085205,False,False,False,-0.3676292300224304,16.268369674682617,False,53,53
3073,Reacher,0.05,40,65,6.508712291717529,18.566207885742188,8.058161735534668,False,False,False,-0.23781585693359375,1.0365381240844727,False,0,0
3073,Reacher,0.05,41,65,60.798831939697266,7.6652679443359375,1.3649874925613403,True,True,True,60.25144577026367,0.03269588202238083,False,0,0
3073,Reacher,0.05,42,65,15.912471771240234,11.785140991210938,3.5547432899475098,False,False,True,15.45309066772461,0.1431662142276764,False,0,0
3073,Reacher,0.05,43,65,1.854722023010254,8.37823486328125,2.1696324348449707,False,False,True,0.00937962532043457,0.994942843914032,False,0,0
3073,Reacher,0.05,44,65,15.346460342407227,19.415451049804688,3.925330638885498,False,False,True,10.24599838256836,0.5110753178596497,False,0,0
3073,Reacher,0.05,45,65,100.16350555419922,5.3634796142578125,0.9410054087638855,True,True,True,97.47988891601562,0.032695166766643524,False,0,0
3073,Reacher,0.05,46,65,36.09014892578125,12.553298950195312,2.182605028152466,True,True,True,27.694902420043945,0.2326188087463379,False,0,0
3073,Reacher,0.05,47,65,27.357437133789062,2.217742919921875,0.5404491424560547,True,True,True,26.374650955200195,0.03592391684651375,False,0,0
3073,Reacher,0.05,48,65,72.2126693725586,5.875389099121094,0.9210330843925476,True,True,True,70.10913848876953,0.0517127625644207,False,0,0
3073,Reacher,0.05,49,65,7.403454780578613,7.9112548828125,1.5322595834732056,False,False,True,5.686044216156006,0.23197421431541443,False,0,0
3073,Reacher,0.05,50,65,27.83697509765625,14.488471984863281,3.751957893371582,False,False,True,25.768983840942383,0.22024424374103546,False,0,0
3073,Reacher,0.05,51,65,0.17714649438858032,1.6138763427734375,0.47100478410720825,False,False,True,0.06329366564750671,0.6427043676376343,False,0,0
3073,Reacher,0.05,52,65,85.60625457763672,25.863998413085938,3.806647300720215,True,True,True,68.96907043457031,0.19434547424316406,False,0,0
3073,Reacher,0.05,53,65,63.416141510009766,11.45587158203125,2.8974881172180176,True,True,True,58.45457077026367,0.07823828607797623,False,0,0
3073,Reacher,0.05,54,65,0.5922961235046387,9.1942138671875,1.8762134313583374,False,False,False,-2.401266574859619,5.054165840148926,True,0,24
3073,Reacher,0.05,55,65,236.03509521484375,8.2666015625,1.0803375244140625,True,True,True,233.18736267089844,0.02616458386182785,False,0,0
3073,Reacher,0.05,56,65,13.244288444519043,2.4661407470703125,0.5382848381996155,True,True,True,12.632486343383789,0.04619361832737923,False,0,0
3073,Reacher,0.05,57,65,8.086746215820312,3.264556884765625,0.8485201597213745,True,True,True,7.806675434112549,0.034633323550224304,False,0,0
3073,Reacher,0.05,58,65,4.756081581115723,2.015777587890625,0.6290105581283569,True,True,True,4.215778827667236,0.11360251158475876,False,0,0
3073,Reacher,0.05,59,65,2.408881902694702,18.261917114257812,5.834768295288086,False,False,False,-0.7210545539855957,1.2993316650390625,False,0,0
3073,Reacher,0.05,60,65,30.341800689697266,2.1521835327148438,0.6613228917121887,True,True,True,29.454771041870117,0.0682610347867012,False,0,0
3073,Reacher,0.05,61,65,11.570847511291504,6.06103515625,2.117826461791992,False,False,True,8.121384620666504,0.2981167137622833,False,0,0
3073,Reacher,0.05,62,65,32.04115295410156,10.3304443359375,2.888416051864624,True,True,True,28.223773956298828,0.17531883716583252,False,0,0
3073,Reacher,0.05,63,65,102.75482940673828,0.671783447265625,0.15211144089698792,True,True,True,102.610595703125,0.0026712464168667793,False,0,0
3073,Reacher,0.05,64,65,65.98693084716797,12.324676513671875,2.7953336238861084,True,True,True,60.81110382080078,0.07843716442584991,False,0,0
3073,Reacher,0.05,65,65,0.534859836101532,7.4404449462890625,1.855111002922058,False,False,True,0.1168246865272522,0.7815788984298706,False,0,0
3073,Reacher,0.05,66,65,9.34296989440918,7.857635498046875,2.277245044708252,False,False,True,6.785266399383545,0.2737570106983185,False,0,0
3073,Reacher,0.05,67,65,11.736780166625977,2.15618896484375,0.4487237334251404,True,True,True,11.65394401550293,0.01418936438858509,False,0,0
3073,Reacher,0.05,68,65,73.46956634521484,6.9161376953125,1.5585622787475586,True,True,True,67.93858337402344,0.07528269290924072,False,0,0
3073,Reacher,0.05,69,65,0.07376754283905029,23.077423095703125,5.149232864379883,False,False,False,-0.43666887283325195,6.919525623321533,True,26,0
3073,Reacher,0.05,70,65,73.69607543945312,10.486038208007812,2.55916428565979,True,True,True,64.4824447631836,0.12502196431159973,False,0,0
3073,Reacher,0.05,71,65,12.277462005615234,6.539642333984375,2.086036205291748,False,False,True,9.836641311645508,0.19880498945713043,False,0,0
3073,Reacher,0.05,72,65,17.174171447753906,9.82537841796875,2.933218240737915,False,False,True,15.112833976745605,0.13648368418216705,False,0,0
3073,Reacher,0.05,73,65,21.085844039916992,2.48150634765625,0.447359561920166,True,True,True,20.589082717895508,0.02355903573334217,False,0,0
3073,Reacher,0.05,74,65,25.759553909301758,8.18133544921875,2.8394734859466553,True,True,True,25.006610870361328,0.09610416740179062,False,0,0
3073,Reacher,0.05,75,65,2.6636948585510254,3.67083740234375,0.6274620294570923,False,False,True,1.9684076309204102,0.261023610830307,False,0,0
3073,Reacher,0.05,76,65,75.97566223144531,9.703521728515625,1.5629690885543823,True,True,True,66.74807739257812,0.12145446240901947,False,0,0
3073,Reacher,0.05,77,65,1.8294451236724854,1.4901885986328125,0.5073343515396118,False,False,True,1.6190910339355469,0.11498245596885681,False,0,0
3073,Reacher,0.05,78,65,21.424055099487305,4.89019775390625,1.3265634775161743,True,True,True,19.639738082885742,0.08328570425510406,False,0,0
3073,Reacher,0.05,79,65,0.23298072814941406,3.645751953125,1.372515082359314,False,False,False,-0.8624558448791504,4.701833248138428,False,0,0
3073,Reacher,0.05,80,65,2.1792349815368652,8.983840942382812,2.084059953689575,False,False,False,-0.8874237537384033,1.4072179794311523,False,0,0
3073,Reacher,0.05,81,65,23.377620697021484,19.1492919921875,3.2455811500549316,False,False,True,10.185696601867676,0.5642971396446228,False,0,0
3073,Reacher,0.05,82,65,18.549331665039062,9.59661865234375,2.5356667041778564,False,False,True,17.788806915283203,0.16348524391651154,False,0,0
3073,Reacher,0.05,83,65,22.405879974365234,5.5263671875,1.7908201217651367,True,True,True,19.953109741210938,0.10946991294622421,False,0,0
3073,Reacher,0.05,84,65,16.9598445892334,17.28204345703125,5.50399923324585,False,False,True,10.396232604980469,0.46894633769989014,False,0,0
3073,Reacher,0.05,85,65,9.183197975158691,5.74200439453125,1.2201977968215942,False,False,True,6.9031548500061035,0.2482842206954956,False,0,0
3073,Reacher,0.05,86,65,26.176227569580078,1.95733642578125,0.4742443263530731,True,True,True,24.99769401550293,0.04502301663160324,False,0,0
3073,Reacher,0.05,87,65,35.27243423461914,9.38604736328125,3.376434087753296,True,True,True,29.10696029663086,0.1905146837234497,False,0,0
3073,Reacher,0.05,88,65,10.362951278686523,8.688278198242188,2.179901361465454,False,False,True,9.342277526855469,0.22690840065479279,False,0,0
3073,Reacher,0.05,89,65,62.33404541015625,5.48004150390625,1.498817801475525,True,True,True,58.04933166503906,0.0687379390001297,False,0,0
3073,Reacher,0.05,90,65,17.02826690673828,16.808624267578125,5.2448835372924805,False,False,True,11.148500442504883,0.3452944755554199,False,0,0
3073,Reacher,0.05,91,65,5.303279399871826,2.142333984375,0.5720553994178772,True,True,True,4.352632999420166,0.17925631999969482,False,0,0
3073,Reacher,0.05,92,65,6.520911693572998,7.537628173828125,2.4622998237609863,False,False,True,4.431630611419678,0.3771756589412689,False,0,0
3073,Reacher,0.05,93,65,3.2541801929473877,8.176071166992188,2.0480215549468994,False,False,True,2.427112340927124,0.2541555166244507,False,0,0
3073,Reacher,0.05,94,65,42.01091766357422,12.159347534179688,4.411386489868164,True,True,True,38.66123962402344,0.12566494941711426,False,0,0
3073,Reacher,0.05,95,65,61.33289337158203,3.07012939453125,0.5121715068817139,True,True,True,59.75385665893555,0.02574532851576805,False,0,0
3073,Reacher,0.05,96,65,0.04916328191757202,17.976715087890625,5.8928680419921875,False,False,False,-2.6188342571258545,54.268089294433594,True,32,0
3073,Reacher,0.05,97,65,13.345756530761719,15.185379028320312,4.099504470825195,False,False,True,11.139991760253906,0.165278360247612,False,0,0
3073,Reacher,0.05,98,65,210.59776306152344,15.380950927734375,3.7778398990631104,True,True,True,196.4704132080078,0.0751352310180664,False,0,0
3073,Reacher,0.05,99,65,74.06855773925781,4.4825897216796875,0.9780099987983704,True,True,True,71.35887908935547,0.0367920808494091,False,0,0
3073,Reacher,0.06,0,65,65.65582275390625,9.791610717773438,1.940061092376709,True,True,True,56.934837341308594,0.13282884657382965,False,0,0
3073,Reacher,0.06,1,65,37.76223373413086,5.570587158203125,1.3932713270187378,True,True,True,34.71236801147461,0.0807650163769722,False,0,0
3073,Reacher,0.06,2,65,58.60190963745117,4.104278564453125,0.7887721657752991,True,True,True,55.85072326660156,0.07032949477434158,False,0,0
3073,Reacher,0.06,3,65,39.982791900634766,10.971565246582031,3.4624977111816406,True,True,True,30.497493743896484,0.23723451793193817,False,0,0
3073,Reacher,0.06,4,65,24.291393280029297,8.58184814453125,3.0668888092041016,True,True,True,20.22422218322754,0.16743257641792297,False,0,0
3073,Reacher,0.06,5,65,21.283002853393555,5.7802276611328125,1.4220649003982544,True,True,True,20.005840301513672,0.06000853702425957,False,0,0
3073,Reacher,0.06,6,65,18.69021224975586,4.140472412109375,0.8631468415260315,True,True,True,15.613519668579102,0.16461516916751862,False,0,0
3073,Reacher,0.06,7,65,106.91303253173828,2.8940582275390625,0.5583525896072388,True,True,True,104.49883270263672,0.022580936551094055,False,0,0
3073,Reacher,0.06,8,65,40.17038345336914,4.012725830078125,0.49566662311553955,True,True,True,39.02510452270508,0.030376143753528595,False,0,0
3073,Reacher,0.06,9,65,90.0323715209961,4.381683349609375,1.0742170810699463,True,True,True,86.63190460205078,0.03776935487985611,False,0,0
3073,Reacher,0.06,10,65,37.00025177001953,10.0572509765625,2.4075748920440674,True,True,True,33.81911087036133,0.0860428512096405,False,0,0
3073,Reacher,0.06,11,65,0.15529561042785645,14.643646240234375,1.9692949056625366,False,False,False,-0.7075257301330566,5.55599308013916,False,0,0
3073,Reacher,0.06,12,65,3.3665285110473633,3.5213165283203125,0.8135759234428406,False,False,True,2.5069026947021484,0.25534483790397644,False,0,0
3073,Reacher,0.06,13,65,7.908780097961426,10.63470458984375,3.2422077655792236,False,False,True,5.891510963439941,0.2550670802593231,False,0,0
3073,Reacher,0.06,14,65,2.306443929672241,8.3206787109375,1.2570734024047852,False,False,True,1.1399786472320557,0.5057418942451477,False,53,53
3073,Reacher,0.06,15,65,297.41619873046875,4.09686279296875,1.1351302862167358,True,True,True,293.7271728515625,0.01724066399037838,False,0,0
3073,Reacher,0.06,16,65,11.839570999145508,4.7700653076171875,1.0377696752548218,True,True,True,11.295259475708008,0.07471181452274323,False,0,0
3073,Reacher,0.06,17,65,0.7209136486053467,3.305023193359375,0.6819897294044495,False,False,True,0.48378947377204895,0.32892173528671265,False,1,1
3073,Reacher,0.06,18,65,2.126403331756592,10.170928955078125,3.596006393432617,False,False,True,1.363438367843628,0.3588053584098816,False,0,0
3073,Reacher,0.06,19,65,20.702653884887695,15.461517333984375,3.3433525562286377,False,False,True,14.457836151123047,0.30164334177970886,False,0,0
3073,Reacher,0.06,20,65,31.799819946289062,5.6496124267578125,1.0212669372558594,True,True,True,30.073406219482422,0.05429007112979889,False,0,0
3073,Reacher,0.06,21,65,15.8755464553833,8.7734375,2.5124573707580566,False,False,True,14.306097984313965,0.10521633923053741,False,0,0
3073,Reacher,0.06,22,65,7.307639122009277,5.311836242675781,1.6302950382232666,False,False,True,6.335315227508545,0.13305580615997314,False,0,0
3073,Reacher,0.06,23,65,17.032155990600586,7.841339111328125,1.686883568763733,True,True,True,16.46955680847168,0.09709765017032623,False,0,0
3073,Reacher,0.06,24,65,0.9732482433319092,11.928451538085938,1.948058843612671,False,False,False,-0.014699578285217285,1.0151035785675049,False,0,0
3073,Reacher,0.06,25,65,14.326476097106934,6.719573974609375,1.182222604751587,True,True,True,10.506352424621582,0.2666478157043457,False,0,0
3073,Reacher,0.06,26,65,4.0568156242370605,11.951324462890625,3.2056031227111816,False,False,True,3.5585532188415527,0.4165746569633484,False,63,63
3073,Reacher,0.06,27,65,45.29014205932617,3.827880859375,0.7342427372932434,True,True,True,43.30916213989258,0.04373975098133087,False,0,0
3073,Reacher,0.06,28,65,27.656984329223633,4.194000244140625,1.1899595260620117,True,True,True,26.31365394592285,0.06692014634609222,False,0,0
3073,Reacher,0.06,29,65,1.8116475343704224,8.03564453125,2.359734296798706,False,False,True,1.118123173713684,0.3828141689300537,False,0,0
3073,Reacher,0.06,30,65,10.469308853149414,6.3201141357421875,2.367475986480713,False,False,True,7.60360860824585,0.27372390031814575,False,0,0
3073,Reacher,0.06,31,65,0.5539263486862183,5.34442138671875,1.5909775495529175,False,False,True,0.07239541411399841,0.8693049550056458,False,60,60
3073,Reacher,0.06,32,65,0.3588533401489258,8.656295776367188,2.319856643676758,False,False,True,0.14638733863830566,0.592069149017334,False,48,48
3073,Reacher,0.06,33,65,23.521881103515625,2.39837646484375,0.44154754281044006,True,True,True,23.076265335083008,0.0189447533339262,False,0,0
3073,Reacher,0.06,34,65,1.899973750114441,7.823272705078125,1.6517051458358765,False,False,True,0.26607799530029297,0.8599570393562317,False,0,0
3073,Reacher,0.06,35,65,23.839336395263672,3.0886077880859375,0.7371360063552856,True,True,True,23.089771270751953,0.031609002500772476,False,0,0
3073,Reacher,0.06,36,65,9.445089340209961,5.34954833984375,1.621827244758606,False,False,True,7.819499969482422,0.17210949957370758,False,0,0
3073,Reacher,0.06,37,65,1.441075086593628,2.38555908203125,0.6475110054016113,False,False,True,1.1554131507873535,0.1982283890247345,False,0,0
3073,Reacher,0.06,38,65,17.98310089111328,10.455856323242188,2.878021478652954,False,False,True,14.921953201293945,0.17022357881069183,False,0,0
3073,Reacher,0.06,39,65,0.13553088903427124,3.1519927978515625,0.904887855052948,False,False,False,-0.2780662178993225,3.0516815185546875,False,53,53
3073,Reacher,0.06,40,65,12.040544509887695,12.26788330078125,4.9457550048828125,False,False,True,8.87759017944336,0.26269200444221497,False,0,0
3073,Reacher,0.06,41,65,80.05204010009766,9.54925537109375,2.3963871002197266,True,True,True,74.43742370605469,0.08132272958755493,False,0,0
3073,Reacher,0.06,42,65,8.913992881774902,16.076194763183594,3.8689775466918945,False,False,True,4.9539971351623535,0.4442448914051056,False,0,0
3073,Reacher,0.06,43,65,1.3668360710144043,7.411529541015625,1.9578691720962524,False,False,True,0.07327830791473389,0.9463883638381958,False,1,1
3073,Reacher,0.06,44,65,16.40576934814453,2.8717041015625,0.6236023902893066,True,True,True,15.150750160217285,0.07649866491556168,False,0,0
3073,Reacher,0.06,45,65,96.79692077636719,11.412887573242188,1.9964280128479004,True,True,True,93.9575424194336,0.08066901564598083,False,0,0
3073,Reacher,0.06,46,65,36.249114990234375,9.123214721679688,1.6549025774002075,True,True,True,30.10027503967285,0.1696273237466812,False,0,0
3073,Reacher,0.06,47,65,18.41830825805664,3.95745849609375,0.8591089844703674,True,True,True,15.808441162109375,0.14169958233833313,False,0,0
3073,Reacher,0.06,48,65,75.67019653320312,8.623870849609375,1.5389854907989502,True,True,True,71.38887023925781,0.06694386899471283,False,0,0
3073,Reacher,0.06,49,65,9.320453643798828,29.34710693359375,4.462897300720215,False,False,True,6.05697774887085,0.350141316652298,False,0,0
3073,Reacher,0.06,50,65,29.022289276123047,3.282073974609375,0.6492433547973633,True,True,True,28.515531539916992,0.017596814781427383,False,0,0
3073,Reacher,0.06,51,65,1.4896427392959595,1.194488525390625,0.16199621558189392,False,False,True,1.3430752754211426,0.09839101880788803,False,0,0
3073,Reacher,0.06,52,65,90.74397277832031,8.260955810546875,1.2221182584762573,True,True,True,85.26322174072266,0.07413562387228012,False,0,0
3073,Reacher,0.06,53,65,49.54060745239258,9.940826416015625,2.765075206756592,True,True,True,45.92127990722656,0.07305781543254852,False,0,0
3073,Reacher,0.06,54,65,5.168813228607178,1.14996337890625,0.21451185643672943,True,True,True,5.038865089416504,0.02851005829870701,False,0,0
3073,Reacher,0.06,55,65,263.2668151855469,2.11932373046875,0.22583511471748352,True,True,True,262.45965576171875,0.006744722835719585,False,0,0
3073,Reacher,0.06,56,65,19.047094345092773,4.137664794921875,1.2255184650421143,True,True,True,17.196823120117188,0.09714186191558838,False,0,0
3073,Reacher,0.06,57,65,9.490007400512695,9.671371459960938,1.7776778936386108,False,False,True,6.850069522857666,0.2781808078289032,False,0,0
3073,Reacher,0.06,58,65,8.453361511230469,2.783294677734375,1.0046716928482056,True,True,True,7.815232276916504,0.07548820227384567,False,0,0
3073,Reacher,0.06,59,65,5.868252277374268,5.7709197998046875,1.8459118604660034,False,False,True,5.5204997062683105,0.06656908243894577,False,0,0
3073,Reacher,0.06,60,65,26.082868576049805,10.619476318359375,2.3743057250976562,True,True,True,22.095407485961914,0.1779245287179947,False,0,0
3073,Reacher,0.06,61,65,11.200728416442871,2.5771942138671875,0.7953382134437561,True,True,True,9.760120391845703,0.12861737608909607,False,0,0
3073,Reacher,0.06,62,65,32.376914978027344,5.37042236328125,1.4928454160690308,True,True,True,30.618600845336914,0.07230604439973831,False,0,0
3073,Reacher,0.06,63,65,105.67924499511719,2.4290313720703125,0.5400803685188293,True,True,True,104.16603088378906,0.01697421818971634,False,0,0
3073,Reacher,0.06,64,65,52.92349624633789,7.02880859375,1.2615082263946533,True,True,True,52.09054946899414,0.057494156062603,False,0,0
3073,Reacher,0.06,65,65,1.3979995250701904,4.780952453613281,1.4126763343811035,False,False,True,0.808207631111145,0.4218827486038208,False,0,0
3073,Reacher,0.06,66,65,11.20578384399414,1.2367324829101562,0.4713291823863983,True,True,True,10.6474609375,0.04982457309961319,False,0,0
3073,Reacher,0.06,67,65,18.318693161010742,3.0014190673828125,0.6393979787826538,True,True,True,17.72365951538086,0.03248228132724762,False,0,0
3073,Reacher,0.06,68,65,87.06494903564453,13.0595703125,3.0414984226226807,True,True,True,80.77386474609375,0.09066586941480637,False,0,0
3073,Reacher,0.06,69,65,0.15866130590438843,7.886077880859375,1.1750222444534302,False,False,True,0.001781761646270752,0.9887700080871582,False,26,26
3073,Reacher,0.06,70,65,60.44770431518555,1.62860107421875,0.26260772347450256,True,True,True,59.94099044799805,0.011414787732064724,False,0,0
3073,Reacher,0.06,71,65,16.5045108795166,14.182647705078125,4.025765419006348,False,False,True,4.880290508270264,0.7043056488037109,False,0,0
3073,Reacher,0.06,72,65,15.072651863098145,14.163864135742188,4.050849914550781,False,False,True,10.550028800964355,0.3000549077987671,False,0,0
3073,Reacher,0.06,73,65,24.658565521240234,9.343612670898438,2.5508005619049072,True,True,True,19.903831481933594,0.19282282888889313,False,0,0
3073,Reacher,0.06,74,65,20.43584442138672,7.4086761474609375,2.4356577396392822,True,True,True,18.352365493774414,0.10875020921230316,False,0,0
3073,Reacher,0.06,75,65,2.9476685523986816,1.2051239013671875,0.23513928055763245,True,True,True,2.713282823562622,0.07951563596725464,False,0,0
3073,Reacher,0.06,76,65,95.22998809814453,7.201263427734375,1.2135727405548096,True,True,True,91.94541931152344,0.034490879625082016,False,0,0
3073,Reacher,0.06,77,65,3.057274580001831,5.467742919921875,1.465289831161499,False,False,True,2.4281375408172607,0.20578362047672272,False,0,0
3073,Reacher,0.06,78,65,21.419849395751953,2.17266845703125,0.5488441586494446,True,True,True,20.584640502929688,0.038992274552583694,False,0,0
3073,Reacher,0.06,79,65,0.5117359161376953,6.941253662109375,0.93317711353302,False,False,False,-0.020308494567871094,1.0396854877471924,False,27,27
3073,Reacher,0.06,80,65,0.4386330842971802,2.30328369140625,0.5874712467193604,False,False,True,0.13504767417907715,0.6921169757843018,False,0,0
3073,Reacher,0.06,81,65,19.462848663330078,2.70233154296875,0.5009624361991882,True,True,True,18.30255889892578,0.059615641832351685,False,0,0
3073,Reacher,0.06,82,65,19.00642204284668,1.8335723876953125,0.4391401708126068,True,True,True,18.008445739746094,0.052507270127534866,False,0,0
3073,Reacher,0.06,83,65,21.686304092407227,13.765716552734375,3.6875650882720947,False,False,True,18.436378479003906,0.14986076951026917,False,0,0
3073,Reacher,0.06,84,65,13.915037155151367,6.6901397705078125,2.3452341556549072,True,True,True,12.093786239624023,0.17267851531505585,False,0,0
3073,Reacher,0.06,85,65,10.937799453735352,3.6995697021484375,0.8321194052696228,True,True,True,9.825326919555664,0.10170897841453552,False,0,0
3073,Reacher,0.06,86,65,21.90335464477539,1.428924560546875,0.3029422163963318,True,True,True,21.451486587524414,0.02063009887933731,False,0,0
3073,Reacher,0.06,87,65,27.275489807128906,6.524444580078125,2.1999127864837646,True,True,True,24.350988388061523,0.14589951932430267,False,0,0
3073,Reacher,0.06,88,65,6.246460437774658,6.7210693359375,1.7250388860702515,False,False,True,4.86298942565918,0.2214808166027069,False,0,0
3073,Reacher,0.06,89,65,61.8718147277832,8.503372192382812,2.6459121704101562,True,True,True,55.53501892089844,0.10472238808870316,False,0,0
3073,Reacher,0.06,90,65,13.991691589355469,8.6806640625,2.608415365219116,False,False,True,11.773643493652344,0.1995399445295334,False,0,0
3073,Reacher,0.06,91,65,10.878133773803711,3.491607666015625,0.7384846210479736,True,True,True,8.877178192138672,0.18394292891025543,False,0,0
3073,Reacher,0.06,92,65,5.576811790466309,6.123199462890625,2.0709116458892822,False,False,True,4.497383117675781,0.193556547164917,False,0,0
3073,Reacher,0.06,93,65,2.620905637741089,14.5556640625,2.975048303604126,False,False,False,-0.4884023666381836,1.1863486766815186,False,0,0
3073,Reacher,0.06,94,65,37.94818878173828,5.529022216796875,1.8616164922714233,True,True,True,35.64377975463867,0.06072511523962021,False,0,0
3073,Reacher,0.06,95,65,53.120548248291016,5.794868469238281,1.490039587020874,True,True,True,51.392818450927734,0.04715370386838913,False,0,0
3073,Reacher,0.06,96,65,0.05583000183105469,6.748237609863281,2.450885534286499,False,False,False,-0.2978658676147461,6.335229396820068,False,0,0
3073,Reacher,0.06,97,65,21.765005111694336,8.262191772460938,2.7151763439178467,True,True,True,17.195571899414062,0.2099439948797226,False,0,0
3073,Reacher,0.06,98,65,249.9698486328125,5.222015380859375,0.9365058541297913,True,True,True,244.9525604248047,0.020071569830179214,False,0,0
3073,Reacher,0.06,99,65,63.73214340209961,4.388214111328125,1.1341854333877563,True,True,True,62.88156509399414,0.033401377499103546,False,0,0
3073,Reacher,0.07,0,65,70.36154174804688,2.4151687622070312,0.405391126871109,True,True,True,68.57966613769531,0.025324534624814987,False,0,0
3073,Reacher,0.07,1,65,26.748844146728516,5.721954345703125,0.9791765809059143,True,True,True,25.11249542236328,0.06145287677645683,False,0,0
3073,Reacher,0.07,2,65,67.34718322753906,6.9586639404296875,1.481833815574646,True,True,True,63.523319244384766,0.10131166130304337,False,0,0
3073,Reacher,0.07,3,65,40.88758087158203,7.9183197021484375,1.4372814893722534,True,True,True,37.30427932739258,0.08763786405324936,False,0,0
3073,Reacher,0.07,4,65,23.65908432006836,2.1739044189453125,0.36466002464294434,True,True,True,23.290346145629883,0.01558548491448164,False,0,0
3073,Reacher,0.07,5,65,17.144184112548828,12.66162109375,3.0901174545288086,False,False,True,11.720958709716797,0.31633034348487854,False,0,0
3073,Reacher,0.07,6,65,17.22307014465332,12.26837158203125,1.8850746154785156,False,False,True,14.025232315063477,0.18567173182964325,False,0,0
3073,Reacher,0.07,7,65,107.31163787841797,5.525726318359375,1.236012578010559,True,True,True,104.02967071533203,0.03058348409831524,False,0,0
3073,Reacher,0.07,8,65,26.06627082824707,3.3807334899902344,1.1114197969436646,True,True,True,23.200077056884766,0.10995794087648392,False,0,0
3073,Reacher,0.07,9,65,98.84809875488281,7.59857177734375,1.6169089078903198,True,True,True,97.16607666015625,0.05617064610123634,False,0,0
3073,Reacher,0.07,10,65,32.14170455932617,4.47283935546875,1.3072667121887207,True,True,True,30.997495651245117,0.04110706225037575,False,0,0
3073,Reacher,0.07,11,65,0.6637203097343445,1.731170654296875,0.4583792984485626,False,False,True,0.5213011503219604,0.2145770639181137,False,7,7
3073,Reacher,0.07,12,65,2.269068956375122,5.3953094482421875,1.3910486698150635,False,False,True,1.1673165559768677,0.4855526387691498,False,0,0
3073,Reacher,0.07,13,65,13.249980926513672,13.30987548828125,3.5046732425689697,False,False,True,11.468255996704102,0.13447000086307526,False,0,0
3073,Reacher,0.07,14,65,8.205926895141602,8.385498046875,1.1964092254638672,False,False,True,7.564154148101807,0.10769785940647125,False,53,53
3073,Reacher,0.07,15,65,313.1827392578125,2.69415283203125,0.537465512752533,True,True,True,311.86688232421875,0.00901523232460022,False,0,0
3073,Reacher,0.07,16,65,11.70278263092041,6.9021453857421875,1.4050204753875732,False,False,True,10.657747268676758,0.08929802477359772,False,0,0
3073,Reacher,0.07,17,65,4.004101753234863,12.749404907226562,2.468902826309204,False,False,True,2.2712252140045166,0.4327753484249115,False,0,0
3073,Reacher,0.07,18,65,1.0387028455734253,5.03070068359375,1.5430039167404175,False,False,True,0.8031169176101685,0.22680781781673431,False,0,0
3073,Reacher,0.07,19,65,20.766307830810547,6.91253662109375,1.3747214078903198,True,True,True,17.844873428344727,0.14068149030208588,False,0,0
3073,Reacher,0.07,20,65,38.642704010009766,3.0999755859375,0.5818910598754883,True,True,True,37.86609649658203,0.02009711042046547,False,0,0
3073,Reacher,0.07,21,65,21.48802375793457,6.1139373779296875,0.7388900518417358,True,True,True,20.64207649230957,0.03936833515763283,False,0,0
3073,Reacher,0.07,22,65,6.134838104248047,12.925209045410156,4.326572418212891,False,False,True,1.3961513042449951,0.7724224328994751,False,0,0
3073,Reacher,0.07,23,65,14.076777458190918,6.1693267822265625,1.220888376235962,True,True,True,12.35911750793457,0.12202084064483643,False,0,0
3073,Reacher,0.07,24,65,2.45174241065979,15.9583740234375,2.1508524417877197,False,False,False,-0.6226956844329834,1.2539808750152588,False,0,0
3073,Reacher,0.07,25,65,8.199773788452148,15.843994140625,2.546002149581909,False,False,True,4.337994575500488,0.47096168994903564,False,0,0
3073,Reacher,0.07,26,65,0.646363377571106,2.742919921875,0.9971055388450623,False,False,True,0.2197730541229248,0.6599853038787842,False,63,63
3073,Reacher,0.07,27,65,49.748191833496094,3.473663330078125,0.819084644317627,True,True,True,48.28289794921875,0.0469818115234375,False,0,0
3073,Reacher,0.07,28,65,30.691972732543945,8.637069702148438,2.4216737747192383,True,True,True,28.188692092895508,0.1666083037853241,False,0,0
3073,Reacher,0.07,29,65,1.219052791595459,13.85797119140625,3.7973761558532715,False,False,False,-1.6099801063537598,2.320681095123291,True,55,0
3073,Reacher,0.07,30,65,11.288158416748047,1.73828125,0.6257256865501404,True,True,True,10.524035453796387,0.07049622386693954,False,0,0
3073,Reacher,0.07,31,65,0.5762275457382202,1.210662841796875,0.4608323574066162,False,False,True,0.46517831087112427,0.19271767139434814,False,60,60
3073,Reacher,0.07,32,65,1.69839346408844,11.455093383789062,3.0831568241119385,False,False,True,1.3857150077819824,0.18410249054431915,False,33,33
3073,Reacher,0.07,33,65,25.074691772460938,4.26007080078125,0.8009527325630188,True,True,True,24.08535385131836,0.03945566341280937,False,0,0
3073,Reacher,0.07,34,65,1.5777732133865356,3.3389434814453125,0.8295488953590393,False,False,True,0.7781763076782227,0.5067882537841797,False,0,0
3073,Reacher,0.07,35,65,14.668068885803223,14.551589965820312,3.1658949851989746,False,False,True,8.5827054977417,0.414871484041214,False,0,0
3073,Reacher,0.07,36,65,11.043558120727539,9.456268310546875,2.699493169784546,False,False,True,9.953207969665527,0.19816304743289948,False,0,0
3073,Reacher,0.07,37,65,1.1815760135650635,7.864227294921875,2.0271289348602295,False,False,False,-0.9394912719726562,1.7951171398162842,False,0,0
3073,Reacher,0.07,38,65,16.894832611083984,10.939865112304688,3.3417463302612305,False,False,True,14.272726058959961,0.15520168840885162,False,0,0
3073,Reacher,0.07,39,65,0.8443697690963745,8.979324340820312,2.5751492977142334,False,False,True,0.2770361602306366,0.6719018220901489,False,0,0
3073,Reacher,0.07,40,65,14.7925443649292,1.9270172119140625,0.6533852219581604,True,True,True,13.983287811279297,0.05470702424645424,False,0,0
3073,Reacher,0.07,41,65,84.96839141845703,2.165679931640625,0.45396745204925537,True,True,True,84.70320129394531,0.008537073619663715,False,0,0
3073,Reacher,0.07,42,65,11.765411376953125,6.8092498779296875,1.8945351839065552,False,False,True,11.65627670288086,0.0788930281996727,False,0,0
3073,Reacher,0.07,43,65,0.036224365234375,14.116653442382812,3.5053305625915527,False,False,False,-1.0252257585525513,29.302104949951172,False,1,1
3073,Reacher,0.07,44,65,25.507579803466797,6.6476898193359375,1.6380329132080078,True,True,True,21.766992568969727,0.14664608240127563,False,0,0
3073,Reacher,0.07,45,65,99.2385025024414,11.828964233398438,2.1078641414642334,True,True,True,90.49797821044922,0.09255873411893845,False,0,0
3073,Reacher,0.07,46,65,39.0102653503418,2.8524169921875,0.5449772477149963,True,True,True,38.0814094543457,0.037027888000011444,False,0,0
3073,Reacher,0.07,47,65,23.871212005615234,2.04168701171875,0.5581185817718506,True,True,True,23.73450469970703,0.010515952482819557,False,0,0
3073,Reacher,0.07,48,65,82.31510162353516,8.50146484375,1.937910556793213,True,True,True,75.79564666748047,0.07920121401548386,False,0,0
3073,Reacher,0.07,49,65,4.718364715576172,14.78375244140625,2.471971035003662,False,False,True,3.3114566802978516,0.29817700386047363,False,0,0
3073,Reacher,0.07,50,65,39.78480529785156,8.899826049804688,2.5531318187713623,True,True,True,34.70226287841797,0.12775085866451263,False,0,0
3073,Reacher,0.07,51,65,0.9337058067321777,5.303955078125,1.6688812971115112,False,False,True,0.33396825194358826,0.6423195600509644,False,0,0
3073,Reacher,0.07,52,65,92.19861602783203,11.057205200195312,1.8644468784332275,True,True,True,84.34320831298828,0.10880868881940842,False,0,0
3073,Reacher,0.07,53,65,56.13714599609375,6.9823760986328125,1.7483348846435547,True,True,True,51.21022033691406,0.08776585012674332,False,0,0
3073,Reacher,0.07,54,65,3.8144469261169434,1.723907470703125,0.5178300142288208,True,True,True,3.217376947402954,0.15652859210968018,False,0,0
3073,Reacher,0.07,55,65,241.35879516601562,0.9510498046875,0.1589578539133072,True,True,True,241.1084442138672,0.003347463207319379,False,0,0
3073,Reacher,0.07,56,65,14.074031829833984,3.888092041015625,0.8143474459648132,True,True,True,13.765230178833008,0.07773252576589584,False,0,0
3073,Reacher,0.07,57,65,9.105852127075195,6.0678253173828125,1.6938374042510986,False,False,True,8.345928192138672,0.083454430103302,False,0,0
3073,Reacher,0.07,58,65,9.680182456970215,5.2957763671875,1.4969897270202637,False,False,True,9.106371879577637,0.11893871426582336,False,0,0
3073,Reacher,0.07,59,65,5.653940200805664,7.00341796875,2.391305685043335,False,False,True,4.335592746734619,0.2331732213497162,False,0,0
3073,Reacher,0.07,60,65,25.336978912353516,1.6243476867675781,0.47062578797340393,True,True,True,24.944324493408203,0.03215114772319794,False,0,0
3073,Reacher,0.07,61,65,15.35079288482666,5.14697265625,1.6262917518615723,True,True,True,13.190282821655273,0.1750846803188324,False,0,0
3073,Reacher,0.07,62,65,47.89921569824219,12.76080322265625,3.07254695892334,True,True,True,40.64605712890625,0.1575760543346405,False,0,0
3073,Reacher,0.07,63,65,125.25101470947266,6.2904052734375,1.6442018747329712,True,True,True,120.2190170288086,0.040175288915634155,False,0,0
3073,Reacher,0.07,64,65,49.601829528808594,3.1187744140625,0.6497930884361267,True,True,True,47.487998962402344,0.04261599853634834,False,0,0
3073,Reacher,0.07,65,65,1.2463940382003784,3.7293701171875,0.9970413446426392,False,False,True,0.7119346857070923,0.428804486989975,False,0,0
3073,Reacher,0.07,66,65,9.18446159362793,7.8679351806640625,2.1963119506835938,False,False,True,8.326032638549805,0.18006397783756256,False,0,0
3073,Reacher,0.07,67,65,18.989486694335938,3.493988037109375,0.7878046035766602,True,True,True,18.49998664855957,0.032739415764808655,False,0,0
3073,Reacher,0.07,68,65,83.06739807128906,2.592864990234375,0.6062976717948914,True,True,True,82.17207336425781,0.018500763922929764,False,0,0
3073,Reacher,0.07,69,65,0.01564788818359375,10.08966064453125,2.477917432785034,False,False,False,-0.4943239688873291,32.590457916259766,False,26,26
3073,Reacher,0.07,70,65,71.54248809814453,4.6289520263671875,1.1682994365692139,True,True,True,67.16212463378906,0.061227455735206604,False,0,0
3073,Reacher,0.07,71,65,15.529519081115723,4.8349609375,1.4991968870162964,True,True,True,13.671357154846191,0.13769660890102386,False,0,0
3073,Reacher,0.07,72,65,23.76700782775879,3.6125335693359375,1.0605063438415527,True,True,True,22.281057357788086,0.0625215694308281,False,0,0
3073,Reacher,0.07,73,65,29.857234954833984,1.92059326171875,0.47570374608039856,True,True,True,29.37836265563965,0.019002091139554977,False,0,0
3073,Reacher,0.07,74,65,21.982585906982422,4.420799255371094,1.1071250438690186,True,True,True,20.73508644104004,0.05674944818019867,False,0,0
3073,Reacher,0.07,75,65,4.730835914611816,4.56024169921875,1.1278350353240967,False,False,True,3.6516973972320557,0.22810736298561096,False,0,0
3073,Reacher,0.07,76,65,88.57740020751953,4.9215545654296875,0.799628496170044,True,True,True,86.63490295410156,0.03509270399808884,False,0,0
3073,Reacher,0.07,77,65,0.18788230419158936,4.757904052734375,1.8982696533203125,False,False,False,-0.5387915372848511,3.8677077293395996,True,0,44
3073,Reacher,0.07,78,65,30.04302406311035,10.633392333984375,2.6387689113616943,True,True,True,25.419933319091797,0.15388233959674835,False,0,0
3073,Reacher,0.07,79,65,3.2569713592529297,3.906768798828125,0.9315029382705688,False,False,True,2.766861915588379,0.15048012137413025,False,0,0
3073,Reacher,0.07,80,65,2.2669677734375,5.8670654296875,1.4105918407440186,False,False,True,0.4930824041366577,0.7824925184249878,False,0,0
3073,Reacher,0.07,81,65,20.237695693969727,7.111968994140625,1.2819935083389282,True,True,True,15.429271697998047,0.23759740591049194,False,0,0
3073,Reacher,0.07,82,65,19.774574279785156,2.821502685546875,0.776866614818573,True,True,True,18.706148147583008,0.05403031408786774,False,0,0
3073,Reacher,0.07,83,65,27.023174285888672,7.94427490234375,2.040161609649658,True,True,True,25.30092430114746,0.09091824293136597,False,0,0
3073,Reacher,0.07,84,65,14.563349723815918,6.6551513671875,2.17472767829895,True,True,True,10.991673469543457,0.24525101482868195,False,0,0
3073,Reacher,0.07,85,65,6.241271495819092,1.5389862060546875,0.3662441670894623,True,True,True,5.701774597167969,0.08644022047519684,False,0,0
3073,Reacher,0.07,86,65,23.68720817565918,4.969696044921875,1.1621625423431396,True,True,True,20.710176467895508,0.12568098306655884,False,0,0
3073,Reacher,0.07,87,65,13.686784744262695,4.6282501220703125,1.3891732692718506,True,True,True,11.851463317871094,0.13409443199634552,False,0,0
3073,Reacher,0.07,88,65,2.889641284942627,10.24835205078125,2.9892313480377197,False,False,True,0.42865490913391113,0.8516581058502197,False,0,0
3073,Reacher,0.07,89,65,65.84384155273438,14.043045043945312,4.120964527130127,True,True,True,58.633941650390625,0.16111215949058533,False,0,0
3073,Reacher,0.07,90,65,13.313248634338379,5.4037933349609375,1.410178780555725,True,True,True,12.321847915649414,0.07446720451116562,False,0,0
3073,Reacher,0.07,91,65,8.572662353515625,5.2008209228515625,0.9802129864692688,False,False,True,6.276923179626465,0.26779770851135254,False,0,0
3073,Reacher,0.07,92,65,5.916491985321045,4.36309814453125,1.5053967237472534,False,False,True,4.925132751464844,0.16755865514278412,False,0,0
3073,Reacher,0.07,93,65,2.369678020477295,7.038032531738281,1.901458978652954,False,False,True,0.5829272270202637,0.7540057301521301,False,0,0
3073,Reacher,0.07,94,65,41.503787994384766,8.592811584472656,3.295171022415161,True,True,True,35.31665802001953,0.14907386898994446,False,0,0
3073,Reacher,0.07,95,65,55.00566101074219,8.943695068359375,1.7904548645019531,True,True,True,51.47080993652344,0.06426337361335754,False,0,0
3073,Reacher,0.07,96,65,1.447838306427002,6.0301971435546875,2.205808162689209,False,False,True,1.2262852191925049,0.16860221326351166,False,0,0
3073,Reacher,0.07,97,65,20.179292678833008,10.127365112304688,1.9238858222961426,False,False,True,16.202106475830078,0.19709239900112152,False,0,0
3073,Reacher,0.07,98,65,222.70083618164062,2.3222503662109375,0.4552161991596222,True,True,True,221.18605041503906,0.011043958365917206,False,0,0
3073,Reacher,0.07,99,65,61.37488555908203,1.451507568359375,0.3884361982345581,True,True,True,61.15193176269531,0.009228210896253586,False,0,0
3073,Reacher,0.08,0,65,97.21403503417969,4.699317932128906,0.8453008532524109,True,True,True,92.30716705322266,0.050474874675273895,False,0,0
3073,Reacher,0.08,1,65,28.819692611694336,9.490386962890625,1.6065620183944702,True,True,True,24.204246520996094,0.1601490080356598,False,0,0
3073,Reacher,0.08,2,65,55.945396423339844,6.3795318603515625,1.3655617237091064,True,True,True,52.68017578125,0.08591009676456451,False,0,0
3073,Reacher,0.08,3,65,51.77006530761719,5.3246917724609375,1.2088348865509033,True,True,True,49.3648567199707,0.05335773527622223,False,0,0
3073,Reacher,0.08,4,65,26.703540802001953,9.708465576171875,3.403839111328125,True,True,True,23.377635955810547,0.13368993997573853,False,0,0
3073,Reacher,0.08,5,65,19.775291442871094,10.020126342773438,2.120710611343384,False,False,True,14.592707633972168,0.26207369565963745,False,0,0
3073,Reacher,0.08,6,65,25.28451919555664,1.7291717529296875,0.23297373950481415,True,True,True,24.729520797729492,0.021950149908661842,False,0,0
3073,Reacher,0.08,7,65,102.29500579833984,8.49969482421875,1.0067715644836426,True,True,True,102.12261199951172,0.02843049168586731,False,0,0
3073,Reacher,0.08,8,65,28.719995498657227,11.234970092773438,1.6895825862884521,True,True,True,24.112993240356445,0.16041097044944763,False,0,0
3073,Reacher,0.08,9,65,114.08829498291016,4.3246917724609375,1.0096949338912964,True,True,True,110.89231872558594,0.02801315300166607,False,0,0
3073,Reacher,0.08,10,65,38.227455139160156,13.174171447753906,4.364953517913818,True,True,True,28.723346710205078,0.248619943857193,False,0,0
3073,Reacher,0.08,11,65,0.359041690826416,11.06842041015625,2.763385534286499,False,False,False,-0.6089962720870972,2.696171522140503,False,7,7
3073,Reacher,0.08,12,65,2.4899868965148926,3.80865478515625,1.0369641780853271,False,False,True,2.3273909091949463,0.06529989838600159,False,0,0
3073,Reacher,0.08,13,65,12.608772277832031,11.164047241210938,3.6789023876190186,False,False,True,8.969128608703613,0.28865963220596313,False,0,0
3073,Reacher,0.08,14,65,15.71541976928711,1.735687255859375,0.28974321484565735,True,True,True,15.500749588012695,0.01567704603075981,False,53,53
3073,Reacher,0.08,15,65,308.64447021484375,3.35498046875,1.188389778137207,True,True,True,307.7776794433594,0.009817544370889664,False,0,0
3073,Reacher,0.08,16,65,14.563230514526367,11.619987487792969,2.202289581298828,False,False,True,10.014431953430176,0.3123481869697571,False,0,0
3073,Reacher,0.08,17,65,2.8806304931640625,2.00750732421875,0.2849802076816559,False,False,True,2.5553340911865234,0.11292537301778793,False,0,0
3073,Reacher,0.08,18,65,1.6321440935134888,12.288482666015625,3.5333151817321777,False,False,True,0.6557629108428955,0.5982199907302856,False,0,0
3073,Reacher,0.08,19,65,17.05710792541504,10.620147705078125,2.3585212230682373,False,False,True,11.268965721130371,0.339339017868042,False,0,0
3073,Reacher,0.08,20,65,36.14009475708008,7.550750732421875,1.337135910987854,True,True,True,30.775135040283203,0.14844894409179688,False,0,0
3073,Reacher,0.08,21,65,13.78752613067627,3.036163330078125,0.45295071601867676,True,True,True,13.4619140625,0.02361644245684147,False,0,0
3073,Reacher,0.08,22,65,10.49968433380127,10.07037353515625,2.9357125759124756,False,False,True,9.25571346282959,0.11847700923681259,False,0,0
3073,Reacher,0.08,23,65,18.34149742126465,9.212127685546875,2.1740102767944336,False,False,True,15.324204444885254,0.16450636088848114,False,0,0
3073,Reacher,0.08,24,65,4.744967460632324,12.011123657226562,2.4735159873962402,False,False,True,3.327587604522705,0.29871225357055664,False,0,0
3073,Reacher,0.08,25,65,20.401403427124023,9.56494140625,1.7795213460922241,True,True,True,17.45246696472168,0.22657279670238495,False,0,0
3073,Reacher,0.08,26,65,3.663760185241699,6.5142822265625,1.7216140031814575,False,False,True,2.4619460105895996,0.32802748680114746,False,63,63
3073,Reacher,0.08,27,65,53.77252960205078,7.5916900634765625,1.6777135133743286,True,True,True,51.956581115722656,0.07308074831962585,False,0,0
3073,Reacher,0.08,28,65,29.866308212280273,10.928726196289062,3.0072383880615234,True,True,True,24.214685440063477,0.23690380156040192,False,0,0
3073,Reacher,0.08,29,65,0.5618319511413574,11.036117553710938,2.2528934478759766,False,False,True,0.16862428188323975,0.6998670697212219,False,55,55
3073,Reacher,0.08,30,65,12.238931655883789,3.20220947265625,1.052484393119812,True,True,True,10.890141487121582,0.11020491272211075,False,0,0
3073,Reacher,0.08,31,65,0.18029332160949707,4.7862091064453125,1.0455554723739624,False,False,False,-0.1490909457206726,1.8269355297088623,False,60,60
3073,Reacher,0.08,32,65,2.8310160636901855,9.708251953125,3.245445728302002,False,False,True,1.7722220420837402,0.383545458316803,False,33,33
3073,Reacher,0.08,33,65,10.024200439453125,1.420379638671875,0.24100197851657867,True,True,True,8.761796951293945,0.12593558430671692,False,35,35
3073,Reacher,0.08,34,65,2.2832179069519043,2.9209518432617188,0.7165643572807312,False,False,True,1.5833017826080322,0.3065481185913086,False,0,0
3073,Reacher,0.08,35,65,15.91633415222168,2.27288818359375,0.5722132921218872,True,True,True,15.708502769470215,0.025341108441352844,False,0,0
3073,Reacher,0.08,36,65,8.602742195129395,8.74981689453125,1.952580213546753,False,False,True,7.002989292144775,0.18595848977565765,False,0,0
3073,Reacher,0.08,37,65,2.149214267730713,10.318954467773438,3.1066908836364746,False,False,True,0.6626763343811035,0.691665768623352,False,0,0
3073,Reacher,0.08,38,65,14.986699104309082,5.5389404296875,1.135111689567566,True,True,True,12.73726749420166,0.15009519457817078,False,0,0
3073,Reacher,0.08,39,65,0.611434817314148,5.397613525390625,1.4303561449050903,False,False,True,0.36771678924560547,0.39860019087791443,False,53,53
3073,Reacher,0.08,40,65,16.759553909301758,3.3482208251953125,1.4752893447875977,True,True,True,15.694696426391602,0.07303930073976517,False,0,0
3073,Reacher,0.08,41,65,76.2559814453125,7.591339111328125,1.9326220750808716,True,True,True,73.80427551269531,0.07473112642765045,False,0,0
3073,Reacher,0.08,42,65,18.576656341552734,5.2303924560546875,0.8958153128623962,True,True,True,16.62938690185547,0.10482346266508102,False,0,0
3073,Reacher,0.08,43,65,2.3670802116394043,2.28265380859375,0.6450860500335693,False,False,True,2.133180618286133,0.09881360083818436,False,0,0
3073,Reacher,0.08,44,65,6.664456367492676,6.4573822021484375,1.500731110572815,False,False,True,5.152141571044922,0.22692245244979858,False,0,0
3073,Reacher,0.08,45,65,103.89186096191406,6.9549102783203125,1.2503738403320312,True,True,True,99.03185272216797,0.0516589917242527,False,0,0
3073,Reacher,0.08,46,65,42.42516326904297,5.49853515625,0.8794878721237183,True,True,True,39.51792907714844,0.06852615624666214,False,0,0
3073,Reacher,0.08,47,65,25.33586311340332,15.146484375,5.0312957763671875,False,False,True,24.60011100769043,0.13575057685375214,False,0,0
3073,Reacher,0.08,48,65,65.45299530029297,1.7159881591796875,0.3157099783420563,True,True,True,65.04872131347656,0.012421551160514355,False,0,0
3073,Reacher,0.08,49,65,10.836259841918945,2.686859130859375,0.44704872369766235,True,True,True,10.67443561553955,0.020399492233991623,False,0,0
3073,Reacher,0.08,50,65,30.604848861694336,3.91571044921875,1.1506391763687134,True,True,True,29.473125457763672,0.06722501665353775,False,0,0
3073,Reacher,0.08,51,65,0.3178229331970215,3.169586181640625,0.9302693605422974,False,False,False,-0.02439701557159424,1.0767629146575928,True,0,1
3073,Reacher,0.08,52,65,70.52489471435547,7.6739349365234375,1.1258420944213867,True,True,True,65.3832778930664,0.07606685161590576,False,0,0
3073,Reacher,0.08,53,65,63.17005157470703,4.55499267578125,1.056764841079712,True,True,True,62.15813064575195,0.025248367339372635,False,0,0
3073,Reacher,0.08,54,65,3.912061929702759,5.448974609375,0.9549204707145691,False,False,True,3.343301296234131,0.1453864425420761,False,0,0
3073,Reacher,0.08,55,65,265.6585388183594,2.8582763671875,0.5109232664108276,True,True,True,261.8563232421875,0.014312376268208027,False,0,0
3073,Reacher,0.08,56,65,17.14672088623047,9.727630615234375,2.212599277496338,False,False,True,15.81472110748291,0.18978919088840485,False,0,0
3073,Reacher,0.08,57,65,11.530176162719727,4.621978759765625,1.304219365119934,True,True,True,10.999588966369629,0.04601725563406944,False,0,0
3073,Reacher,0.08,58,65,10.256124496459961,3.0909957885742188,0.8943185210227966,True,True,True,9.753196716308594,0.05412545055150986,False,0,0
3073,Reacher,0.08,59,65,5.73604679107666,2.996490478515625,0.8386011719703674,False,False,True,4.694290637969971,0.1816156953573227,False,0,0
3073,Reacher,0.08,60,65,16.146442413330078,7.998260498046875,2.235761880874634,True,True,True,13.867990493774414,0.14111170172691345,False,0,0
3073,Reacher,0.08,61,65,11.199280738830566,1.6920166015625,0.36832693219184875,True,True,True,10.586902618408203,0.054680172353982925,False,0,0
3073,Reacher,0.08,62,65,43.54747772216797,0.561279296875,0.09128765761852264,True,True,True,43.332271575927734,0.005556921940296888,False,0,0
3073,Reacher,0.08,63,65,111.12674713134766,3.6212158203125,0.836169421672821,True,True,True,108.11803436279297,0.027074601501226425,False,0,0
3073,Reacher,0.08,64,65,66.77130126953125,3.617919921875,0.7394415736198425,True,True,True,65.71841430664062,0.0161448922008276,False,0,0
3073,Reacher,0.08,65,65,1.411635160446167,10.8780517578125,3.002051830291748,False,False,True,0.48911309242248535,0.6535130739212036,False,0,0
3073,Reacher,0.08,66,65,14.964018821716309,16.57275390625,4.206511974334717,False,False,True,9.70216178894043,0.3516339361667633,False,0,0
3073,Reacher,0.08,67,65,15.702301025390625,3.57318115234375,0.8240586519241333,True,True,True,14.018267631530762,0.10724755376577377,False,0,0
3073,Reacher,0.08,68,65,83.2603759765625,7.195709228515625,1.404540777206421,True,True,True,81.92801666259766,0.03997303545475006,False,0,0
3073,Reacher,0.08,69,65,0.2569711208343506,10.603179931640625,1.7987337112426758,False,False,True,0.11458444595336914,0.5540960431098938,False,0,0
3073,Reacher,0.08,70,65,53.02271270751953,6.295684814453125,1.312996506690979,True,True,True,49.27927017211914,0.07060077041387558,False,0,0
3073,Reacher,0.08,71,65,13.823429107666016,3.8660888671875,0.9761948585510254,True,True,True,11.8439359664917,0.1431984305381775,False,0,0
3073,Reacher,0.08,72,65,12.304039001464844,5.3861083984375,1.4839231967926025,True,True,True,11.164473533630371,0.09261718392372131,False,0,0
3073,Reacher,0.08,73,65,20.460975646972656,3.019195556640625,0.617985188961029,True,True,True,20.229684829711914,0.037638645619153976,False,0,0
3073,Reacher,0.08,74,65,18.69447898864746,4.570343017578125,1.5766743421554565,True,True,True,17.775596618652344,0.05000794306397438,False,0,0
3073,Reacher,0.08,75,65,8.507247924804688,8.741973876953125,2.04834246635437,False,False,True,6.748444557189941,0.20674172043800354,False,0,0
3073,Reacher,0.08,76,65,90.42701721191406,3.409881591796875,0.6672722101211548,True,True,True,87.5519790649414,0.03179405629634857,False,0,0
3073,Reacher,0.08,77,65,4.966137409210205,1.9093170166015625,0.6574918627738953,True,True,True,4.451818943023682,0.10356506705284119,False,0,0
3073,Reacher,0.08,78,65,33.55034637451172,5.0474395751953125,1.3709758520126343,True,True,True,30.919048309326172,0.07842835783958435,False,0,0
3073,Reacher,0.08,79,65,1.8063416481018066,7.0020751953125,0.9129259586334229,False,False,True,1.3617711067199707,0.2461165338754654,False,20,20
3073,Reacher,0.08,80,65,1.5273640155792236,3.713775634765625,0.8240877985954285,False,False,True,0.897624135017395,0.4123050272464752,False,0,0
3073,Reacher,0.08,81,65,29.898624420166016,6.481292724609375,1.3068128824234009,True,True,True,25.03534507751465,0.1626589298248291,False,0,0
3073,Reacher,0.08,82,65,13.398719787597656,5.680023193359375,1.4240087270736694,True,True,True,12.957720756530762,0.06638773530721664,False,0,0
3073,Reacher,0.08,83,65,32.773094177246094,5.625640869140625,2.313809633255005,True,True,True,31.905452728271484,0.08052961528301239,False,0,0
3073,Reacher,0.08,84,65,15.431313514709473,7.7035369873046875,2.3312103748321533,True,True,True,11.457931518554688,0.2574882209300995,False,0,0
3073,Reacher,0.08,85,65,7.990177154541016,1.908599853515625,0.35031044483184814,True,True,True,7.362332344055176,0.07857704907655716,False,0,0
3073,Reacher,0.08,86,65,20.39818000793457,3.7255706787109375,0.744666576385498,True,True,True,19.56875991821289,0.046916041523218155,False,0,0
3073,Reacher,0.08,87,65,27.703407287597656,4.8862152099609375,1.3127446174621582,True,True,True,26.70842933654785,0.06033924221992493,False,0,0
3073,Reacher,0.08,88,65,5.252781867980957,8.961257934570312,2.8782217502593994,False,False,True,1.662729263305664,0.6834573745727539,False,0,0
3073,Reacher,0.08,89,65,73.98257446289062,4.13861083984375,1.0717482566833496,True,True,True,72.64027404785156,0.03315417096018791,False,0,0
3073,Reacher,0.08,90,65,16.204631805419922,12.6807861328125,3.5556297302246094,False,False,True,12.91560173034668,0.20959967374801636,False,0,0
3073,Reacher,0.08,91,65,7.35093355178833,10.375961303710938,1.6028759479522705,False,False,True,3.002138614654541,0.5915976166725159,False,0,0
3073,Reacher,0.08,92,65,4.868918418884277,6.3717041015625,1.665636658668518,False,False,True,4.469299793243408,0.1456669718027115,False,0,0
3073,Reacher,0.08,93,65,5.054115295410156,4.342926025390625,1.183643102645874,False,False,True,4.325220108032227,0.14421813189983368,False,0,0
3073,Reacher,0.08,94,65,42.666221618652344,9.166351318359375,3.2728118896484375,True,True,True,37.54790496826172,0.11996177583932877,False,0,0
3073,Reacher,0.08,95,65,41.38685607910156,4.262359619140625,0.9190387725830078,True,True,True,38.40003967285156,0.07216819375753403,False,0,0
3073,Reacher,0.08,96,65,0.02730250358581543,2.2992401123046875,0.7574983835220337,False,False,False,-0.17151808738708496,7.282137870788574,False,32,32
3073,Reacher,0.08,97,65,20.371593475341797,8.781623840332031,1.6477572917938232,True,True,True,17.06995391845703,0.16207078099250793,False,0,0
3073,Reacher,0.08,98,65,209.22842407226562,4.49542236328125,1.1487107276916504,True,True,True,205.47650146484375,0.01924074813723564,False,0,0
3073,Reacher,0.08,99,65,78.03182983398438,3.1588134765625,0.9264730215072632,True,True,True,76.72525787353516,0.020902078598737717,False,0,0
