training_seed,task,std_key,sample_index,candidate_count,clean_margin,sample_max_drift,sample_mean_drift,coarse_cert_pass,cert_pass,sharp_cert_pass,sharp_cert_slack,sharp_normalized_score,top1_flip,clean_best,noisy_best
3073,PushT,0.0,0,65,34.64662551879883,439.99249267578125,267.4239501953125,False,False,False,-813.778076171875,24.487947463989258,True,0,44
3073,PushT,0.0,1,65,179.6195831298828,336.7034912109375,49.329158782958984,False,False,False,-292.88641357421875,2.6305930614471436,True,0,49
3073,PushT,0.0,2,65,193.64739990234375,331.2709045410156,57.81168746948242,False,False,False,-273.4107971191406,2.411900281906128,True,0,48
3073,PushT,0.0,3,65,9.353988647460938,296.7261962890625,141.30694580078125,False,False,False,-503.0633544921875,54.7806282043457,True,2,22
3073,PushT,0.0,4,65,136.81683349609375,396.7825927734375,47.168365478515625,False,False,False,-529.514892578125,4.870246410369873,True,0,32
3073,PushT,0.0,5,65,42.04995346069336,344.82696533203125,160.3905029296875,False,False,False,-635.8589477539062,16.12151527404785,True,0,17
3073,PushT,0.0,6,65,153.80897521972656,537.7667236328125,140.25852966308594,False,False,False,-788.9322509765625,6.129299163818359,True,0,8
3073,PushT,0.0,7,65,70.05068969726562,248.20216369628906,55.37547302246094,False,False,False,-222.39857482910156,4.174823760986328,True,0,25
3073,PushT,0.0,8,65,208.95079040527344,353.6166687011719,65.81161499023438,False,False,False,-305.39825439453125,2.4615797996520996,True,0,62
3073,PushT,0.0,9,65,310.8814697265625,435.22235107421875,31.248489379882812,False,False,False,-204.03427124023438,1.6563090085983276,True,0,50
3073,PushT,0.0,10,65,240.961181640625,475.26531982421875,61.22348403930664,False,False,False,-428.9005126953125,2.779956817626953,True,0,44
3073,PushT,0.0,11,65,215.5648193359375,340.38623046875,137.33168029785156,False,False,False,-306.2127990722656,2.42051362991333,True,0,12
3073,PushT,0.0,12,65,110.52257537841797,333.1455078125,135.78453063964844,False,False,False,-151.0550537109375,2.3667349815368652,True,0,16
3073,PushT,0.0,13,65,86.88250732421875,506.34521484375,204.48390197753906,False,False,False,-816.1856689453125,10.39413070678711,True,0,27
3073,PushT,0.0,14,65,72.33059692382812,335.16644287109375,142.52317810058594,False,False,False,-552.3033447265625,8.635818481445312,True,0,29
3073,PushT,0.0,15,65,17.289079666137695,491.8583679199219,171.3944091796875,False,False,False,-941.726318359375,55.46942901611328,True,0,5
3073,PushT,0.0,16,65,281.22076416015625,332.25836181640625,62.02554702758789,False,False,False,-221.660400390625,1.788207769393921,False,0,0
3073,PushT,0.0,17,65,66.29002380371094,385.06915283203125,109.73954010009766,False,False,False,-637.6851196289062,10.619624137878418,True,0,6
3073,PushT,0.0,18,65,332.2474365234375,405.3646240234375,108.9439926147461,False,False,False,-180.13772583007812,1.5421793460845947,True,0,60
3073,PushT,0.0,19,65,17.32017707824707,228.6678466796875,42.24462890625,False,False,False,-170.52572631835938,10.845494270324707,False,0,0
3073,PushT,0.0,20,65,297.3047790527344,492.69512939453125,123.38147735595703,False,False,False,-385.2006530761719,2.295642375946045,True,0,48
3073,PushT,0.0,21,65,139.4212646484375,451.49505615234375,127.07454681396484,False,False,False,-624.6839599609375,5.480550289154053,True,0,33
3073,PushT,0.0,22,65,83.47749328613281,308.73162841796875,38.229801177978516,False,False,False,-427.93115234375,6.126306056976318,True,0,45
3073,PushT,0.0,23,65,145.6509246826172,355.25848388671875,67.32523345947266,False,False,False,-450.8193054199219,4.095203876495361,False,0,0
3073,PushT,0.0,24,65,2.7732200622558594,343.1646728515625,129.917724609375,False,False,False,-681.12255859375,246.60711669921875,True,0,21
3073,PushT,0.0,25,65,27.852981567382812,449.6116638183594,244.07379150390625,False,False,False,-842.784912109375,31.258338928222656,True,0,60
3073,PushT,0.0,26,65,8.937685012817383,391.5096435546875,306.08203125,False,False,False,-676.0009765625,76.43194580078125,False,0,0
3073,PushT,0.0,27,65,123.15946960449219,472.8229064941406,89.69819641113281,False,False,False,-684.7909545898438,6.560197353363037,True,0,30
3073,PushT,0.0,28,65,140.14166259765625,422.6494445800781,72.48355102539062,False,False,False,-570.8573608398438,5.07343053817749,True,0,14
3073,PushT,0.0,29,65,134.4691619873047,484.813720703125,103.5263671875,False,False,False,-718.7785034179688,6.15952730178833,True,0,34
3073,PushT,0.0,30,65,85.9085464477539,419.700927734375,143.31082153320312,False,False,False,-669.1256103515625,8.788813591003418,True,0,38
3073,PushT,0.0,31,65,215.41004943847656,390.0687561035156,78.67146301269531,False,False,False,-406.90557861328125,2.8307156562805176,False,0,0
3073,PushT,0.0,32,65,34.34370803833008,479.2557373046875,251.3298797607422,False,False,False,-894.26513671875,27.0386905670166,True,0,11
3073,PushT,0.0,33,65,173.24281311035156,349.04541015625,106.07789611816406,False,False,False,-401.984375,3.255347490310669,False,0,0
3073,PushT,0.0,34,65,109.51385498046875,393.59857177734375,97.48701477050781,False,False,False,-572.3943481445312,6.226684093475342,True,0,38
3073,PushT,0.0,35,65,120.21392822265625,463.4661560058594,182.40830993652344,False,False,False,-667.2431640625,6.550465106964111,True,0,59
3073,PushT,0.0,36,65,3.5435962677001953,173.7480926513672,104.86785125732422,False,False,False,-307.96856689453125,84.36247253417969,True,0,25
3073,PushT,0.0,37,65,21.681692123413086,293.9383850097656,160.95480346679688,False,False,False,-546.618408203125,25.81285858154297,True,0,22
3073,PushT,0.0,38,65,129.49192810058594,431.4397888183594,114.97236633300781,False,False,False,-627.19921875,5.843539237976074,True,0,11
3073,PushT,0.0,39,65,144.414794921875,435.9544677734375,92.46017456054688,False,False,False,-590.999755859375,5.092376708984375,True,0,39
3073,PushT,0.0,40,65,89.11911010742188,138.51202392578125,32.572994232177734,False,False,False,-134.1695556640625,2.4861197471618652,True,0,3
3073,PushT,0.0,41,65,68.28681945800781,276.3143005371094,44.263771057128906,False,False,False,-392.62249755859375,6.749608516693115,True,0,3
3073,PushT,0.0,42,65,217.62969970703125,380.9942321777344,63.695777893066406,False,False,False,-338.4299011230469,2.555072069168091,True,0,34
3073,PushT,0.0,43,65,121.32805633544922,431.5910339355469,153.71630859375,False,False,False,-624.933349609375,6.150773048400879,True,0,49
3073,PushT,0.0,44,65,22.515602111816406,230.03564453125,81.54327392578125,False,False,False,-418.7209777832031,19.596925735473633,True,23,9
3073,PushT,0.0,45,65,12.096343994140625,143.28631591796875,61.92554473876953,False,False,False,-233.02325439453125,20.263940811157227,True,59,63
3073,PushT,0.0,46,65,180.7836151123047,398.5820007324219,65.28922271728516,False,False,False,-438.3123779296875,3.424513816833496,True,0,8
3073,PushT,0.0,47,65,104.21879577636719,421.0823974609375,79.49605560302734,False,False,False,-627.86572265625,7.024496078491211,True,0,57
3073,PushT,0.0,48,65,230.69911193847656,442.3829345703125,73.42059326171875,False,False,False,-426.8753356933594,2.850355386734009,True,0,15
3073,PushT,0.0,49,65,280.5181884765625,175.7476348876953,43.75033950805664,False,False,False,-22.196853637695312,1.0727277994155884,False,0,0
3073,PushT,0.0,50,65,189.7357177734375,307.601318359375,36.01482009887695,False,False,False,-257.591552734375,2.357633352279663,True,0,17
3073,PushT,0.0,51,65,79.93470001220703,169.5717315673828,49.179542541503906,False,False,False,-204.65066528320312,3.56022310256958,True,0,62
3073,PushT,0.0,52,65,199.30783081054688,465.7350158691406,131.05262756347656,False,False,False,-552.1012573242188,3.7700929641723633,True,0,12
3073,PushT,0.0,53,65,50.07794189453125,179.337158203125,73.18158721923828,False,False,False,-281.60919189453125,6.623417854309082,False,0,0
3073,PushT,0.0,54,65,3.485671043395996,141.39700317382812,55.012123107910156,False,False,False,-256.3460388183594,74.54281616210938,True,0,16
3073,PushT,0.0,55,65,140.08853149414062,375.17242431640625,88.44342803955078,False,False,False,-456.36920166015625,4.257719993591309,True,0,44
3073,PushT,0.0,56,65,263.11663818359375,472.15997314453125,80.77932739257812,False,False,False,-392.1274108886719,2.4903175830841064,True,0,10
3073,PushT,0.0,57,65,113.99447631835938,339.5632629394531,64.87612915039062,False,False,False,-479.8089294433594,5.209053993225098,True,0,26
3073,PushT,0.0,58,65,221.07789611816406,344.85211181640625,52.225921630859375,False,False,False,-257.150146484375,2.163165330886841,True,0,16
3073,PushT,0.0,59,65,213.91323852539062,286.5771484375,29.04292106628418,False,False,False,-160.31546020507812,1.7494415044784546,True,0,42
3073,PushT,0.0,60,65,42.88719940185547,255.06539916992188,49.338993072509766,False,False,False,-148.380615234375,4.382685661315918,True,0,37
3073,PushT,0.0,61,65,90.00541687011719,394.1225280761719,139.70309448242188,False,False,False,-629.6535034179688,7.982534408569336,True,0,28
3073,PushT,0.0,62,65,115.17489624023438,386.53887939453125,144.0902557373047,False,False,False,-561.756591796875,5.877422332763672,True,0,49
3073,PushT,0.0,63,65,0.5618381500244141,139.30331420898438,30.724451065063477,False,False,False,-112.82894897460938,201.82110595703125,True,0,44
3073,PushT,0.0,64,65,3.752735137939453,351.0098876953125,49.609779357910156,False,False,False,-37.323490142822266,9.75915813446045,True,0,51
3073,PushT,0.0,65,65,204.88697814941406,418.44964599609375,117.58323669433594,False,False,False,-449.75750732421875,3.1951491832733154,True,0,19
3073,PushT,0.0,66,65,43.058128356933594,249.09890747070312,70.7216567993164,False,False,False,-454.59326171875,11.557663917541504,True,50,21
3073,PushT,0.0,67,65,88.62444305419922,308.8311767578125,69.36604309082031,False,False,False,-417.24786376953125,5.70804500579834,True,0,5
3073,PushT,0.0,68,65,8.947563171386719,354.8600769042969,70.59010314941406,False,False,False,-691.9525146484375,78.33419036865234,True,0,58
3073,PushT,0.0,69,65,20.145980834960938,286.8945007324219,116.17704772949219,False,False,False,-522.5343017578125,26.937397003173828,True,0,1
3073,PushT,0.0,70,65,257.57843017578125,493.21856689453125,90.25873565673828,False,False,False,-457.6082458496094,2.776578187942505,True,0,15
3073,PushT,0.0,71,65,88.05452728271484,317.6167907714844,55.3507194519043,False,False,False,-459.58355712890625,6.219305992126465,True,0,29
3073,PushT,0.0,72,65,47.610382080078125,427.4494934082031,139.44178771972656,False,False,False,-745.12451171875,16.650461196899414,True,0,41
3073,PushT,0.0,73,65,5.229698181152344,417.47698974609375,200.00550842285156,False,False,False,-819.0755004882812,157.62002563476562,True,17,35
3073,PushT,0.0,74,65,29.847061157226562,262.387451171875,92.88123321533203,False,False,False,-468.28125,16.26959800720215,True,0,18
3073,PushT,0.0,75,65,0.7913665771484375,170.63742065429688,89.68963623046875,False,False,False,-248.83807373046875,300.3377685546875,True,49,23
3073,PushT,0.0,76,65,47.6409912109375,355.8443603515625,89.571533203125,False,False,False,-581.2415161132812,13.093554496765137,True,1,52
3073,PushT,0.0,77,65,141.14866638183594,518.0726318359375,143.6266632080078,False,False,False,-750.7393188476562,6.318784236907959,True,0,39
3073,PushT,0.0,78,65,299.0093994140625,386.3819274902344,111.51475524902344,False,False,False,-145.38027954101562,1.4862064123153687,True,0,39
3073,PushT,0.0,79,65,37.033416748046875,254.64254760742188,56.891563415527344,False,False,False,-418.2803955078125,12.29467487335205,True,41,21
3073,PushT,0.0,80,65,60.89840316772461,407.2387390136719,109.66365051269531,False,False,False,-682.2158813476562,12.202524185180664,True,0,46
3073,PushT,0.0,81,65,103.83152770996094,489.9429016113281,188.10675048828125,False,False,False,-777.0966796875,8.473977088928223,True,0,31
3073,PushT,0.0,82,65,217.4945831298828,424.67523193359375,49.9770622253418,False,False,False,-356.84686279296875,2.640716075897217,True,0,44
3073,PushT,0.0,83,65,127.85414123535156,406.95587158203125,71.148681640625,False,False,False,-560.7128295898438,5.385566711425781,True,0,41
3073,PushT,0.0,84,65,228.93112182617188,432.7261962890625,100.98944854736328,False,False,False,-406.24383544921875,2.774524211883545,True,0,24
3073,PushT,0.0,85,65,16.482772827148438,351.176513671875,109.2280044555664,False,False,False,-661.7745971679688,41.14946746826172,True,59,14
3073,PushT,0.0,86,65,144.636474609375,494.0391845703125,85.51258087158203,False,False,False,-733.5033569335938,6.0713582038879395,True,0,31
3073,PushT,0.0,87,65,5.007568359375,194.91082763671875,101.88490295410156,False,False,False,-364.6847839355469,73.82672119140625,True,30,0
3073,PushT,0.0,88,65,302.3096618652344,526.1941528320312,44.162506103515625,False,False,False,-475.1698913574219,2.57179856300354,True,0,10
3073,PushT,0.0,89,65,325.86724853515625,417.4990234375,65.1951904296875,False,False,False,-243.48748779296875,1.747198462486267,True,0,60
3073,PushT,0.0,90,65,176.92901611328125,324.7364501953125,60.370521545410156,False,False,False,-294.3663024902344,2.6637537479400635,True,0,16
3073,PushT,0.0,91,65,36.714637756347656,260.72381591796875,70.23297882080078,False,False,False,-441.9983215332031,13.038748741149902,True,0,62
3073,PushT,0.0,92,65,4.184291839599609,244.301513671875,113.96189880371094,False,False,False,-472.59686279296875,113.94548034667969,True,56,53
3073,PushT,0.0,93,65,19.837604522705078,179.82789611816406,61.84590530395508,False,False,False,-294.26416015625,15.772299766540527,True,1,59
3073,PushT,0.0,94,65,16.123783111572266,299.39422607421875,191.7123260498047,False,False,False,-572.5524291992188,35.95954895019531,True,0,13
3073,PushT,0.0,95,65,3.933349609375,168.09829711914062,65.74359893798828,False,False,False,-302.85443115234375,72.87620544433594,True,1,63
3073,PushT,0.0,96,65,40.904457092285156,254.3411102294922,106.54271697998047,False,False,False,-241.90261840820312,6.755522727966309,True,0,62
3073,PushT,0.0,97,65,58.24075698852539,335.5810852050781,115.97157287597656,False,False,False,-578.361328125,10.930524826049805,True,0,60
3073,PushT,0.0,98,65,30.05978012084961,396.5095520019531,135.68716430664062,False,False,False,-730.5721435546875,25.30397605895996,True,0,14
3073,PushT,0.0,99,65,256.06439208984375,410.5845031738281,68.76876068115234,False,False,False,-302.7584533691406,2.1823530197143555,True,0,47
3073,PushT,0.01,0,65,51.294227600097656,183.3694305419922,90.02313995361328,False,False,False,-246.45925903320312,5.804814338684082,True,0,54
3073,PushT,0.01,1,65,204.5965576171875,367.00225830078125,23.333023071289062,False,False,False,-270.45050048828125,2.1936047077178955,True,0,42
3073,PushT,0.01,2,65,236.30189514160156,101.11099243164062,15.742400169372559,True,True,True,194.51513671875,0.2891302704811096,False,0,0
3073,PushT,0.01,3,65,26.3480224609375,170.6678924560547,25.442808151245117,False,False,False,-10.694526672363281,1.2303142547607422,True,56,2
3073,PushT,0.01,4,65,228.1406707763672,106.4794921875,19.187667846679688,True,True,True,159.59085083007812,0.3004717230796814,False,0,0
3073,PushT,0.01,5,65,48.45737838745117,167.30023193359375,57.97049331665039,False,False,False,-93.35245513916016,2.559824228286743,False,0,0
3073,PushT,0.01,6,65,207.52394104003906,55.7938232421875,18.875062942504883,True,True,True,120.52073669433594,0.4192441701889038,False,0,0
3073,PushT,0.01,7,65,116.04508209228516,283.6708984375,39.061920166015625,False,False,True,23.400514602661133,0.8315301537513733,False,0,0
3073,PushT,0.01,8,65,179.3802032470703,202.33905029296875,28.659645080566406,False,False,False,-76.38290405273438,1.2902065515518188,False,0,0
3073,PushT,0.01,9,65,386.52142333984375,455.07904052734375,30.883014678955078,False,False,False,-115.11459350585938,1.2785305976867676,True,0,50
3073,PushT,0.01,10,65,171.73626708984375,299.79345703125,24.587940216064453,False,False,False,-306.2274169921875,2.78312611579895,True,0,12
3073,PushT,0.01,11,65,321.5466003417969,133.2489776611328,38.167823791503906,True,True,True,141.80516052246094,0.569719135761261,False,0,0
3073,PushT,0.01,12,65,64.4515380859375,78.20768737792969,17.549217224121094,False,False,True,41.24709701538086,0.6293002963066101,False,0,0
3073,PushT,0.01,13,65,92.89096069335938,440.4393615722656,171.5063018798828,False,False,False,-671.7354736328125,7.796193599700928,True,0,48
3073,PushT,0.01,14,65,103.04007720947266,193.91342163085938,71.52178192138672,False,False,False,-275.8326721191406,3.6254405975341797,True,0,39
3073,PushT,0.01,15,65,36.33576583862305,112.34432983398438,28.649112701416016,False,False,False,-39.774497985839844,2.014209270477295,False,0,0
3073,PushT,0.01,16,65,259.1307067871094,350.8006591796875,32.1193962097168,False,False,False,-139.39230346679688,1.537922739982605,True,0,16
3073,PushT,0.01,17,65,114.40609741210938,171.27499389648438,45.29353713989258,False,False,False,-189.53958129882812,2.656726121902466,True,0,25
3073,PushT,0.01,18,65,286.3908386230469,92.95614624023438,22.70207405090332,True,True,True,179.78912353515625,0.3722246289253235,False,0,0
3073,PushT,0.01,19,65,8.500232696533203,154.0463409423828,50.00224304199219,False,False,False,-1.2145023345947266,1.142878770828247,True,0,58
3073,PushT,0.01,20,65,137.67637634277344,281.00299072265625,28.248287200927734,False,False,False,-263.73297119140625,2.9156007766723633,True,0,28
3073,PushT,0.01,21,65,83.57200622558594,158.8258819580078,29.358257293701172,False,False,False,-138.14500427246094,2.227903366088867,True,0,26
3073,PushT,0.01,22,65,102.15493774414062,181.45407104492188,14.607647895812988,False,False,False,-144.1593017578125,2.031437397003174,True,0,19
3073,PushT,0.01,23,65,291.2523193359375,39.40191650390625,10.33250617980957,True,True,True,218.52529907226562,0.2497044950723648,False,0,0
3073,PushT,0.01,24,65,18.077754974365234,179.11666870117188,25.85550308227539,False,False,False,-152.598876953125,4.493841648101807,False,0,0
3073,PushT,0.01,25,65,44.01275634765625,201.5572052001953,52.2706298828125,False,False,False,-190.54331970214844,5.3101277351379395,True,0,40
3073,PushT,0.01,26,65,10.610889434814453,155.86477661132812,53.16977310180664,False,False,False,-192.30577087402344,19.123435974121094,True,32,34
3073,PushT,0.01,27,65,108.43441772460938,188.83154296875,24.365249633789062,False,False,False,-152.51742553710938,2.406540632247925,False,0,0
3073,PushT,0.01,28,65,194.56051635742188,348.6968078613281,59.82819747924805,False,False,False,-355.0567626953125,2.599022626876831,True,0,45
3073,PushT,0.01,29,65,152.7354278564453,314.02337646484375,59.22657775878906,False,False,False,-364.3397521972656,3.3854305744171143,False,0,0
3073,PushT,0.01,30,65,156.46099853515625,135.7651824951172,26.02532958984375,False,False,False,-103.91571044921875,1.6641637086868286,False,0,0
3073,PushT,0.01,31,65,213.35552978515625,127.6826171875,42.0474853515625,False,False,True,122.10232543945312,0.576439619064331,False,0,0
3073,PushT,0.01,32,65,33.35273361206055,439.447021484375,220.01551818847656,False,False,False,-801.7659912109375,23.502668380737305,True,0,7
3073,PushT,0.01,33,65,195.49974060058594,452.4656066894531,78.26341247558594,False,False,False,-517.7745361328125,3.6484665870666504,True,0,61
3073,PushT,0.01,34,65,67.08257293701172,235.5366668701172,48.502357482910156,False,False,False,-347.8835754394531,6.185901165008545,True,0,52
3073,PushT,0.01,35,65,154.27926635742188,277.99407958984375,98.81270599365234,False,False,False,-386.91241455078125,3.3392064571380615,True,0,61
3073,PushT,0.01,36,65,2.1328678131103516,252.21412658691406,116.87215423583984,False,False,False,-304.11260986328125,71.98139190673828,True,61,19
3073,PushT,0.01,37,65,47.19803237915039,99.80712890625,25.15342903137207,False,False,False,-53.483219146728516,1.6306418180465698,True,0,4
3073,PushT,0.01,38,65,223.18505859375,215.96139526367188,58.697898864746094,False,False,True,41.58404541015625,0.8886461853981018,False,0,0
3073,PushT,0.01,39,65,143.32704162597656,267.6236877441406,48.26594924926758,False,False,False,-308.28521728515625,3.150921583175659,True,0,14
3073,PushT,0.01,40,65,65.4858169555664,255.03683471679688,25.79086685180664,False,False,False,-400.8687438964844,7.121459007263184,True,40,57
3073,PushT,0.01,41,65,34.20954895019531,259.2915344238281,32.76875686645508,False,False,False,-432.6634826660156,13.647448539733887,True,0,25
3073,PushT,0.01,42,65,209.2463836669922,210.0726776123047,36.528343200683594,False,False,False,-42.35847473144531,1.1820024251937866,True,0,25
3073,PushT,0.01,43,65,147.03994750976562,183.59144592285156,45.98583221435547,False,False,False,-82.51583862304688,1.561179757118225,False,0,0
3073,PushT,0.01,44,65,35.87255096435547,235.03598022460938,47.94184112548828,False,False,False,-409.3304138183594,11.165840148925781,True,51,32
3073,PushT,0.01,45,65,57.04893493652344,204.38534545898438,14.202903747558594,False,False,False,-152.2412109375,3.097397565841675,True,59,0
3073,PushT,0.01,46,65,208.898681640625,247.9690399169922,27.90883445739746,False,False,False,-74.30110931396484,1.3556801080703735,False,0,0
3073,PushT,0.01,47,65,31.984840393066406,364.45703125,65.17330169677734,False,False,False,-658.540771484375,21.589153289794922,True,0,64
3073,PushT,0.01,48,65,200.88442993164062,322.4388732910156,50.72427749633789,False,False,False,-226.7471923828125,2.128744602203369,True,0,58
3073,PushT,0.01,49,65,178.68142700195312,135.047607421875,31.477563858032227,False,False,False,-43.49981689453125,1.2434489727020264,False,0,0
3073,PushT,0.01,50,65,197.6494140625,304.6143493652344,37.82194900512695,False,False,False,-246.7386016845703,2.2483649253845215,True,0,61
3073,PushT,0.01,51,65,79.3049087524414,209.43016052246094,33.517208099365234,False,False,False,-20.729507446289062,1.2254745960235596,True,0,62
3073,PushT,0.01,52,65,85.48361206054688,152.2306671142578,19.566869735717773,False,False,False,-13.888809204101562,1.1624733209609985,False,0,0
3073,PushT,0.01,53,65,106.55206298828125,56.8052978515625,8.922866821289062,False,False,True,81.76301574707031,0.32070955634117126,False,0,0
3073,PushT,0.01,54,65,6.705869674682617,101.99871826171875,14.180337905883789,False,False,False,-48.847999572753906,6.084475994110107,True,0,47
3073,PushT,0.01,55,65,148.669189453125,255.91567993164062,69.38423156738281,False,False,False,-301.912109375,3.030764579772949,True,0,56
3073,PushT,0.01,56,65,245.98016357421875,57.142364501953125,32.374393463134766,True,True,True,161.6502227783203,0.39409512281417847,False,0,0
3073,PushT,0.01,57,65,107.38984680175781,463.37115478515625,129.16571044921875,False,False,False,-728.08984375,7.779876232147217,True,0,31
3073,PushT,0.01,58,65,100.73035430908203,201.21395874023438,21.878923416137695,False,False,False,-205.73992919921875,3.0424818992614746,True,0,18
3073,PushT,0.01,59,65,107.29898834228516,414.98797607421875,31.34978675842285,False,False,False,-586.6187133789062,6.467141151428223,True,0,9
3073,PushT,0.01,60,65,36.859840393066406,152.8019561767578,20.439781188964844,False,False,False,-85.09391784667969,3.2366180419921875,False,0,0
3073,PushT,0.01,61,65,52.68566131591797,43.4720458984375,11.407011985778809,False,False,True,24.174043655395508,0.6055895686149597,False,0,0
3073,PushT,0.01,62,65,167.24172973632812,112.37515258789062,30.193967819213867,False,False,True,2.7895355224609375,0.9833654761314392,False,0,0
3073,PushT,0.01,63,65,11.399282455444336,83.80146026611328,27.836305618286133,False,False,False,-46.36013412475586,3.965123414993286,True,0,46
3073,PushT,0.01,64,65,3.344655990600586,158.53732299804688,16.211387634277344,False,False,False,-6.8031158447265625,2.630993604660034,False,0,0
3073,PushT,0.01,65,65,111.04965209960938,100.30935668945312,33.98969650268555,False,False,False,-52.905059814453125,1.4307827949523926,False,0,0
3073,PushT,0.01,66,65,0.62969970703125,234.43145751953125,80.23643493652344,False,False,False,-455.5300598144531,724.4083862304688,True,34,60
3073,PushT,0.01,67,65,108.36518859863281,179.19862365722656,33.50392532348633,False,False,True,7.481670379638672,0.9309586882591248,False,0,0
3073,PushT,0.01,68,65,139.65936279296875,228.58740234375,53.97132110595703,False,False,False,-49.937660217285156,1.2112640142440796,False,0,0
3073,PushT,0.01,69,65,68.99632263183594,355.72088623046875,89.8837890625,False,False,False,-562.0646362304688,9.146297454833984,True,0,53
3073,PushT,0.01,70,65,225.6064453125,253.2642822265625,20.554841995239258,False,False,False,-104.96826171875,1.4652715921401978,True,0,55
3073,PushT,0.01,71,65,85.97948455810547,290.07562255859375,43.82442855834961,False,False,False,-435.1041259765625,6.0605573654174805,True,0,5
3073,PushT,0.01,72,65,93.5009765625,277.044677734375,38.32211685180664,False,False,False,-361.7677307128906,4.869132995605469,True,0,59
3073,PushT,0.01,73,65,20.86736488342285,179.53192138671875,48.76786804199219,False,False,False,-324.64013671875,11.084238052368164,True,0,17
3073,PushT,0.01,74,65,54.49036407470703,221.9927215576172,35.40582275390625,False,False,False,-334.50164794921875,7.138730049133301,True,0,39
3073,PushT,0.01,75,65,0.2702598571777344,292.1175231933594,32.1988639831543,False,False,False,-51.34174346923828,190.97177124023438,True,22,45
3073,PushT,0.01,76,65,67.05217742919922,286.2646484375,28.465967178344727,False,False,False,-449.9232177734375,7.710046291351318,True,0,46
3073,PushT,0.01,77,65,143.6350860595703,115.99850463867188,25.559032440185547,False,False,True,22.75145721435547,0.8416023850440979,False,0,0
3073,PushT,0.01,78,65,276.439208984375,70.91375732421875,10.123213768005371,True,True,True,204.5170440673828,0.2601735293865204,False,0,0
3073,PushT,0.01,79,65,14.05059814453125,196.2731475830078,51.92082977294922,False,False,False,-362.9730224609375,26.83327865600586,True,41,62
3073,PushT,0.01,80,65,123.83041381835938,197.7595672607422,37.09245681762695,False,False,False,-145.30442810058594,2.173414468765259,True,0,20
3073,PushT,0.01,81,65,34.46369552612305,199.8315887451172,37.60768127441406,False,False,False,-315.864013671875,9.838399887084961,True,0,47
3073,PushT,0.01,82,65,282.80035400390625,435.8992004394531,31.140974044799805,False,False,False,-306.3772888183594,2.083369493484497,True,0,48
3073,PushT,0.01,83,65,220.6928253173828,154.48367309570312,18.216758728027344,False,False,False,-25.9781494140625,1.1177117824554443,False,0,0
3073,PushT,0.01,84,65,130.23641967773438,83.92660522460938,23.31453514099121,False,False,True,72.60462188720703,0.48232534527778625,False,0,0
3073,PushT,0.01,85,65,35.270233154296875,186.44198608398438,30.589569091796875,False,False,False,-254.60055541992188,8.218567848205566,True,64,0
3073,PushT,0.01,86,65,229.18185424804688,456.421875,37.748592376708984,False,False,False,-392.81231689453125,2.4089415073394775,True,0,31
3073,PushT,0.01,87,65,101.93521118164062,145.1839599609375,29.952306747436523,False,False,False,-14.709228515625,1.1325666904449463,False,0,0
3073,PushT,0.01,88,65,342.9063720703125,90.21337890625,16.420101165771484,True,True,True,224.89816284179688,0.412699818611145,False,0,0
3073,PushT,0.01,89,65,357.6286315917969,270.5308532714844,78.95035552978516,False,False,True,69.96825408935547,0.8474452495574951,False,0,0
3073,PushT,0.01,90,65,195.15780639648438,96.42056274414062,19.47348976135254,True,True,True,103.62858581542969,0.543800413608551,False,0,0
3073,PushT,0.01,91,65,154.49835205078125,184.0126190185547,43.00288391113281,False,False,False,-24.485801696777344,1.0965505838394165,True,0,31
3073,PushT,0.01,92,65,11.615591049194336,150.59117126464844,38.87820816040039,False,False,False,-250.1273956298828,22.481569290161133,True,0,1
3073,PushT,0.01,93,65,10.1123046875,198.80612182617188,35.4118537902832,False,False,False,-356.37847900390625,36.242061614990234,True,60,58
3073,PushT,0.01,94,65,9.437772750854492,83.18435668945312,29.36958885192871,False,False,False,-98.82916259765625,10.288246154785156,True,0,19
3073,PushT,0.01,95,65,2.0244827270507812,191.5745086669922,43.52101516723633,False,False,False,-363.6429138183594,180.62261962890625,True,0,43
3073,PushT,0.01,96,65,125.41348266601562,305.0466613769531,96.15730285644531,False,False,False,-74.34840393066406,1.5844513177871704,True,0,61
3073,PushT,0.01,97,65,79.99441528320312,181.9151611328125,63.005577087402344,False,False,False,-170.8399658203125,3.135648727416992,True,0,9
3073,PushT,0.01,98,65,18.025487899780273,110.75827026367188,27.942691802978516,False,False,False,-93.96340942382812,6.212808132171631,False,0,0
3073,PushT,0.01,99,65,244.65724182128906,92.32952880859375,29.16077995300293,True,True,True,140.18128967285156,0.5187550187110901,False,0,0
3073,PushT,0.02,0,65,45.102745056152344,186.61024475097656,46.349674224853516,False,False,False,-71.46861267089844,2.58457350730896,True,0,33
3073,PushT,0.02,1,65,269.6883239746094,412.07958984375,16.100107192993164,False,False,False,-237.71578979492188,1.881446361541748,True,0,42
3073,PushT,0.02,2,65,240.6551971435547,113.9835205078125,9.123023986816406,True,True,True,117.21530151367188,0.5885369181632996,False,0,0
3073,PushT,0.02,3,65,18.502321243286133,102.08699035644531,27.366575241088867,False,False,False,-63.45805358886719,4.429734706878662,True,56,13
3073,PushT,0.02,4,65,178.640380859375,99.6781005859375,25.646770477294922,False,False,True,87.21556091308594,0.5874679684638977,False,0,0
3073,PushT,0.02,5,65,37.48325729370117,320.61456298828125,44.613792419433594,False,False,False,-15.931896209716797,1.425040364265442,False,0,0
3073,PushT,0.02,6,65,144.19984436035156,142.22987365722656,17.80070686340332,False,False,True,127.21894836425781,0.5377979874610901,False,0,0
3073,PushT,0.02,7,65,44.253440856933594,74.13014221191406,10.825852394104004,False,False,True,39.19545364379883,0.27775001525878906,False,0,0
3073,PushT,0.02,8,65,173.50343322753906,120.29486083984375,30.237485885620117,False,False,True,81.38360595703125,0.5494738817214966,False,0,0
3073,PushT,0.02,9,65,338.74114990234375,232.2451934814453,16.53678321838379,False,False,True,61.26570129394531,0.8231024146080017,False,0,0
3073,PushT,0.02,10,65,196.47525024414062,74.98931884765625,12.01098346710205,True,True,True,99.53457641601562,0.49339890480041504,False,0,0
3073,PushT,0.02,11,65,284.9527587890625,223.41896057128906,17.435007095336914,False,False,True,4.0200653076171875,0.985892117023468,False,0,0
3073,PushT,0.02,12,65,76.75556182861328,115.20205688476562,26.798242568969727,False,False,True,35.695804595947266,0.7820453643798828,False,0,0
3073,PushT,0.02,13,65,110.69639587402344,161.99432373046875,46.45817565917969,False,False,True,24.724197387695312,0.7927804589271545,False,0,0
3073,PushT,0.02,14,65,80.5889892578125,112.90631103515625,33.59242630004883,False,False,False,-7.256381988525391,1.0900417566299438,False,0,0
3073,PushT,0.02,15,65,65.45631408691406,141.35086059570312,32.89668655395508,False,False,False,-24.01740264892578,1.3669226169586182,True,0,48
3073,PushT,0.02,16,65,261.36859130859375,101.02944946289062,40.24137496948242,True,True,True,245.45571899414062,0.25401589274406433,False,0,0
3073,PushT,0.02,17,65,104.78502655029297,60.432281494140625,14.18262004852295,False,False,True,87.55123901367188,0.23280200362205505,False,0,0
3073,PushT,0.02,18,65,347.3322448730469,106.96530151367188,9.515926361083984,True,True,True,222.19439697265625,0.3726537227630615,False,0,0
3073,PushT,0.02,19,65,5.537319183349609,83.87471008300781,16.59381675720215,False,False,False,-28.064420700073242,2.765406847000122,False,0,0
3073,PushT,0.02,20,65,223.4263916015625,84.07923889160156,12.783146858215332,True,True,True,106.94721984863281,0.5964155197143555,False,0,0
3073,PushT,0.02,21,65,84.8755874633789,204.49046325683594,36.020545959472656,False,False,False,-147.25234985351562,2.734919786453247,False,0,0
3073,PushT,0.02,22,65,152.59536743164062,153.6524658203125,9.858707427978516,False,False,True,76.49002075195312,0.6870996356010437,False,0,0
3073,PushT,0.02,23,65,219.6704864501953,56.137046813964844,10.267258644104004,True,True,True,112.88134002685547,0.487978994846344,False,0,0
3073,PushT,0.02,24,65,61.33373260498047,141.04664611816406,19.247636795043945,False,False,False,-52.24861526489258,1.5340619087219238,False,0,0
3073,PushT,0.02,25,65,57.787986755371094,44.375274658203125,15.735246658325195,False,False,True,11.385576248168945,0.8524160981178284,False,0,0
3073,PushT,0.02,26,65,11.874946594238281,199.31234741210938,78.24727630615234,False,False,False,-271.9662780761719,18.994033813476562,True,32,20
3073,PushT,0.02,27,65,142.4395294189453,367.8635559082031,39.89188003540039,False,False,False,-472.24005126953125,4.315371990203857,True,0,54
3073,PushT,0.02,28,65,206.09153747558594,61.394775390625,17.991283416748047,True,True,True,171.6975555419922,0.20954272150993347,False,0,0
3073,PushT,0.02,29,65,142.4713134765625,302.1380615234375,54.86543273925781,False,False,False,-316.53912353515625,2.5805203914642334,True,0,51
3073,PushT,0.02,30,65,161.22080993652344,103.12126159667969,25.606224060058594,False,False,False,-19.155975341796875,1.1188182830810547,True,0,60
3073,PushT,0.02,31,65,289.9971618652344,28.709228515625,10.893696784973145,True,True,True,280.9079895019531,0.09155622124671936,False,0,0
3073,PushT,0.02,32,65,4.639080047607422,331.50823974609375,136.26683044433594,False,False,False,-537.9132080078125,95.92444610595703,True,38,0
3073,PushT,0.02,33,65,194.34873962402344,121.28083038330078,17.077810287475586,False,False,True,45.881324768066406,0.7639226913452148,False,0,0
3073,PushT,0.02,34,65,140.17559814453125,301.73211669921875,30.101163864135742,False,False,False,-23.207481384277344,1.0695396661758423,True,0,39
3073,PushT,0.02,35,65,136.86569213867188,379.33856201171875,110.9217300415039,False,False,False,-506.17608642578125,4.22675895690918,True,0,61
3073,PushT,0.02,36,65,2.5824127197265625,114.93824768066406,55.882137298583984,False,False,False,-133.28070068359375,41.81353759765625,True,1,2
3073,PushT,0.02,37,65,30.11981964111328,98.13720703125,24.13204002380371,False,False,True,14.537012100219727,0.653478741645813,False,0,0
3073,PushT,0.02,38,65,102.48086547851562,198.0744171142578,38.43756103515625,False,False,True,21.541229248046875,0.8929782509803772,False,0,0
3073,PushT,0.02,39,65,136.0994415283203,232.76060485839844,30.488229751586914,False,False,False,-245.29660034179688,2.8023338317871094,True,0,14
3073,PushT,0.02,40,65,120.20431518554688,135.94198608398438,20.877431869506836,False,False,True,47.52949523925781,0.6045941114425659,False,0,0
3073,PushT,0.02,41,65,48.853912353515625,306.478271484375,41.4337272644043,False,False,False,-538.9472045898438,12.031813621520996,True,0,52
3073,PushT,0.02,42,65,203.53768920898438,67.59390258789062,21.115148544311523,True,True,True,159.4466552734375,0.3782255947589874,False,0,0
3073,PushT,0.02,43,65,127.41303253173828,143.07577514648438,39.581729888916016,False,False,False,-86.46737670898438,1.5749868154525757,False,0,0
3073,PushT,0.02,44,65,12.630355834960938,177.46653747558594,33.62755584716797,False,False,False,-159.98529052734375,13.666728973388672,False,40,40
3073,PushT,0.02,45,65,3.2987518310546875,28.074600219726562,9.772894859313965,False,False,False,-8.41943359375,3.086850643157959,False,2,2
3073,PushT,0.02,46,65,225.1203155517578,77.2332763671875,13.388917922973633,True,True,True,189.07203674316406,0.2603207230567932,False,0,0
3073,PushT,0.02,47,65,92.41343688964844,156.86805725097656,20.260744094848633,False,False,False,-29.9351806640625,1.3239266872406006,False,0,0
3073,PushT,0.02,48,65,193.90896606445312,135.72564697265625,30.443052291870117,False,False,True,47.30272674560547,0.7973792552947998,False,0,0
3073,PushT,0.02,49,65,244.1985626220703,82.08554077148438,18.318317413330078,True,True,True,199.80731201171875,0.22580944001674652,False,0,0
3073,PushT,0.02,50,65,224.7181854248047,270.1265563964844,31.305356979370117,False,False,False,-103.23347473144531,1.4593908786773682,True,0,21
3073,PushT,0.02,51,65,78.69664001464844,109.3748779296875,12.673377990722656,False,False,True,11.891639709472656,0.8488926887512207,False,0,0
3073,PushT,0.02,52,65,162.10848999023438,80.81204223632812,21.30230140686035,True,True,True,95.5369644165039,0.4106603264808655,False,0,0
3073,PushT,0.02,53,65,155.02743530273438,65.25968170166016,6.876406669616699,True,True,True,75.12383270263672,0.5154159069061279,False,0,0
3073,PushT,0.02,54,65,13.671520233154297,121.89582061767578,14.00607681274414,False,False,True,3.4569625854492188,0.9523332715034485,False,0,0
3073,PushT,0.02,55,65,146.0855255126953,269.77862548828125,53.3743896484375,False,False,False,-380.3797607421875,3.6038153171539307,True,0,56
3073,PushT,0.02,56,65,213.03045654296875,24.986923217773438,9.354166984558105,True,True,True,188.40846252441406,0.1587877720594406,False,0,0
3073,PushT,0.02,57,65,111.86406707763672,342.84735107421875,87.59097290039062,False,False,False,-471.43115234375,5.214321613311768,True,0,19
3073,PushT,0.02,58,65,278.7798156738281,230.93441772460938,26.006017684936523,False,False,True,4.61517333984375,0.9841667413711548,False,0,0
3073,PushT,0.02,59,65,287.886474609375,294.98370361328125,26.57258415222168,False,False,False,-71.71817016601562,1.2491196393966675,False,0,0
3073,PushT,0.02,60,65,28.370922088623047,144.42837524414062,16.816925048828125,False,False,False,-30.684101104736328,2.081533432006836,False,0,0
3073,PushT,0.02,61,65,87.27374267578125,84.66233825683594,18.092676162719727,False,False,False,-34.71817398071289,1.397253394126892,False,0,0
3073,PushT,0.02,62,65,168.9929656982422,27.367263793945312,10.468913078308105,True,True,True,135.32608032226562,0.21272653341293335,False,0,0
3073,PushT,0.02,63,65,0.23833084106445312,97.23384094238281,12.450272560119629,False,False,False,-10.409526824951172,21.407398223876953,True,0,6
3073,PushT,0.02,64,65,1.0439319610595703,145.23924255371094,22.96407127380371,False,False,False,-13.371467590332031,12.476760864257812,False,0,0
3073,PushT,0.02,65,65,231.17111206054688,118.946044921875,22.656063079833984,False,False,True,13.591064453125,0.941207766532898,False,0,0
3073,PushT,0.02,66,65,7.9366302490234375,96.46502685546875,30.39510154724121,False,False,False,-136.808349609375,18.237586975097656,True,0,1
3073,PushT,0.02,67,65,118.81866455078125,65.92955017089844,23.52471351623535,False,False,True,51.407283782958984,0.5673466920852661,False,0,0
3073,PushT,0.02,68,65,222.60507202148438,71.07180786132812,17.56110954284668,True,True,True,164.1359100341797,0.2939912676811218,False,0,0
3073,PushT,0.02,69,65,86.20024108886719,296.9397888183594,51.134735107421875,False,False,False,-368.55511474609375,4.213923454284668,True,0,47
3073,PushT,0.02,70,65,230.7737579345703,245.60157775878906,17.524503707885742,False,False,False,-111.01876831054688,1.4309684038162231,True,0,55
3073,PushT,0.02,71,65,114.38707733154297,172.6497039794922,36.172847747802734,False,False,False,-142.34442138671875,2.2444100379943848,True,0,17
3073,PushT,0.02,72,65,94.12328338623047,91.48895263671875,29.369102478027344,False,False,False,-29.907482147216797,1.317747950553894,False,0,0
3073,PushT,0.02,73,65,19.24649429321289,200.48583984375,50.50407791137695,False,False,False,-299.22052001953125,9.174548149108887,True,0,17
3073,PushT,0.02,74,65,85.87590026855469,67.54145812988281,13.539438247680664,False,False,False,-4.854591369628906,1.050948143005371,True,0,19
3073,PushT,0.02,75,65,2.868891716003418,123.17081451416016,14.087593078613281,False,False,False,-7.28837776184082,2.7796576023101807,True,22,27
3073,PushT,0.02,76,65,29.7623291015625,52.96832275390625,12.863996505737305,False,False,False,-45.53448486328125,2.195772409439087,False,0,0
3073,PushT,0.02,77,65,85.02535247802734,51.7242431640625,15.220534324645996,False,False,True,42.368682861328125,0.5016935467720032,False,0,0
3073,PushT,0.02,78,65,323.6432800292969,75.34970092773438,14.511540412902832,True,True,True,317.58453369140625,0.18043099343776703,False,0,0
3073,PushT,0.02,79,65,4.073570251464844,119.37814331054688,20.120508193969727,False,False,False,-84.85299682617188,21.830129623413086,False,41,41
3073,PushT,0.02,80,65,97.76203918457031,146.93939208984375,19.084775924682617,False,False,False,-2.2803421020507812,1.0120649337768555,False,0,0
3073,PushT,0.02,81,65,88.8123550415039,95.06649780273438,18.972448348999023,False,False,False,-21.233530044555664,1.2390830516815186,False,0,0
3073,PushT,0.02,82,65,316.94927978515625,343.5087890625,17.48332405090332,False,False,False,-46.33203125,1.1432628631591797,True,0,44
3073,PushT,0.02,83,65,180.3223876953125,58.81242370605469,16.06547737121582,True,True,True,118.46397399902344,0.3430434465408325,False,0,0
3073,PushT,0.02,84,65,92.02206420898438,22.054779052734375,6.355678558349609,True,True,True,80.89372253417969,0.18469856679439545,False,0,0
3073,PushT,0.02,85,65,41.260009765625,110.24943542480469,25.673219680786133,False,False,False,-100.17243194580078,2.3538498878479004,False,64,64
3073,PushT,0.02,86,65,318.03857421875,58.308197021484375,9.902178764343262,True,True,True,267.8814392089844,0.21006429195404053,False,0,0
3073,PushT,0.02,87,65,44.86907958984375,158.09707641601562,32.194190979003906,False,False,False,-60.055633544921875,2.1663246154785156,True,0,38
3073,PushT,0.02,88,65,271.1439514160156,98.05166625976562,27.616535186767578,True,True,True,154.3358154296875,0.4307974874973297,False,0,0
3073,PushT,0.02,89,65,302.3968200683594,306.77447509765625,48.34785079956055,False,False,False,-47.407562255859375,1.1567727327346802,False,0,0
3073,PushT,0.02,90,65,228.78846740722656,183.99591064453125,21.890331268310547,False,False,True,23.970138549804688,0.9063053727149963,False,0,0
3073,PushT,0.02,91,65,129.5438690185547,218.36135864257812,49.0993766784668,False,False,False,-99.82597351074219,1.5014334917068481,True,0,31
3073,PushT,0.02,92,65,9.763065338134766,94.26840209960938,34.820716857910156,False,False,False,-176.96533203125,19.126001358032227,True,0,1
3073,PushT,0.02,93,65,81.18623352050781,302.2760314941406,16.83289909362793,False,False,False,-41.211612701416016,1.1464301347732544,True,1,0
3073,PushT,0.02,94,65,3.5822696685791016,30.623586654663086,11.690666198730469,False,False,False,-32.129669189453125,6.780319690704346,False,16,16
3073,PushT,0.02,95,65,43.90435791015625,19.39215087890625,6.186224937438965,True,True,True,19.881221771240234,0.5471697449684143,False,1,1
3073,PushT,0.02,96,65,83.3366928100586,78.93913269042969,29.518266677856445,False,False,False,-15.210647583007812,1.1825203895568848,True,0,26
3073,PushT,0.02,97,65,60.62550354003906,96.11563110351562,21.501100540161133,False,False,True,25.777725219726562,0.5848603248596191,False,0,0
3073,PushT,0.02,98,65,25.259862899780273,69.9056396484375,16.868093490600586,False,False,False,-28.27693748474121,1.90109384059906,False,0,0
3073,PushT,0.02,99,65,230.52621459960938,110.19329833984375,23.814367294311523,True,True,True,124.9368667602539,0.5191927552223206,False,0,0
3073,PushT,0.03,0,65,54.043800354003906,68.67462158203125,14.328068733215332,False,False,True,35.23643493652344,0.34800228476524353,False,0,0
3073,PushT,0.03,1,65,342.71966552734375,262.3013000488281,7.80910062789917,False,False,True,56.953216552734375,0.8402417302131653,False,0,0
3073,PushT,0.03,2,65,239.87551879882812,25.738555908203125,2.1811301708221436,True,True,True,237.69918823242188,0.0949186310172081,False,0,0
3073,PushT,0.03,3,65,27.30837631225586,69.16525268554688,9.177611351013184,False,False,False,-16.201923370361328,1.2765756845474243,False,56,56
3073,PushT,0.03,4,65,222.19029235839844,82.81283569335938,10.100805282592773,True,True,True,181.23025512695312,0.20278626680374146,False,0,0
3073,PushT,0.03,5,65,46.7679557800293,26.278076171875,4.792348384857178,False,False,True,43.51668930053711,0.09775977581739426,False,0,0
3073,PushT,0.03,6,65,229.9007110595703,118.42857360839844,9.97564697265625,False,False,True,110.81655883789062,0.5448213815689087,False,0,0
3073,PushT,0.03,7,65,100.7225341796875,28.85437774658203,4.429754257202148,True,True,True,70.60525512695312,0.29901233315467834,False,0,0
3073,PushT,0.03,8,65,225.99693298339844,45.5223388671875,6.475083827972412,True,True,True,190.3231964111328,0.19443853199481964,False,0,0
3073,PushT,0.03,9,65,347.6531982421875,42.197265625,4.204585552215576,True,True,True,321.9620056152344,0.1423700898885727,False,0,0
3073,PushT,0.03,10,65,105.4888687133789,24.900222778320312,3.4930150508880615,True,True,True,76.54798889160156,0.2743500769138336,False,0,0
3073,PushT,0.03,11,65,300.5896911621094,25.521209716796875,4.453583240509033,True,True,True,281.7249450683594,0.0859333798289299,False,0,0
3073,PushT,0.03,12,65,96.24761962890625,44.52459716796875,12.356553077697754,True,True,True,75.96345520019531,0.2107497751712799,False,0,0
3073,PushT,0.03,13,65,119.8638687133789,60.0009765625,13.758355140686035,False,False,True,89.59159851074219,0.3264259696006775,False,0,0
3073,PushT,0.03,14,65,76.06986999511719,22.631317138671875,5.740524768829346,True,True,True,71.2476806640625,0.1531406044960022,False,0,0
3073,PushT,0.03,15,65,109.00843048095703,36.43951416015625,5.771137714385986,True,True,True,94.72599029541016,0.1363641619682312,False,0,0
3073,PushT,0.03,16,65,316.9781494140625,6.757598876953125,2.350205421447754,True,True,True,316.3744201660156,0.01756332814693451,False,0,0
3073,PushT,0.03,17,65,120.67729187011719,70.530517578125,7.4024152755737305,False,False,True,97.75035858154297,0.3139515519142151,False,0,0
3073,PushT,0.03,18,65,306.1973876953125,24.55853271484375,3.5863497257232666,True,True,True,276.33447265625,0.09752828627824783,False,0,0
3073,PushT,0.03,19,65,7.999794960021973,17.285308837890625,4.46866512298584,False,False,True,6.685395240783691,0.18022118508815765,False,0,0
3073,PushT,0.03,20,65,238.6431121826172,279.96038818359375,10.80367374420166,False,False,False,-48.43327331542969,1.2029527425765991,True,0,32
3073,PushT,0.03,21,65,130.32254028320312,90.27058410644531,14.884986877441406,False,False,True,66.3950424194336,0.4905329644680023,False,0,0
3073,PushT,0.03,22,65,280.58746337890625,72.48825073242188,11.755581855773926,True,True,True,165.7830810546875,0.44081178307533264,False,0,0
3073,PushT,0.03,23,65,276.5,66.55093383789062,5.949272155761719,True,True,True,199.71859741210938,0.2813723683357239,False,0,0
3073,PushT,0.03,24,65,83.98304748535156,25.997772216796875,5.119044303894043,True,True,True,54.2833251953125,0.35363951325416565,False,0,0
3073,PushT,0.03,25,65,34.64478302001953,83.858642578125,30.235641479492188,False,False,True,17.96430778503418,0.6346468329429626,False,0,0
3073,PushT,0.03,26,65,37.152305603027344,48.21751403808594,12.283428192138672,False,False,True,21.18121337890625,0.5368666648864746,False,32,32
3073,PushT,0.03,27,65,62.1424560546875,142.12060546875,10.801970481872559,False,False,False,-203.45687866210938,4.2740397453308105,True,14,13
3073,PushT,0.03,28,65,247.88929748535156,19.243759155273438,5.0165486335754395,True,True,True,244.33998107910156,0.08245105296373367,False,0,0
3073,PushT,0.03,29,65,154.8585968017578,34.18486022949219,6.443546295166016,True,True,True,117.3918685913086,0.24194154143333435,False,0,0
3073,PushT,0.03,30,65,150.80593872070312,43.8458251953125,8.119853019714355,True,True,True,119.8781509399414,0.20508338510990143,False,0,0
3073,PushT,0.03,31,65,291.68896484375,11.416412353515625,2.0499558448791504,True,True,True,286.5177307128906,0.04187481477856636,False,0,0
3073,PushT,0.03,32,65,26.3533935546875,37.51304626464844,7.580615997314453,False,False,True,17.58242416381836,0.332821249961853,False,0,0
3073,PushT,0.03,33,65,183.65103149414062,85.08486938476562,5.114015102386475,True,True,True,163.75877380371094,0.22985611855983734,False,0,0
3073,PushT,0.03,34,65,113.26434326171875,43.23651123046875,6.768243789672852,True,True,True,88.97972869873047,0.29471534490585327,False,0,0
3073,PushT,0.03,35,65,129.7071990966797,48.629638671875,11.275150299072266,True,True,True,112.92445373535156,0.21165700256824493,False,0,0
3073,PushT,0.03,36,65,12.6419677734375,39.46015930175781,19.778898239135742,False,False,False,-23.134483337402344,2.829974889755249,False,61,61
3073,PushT,0.03,37,65,43.67059326171875,54.207733154296875,13.528970718383789,False,False,True,26.806068420410156,0.4050314724445343,False,0,0
3073,PushT,0.03,38,65,153.52462768554688,49.104515075683594,17.9577693939209,True,True,True,90.00220489501953,0.4137604832649231,False,0,0
3073,PushT,0.03,39,65,173.6917266845703,12.6080322265625,3.4508023262023926,True,True,True,171.013916015625,0.03862487152218819,False,0,0
3073,PushT,0.03,40,65,295.8529968261719,57.43438720703125,3.7377769947052,True,True,True,268.33062744140625,0.16220025718212128,False,0,0
3073,PushT,0.03,41,65,124.74364471435547,203.093017578125,25.457809448242188,False,False,False,-247.21661376953125,2.981797218322754,False,0,0
3073,PushT,0.03,42,65,222.60006713867188,32.379425048828125,5.350128173828125,True,True,True,214.8090362548828,0.12568777799606323,False,0,0
3073,PushT,0.03,43,65,139.8765106201172,101.88601684570312,15.788985252380371,False,False,True,37.997886657714844,0.7312573194503784,False,0,0
3073,PushT,0.03,44,65,0.1907806396484375,83.17292785644531,17.231388092041016,False,False,False,-16.765243530273438,88.87706756591797,True,23,0
3073,PushT,0.03,45,65,23.320526123046875,14.402557373046875,2.7967636585235596,False,False,True,8.021453857421875,0.6560345888137817,False,59,59
3073,PushT,0.03,46,65,222.61207580566406,12.321197509765625,3.509624719619751,True,True,True,220.44439697265625,0.046404823660850525,False,0,0
3073,PushT,0.03,47,65,93.05121612548828,152.09622192382812,11.669560432434082,False,False,False,-84.22877502441406,1.9051871299743652,False,0,0
3073,PushT,0.03,48,65,235.9774932861328,44.74884033203125,10.089080810546875,True,True,True,209.95309448242188,0.13130761682987213,False,0,0
3073,PushT,0.03,49,65,222.35560607910156,34.188697814941406,12.26819133758545,True,True,True,167.21881103515625,0.2479667067527771,False,0,0
3073,PushT,0.03,50,65,241.39065551757812,54.479644775390625,8.063398361206055,True,True,True,171.0303192138672,0.2914791405200958,False,0,0
3073,PushT,0.03,51,65,76.3055191040039,62.965972900390625,13.105759620666504,False,False,True,22.511077880859375,0.7049875259399414,False,0,0
3073,PushT,0.03,52,65,134.45387268066406,61.8538818359375,9.171042442321777,True,True,True,39.8875732421875,0.7033363580703735,False,0,0
3073,PushT,0.03,53,65,187.77162170410156,28.959909439086914,6.366556644439697,True,True,True,139.80360412597656,0.2554593086242676,False,0,0
3073,PushT,0.03,54,65,23.83462142944336,56.447021484375,12.423754692077637,False,False,False,-0.31094837188720703,1.0130460262298584,False,0,0
3073,PushT,0.03,55,65,167.55015563964844,71.76943969726562,8.779631614685059,True,True,True,164.46151733398438,0.2782786786556244,False,0,0
3073,PushT,0.03,56,65,254.32896423339844,29.8778076171875,11.733075141906738,True,True,True,211.82965087890625,0.19921471178531647,False,0,0
3073,PushT,0.03,57,65,107.23680114746094,34.68994140625,5.17526388168335,True,True,True,91.00936126708984,0.1675046980381012,False,0,0
3073,PushT,0.03,58,65,270.6175231933594,91.85783386230469,9.5382719039917,True,True,True,170.7875518798828,0.3688969314098358,False,0,0
3073,PushT,0.03,59,65,88.51602172851562,48.55174255371094,8.095064163208008,False,False,True,27.43436050415039,0.6900633573532104,False,0,0
3073,PushT,0.03,60,65,44.53519821166992,5.1156158447265625,1.5794932842254639,True,True,True,42.63627243041992,0.05313418060541153,False,0,0
3073,PushT,0.03,61,65,77.5364990234375,22.748321533203125,6.330916881561279,True,True,True,72.06262969970703,0.13425810635089874,False,0,0
3073,PushT,0.03,62,65,203.04806518554688,18.617202758789062,5.105245590209961,True,True,True,182.19479370117188,0.10270117968320847,False,0,0
3073,PushT,0.03,63,65,7.151704788208008,48.0673828125,17.532848358154297,False,False,False,-28.94591522216797,5.047414302825928,True,0,16
3073,PushT,0.03,64,65,5.232332229614258,18.10205078125,3.803541660308838,False,False,True,3.4601755142211914,0.4128893315792084,False,0,0
3073,PushT,0.03,65,65,182.15338134765625,91.9340591430664,4.522719860076904,False,False,True,88.76360321044922,0.5126985907554626,False,0,0
3073,PushT,0.03,66,65,16.60186767578125,25.264617919921875,5.724449634552002,False,False,True,5.8961029052734375,0.8341391682624817,False,31,31
3073,PushT,0.03,67,65,131.93597412109375,46.52288818359375,19.605403900146484,True,True,True,78.64889526367188,0.423862099647522,False,0,0
3073,PushT,0.03,68,65,248.1579132080078,55.409637451171875,7.647293567657471,True,True,True,175.51165771484375,0.3278246521949768,False,0,0
3073,PushT,0.03,69,65,107.4380874633789,102.97418212890625,18.130380630493164,False,False,True,46.73968505859375,0.5649616718292236,False,0,0
3073,PushT,0.03,70,65,238.4086151123047,147.55926513671875,13.222177505493164,False,False,True,33.777706146240234,0.8583201169967651,False,0,0
3073,PushT,0.03,71,65,110.24124145507812,105.80642700195312,9.605032920837402,False,False,True,15.302165985107422,0.8611937761306763,False,0,0
3073,PushT,0.03,72,65,57.52471160888672,26.15521240234375,5.28182315826416,True,True,True,40.10337829589844,0.30284956097602844,False,0,0
3073,PushT,0.03,73,65,1.0805473327636719,44.825592041015625,6.3460917472839355,False,False,False,-11.804527282714844,11.924581527709961,False,16,16
3073,PushT,0.03,74,65,114.72821807861328,38.86243438720703,4.276848793029785,True,True,True,69.32220458984375,0.39577022194862366,False,0,0
3073,PushT,0.03,75,65,0.7603778839111328,23.197357177734375,4.201074123382568,False,False,False,-10.467618942260742,10.40902328491211,True,0,22
3073,PushT,0.03,76,65,14.486572265625,29.982635498046875,2.6202425956726074,False,False,False,-21.135589599609375,2.4589779376983643,True,1,0
3073,PushT,0.03,77,65,141.51040649414062,51.506622314453125,10.924227714538574,True,True,True,119.8765640258789,0.31446272134780884,False,0,0
3073,PushT,0.03,78,65,347.5075988769531,14.02728271484375,5.138840675354004,True,True,True,338.3363342285156,0.031175514683127403,False,0,0
3073,PushT,0.03,79,65,28.259262084960938,45.416290283203125,9.872772216796875,False,False,False,-49.58845520019531,2.754768133163452,False,0,0
3073,PushT,0.03,80,65,152.69833374023438,35.5469970703125,7.630966663360596,True,True,True,125.22264099121094,0.19579020142555237,False,0,0
3073,PushT,0.03,81,65,96.22151947021484,82.76153564453125,19.855724334716797,False,False,True,9.208250045776367,0.922958493232727,False,0,0
3073,PushT,0.03,82,65,286.3182373046875,20.405338287353516,5.804495334625244,True,True,True,265.38873291015625,0.08410477638244629,False,0,0
3073,PushT,0.03,83,65,221.93905639648438,19.3153076171875,7.4528489112854,True,True,True,213.5146484375,0.061663784086704254,False,0,0
3073,PushT,0.03,84,65,233.57278442382812,29.67020606994629,7.451621055603027,True,True,True,203.63490295410156,0.2059255689382553,False,0,0
3073,PushT,0.03,85,65,11.972747802734375,61.10478210449219,7.9780592918396,False,False,False,-70.42041015625,6.881724834442139,False,0,0
3073,PushT,0.03,86,65,272.3992919921875,23.204620361328125,4.044805526733398,True,True,True,257.0125732421875,0.07766932994127274,False,0,0
3073,PushT,0.03,87,65,190.6343231201172,20.917724609375,4.359514236450195,True,True,True,166.1403045654297,0.13106325268745422,False,0,0
3073,PushT,0.03,88,65,337.9995422363281,7.63543701171875,2.879016160964966,True,True,True,335.3221740722656,0.02276933379471302,False,0,0
3073,PushT,0.03,89,65,317.7430725097656,26.750396728515625,6.064638614654541,True,True,True,309.8092956542969,0.08181557059288025,False,0,0
3073,PushT,0.03,90,65,243.86697387695312,51.90874481201172,4.96134090423584,True,True,True,174.37164306640625,0.34720975160598755,False,0,0
3073,PushT,0.03,91,65,181.33795166015625,142.78433227539062,11.811161994934082,False,False,True,13.902084350585938,0.9233360290527344,False,0,0
3073,PushT,0.03,92,65,15.503501892089844,21.227432250976562,6.107390403747559,False,False,False,-4.81817626953125,1.3107798099517822,False,0,0
3073,PushT,0.03,93,65,7.24945068359375,56.359649658203125,11.195786476135254,False,False,False,-24.476348876953125,4.26846981048584,False,15,15
3073,PushT,0.03,94,65,19.41913604736328,10.664443969726562,4.491793155670166,False,False,True,6.141873359680176,0.683720588684082,False,0,0
3073,PushT,0.03,95,65,37.83306884765625,65.81901550292969,13.028820991516113,False,False,False,-34.45118713378906,1.9106104373931885,False,1,1
3073,PushT,0.03,96,65,61.848575592041016,77.82940673828125,6.2543487548828125,False,False,True,59.584693908691406,0.20415069162845612,False,0,0
3073,PushT,0.03,97,65,77.9996109008789,34.857177734375,4.772627830505371,True,True,True,74.33545684814453,0.2005843073129654,False,0,0
3073,PushT,0.03,98,65,36.330997467041016,38.126953125,12.551137924194336,False,False,False,-8.178783416748047,1.225118637084961,False,0,0
3073,PushT,0.03,99,65,277.39495849609375,65.35940551757812,8.494595527648926,True,True,True,259.44091796875,0.19883887469768524,False,0,0
3073,PushT,0.04,0,65,48.17506790161133,85.64593505859375,8.74072265625,False,False,True,47.7094841003418,0.26181086897850037,False,0,0
3073,PushT,0.04,1,65,273.782470703125,15.77817153930664,2.065274715423584,True,True,True,257.867919921875,0.08726651221513748,False,0,0
3073,PushT,0.04,2,65,168.04010009765625,25.403656005859375,4.513099193572998,True,True,True,138.97166442871094,0.20063067972660065,False,0,0
3073,PushT,0.04,3,65,20.594989776611328,33.845367431640625,5.092898845672607,False,False,True,3.5082626342773438,0.8296545743942261,False,2,2
3073,PushT,0.04,4,65,197.86590576171875,86.20535278320312,12.329264640808105,True,True,True,109.68518829345703,0.44565898180007935,False,0,0
3073,PushT,0.04,5,65,77.24207305908203,15.519805908203125,3.3438358306884766,True,True,True,69.04110717773438,0.10617230087518692,False,0,0
3073,PushT,0.04,6,65,220.96640014648438,41.0611572265625,5.646968364715576,True,True,True,203.90724182128906,0.1293753981590271,False,0,0
3073,PushT,0.04,7,65,80.20854949951172,8.1383056640625,2.1084280014038086,True,True,True,77.0549087524414,0.039318036288022995,False,0,0
3073,PushT,0.04,8,65,184.71881103515625,36.84132385253906,3.420403242111206,True,True,True,144.9360809326172,0.26419541239738464,False,0,0
3073,PushT,0.04,9,65,341.67694091796875,12.43939208984375,4.312307357788086,True,True,True,327.2833557128906,0.04212634265422821,False,0,0
3073,PushT,0.04,10,65,96.18614196777344,14.779228210449219,2.630101203918457,True,True,True,77.58871459960938,0.19334828853607178,False,0,0
3073,PushT,0.04,11,65,284.18682861328125,7.113616943359375,1.7372726202011108,True,True,True,283.6259460449219,0.01831311360001564,False,0,0
3073,PushT,0.04,12,65,71.4959945678711,33.140716552734375,10.304582595825195,True,True,True,62.722782135009766,0.12270914763212204,False,0,0
3073,PushT,0.04,13,65,94.54811096191406,38.62397766113281,12.347126960754395,True,True,True,77.58045196533203,0.253146767616272,False,0,0
3073,PushT,0.04,14,65,80.64749145507812,12.29736328125,4.104506492614746,True,True,True,75.30872344970703,0.09957531094551086,False,0,0
3073,PushT,0.04,15,65,103.00288391113281,222.05484008789062,13.170350074768066,False,False,True,66.87844848632812,0.6770340800285339,False,0,0
3073,PushT,0.04,16,65,338.1641845703125,12.163299560546875,3.3292958736419678,True,True,True,331.7080383300781,0.04048493131995201,False,0,0
3073,PushT,0.04,17,65,100.16866302490234,20.95587158203125,5.801154136657715,True,True,True,96.44453430175781,0.07753266394138336,False,0,0
3073,PushT,0.04,18,65,349.649658203125,9.456573486328125,1.7187825441360474,True,True,True,340.0367431640625,0.027493007481098175,False,0,0
3073,PushT,0.04,19,65,13.280904769897461,21.299652099609375,6.416207313537598,False,False,True,11.895513534545898,0.12190889567136765,False,0,0
3073,PushT,0.04,20,65,274.4973449707031,16.6131591796875,5.042600631713867,True,True,True,246.08399963378906,0.10974974185228348,False,0,0
3073,PushT,0.04,21,65,102.96226501464844,16.07318115234375,4.066720962524414,True,True,True,86.38565826416016,0.1609969288110733,False,0,0
3073,PushT,0.04,22,65,245.18716430664062,71.49209594726562,7.9009013175964355,True,True,True,170.09710693359375,0.4445401430130005,False,0,0
3073,PushT,0.04,23,65,265.5230712890625,7.05096435546875,4.143324375152588,True,True,True,259.22259521484375,0.02863365225493908,False,0,0
3073,PushT,0.04,24,65,15.593650817871094,11.845458984375,3.0576486587524414,False,False,False,-0.7307929992675781,1.0468647480010986,False,0,0
3073,PushT,0.04,25,65,20.93194007873535,18.264923095703125,5.6378350257873535,False,False,True,6.585685729980469,0.6853762269020081,False,0,0
3073,PushT,0.04,26,65,8.976375579833984,18.30121612548828,4.43112325668335,False,False,True,2.85247802734375,0.890444815158844,False,32,32
3073,PushT,0.04,27,65,89.38775634765625,11.352203369140625,2.3120357990264893,True,True,True,82.48388671875,0.07723502814769745,False,0,0
3073,PushT,0.04,28,65,197.6555633544922,13.7498779296875,2.396190881729126,True,True,True,186.40293884277344,0.08264751732349396,False,0,0
3073,PushT,0.04,29,65,182.3527069091797,38.59324645996094,9.67727279663086,True,True,True,154.62767028808594,0.20290403068065643,False,0,0
3073,PushT,0.04,30,65,186.28880310058594,15.152435302734375,4.909754753112793,True,True,True,182.93911743164062,0.049210771918296814,False,0,0
3073,PushT,0.04,31,65,303.84588623046875,11.24725341796875,4.311949729919434,True,True,True,287.66082763671875,0.053267333656549454,False,0,0
3073,PushT,0.04,32,65,27.489652633666992,12.1143798828125,5.137730121612549,True,True,True,23.783361434936523,0.1348249614238739,False,0,0
3073,PushT,0.04,33,65,218.76998901367188,127.74188995361328,8.087518692016602,False,False,True,67.1170425415039,0.693207323551178,False,0,0
3073,PushT,0.04,34,65,113.48399353027344,48.38664245605469,8.134908676147461,True,True,True,45.9112548828125,0.5954384803771973,False,0,0
3073,PushT,0.04,35,65,149.54698181152344,29.7613525390625,3.705270767211914,True,True,True,141.82994079589844,0.15905816853046417,False,0,0
3073,PushT,0.04,36,65,0.21657562255859375,21.892074584960938,4.723933219909668,False,False,False,-7.604131698608398,36.11074447631836,True,20,0
3073,PushT,0.04,37,65,36.601707458496094,27.081390380859375,6.475832462310791,False,False,True,31.741300582885742,0.19862477481365204,False,0,0
3073,PushT,0.04,38,65,263.41552734375,19.199920654296875,6.090231418609619,True,True,True,241.91796875,0.11212127655744553,False,0,0
3073,PushT,0.04,39,65,164.36793518066406,42.82025146484375,5.220213413238525,True,True,True,117.76014709472656,0.283557653427124,False,0,0
3073,PushT,0.04,40,65,190.47860717773438,39.39056396484375,5.817336559295654,True,True,True,145.1531982421875,0.23795536160469055,False,0,0
3073,PushT,0.04,41,65,114.22235107421875,83.8564453125,6.428136348724365,False,False,True,48.054500579833984,0.679039716720581,False,0,0
3073,PushT,0.04,42,65,218.79437255859375,29.880126953125,3.641278028488159,True,True,True,210.20681762695312,0.10146878659725189,False,0,0
3073,PushT,0.04,43,65,131.16354370117188,21.701095581054688,4.294546127319336,True,True,True,119.81022644042969,0.14450229704380035,False,0,0
3073,PushT,0.04,44,65,19.692764282226562,14.746978759765625,6.283071994781494,False,False,True,6.6813812255859375,0.6607189774513245,False,51,51
3073,PushT,0.04,45,65,25.336883544921875,8.417236328125,1.3137258291244507,True,True,True,18.311065673828125,0.41550353169441223,False,59,59
3073,PushT,0.04,46,65,227.8120880126953,23.8017578125,4.685873985290527,True,True,True,214.0288543701172,0.09609875082969666,False,0,0
3073,PushT,0.04,47,65,72.0764389038086,43.020599365234375,6.9137396812438965,False,False,True,31.351242065429688,0.6353101134300232,False,0,0
3073,PushT,0.04,48,65,180.6569061279297,51.21426010131836,7.453000068664551,True,True,True,115.88774108886719,0.3585202693939209,False,0,0
3073,PushT,0.04,49,65,174.7006072998047,22.935089111328125,5.100925922393799,True,True,True,162.90554809570312,0.11337032914161682,False,0,0
3073,PushT,0.04,50,65,242.33848571777344,52.52595520019531,4.986260414123535,True,True,True,181.86383056640625,0.24954622983932495,False,0,0
3073,PushT,0.04,51,65,93.6968994140625,23.14886474609375,3.5712831020355225,True,True,True,86.80812072753906,0.08361437916755676,False,0,0
3073,PushT,0.04,52,65,132.0666046142578,77.88623046875,7.443127632141113,False,False,True,41.12574005126953,0.6885985136032104,False,0,0
3073,PushT,0.04,53,65,134.26419067382812,8.258880615234375,3.7361700534820557,True,True,True,129.5986328125,0.03474905714392662,False,0,0
3073,PushT,0.04,54,65,25.57763671875,130.96412658691406,7.596076965332031,False,False,True,16.563976287841797,0.6685462594032288,False,0,0
3073,PushT,0.04,55,65,184.8583984375,27.3267822265625,7.4179911613464355,True,True,True,180.66546630859375,0.08101526647806168,False,0,0
3073,PushT,0.04,56,65,248.18069458007812,5.949798583984375,1.513778805732727,True,True,True,239.9400634765625,0.0345173217356205,False,0,0
3073,PushT,0.04,57,65,87.45746612548828,35.8045654296875,9.425102233886719,True,True,True,74.52252197265625,0.1478998214006424,False,0,0
3073,PushT,0.04,58,65,260.1257629394531,38.125640869140625,5.153751373291016,True,True,True,255.72117614746094,0.10622867941856384,False,0,0
3073,PushT,0.04,59,65,188.7293243408203,22.555328369140625,3.00985050201416,True,True,True,166.0015106201172,0.12042547762393951,False,0,0
3073,PushT,0.04,60,65,50.751338958740234,19.541656494140625,4.697930812835693,True,True,True,41.074806213378906,0.190665602684021,False,0,0
3073,PushT,0.04,61,65,86.85008239746094,138.52090454101562,17.013463973999023,False,False,True,62.472816467285156,0.5905519723892212,False,0,0
3073,PushT,0.04,62,65,196.81871032714844,40.019805908203125,5.921895503997803,True,True,True,177.15689086914062,0.1555739939212799,False,0,0
3073,PushT,0.04,63,65,2.111051559448242,46.720123291015625,14.612957954406738,False,False,False,-0.8735523223876953,1.4137996435165405,False,16,16
3073,PushT,0.04,64,65,0.5576353073120117,13.505279541015625,5.7425127029418945,False,False,False,-7.08946418762207,13.713441848754883,False,4,4
3073,PushT,0.04,65,65,14.721458435058594,145.75125122070312,14.739092826843262,False,False,False,-192.20425415039062,14.056060791015625,False,0,0
3073,PushT,0.04,66,65,17.900070190429688,49.96553039550781,18.30034828186035,False,False,False,-72.6173324584961,4.170224666595459,False,0,0
3073,PushT,0.04,67,65,126.77933502197266,47.128173828125,17.619844436645508,True,True,True,96.80339050292969,0.23644186556339264,False,0,0
3073,PushT,0.04,68,65,238.91712951660156,22.372787475585938,4.201475143432617,True,True,True,208.19558715820312,0.12858659029006958,False,0,0
3073,PushT,0.04,69,65,121.21265411376953,24.4432373046875,5.1555705070495605,True,True,True,108.68353271484375,0.11459103971719742,False,0,0
3073,PushT,0.04,70,65,170.49562072753906,37.88934326171875,7.583713054656982,True,True,True,140.04071044921875,0.17862577736377716,False,0,0
3073,PushT,0.04,71,65,150.94027709960938,34.13677978515625,5.31016206741333,True,True,True,123.48625946044922,0.18188661336898804,False,0,0
3073,PushT,0.04,72,65,107.43548583984375,17.3353271484375,2.4642505645751953,True,True,True,104.22084045410156,0.06213008984923363,False,0,0
3073,PushT,0.04,73,65,13.580212593078613,111.53749084472656,18.81449317932129,False,False,False,-11.048624992370605,1.1219046115875244,False,0,0
3073,PushT,0.04,74,65,70.49368286132812,67.79423522949219,7.167858123779297,False,False,False,-10.186470031738281,1.1266053915023804,False,0,0
3073,PushT,0.04,75,65,2.256861686706543,7.304046630859375,2.261810302734375,False,False,True,0.5802783966064453,0.7428826093673706,False,0,0
3073,PushT,0.04,76,65,121.47118377685547,8.943328857421875,3.004256010055542,True,True,True,110.77342224121094,0.13060592114925385,False,0,0
3073,PushT,0.04,77,65,147.66143798828125,17.768280029296875,4.843231678009033,True,True,True,139.41346740722656,0.05585736036300659,False,0,0
3073,PushT,0.04,78,65,302.2660217285156,12.859344482421875,7.161016941070557,True,True,True,291.73101806640625,0.0421275869011879,False,0,0
3073,PushT,0.04,79,65,41.5015869140625,61.845794677734375,13.207054138183594,False,False,False,-7.8746490478515625,1.1897432804107666,False,0,0
3073,PushT,0.04,80,65,125.49879455566406,18.405059814453125,3.9948782920837402,True,True,True,111.92677307128906,0.10814465582370758,False,0,0
3073,PushT,0.04,81,65,43.32450485229492,13.081069946289062,5.336483955383301,True,True,True,29.505340576171875,0.3189687728881836,False,0,0
3073,PushT,0.04,82,65,305.094482421875,8.12542724609375,1.3637583255767822,True,True,True,301.8157043457031,0.021609483286738396,False,0,0
3073,PushT,0.04,83,65,275.40679931640625,20.529052734375,6.730489253997803,True,True,True,268.8057861328125,0.06916239857673645,False,0,0
3073,PushT,0.04,84,65,258.643798828125,139.09930419921875,6.125314712524414,False,False,True,111.80319213867188,0.5677329301834106,False,0,0
3073,PushT,0.04,85,65,32.463768005371094,40.46917724609375,8.186746597290039,False,False,False,-1.6359786987304688,1.0503939390182495,False,0,0
3073,PushT,0.04,86,65,293.7783508300781,16.9267578125,7.299660682678223,True,True,True,265.50567626953125,0.0962381660938263,False,0,0
3073,PushT,0.04,87,65,98.67819213867188,16.4862060546875,2.202772378921509,True,True,True,72.42172241210938,0.29177409410476685,False,0,0
3073,PushT,0.04,88,65,261.6256103515625,12.54376220703125,4.9724531173706055,True,True,True,259.9893798828125,0.027245434001088142,False,0,0
3073,PushT,0.04,89,65,329.11907958984375,6.964923858642578,1.5151538848876953,True,True,True,320.9444580078125,0.02896237187087536,False,0,0
3073,PushT,0.04,90,65,260.8959655761719,337.4541320800781,12.432159423828125,False,False,False,-127.3902587890625,1.4347002506256104,True,0,35
3073,PushT,0.04,91,65,178.54962158203125,4.689697265625,1.4587538242340088,True,True,True,170.23635864257812,0.046559978276491165,False,0,0
3073,PushT,0.04,92,65,20.653106689453125,11.814704895019531,4.1762189865112305,False,False,True,7.624523162841797,0.6308292150497437,False,0,0
3073,PushT,0.04,93,65,56.79560089111328,105.22256469726562,6.061102867126465,False,False,False,-44.72749328613281,1.71755051612854,False,1,1
3073,PushT,0.04,94,65,38.555137634277344,10.088043212890625,2.4636785984039307,True,True,True,25.939573287963867,0.32720839977264404,False,0,0
3073,PushT,0.04,95,65,1.2890625,93.13397216796875,15.483392715454102,False,False,False,-23.43081283569336,19.1766300201416,True,1,0
3073,PushT,0.04,96,65,91.21748352050781,28.027053833007812,5.950215816497803,True,True,True,86.54452514648438,0.1512492597103119,False,0,0
3073,PushT,0.04,97,65,101.71914672851562,12.595184326171875,3.2374374866485596,True,True,True,99.71429443359375,0.07951215654611588,False,0,0
3073,PushT,0.04,98,65,29.986722946166992,21.835494995117188,6.264918804168701,False,False,True,20.03017234802246,0.3320319652557373,False,0,0
3073,PushT,0.04,99,65,252.2090301513672,7.156341552734375,1.7420690059661865,True,True,True,247.61279296875,0.022560935467481613,False,0,0
3073,PushT,0.05,0,65,39.149879455566406,106.47813415527344,12.962603569030762,False,False,True,34.528377532958984,0.3808622360229492,False,0,0
3073,PushT,0.05,1,65,285.4568176269531,19.583829879760742,3.2510154247283936,True,True,True,250.005126953125,0.12419283390045166,False,0,0
3073,PushT,0.05,2,65,255.36534118652344,66.03900146484375,4.502525806427002,True,True,True,241.99130249023438,0.21393044292926788,False,0,0
3073,PushT,0.05,3,65,0.47864723205566406,72.54522705078125,9.434967041015625,False,False,False,-9.926429748535156,21.738508224487305,False,40,40
3073,PushT,0.05,4,65,227.57513427734375,65.942138671875,6.304988861083984,True,True,True,190.19654846191406,0.24176041781902313,False,0,0
3073,PushT,0.05,5,65,60.807308197021484,9.295166015625,2.3398215770721436,True,True,True,53.57274627685547,0.1189752072095871,False,0,0
3073,PushT,0.05,6,65,202.1911163330078,20.8701171875,3.5235629081726074,True,True,True,198.60633850097656,0.06205948069691658,False,0,0
3073,PushT,0.05,7,65,81.08836364746094,25.83282470703125,2.7028706073760986,True,True,True,73.58206939697266,0.09369003027677536,False,0,0
3073,PushT,0.05,8,65,216.86416625976562,12.61553955078125,2.2560346126556396,True,True,True,202.7633514404297,0.06502141803503036,False,0,0
3073,PushT,0.05,9,65,367.40753173828125,7.6876220703125,1.23419988155365,True,True,True,358.9516296386719,0.028501536697149277,False,0,0
3073,PushT,0.05,10,65,148.3162078857422,16.501617431640625,2.323164224624634,True,True,True,127.94639587402344,0.1373404562473297,False,0,0
3073,PushT,0.05,11,65,286.7287902832031,10.1517333984375,3.0668561458587646,True,True,True,277.8634033203125,0.05230284482240677,False,0,0
3073,PushT,0.05,12,65,63.90367126464844,16.103248596191406,7.656319618225098,True,True,True,52.02836608886719,0.18583132326602936,False,0,0
3073,PushT,0.05,13,65,132.40013122558594,11.893157958984375,7.073447227478027,True,True,True,124.24626159667969,0.08075409382581711,False,0,0
3073,PushT,0.05,14,65,103.32933807373047,8.4742431640625,1.6786158084869385,True,True,True,101.22611999511719,0.03156518191099167,False,0,0
3073,PushT,0.05,15,65,124.07945251464844,47.06610107421875,2.5831515789031982,True,True,True,101.35883331298828,0.32288631796836853,False,0,0
3073,PushT,0.05,16,65,276.1119079589844,9.13885498046875,4.227345943450928,True,True,True,266.42449951171875,0.03674918785691261,False,0,0
3073,PushT,0.05,17,65,100.6556396484375,32.54301452636719,6.845138072967529,True,True,True,75.90531158447266,0.24589112401008606,False,0,0
3073,PushT,0.05,18,65,310.256103515625,25.11437225341797,3.1951889991760254,True,True,True,267.4519958496094,0.13796377182006836,False,0,0
3073,PushT,0.05,19,65,8.790861129760742,9.177490234375,3.189739465713501,False,False,True,7.1956095695495605,0.18146704137325287,False,0,0
3073,PushT,0.05,20,65,283.65667724609375,8.64309024810791,2.5825161933898926,True,True,True,269.1623229980469,0.05109820514917374,False,0,0
3073,PushT,0.05,21,65,89.55452728271484,65.59210205078125,12.175538063049316,False,False,True,69.30293273925781,0.4724242091178894,False,0,0
3073,PushT,0.05,22,65,229.31883239746094,38.4246826171875,6.65996789932251,True,True,True,199.57388305664062,0.1641705185174942,False,0,0
3073,PushT,0.05,23,65,239.55960083007812,26.292648315429688,2.6679153442382812,True,True,True,210.0308074951172,0.13263553380966187,False,0,0
3073,PushT,0.05,24,65,42.3194580078125,14.470977783203125,3.0463435649871826,True,True,True,28.94575309753418,0.31601786613464355,False,0,0
3073,PushT,0.05,25,65,4.199689865112305,12.798294067382812,2.9732444286346436,False,False,True,2.0475845336914062,0.5124439001083374,False,40,40
3073,PushT,0.05,26,65,19.401268005371094,7.6746826171875,3.148515224456787,True,True,True,11.25063705444336,0.4201081693172455,False,32,32
3073,PushT,0.05,27,65,99.245849609375,42.085693359375,5.797369480133057,True,True,True,28.582199096679688,0.7120060920715332,False,0,0
3073,PushT,0.05,28,65,248.7230682373047,6.812713623046875,1.5875719785690308,True,True,True,241.40013122558594,0.030527440831065178,False,0,0
3073,PushT,0.05,29,65,183.78829956054688,23.857696533203125,2.3188107013702393,True,True,True,179.0311737060547,0.06852936744689941,False,0,0
3073,PushT,0.05,30,65,166.82786560058594,21.6173095703125,2.3714358806610107,True,True,True,163.13958740234375,0.10682511329650879,False,0,0
3073,PushT,0.05,31,65,292.0234375,8.34161376953125,1.8965390920639038,True,True,True,288.45343017578125,0.02786899358034134,False,0,0
3073,PushT,0.05,32,65,28.767541885375977,33.630615234375,10.27531623840332,False,False,True,19.68295669555664,0.31579288840293884,False,0,0
3073,PushT,0.05,33,65,188.95687866210938,19.967498779296875,2.72176456451416,True,True,True,162.68727111816406,0.13902431726455688,False,0,0
3073,PushT,0.05,34,65,40.376007080078125,32.1300048828125,4.355888366699219,False,False,True,26.03338623046875,0.45256537199020386,False,34,34
3073,PushT,0.05,35,65,144.76351928710938,13.128570556640625,4.328816890716553,True,True,True,141.0144805908203,0.06302480399608612,False,0,0
3073,PushT,0.05,36,65,3.2016563415527344,32.86827087402344,4.302566051483154,False,False,False,-5.783405303955078,2.8063790798187256,False,20,20
3073,PushT,0.05,37,65,40.325599670410156,23.470001220703125,4.758946895599365,False,False,True,34.44621658325195,0.16287368535995483,False,0,0
3073,PushT,0.05,38,65,250.78131103515625,42.00379943847656,5.090130805969238,True,True,True,206.50123596191406,0.217279314994812,False,0,0
3073,PushT,0.05,39,65,79.06916809082031,12.581451416015625,2.0731589794158936,True,True,True,65.48367309570312,0.1718178689479828,False,0,0
3073,PushT,0.05,40,65,248.2339630126953,62.31280517578125,6.597289562225342,True,True,True,165.46524047851562,0.33343029022216797,False,0,0
3073,PushT,0.05,41,65,56.724769592285156,15.018157958984375,3.3627634048461914,True,True,True,30.88898468017578,0.4554586112499237,False,0,0
3073,PushT,0.05,42,65,246.90924072265625,9.60943603515625,2.609703540802002,True,True,True,243.00257873535156,0.03628084063529968,False,0,0
3073,PushT,0.05,43,65,127.35356140136719,22.101318359375,2.861793279647827,True,True,True,125.93463134765625,0.08236575126647949,False,0,0
3073,PushT,0.05,44,65,9.4039306640625,12.49755859375,2.350579261779785,False,False,True,2.1731185913085938,0.7689138054847717,False,0,0
3073,PushT,0.05,45,65,27.162994384765625,16.49871826171875,1.2492663860321045,False,False,True,10.415176391601562,0.6185192465782166,False,59,59
3073,PushT,0.05,46,65,250.49017333984375,40.94024658203125,4.6970672607421875,True,True,True,232.6201171875,0.1275053769350052,False,0,0
3073,PushT,0.05,47,65,63.365074157714844,66.9190673828125,6.029287815093994,False,False,True,22.987037658691406,0.6372286081314087,False,0,0
3073,PushT,0.05,48,65,209.616943359375,4.508514404296875,1.1469773054122925,True,True,True,207.3212127685547,0.01543150283396244,False,0,0
3073,PushT,0.05,49,65,196.34274291992188,25.62579345703125,3.9912636280059814,True,True,True,182.0733642578125,0.11398987472057343,False,0,0
3073,PushT,0.05,50,65,224.62704467773438,15.162811279296875,2.9197468757629395,True,True,True,215.0601043701172,0.07506880909204483,False,0,0
3073,PushT,0.05,51,65,104.13874053955078,16.709686279296875,4.385573387145996,True,True,True,97.50028991699219,0.08443749696016312,False,0,0
3073,PushT,0.05,52,65,106.76301574707031,46.175018310546875,6.621876239776611,True,True,True,49.50183868408203,0.5363391041755676,False,0,0
3073,PushT,0.05,53,65,79.08755493164062,26.657203674316406,2.8820979595184326,True,True,True,48.08348846435547,0.3920220732688904,False,0,0
3073,PushT,0.05,54,65,16.98546600341797,20.83111572265625,5.115939617156982,False,False,True,11.333551406860352,0.3655560612678528,False,0,0
3073,PushT,0.05,55,65,150.5247802734375,18.60919189453125,3.3852760791778564,True,True,True,143.56658935546875,0.06329434365034103,False,0,0
3073,PushT,0.05,56,65,246.3250732421875,13.19317626953125,2.947767496109009,True,True,True,242.45220947265625,0.050367601215839386,False,0,0
3073,PushT,0.05,57,65,127.45793151855469,10.739166259765625,1.3997583389282227,True,True,True,120.02497100830078,0.05831696465611458,False,0,0
3073,PushT,0.05,58,65,262.2470397949219,32.9442138671875,6.282019138336182,True,True,True,227.0258331298828,0.1343054473400116,False,0,0
3073,PushT,0.05,59,65,282.06005859375,31.549041748046875,4.936459541320801,True,True,True,265.0014953613281,0.13272453844547272,False,0,0
3073,PushT,0.05,60,65,45.122779846191406,3.30224609375,1.3162094354629517,True,True,True,41.53748321533203,0.08153440803289413,False,0,0
3073,PushT,0.05,61,65,18.501296997070312,14.126083374023438,5.27683687210083,False,False,True,6.2280120849609375,0.7676866054534912,False,0,0
3073,PushT,0.05,62,65,200.25489807128906,15.135833740234375,2.2670178413391113,True,True,True,194.72889709472656,0.0477694608271122,False,0,0
3073,PushT,0.05,63,65,11.477020263671875,17.902618408203125,5.566654682159424,False,False,True,4.018194198608398,0.697173535823822,False,0,0
3073,PushT,0.05,64,65,4.565927505493164,10.58868408203125,2.4411873817443848,False,False,False,-4.189357757568359,1.917526125907898,False,4,4
3073,PushT,0.05,65,65,15.65960693359375,81.420654296875,4.409409046173096,False,False,False,-136.04266357421875,9.68748950958252,False,0,0
3073,PushT,0.05,66,65,19.115402221679688,39.78776550292969,6.841809272766113,False,False,False,-17.557159423828125,1.7514041662216187,False,1,1
3073,PushT,0.05,67,65,76.85346221923828,37.42156982421875,8.696748733520508,True,True,True,63.55353927612305,0.2677007019519806,False,0,0
3073,PushT,0.05,68,65,181.5894317626953,17.866424560546875,3.273636817932129,True,True,True,175.22198486328125,0.07280167192220688,False,0,0
3073,PushT,0.05,69,65,87.90852355957031,34.140869140625,6.890469074249268,True,True,True,78.447265625,0.22541476786136627,False,0,0
3073,PushT,0.05,70,65,162.32501220703125,4.82330322265625,1.8069419860839844,True,True,True,161.76089477539062,0.017284244298934937,False,0,0
3073,PushT,0.05,71,65,124.2652587890625,38.26411437988281,4.697013854980469,True,True,True,74.40694427490234,0.40122488141059875,False,0,0
3073,PushT,0.05,72,65,64.95155334472656,32.34808349609375,8.32516860961914,True,True,True,59.226741790771484,0.13986675441265106,False,0,0
3073,PushT,0.05,73,65,9.147417068481445,43.31676483154297,9.566573143005371,False,False,False,-1.4705009460449219,1.1607558727264404,False,0,0
3073,PushT,0.05,74,65,37.09967803955078,15.343765258789062,2.7732648849487305,True,True,True,29.649925231933594,0.2008037120103836,False,0,0
3073,PushT,0.05,75,65,1.4172859191894531,18.393600463867188,1.791850209236145,False,False,False,-0.38157176971435547,1.269227147102356,False,14,14
3073,PushT,0.05,76,65,131.66937255859375,16.145263671875,4.434818267822266,True,True,True,117.4640884399414,0.10788601636886597,False,0,0
3073,PushT,0.05,77,65,173.01446533203125,31.0738525390625,3.1855716705322266,True,True,True,158.37918090820312,0.08458995074033737,False,0,0
3073,PushT,0.05,78,65,328.2382507324219,40.85406494140625,3.897401809692383,True,True,True,319.1246643066406,0.09451667964458466,False,0,0
3073,PushT,0.05,79,65,57.59291076660156,137.17111206054688,26.72374153137207,False,False,False,-22.10126495361328,1.3837497234344482,True,33,0
3073,PushT,0.05,80,65,125.29142761230469,25.157958984375,2.559756278991699,True,True,True,114.9008560180664,0.08293121308088303,False,0,0
3073,PushT,0.05,81,65,24.801746368408203,25.036224365234375,7.86358642578125,False,False,True,19.615644454956055,0.20910228788852692,False,0,0
3073,PushT,0.05,82,65,275.0915222167969,6.775575637817383,3.9042208194732666,True,True,True,266.5714416503906,0.030971810221672058,False,0,0
3073,PushT,0.05,83,65,192.63436889648438,39.28913879394531,7.815565586090088,True,True,True,127.48267364501953,0.33821427822113037,False,0,0
3073,PushT,0.05,84,65,245.8301544189453,25.24496078491211,3.8132212162017822,True,True,True,216.5631866455078,0.11905359476804733,False,0,0
3073,PushT,0.05,85,65,29.976531982421875,49.909767150878906,5.716179370880127,False,False,False,-32.48741912841797,2.083761692047119,False,0,0
3073,PushT,0.05,86,65,228.0913848876953,18.090576171875,3.17120361328125,True,True,True,199.20823669433594,0.12662971019744873,False,0,0
3073,PushT,0.05,87,65,191.88174438476562,61.0103759765625,6.638138771057129,True,True,True,127.41378784179688,0.33597755432128906,False,0,0
3073,PushT,0.05,88,65,243.62322998046875,11.67596435546875,4.546370506286621,True,True,True,239.47267150878906,0.04236787557601929,False,0,0
3073,PushT,0.05,89,65,318.733154296875,15.652008056640625,2.1653780937194824,True,True,True,316.584716796875,0.040004778653383255,False,0,0
3073,PushT,0.05,90,65,230.47352600097656,13.844512939453125,1.7088634967803955,True,True,True,221.85000610351562,0.05590921640396118,False,0,0
3073,PushT,0.05,91,65,189.32095336914062,16.643798828125,3.1989712715148926,True,True,True,177.65411376953125,0.0675087571144104,False,0,0
3073,PushT,0.05,92,65,25.1376895904541,14.025634765625,5.513980865478516,False,False,True,14.775232315063477,0.41222789883613586,False,0,0
3073,PushT,0.05,93,65,72.4249496459961,44.11846923828125,4.5012054443359375,False,False,True,61.524383544921875,0.34785908460617065,False,1,1
3073,PushT,0.05,94,65,1.0235061645507812,4.1282806396484375,1.2068434953689575,False,False,True,0.3809223175048828,0.6278260350227356,False,16,16
3073,PushT,0.05,95,65,44.795501708984375,115.73773193359375,15.019758224487305,False,False,False,-39.012245178222656,1.8708964586257935,False,1,1
3073,PushT,0.05,96,65,117.42488861083984,20.133758544921875,4.098880767822266,True,True,True,110.00802612304688,0.11823228001594543,False,0,0
3073,PushT,0.05,97,65,66.3879165649414,29.0528564453125,4.940649509429932,True,True,True,59.63521957397461,0.12283860892057419,False,0,0
3073,PushT,0.05,98,65,18.56194305419922,19.278228759765625,7.889535903930664,False,False,True,11.46966552734375,0.41835817694664,False,0,0
3073,PushT,0.05,99,65,232.0526580810547,60.6246337890625,3.677297830581665,True,True,True,228.6015625,0.20793212950229645,False,0,0
3073,PushT,0.06,0,65,45.47689437866211,33.86669921875,10.729071617126465,False,False,True,40.602359771728516,0.2947596609592438,False,0,0
3073,PushT,0.06,1,65,332.90203857421875,5.458709716796875,2.403749942779541,True,True,True,328.0388488769531,0.021835675463080406,False,0,0
3073,PushT,0.06,2,65,222.1853485107422,9.992401123046875,1.1378445625305176,True,True,True,218.32383728027344,0.04657465219497681,False,0,0
3073,PushT,0.06,3,65,27.53048324584961,39.990753173828125,6.108845233917236,False,False,True,19.431211471557617,0.4340986907482147,False,56,56
3073,PushT,0.06,4,65,194.9842529296875,12.37701416015625,5.262142658233643,True,True,True,192.2898406982422,0.052109405398368835,False,0,0
3073,PushT,0.06,5,65,83.36602020263672,6.0168609619140625,1.4673198461532593,True,True,True,80.14848327636719,0.03859531134366989,False,0,0
3073,PushT,0.06,6,65,263.847412109375,67.43447875976562,6.978225231170654,True,True,True,232.77154541015625,0.2724476456642151,False,0,0
3073,PushT,0.06,7,65,112.59203338623047,12.041015625,1.6352618932724,True,True,True,110.15074920654297,0.05998934805393219,False,0,0
3073,PushT,0.06,8,65,221.857421875,9.852588653564453,1.7093677520751953,True,True,True,210.70909118652344,0.07158800214529037,False,0,0
3073,PushT,0.06,9,65,392.8789978027344,15.826751708984375,3.0721778869628906,True,True,True,384.09967041015625,0.04986990615725517,False,0,0
3073,PushT,0.06,10,65,128.1436004638672,17.434600830078125,1.986680269241333,True,True,True,121.62788391113281,0.06733056902885437,False,0,0
3073,PushT,0.06,11,65,322.6686096191406,9.43878173828125,1.3125367164611816,True,True,True,321.5735168457031,0.023562323302030563,False,0,0
3073,PushT,0.06,12,65,65.47395324707031,21.17071533203125,5.271581649780273,True,True,True,61.94904327392578,0.09676805138587952,False,0,0
3073,PushT,0.06,13,65,127.58663177490234,33.998748779296875,6.389237880706787,True,True,True,110.36216735839844,0.19707375764846802,False,0,0
3073,PushT,0.06,14,65,68.8541259765625,10.8321533203125,4.212832450866699,True,True,True,63.98995590209961,0.08757904171943665,False,0,0
3073,PushT,0.06,15,65,124.66886138916016,101.86262512207031,8.886713981628418,False,False,True,39.191768646240234,0.6985468864440918,False,0,0
3073,PushT,0.06,16,65,280.61639404296875,7.45281982421875,2.211364507675171,True,True,True,278.6304016113281,0.026444094255566597,False,0,0
3073,PushT,0.06,17,65,92.96832275390625,4.659942626953125,1.0639781951904297,True,True,True,91.53256225585938,0.017951689660549164,False,0,0
3073,PushT,0.06,18,65,336.4150085449219,3.804962158203125,1.787014126777649,True,True,True,334.0047302246094,0.00972746405750513,False,0,0
3073,PushT,0.06,19,65,10.035377502441406,17.071273803710938,3.3203928470611572,False,False,True,8.363505363464355,0.30513280630111694,False,0,0
3073,PushT,0.06,20,65,194.49093627929688,7.112457275390625,2.3452987670898438,True,True,True,189.67694091796875,0.057224273681640625,False,0,0
3073,PushT,0.06,21,65,95.25818634033203,9.1793212890625,1.751860499382019,True,True,True,88.45671081542969,0.07140043377876282,False,0,0
3073,PushT,0.06,22,65,190.16278076171875,8.224639892578125,1.9064913988113403,True,True,True,185.91909790039062,0.04589763283729553,False,0,0
3073,PushT,0.06,23,65,247.36477661132812,7.384765625,3.6151771545410156,True,True,True,241.43621826171875,0.0299015361815691,False,0,0
3073,PushT,0.06,24,65,53.79932403564453,52.43122863769531,5.049867153167725,False,False,False,-23.52130889892578,1.3654180765151978,False,0,0
3073,PushT,0.06,25,65,52.81654357910156,20.662673950195312,5.172975540161133,True,True,True,39.39804458618164,0.32165172696113586,False,0,0
3073,PushT,0.06,26,65,1.5241622924804688,19.557891845703125,7.413815975189209,False,False,False,-2.947490692138672,2.9338431358337402,True,32,5
3073,PushT,0.06,27,65,78.67495727539062,156.00767517089844,10.352996826171875,False,False,False,-181.3214111328125,3.304690361022949,False,0,0
3073,PushT,0.06,28,65,205.88771057128906,58.863433837890625,8.324675559997559,True,True,True,165.8390655517578,0.22598503530025482,False,0,0
3073,PushT,0.06,29,65,152.74789428710938,11.494140625,2.3189871311187744,True,True,True,136.56033325195312,0.1059756726026535,False,0,0
3073,PushT,0.06,30,65,198.44677734375,14.547515869140625,2.5178897380828857,True,True,True,193.51480102539062,0.05361723527312279,False,0,0
3073,PushT,0.06,31,65,305.4809265136719,14.4532470703125,3.3789706230163574,True,True,True,298.47601318359375,0.04577234387397766,False,0,0
3073,PushT,0.06,32,65,42.72190856933594,19.278472900390625,4.93512487411499,True,True,True,39.14638900756836,0.17639227211475372,False,0,0
3073,PushT,0.06,33,65,167.78623962402344,71.70316314697266,8.842752456665039,True,True,True,76.45943450927734,0.5443044900894165,False,0,0
3073,PushT,0.06,34,65,174.06837463378906,25.563201904296875,3.644636869430542,True,True,True,164.40042114257812,0.10414204001426697,False,0,0
3073,PushT,0.06,35,65,137.39212036132812,10.78717041015625,3.1867499351501465,True,True,True,133.89161682128906,0.06480555236339569,False,0,0
3073,PushT,0.06,36,65,5.818096160888672,16.31988525390625,4.362235069274902,False,False,False,-4.078285217285156,1.7009656429290771,True,17,61
3073,PushT,0.06,37,65,43.668983459472656,12.275924682617188,2.4316329956054688,True,True,True,42.850982666015625,0.07668059319257736,False,0,0
3073,PushT,0.06,38,65,219.06459045410156,33.244564056396484,6.786477565765381,True,True,True,179.8101043701172,0.18101340532302856,False,0,0
3073,PushT,0.06,39,65,187.69818115234375,11.602934837341309,2.4461467266082764,True,True,True,164.64678955078125,0.12281094491481781,False,0,0
3073,PushT,0.06,40,65,204.14865112304688,61.355987548828125,4.9109086990356445,True,True,True,144.998046875,0.2897427976131439,False,0,0
3073,PushT,0.06,41,65,108.14325714111328,42.02781677246094,4.630019187927246,True,True,True,86.55593872070312,0.40101000666618347,False,0,0
3073,PushT,0.06,42,65,234.00424194335938,23.991607666015625,1.8191213607788086,True,True,True,230.39300537109375,0.07308629900217056,False,0,0
3073,PushT,0.06,43,65,154.31871032714844,15.191238403320312,4.660896301269531,True,True,True,143.84384155273438,0.13771632313728333,False,0,0
3073,PushT,0.06,44,65,6.441581726074219,16.939773559570312,5.726114749908447,False,False,False,-8.713874816894531,2.3527538776397705,False,23,23
3073,PushT,0.06,45,65,27.593765258789062,6.177520751953125,0.961787760257721,True,True,True,24.674209594726562,0.12787652015686035,False,59,59
3073,PushT,0.06,46,65,216.49917602539062,6.14837646484375,1.3570858240127563,True,True,True,214.41412353515625,0.019825484603643417,False,0,0
3073,PushT,0.06,47,65,27.26699447631836,9.87310791015625,1.803362488746643,True,True,True,25.499042510986328,0.06483853608369827,False,0,0
3073,PushT,0.06,48,65,207.54254150390625,26.77520179748535,5.478901386260986,True,True,True,179.57740783691406,0.14352574944496155,False,0,0
3073,PushT,0.06,49,65,170.7344512939453,25.87158203125,3.5629472732543945,True,True,True,164.0946044921875,0.11413837969303131,False,0,0
3073,PushT,0.06,50,65,242.03848266601562,33.37169647216797,3.521528959274292,True,True,True,190.47430419921875,0.21304120123386383,False,0,0
3073,PushT,0.06,51,65,62.21874237060547,21.2017822265625,4.205892086029053,True,True,True,51.691856384277344,0.16919155418872833,False,0,0
3073,PushT,0.06,52,65,120.8254623413086,117.29542541503906,8.745118141174316,False,False,True,14.929641723632812,0.88023841381073,False,0,0
3073,PushT,0.06,53,65,119.72651672363281,13.633831024169922,1.1732368469238281,True,True,True,99.10157775878906,0.17226706445217133,False,0,0
3073,PushT,0.06,54,65,22.3182373046875,50.82305908203125,7.254476547241211,False,False,True,7.353941440582275,0.6801803708076477,False,0,0
3073,PushT,0.06,55,65,147.03224182128906,8.23291015625,2.7565484046936035,True,True,True,142.88819885253906,0.038337592035532,False,0,0
3073,PushT,0.06,56,65,261.01898193359375,14.27587890625,4.0393500328063965,True,True,True,257.378662109375,0.05695987120270729,False,0,0
3073,PushT,0.06,57,65,47.189266204833984,13.48779296875,3.046069622039795,True,True,True,37.74066925048828,0.20022764801979065,False,0,0
3073,PushT,0.06,58,65,252.948974609375,46.93260955810547,6.635254383087158,True,True,True,176.27694702148438,0.30311259627342224,False,0,0
3073,PushT,0.06,59,65,135.496337890625,11.71490478515625,2.135669231414795,True,True,True,115.28309631347656,0.14917923510074615,False,0,0
3073,PushT,0.06,60,65,37.129085540771484,8.638702392578125,1.434992790222168,True,True,True,33.881248474121094,0.08747415244579315,False,0,0
3073,PushT,0.06,61,65,30.59126091003418,17.395645141601562,2.5101308822631836,False,False,True,23.72502326965332,0.224450945854187,False,0,0
3073,PushT,0.06,62,65,129.90573120117188,17.077423095703125,4.772353649139404,True,True,True,116.49153137207031,0.10326103866100311,False,0,0
3073,PushT,0.06,63,65,3.0069503784179688,55.02428436279297,7.631622791290283,False,False,False,-0.7633686065673828,1.2538679838180542,False,16,16
3073,PushT,0.06,64,65,0.4788026809692383,11.58056640625,1.9697457551956177,False,False,False,-0.30804920196533203,1.4385706186294556,False,4,4
3073,PushT,0.06,65,65,135.503173828125,102.426513671875,6.2109785079956055,False,False,False,-0.8822479248046875,1.004520058631897,False,0,0
3073,PushT,0.06,66,65,9.30181884765625,33.015045166015625,5.835028648376465,False,False,False,-18.877365112304688,3.0294272899627686,True,0,18
3073,PushT,0.06,67,65,62.513309478759766,44.199615478515625,14.585165977478027,False,False,True,29.017642974853516,0.5358165502548218,False,0,0
3073,PushT,0.06,68,65,255.44920349121094,11.241485595703125,1.6742693185806274,True,True,True,251.41415405273438,0.040404558181762695,False,0,0
3073,PushT,0.06,69,65,147.01156616210938,15.007827758789062,2.8261959552764893,True,True,True,126.884521484375,0.1369079053401947,False,0,0
3073,PushT,0.06,70,65,209.9010009765625,34.045135498046875,5.849654674530029,True,True,True,181.58807373046875,0.18552470207214355,False,0,0
3073,PushT,0.06,71,65,116.87362670898438,14.203125,3.5578665733337402,True,True,True,102.58773803710938,0.1369909942150116,False,0,0
3073,PushT,0.06,72,65,79.05108642578125,44.724578857421875,6.703048229217529,False,False,True,59.759986877441406,0.2440333515405655,False,0,0
3073,PushT,0.06,73,65,0.6487865447998047,48.59515380859375,6.07035493850708,False,False,False,-5.956160545349121,10.180462837219238,True,17,0
3073,PushT,0.06,74,65,62.86106872558594,4.84490966796875,0.8409945368766785,True,True,True,60.721248626708984,0.0460980050265789,False,0,0
3073,PushT,0.06,75,65,0.0074367523193359375,12.93670654296875,3.7141284942626953,False,False,False,-2.750730514526367,370.88330078125,True,14,22
3073,PushT,0.06,76,65,8.699676513671875,90.99462890625,7.5169525146484375,False,False,False,-142.09446716308594,17.33330535888672,True,0,1
3073,PushT,0.06,77,65,219.01736450195312,48.55169677734375,5.656754016876221,True,True,True,196.5167999267578,0.16935935616493225,False,0,0
3073,PushT,0.06,78,65,346.5970153808594,12.885284423828125,1.8103623390197754,True,True,True,343.7100524902344,0.029473336413502693,False,0,0
3073,PushT,0.06,79,65,19.025283813476562,30.666351318359375,7.4212751388549805,False,False,True,10.47857666015625,0.4492288827896118,False,0,0
3073,PushT,0.06,80,65,187.9700927734375,17.8922119140625,2.191805601119995,True,True,True,164.99908447265625,0.12220563739538193,False,0,0
3073,PushT,0.06,81,65,69.62138366699219,12.662445068359375,4.623304843902588,True,True,True,61.750999450683594,0.11304549127817154,False,0,0
3073,PushT,0.06,82,65,354.48175048828125,18.54998779296875,4.2786641120910645,True,True,True,341.4232177734375,0.06908901035785675,False,0,0
3073,PushT,0.06,83,65,194.4533233642578,46.65777587890625,6.099762916564941,True,True,True,183.38006591796875,0.15221114456653595,False,0,0
3073,PushT,0.06,84,65,247.32220458984375,12.52801513671875,2.9913408756256104,True,True,True,235.2755126953125,0.08615443110466003,False,0,0
3073,PushT,0.06,85,65,103.493896484375,15.389617919921875,3.6688029766082764,True,True,True,80.36129760742188,0.2235165536403656,False,0,0
3073,PushT,0.06,86,65,249.89183044433594,10.926727294921875,2.4163098335266113,True,True,True,241.21066284179688,0.03781526908278465,False,0,0
3073,PushT,0.06,87,65,212.82557678222656,4.737335205078125,1.1241902112960815,True,True,True,206.05462646484375,0.031814515590667725,False,0,0
3073,PushT,0.06,88,65,292.3703918457031,18.63836669921875,2.397212505340576,True,True,True,270.4574279785156,0.07494930177927017,False,0,0
3073,PushT,0.06,89,65,352.910888671875,13.28106689453125,1.8250786066055298,True,True,True,350.309814453125,0.03495305776596069,False,0,0
3073,PushT,0.06,90,65,231.62301635742188,250.75701904296875,7.482396125793457,False,False,False,-23.576141357421875,1.101786732673645,True,0,13
3073,PushT,0.06,91,65,200.73602294921875,19.798049926757812,2.5630033016204834,True,True,True,167.787841796875,0.1641368567943573,False,0,0
3073,PushT,0.06,92,65,8.78775405883789,7.854339599609375,4.010208606719971,False,False,True,6.5760955810546875,0.2516750395298004,False,0,0
3073,PushT,0.06,93,65,89.75291442871094,33.65966796875,3.2929537296295166,True,True,True,80.34428405761719,0.1528080701828003,False,1,1
3073,PushT,0.06,94,65,10.232446670532227,5.077972412109375,2.4528911113739014,True,True,True,4.145715713500977,0.5948460698127747,False,0,0
3073,PushT,0.06,95,65,22.012001037597656,45.05291748046875,7.087950229644775,False,False,False,-46.15052795410156,3.0966076850891113,False,1,1
3073,PushT,0.06,96,65,109.0317153930664,19.731231689453125,4.5554680824279785,True,True,True,107.10894775390625,0.06267567723989487,False,0,0
3073,PushT,0.06,97,65,72.21449279785156,16.030975341796875,3.222151756286621,True,True,True,70.43827056884766,0.07316957414150238,False,0,0
3073,PushT,0.06,98,65,20.231781005859375,16.538589477539062,7.555269241333008,False,False,True,18.033483505249023,0.1910514235496521,False,0,0
3073,PushT,0.06,99,65,258.7760925292969,13.888427734375,2.8044846057891846,True,True,True,252.23165893554688,0.04468013718724251,False,0,0
3073,PushT,0.07,0,65,42.55855178833008,26.81195068359375,4.135014533996582,False,False,True,38.9699821472168,0.09437326341867447,False,0,0
3073,PushT,0.07,1,65,309.9090881347656,23.22080421447754,1.65347158908844,True,True,True,285.28118896484375,0.09992269426584244,False,0,0
3073,PushT,0.07,2,65,187.14666748046875,18.247756958007812,2.4098074436187744,True,True,True,168.87222290039062,0.12275302410125732,False,0,0
3073,PushT,0.07,3,65,15.114042282104492,29.01152801513672,5.113224029541016,False,False,True,1.5912933349609375,0.8947142362594604,False,56,56
3073,PushT,0.07,4,65,138.55050659179688,13.691497802734375,2.9011638164520264,True,True,True,135.6954803466797,0.03492065146565437,False,0,0
3073,PushT,0.07,5,65,78.3439712524414,14.16705322265625,2.5065879821777344,True,True,True,76.90572357177734,0.04874702915549278,False,0,0
3073,PushT,0.07,6,65,242.09716796875,36.356842041015625,4.5347418785095215,True,True,True,201.33529663085938,0.2508924603462219,False,0,0
3073,PushT,0.07,7,65,85.36219024658203,15.413909912109375,2.7296299934387207,True,True,True,83.27619171142578,0.045177802443504333,False,0,0
3073,PushT,0.07,8,65,196.56869506835938,8.597015380859375,1.489425778388977,True,True,True,191.18045043945312,0.051016587764024734,False,0,0
3073,PushT,0.07,9,65,370.9842834472656,9.334415435791016,1.730907678604126,True,True,True,357.6545715332031,0.048250310122966766,False,0,0
3073,PushT,0.07,10,65,99.67991638183594,55.29779052734375,5.759270668029785,False,False,True,39.25284194946289,0.6062111258506775,False,0,0
3073,PushT,0.07,11,65,293.5368957519531,9.531402587890625,4.745128631591797,True,True,True,293.2049560546875,0.03234587982296944,False,0,0
3073,PushT,0.07,12,65,63.77603530883789,13.035064697265625,3.0544309616088867,True,True,True,58.53401565551758,0.08219417184591293,False,0,0
3073,PushT,0.07,13,65,106.07681274414062,10.149490356445312,1.8406085968017578,True,True,True,101.6707763671875,0.04927133396267891,False,0,0
3073,PushT,0.07,14,65,83.3572998046875,6.05560302734375,1.9746675491333008,True,True,True,79.69062805175781,0.04398738220334053,False,0,0
3073,PushT,0.07,15,65,100.42341613769531,27.3441162109375,3.4646286964416504,True,True,True,89.25408172607422,0.11122239381074905,False,0,0
3073,PushT,0.07,16,65,291.567138671875,7.296875,1.9497736692428589,True,True,True,289.8788757324219,0.019088178873062134,False,0,0
3073,PushT,0.07,17,65,67.22591400146484,13.98077392578125,1.6957167387008667,True,True,True,63.499210357666016,0.05543551221489906,False,0,0
3073,PushT,0.07,18,65,293.18438720703125,12.7386474609375,0.8993992209434509,True,True,True,279.3328552246094,0.04724515974521637,False,0,0
3073,PushT,0.07,19,65,13.9580659866333,8.7999267578125,3.3771634101867676,False,False,True,12.953237533569336,0.07198905199766159,False,0,0
3073,PushT,0.07,20,65,205.59364318847656,7.1607666015625,2.2835593223571777,True,True,True,200.52951049804688,0.030112067237496376,False,0,0
3073,PushT,0.07,21,65,78.52787780761719,62.09584045410156,7.436543941497803,False,False,True,21.18414306640625,0.7653244137763977,False,0,0
3073,PushT,0.07,22,65,251.54049682617188,18.97021484375,2.346402645111084,True,True,True,242.7769775390625,0.06789904087781906,False,0,0
3073,PushT,0.07,23,65,270.9290466308594,6.910186767578125,2.65639328956604,True,True,True,258.6770324707031,0.045222196727991104,False,0,0
3073,PushT,0.07,24,65,62.456783294677734,14.55306625366211,2.347653865814209,True,True,True,42.741676330566406,0.3156599700450897,False,0,0
3073,PushT,0.07,25,65,64.01618957519531,24.91351318359375,10.369619369506836,True,True,True,50.590919494628906,0.2973836362361908,False,0,0
3073,PushT,0.07,26,65,3.537487030029297,4.87066650390625,1.5967787504196167,False,False,True,0.5513763427734375,0.8441333174705505,False,32,32
3073,PushT,0.07,27,65,110.00521850585938,17.824607849121094,1.8260672092437744,True,True,True,87.89973449707031,0.20094941556453705,False,0,0
3073,PushT,0.07,28,65,231.88619995117188,44.760406494140625,6.74303674697876,True,True,True,213.43641662597656,0.18297407031059265,False,0,0
3073,PushT,0.07,29,65,163.47019958496094,2.675262451171875,0.9704499244689941,True,True,True,160.6431427001953,0.019483337178826332,False,0,0
3073,PushT,0.07,30,65,169.51199340820312,8.10418701171875,2.9044413566589355,True,True,True,165.1620635986328,0.03425838425755501,False,0,0
3073,PushT,0.07,31,65,285.06195068359375,1.986724853515625,0.4749147295951843,True,True,True,284.8468017578125,0.006216237787157297,False,0,0
3073,PushT,0.07,32,65,33.8232536315918,18.271331787109375,3.5866527557373047,False,False,True,22.08640480041504,0.34700530767440796,False,0,0
3073,PushT,0.07,33,65,181.6139373779297,34.71595764160156,3.77943754196167,True,True,True,122.39227294921875,0.3260854482650757,False,0,0
3073,PushT,0.07,34,65,88.20353698730469,19.45220947265625,4.645578861236572,True,True,True,71.62962341308594,0.18790535628795624,False,0,0
3073,PushT,0.07,35,65,126.84416961669922,13.6197509765625,5.06995153427124,True,True,True,123.6072998046875,0.054310236126184464,False,0,0
3073,PushT,0.07,36,65,3.8402748107910156,37.73406219482422,9.25115966796875,False,False,False,-14.039360046386719,4.655821800231934,False,61,61
3073,PushT,0.07,37,65,32.338279724121094,29.927413940429688,6.723233699798584,False,False,True,28.34096908569336,0.23207451403141022,False,0,0
3073,PushT,0.07,38,65,248.45606994628906,11.479156494140625,2.746019124984741,True,True,True,241.1686553955078,0.04476951062679291,False,0,0
3073,PushT,0.07,39,65,148.91603088378906,12.658477783203125,2.0713794231414795,True,True,True,134.27865600585938,0.09829281270503998,False,0,0
3073,PushT,0.07,40,65,342.1265563964844,64.76858520507812,4.966443061828613,True,True,True,261.7014465332031,0.272121399641037,False,0,0
3073,PushT,0.07,41,65,179.476318359375,11.859146118164062,1.741979718208313,True,True,True,164.45101928710938,0.08371743559837341,False,0,0
3073,PushT,0.07,42,65,243.75076293945312,11.159515380859375,2.1838767528533936,True,True,True,242.14132690429688,0.03183886781334877,False,0,0
3073,PushT,0.07,43,65,100.34371185302734,10.467681884765625,2.982515811920166,True,True,True,97.15982818603516,0.06267868727445602,False,0,0
3073,PushT,0.07,44,65,3.4532012939453125,7.391387939453125,1.4927247762680054,False,False,True,1.1537322998046875,0.6658948659896851,False,51,51
3073,PushT,0.07,45,65,10.10418701171875,11.3731689453125,1.404807686805725,False,False,True,5.74932861328125,0.5912817716598511,False,59,59
3073,PushT,0.07,46,65,232.30490112304688,6.37835693359375,1.9406780004501343,True,True,True,227.03085327148438,0.03507617488503456,False,0,0
3073,PushT,0.07,47,65,72.50098419189453,35.995086669921875,6.108020782470703,True,True,True,58.80775451660156,0.18886953592300415,False,0,0
3073,PushT,0.07,48,65,205.82781982421875,11.502899169921875,1.991743803024292,True,True,True,203.96372985839844,0.033106252551078796,False,0,0
3073,PushT,0.07,49,65,178.214599609375,13.138275146484375,2.1511332988739014,True,True,True,172.57241821289062,0.036159925162792206,False,0,0
3073,PushT,0.07,50,65,270.105224609375,28.34136962890625,4.64666748046875,True,True,True,217.47735595703125,0.194842129945755,False,0,0
3073,PushT,0.07,51,65,73.1465835571289,6.968170166015625,2.3198506832122803,True,True,True,66.37884521484375,0.09252297133207321,False,0,0
3073,PushT,0.07,52,65,126.5789794921875,146.99627685546875,13.73346996307373,False,False,False,-67.30387878417969,1.5317145586013794,False,0,0
3073,PushT,0.07,53,65,159.22067260742188,5.94683837890625,3.2807576656341553,True,True,True,155.78567504882812,0.04204320162534714,False,0,0
3073,PushT,0.07,54,65,13.538517951965332,57.17558288574219,8.942869186401367,False,False,True,8.936857223510742,0.5867301225662231,False,0,0
3073,PushT,0.07,55,65,157.2586212158203,11.373046875,2.6193885803222656,True,True,True,154.34512329101562,0.0607711561024189,False,0,0
3073,PushT,0.07,56,65,265.53558349609375,2.04541015625,0.7971717715263367,True,True,True,263.7902526855469,0.00657287985086441,False,0,0
3073,PushT,0.07,57,65,136.35638427734375,18.269775390625,3.458787679672241,True,True,True,120.08488464355469,0.11933068931102753,False,0,0
3073,PushT,0.07,58,65,293.4561462402344,47.247589111328125,5.038721561431885,True,True,True,270.28387451171875,0.16177567839622498,False,0,0
3073,PushT,0.07,59,65,191.54583740234375,49.27622985839844,2.5009703636169434,True,True,True,138.69454956054688,0.27591976523399353,False,0,0
3073,PushT,0.07,60,65,32.598026275634766,11.694793701171875,2.2221176624298096,True,True,True,29.008363723754883,0.13269256055355072,False,0,0
3073,PushT,0.07,61,65,55.062355041503906,19.737136840820312,6.581737041473389,True,True,True,36.42413330078125,0.3384929895401001,False,0,0
3073,PushT,0.07,62,65,153.04217529296875,17.871170043945312,3.112442970275879,True,True,True,134.8277587890625,0.11901562660932541,False,0,0
3073,PushT,0.07,63,65,21.719058990478516,12.913070678710938,4.30288028717041,False,False,True,11.877792358398438,0.45311662554740906,False,0,0
3073,PushT,0.07,64,65,4.063755989074707,4.7666015625,0.7575604915618896,False,False,True,3.802002429962158,0.07779768854379654,False,0,0
3073,PushT,0.07,65,65,155.71644592285156,128.941650390625,7.668106555938721,False,False,False,-38.17478942871094,1.2203971147537231,False,0,0
3073,PushT,0.07,66,65,22.2113037109375,106.56063079833984,24.214529037475586,False,False,False,-10.721778869628906,1.1006476879119873,False,44,44
3073,PushT,0.07,67,65,91.45538330078125,16.08819580078125,5.125012397766113,True,True,True,76.96218872070312,0.18787074089050293,False,0,0
3073,PushT,0.07,68,65,268.62158203125,11.432403564453125,2.7508437633514404,True,True,True,254.35162353515625,0.05312291160225868,False,0,0
3073,PushT,0.07,69,65,106.03723907470703,31.82843017578125,4.8493452072143555,True,True,True,98.12127685546875,0.19712603092193604,False,0,0
3073,PushT,0.07,70,65,191.15472412109375,21.250747680664062,2.9455740451812744,True,True,True,168.64218139648438,0.11777129024267197,False,0,0
3073,PushT,0.07,71,65,76.40435028076172,53.70556640625,4.018975257873535,False,False,True,48.78137969970703,0.3615366220474243,False,0,0
3073,PushT,0.07,72,65,82.40251159667969,12.092071533203125,2.191645622253418,True,True,True,74.7789306640625,0.09251636266708374,False,0,0
3073,PushT,0.07,73,65,22.08424949645996,29.26507568359375,10.563230514526367,False,False,True,16.228164672851562,0.28026288747787476,False,17,17
3073,PushT,0.07,74,65,37.388572692871094,10.644874572753906,1.5512895584106445,True,True,True,34.999420166015625,0.17047202587127686,False,2,2
3073,PushT,0.07,75,65,4.691315650939941,13.570648193359375,2.542125701904297,False,False,True,3.9931602478027344,0.14881868660449982,False,22,22
3073,PushT,0.07,76,65,37.321510314941406,39.41021728515625,3.161904811859131,False,False,False,-6.315467834472656,1.1692179441452026,True,1,0
3073,PushT,0.07,77,65,148.77490234375,75.57560729980469,3.4010424613952637,False,False,True,141.6667938232422,0.2563381791114807,False,0,0
3073,PushT,0.07,78,65,317.7402648925781,13.39422607421875,1.2860603332519531,True,True,True,313.65521240234375,0.030126310884952545,False,0,0
3073,PushT,0.07,79,65,4.455833435058594,84.77271270751953,12.493851661682129,False,False,False,-95.06596374511719,22.33517074584961,False,47,47
3073,PushT,0.07,80,65,142.20950317382812,10.303314208984375,2.006564140319824,True,True,True,138.64276123046875,0.03576767072081566,False,0,0
3073,PushT,0.07,81,65,48.5282096862793,18.147659301757812,8.573711395263672,True,True,True,36.63829803466797,0.2839747965335846,False,0,0
3073,PushT,0.07,82,65,346.7678527832031,7.20416259765625,1.8039093017578125,True,True,True,340.5823974609375,0.02381833642721176,False,0,0
3073,PushT,0.07,83,65,228.2383575439453,30.127105712890625,3.105921506881714,True,True,True,221.3516082763672,0.10671377182006836,False,0,0
3073,PushT,0.07,84,65,287.4157409667969,9.5384521484375,2.834923028945923,True,True,True,275.1766662597656,0.055764466524124146,False,0,0
3073,PushT,0.07,85,65,70.88772583007812,46.0933837890625,8.271885871887207,False,False,False,-11.904953002929688,1.1679409742355347,False,0,0
3073,PushT,0.07,86,65,169.76084899902344,17.022247314453125,2.2716095447540283,True,True,True,167.63018798828125,0.05728275328874588,False,0,0
3073,PushT,0.07,87,65,142.38311767578125,4.760223388671875,1.9512333869934082,True,True,True,138.64675903320312,0.03644317761063576,False,0,0
3073,PushT,0.07,88,65,267.3298034667969,7.2587890625,1.1205390691757202,True,True,True,262.0649108886719,0.02878401428461075,False,0,0
3073,PushT,0.07,89,65,341.51397705078125,7.97369384765625,1.6627424955368042,True,True,True,336.599365234375,0.0311580803245306,False,0,0
3073,PushT,0.07,90,65,131.78533935546875,114.45870971679688,4.896535396575928,False,False,True,13.499786376953125,0.8975623250007629,False,0,0
3073,PushT,0.07,91,65,230.99110412597656,5.300262451171875,1.5569370985031128,True,True,True,225.61920166015625,0.023255884647369385,False,0,0
3073,PushT,0.07,92,65,29.731029510498047,6.0313568115234375,1.9516714811325073,True,True,True,23.51930046081543,0.2089308500289917,False,0,0
3073,PushT,0.07,93,65,9.57452392578125,19.897430419921875,2.8532683849334717,False,False,False,-3.5750732421875,1.3733943700790405,False,29,29
3073,PushT,0.07,94,65,28.322402954101562,2.7733612060546875,0.8525198101997375,True,True,True,26.116439819335938,0.07788757234811783,False,0,0
3073,PushT,0.07,95,65,51.71965789794922,51.50799560546875,6.956199645996094,False,False,True,21.550689697265625,0.583317220211029,False,1,1
3073,PushT,0.07,96,65,103.15845489501953,16.151092529296875,2.5683977603912354,True,True,True,100.33871459960938,0.0721413642168045,False,0,0
3073,PushT,0.07,97,65,80.94722747802734,19.51953125,3.97127628326416,True,True,True,76.52387237548828,0.14006544649600983,False,0,0
3073,PushT,0.07,98,65,36.633792877197266,9.5013427734375,1.4375064373016357,True,True,True,34.396751403808594,0.10668909549713135,False,0,0
3073,PushT,0.07,99,65,258.9897155761719,19.333984375,3.2860116958618164,True,True,True,257.04449462890625,0.04700402542948723,False,0,0
3073,PushT,0.08,0,65,36.438270568847656,11.435089111328125,2.0919349193573,True,True,True,35.60475158691406,0.056687094271183014,False,0,0
3073,PushT,0.08,1,65,354.710205078125,11.008026123046875,2.1074938774108887,True,True,True,339.64776611328125,0.04921514540910721,False,0,0
3073,PushT,0.08,2,65,203.50738525390625,8.262847900390625,2.051567792892456,True,True,True,194.6126251220703,0.048698700964450836,False,0,0
3073,PushT,0.08,3,65,8.630607604980469,25.530685424804688,4.214338302612305,False,False,False,-2.1808395385742188,1.252686619758606,False,56,56
3073,PushT,0.08,4,65,195.8293914794922,53.882476806640625,4.797799110412598,True,True,True,193.72515869140625,0.1453075259923935,False,0,0
3073,PushT,0.08,5,65,43.53166580200195,17.95184326171875,3.6260874271392822,True,True,True,36.61644744873047,0.15885494649410248,False,0,0
3073,PushT,0.08,6,65,253.2944793701172,20.7156982421875,3.1828746795654297,True,True,True,238.07281494140625,0.06558018177747726,False,0,0
3073,PushT,0.08,7,65,76.04033660888672,8.87841796875,2.934288740158081,True,True,True,66.6480712890625,0.12351683527231216,False,0,0
3073,PushT,0.08,8,65,212.044189453125,11.434158325195312,1.2459397315979004,True,True,True,207.0369873046875,0.06914837658405304,False,0,0
3073,PushT,0.08,9,65,375.4088134765625,5.847137451171875,0.7915143370628357,True,True,True,373.98321533203125,0.014426225796341896,False,0,0
3073,PushT,0.08,10,65,89.23289489746094,26.170623779296875,2.210437774658203,True,True,True,79.93524932861328,0.11223232746124268,False,0,0
3073,PushT,0.08,11,65,309.37945556640625,7.63250732421875,1.3387746810913086,True,True,True,304.3626708984375,0.025786735117435455,False,0,0
3073,PushT,0.08,12,65,58.53776168823242,14.830780029296875,3.9300665855407715,True,True,True,55.05567169189453,0.09356643259525299,False,0,0
3073,PushT,0.08,13,65,84.84365844726562,26.59173583984375,8.958178520202637,True,True,True,67.932373046875,0.19932295382022858,False,0,0
3073,PushT,0.08,14,65,87.22767639160156,24.18695068359375,6.7101945877075195,True,True,True,77.91424560546875,0.1677127629518509,False,0,0
3073,PushT,0.08,15,65,15.351999282836914,52.123199462890625,8.627411842346191,False,False,True,0.7222995758056641,0.9697151184082031,False,0,0
3073,PushT,0.08,16,65,282.1998291015625,13.45440673828125,4.280877113342285,True,True,True,272.8119812011719,0.061336614191532135,False,0,0
3073,PushT,0.08,17,65,106.34387969970703,22.6541748046875,2.9194936752319336,True,True,True,96.40321350097656,0.1304493546485901,False,0,0
3073,PushT,0.08,18,65,354.373046875,3.796661376953125,1.4191454648971558,True,True,True,351.7896728515625,0.008520388975739479,False,0,0
3073,PushT,0.08,19,65,7.535511016845703,12.29595947265625,3.983546733856201,False,False,True,6.965466499328613,0.0756477564573288,False,0,0
3073,PushT,0.08,20,65,243.65982055664062,44.94207763671875,2.1320884227752686,True,True,True,198.64105224609375,0.2075660675764084,False,0,0
3073,PushT,0.08,21,65,103.26502227783203,28.907608032226562,5.955849647521973,True,True,True,85.48379516601562,0.17219018936157227,False,0,0
3073,PushT,0.08,22,65,191.46713256835938,22.711456298828125,3.9736149311065674,True,True,True,167.57870483398438,0.13145901262760162,False,0,0
3073,PushT,0.08,23,65,188.39971923828125,11.395458221435547,4.534049987792969,True,True,True,176.6532440185547,0.07574322074651718,False,0,0
3073,PushT,0.08,24,65,10.756427764892578,10.133346557617188,1.3223525285720825,False,False,False,-1.0525283813476562,1.056375503540039,False,7,7
3073,PushT,0.08,25,65,37.395713806152344,43.6099853515625,10.349298477172852,False,False,True,13.697509765625,0.6337144374847412,False,0,0
3073,PushT,0.08,26,65,17.75664520263672,8.542625427246094,3.1024370193481445,True,True,True,15.285865783691406,0.13914674520492554,False,32,32
3073,PushT,0.08,27,65,52.54978942871094,35.70965576171875,2.988114595413208,False,False,False,-14.722400665283203,1.280160903930664,False,0,0
3073,PushT,0.08,28,65,192.13507080078125,76.8885498046875,8.337329864501953,True,True,True,178.11068725585938,0.23534956574440002,False,0,0
3073,PushT,0.08,29,65,151.927001953125,57.737762451171875,4.303194522857666,True,True,True,127.58960723876953,0.31399884819984436,False,0,0
3073,PushT,0.08,30,65,158.8992919921875,31.459136962890625,6.24357795715332,True,True,True,142.25242614746094,0.15466883778572083,False,0,0
3073,PushT,0.08,31,65,332.2464294433594,9.005279541015625,1.5548505783081055,True,True,True,325.9716491699219,0.025572847574949265,False,0,0
3073,PushT,0.08,32,65,18.358373641967773,10.685577392578125,2.7319843769073486,False,False,True,15.83635139465332,0.13737721741199493,False,0,0
3073,PushT,0.08,33,65,166.89999389648438,15.328399658203125,2.07157039642334,True,True,True,151.07704162597656,0.13868853449821472,False,0,0
3073,PushT,0.08,34,65,149.22195434570312,23.36236572265625,4.095005512237549,True,True,True,137.04718017578125,0.08935648202896118,False,0,0
3073,PushT,0.08,35,65,98.95914459228516,16.00445556640625,5.812724590301514,True,True,True,88.92503356933594,0.12942011654376984,False,0,0
3073,PushT,0.08,36,65,3.7969589233398438,3.8167037963867188,1.5151780843734741,False,False,True,0.7122077941894531,0.8326303362846375,False,1,1
3073,PushT,0.08,37,65,30.893878936767578,12.251358032226562,3.2349350452423096,True,True,True,29.7882080078125,0.11345381289720535,False,0,0
3073,PushT,0.08,38,65,276.57830810546875,9.1937255859375,1.733947515487671,True,True,True,269.21734619140625,0.04295606538653374,False,0,0
3073,PushT,0.08,39,65,162.54014587402344,18.198974609375,5.859553337097168,True,True,True,149.95278930664062,0.08380421996116638,False,0,0
3073,PushT,0.08,40,65,298.7416076660156,22.591217041015625,2.8599891662597656,True,True,True,276.6021728515625,0.1328912228345871,False,0,0
3073,PushT,0.08,41,65,88.04916381835938,23.971298217773438,2.3603179454803467,True,True,True,69.44882202148438,0.2537177801132202,False,0,0
3073,PushT,0.08,42,65,224.0745086669922,42.521728515625,2.675900936126709,True,True,True,220.18344116210938,0.14231617748737335,False,0,0
3073,PushT,0.08,43,65,101.83146667480469,16.926406860351562,4.0064473152160645,True,True,True,88.9291763305664,0.16147440671920776,False,0,0
3073,PushT,0.08,44,65,51.209312438964844,17.983291625976562,3.4425055980682373,True,True,True,24.250282287597656,0.5264478325843811,False,23,23
3073,PushT,0.08,45,65,9.411697387695312,2.908294677734375,0.9050583839416504,True,True,True,6.9698028564453125,0.293019562959671,False,27,27
3073,PushT,0.08,46,65,216.93441772460938,54.476715087890625,2.4086925983428955,True,True,True,215.44744873046875,0.13918349146842957,False,0,0
3073,PushT,0.08,47,65,165.8468780517578,8.642669677734375,1.706282377243042,True,True,True,158.6143341064453,0.04360979050397873,False,0,0
3073,PushT,0.08,48,65,155.5007781982422,60.65224838256836,9.99072551727295,True,True,True,78.83540344238281,0.49302244186401367,False,0,0
3073,PushT,0.08,49,65,171.80714416503906,39.284637451171875,7.137133598327637,True,True,True,152.4786376953125,0.18372061848640442,False,0,0
3073,PushT,0.08,50,65,248.13601684570312,10.840728759765625,2.453704833984375,True,True,True,230.92955017089844,0.06934291124343872,False,0,0
3073,PushT,0.08,51,65,75.58354187011719,22.766876220703125,3.728436231613159,True,True,True,68.13648986816406,0.12315849214792252,False,0,0
3073,PushT,0.08,52,65,129.28982543945312,41.62154006958008,5.846237659454346,True,True,True,70.77262878417969,0.45260483026504517,False,0,0
3073,PushT,0.08,53,65,83.1412582397461,14.747062683105469,4.880416393280029,True,True,True,64.80560302734375,0.22053617238998413,False,0,0
3073,PushT,0.08,54,65,25.266223907470703,27.229248046875,4.5684494972229,False,False,True,7.6458587646484375,0.6973881721496582,False,0,0
3073,PushT,0.08,55,65,154.16290283203125,28.639007568359375,7.442962169647217,True,True,True,148.12657165527344,0.14388436079025269,False,0,0
3073,PushT,0.08,56,65,225.42156982421875,7.1834716796875,2.9159810543060303,True,True,True,222.47760009765625,0.024869734421372414,False,0,0
3073,PushT,0.08,57,65,130.88978576660156,13.12457275390625,6.457014560699463,True,True,True,125.00820922851562,0.04812626168131828,False,0,0
3073,PushT,0.08,58,65,295.7934875488281,16.460113525390625,2.4972310066223145,True,True,True,276.4234924316406,0.08333960920572281,False,0,0
3073,PushT,0.08,59,65,263.90142822265625,36.5811767578125,6.25565242767334,True,True,True,223.16603088378906,0.1543583869934082,False,0,0
3073,PushT,0.08,60,65,40.263885498046875,7.835174560546875,2.159062385559082,True,True,True,39.78731155395508,0.045726478099823,False,0,0
3073,PushT,0.08,61,65,106.06988525390625,15.019561767578125,2.970824956893921,True,True,True,94.40203857421875,0.13798002898693085,False,0,0
3073,PushT,0.08,62,65,156.5977783203125,8.20513916015625,2.3874928951263428,True,True,True,150.9033660888672,0.036363255232572556,False,0,0
3073,PushT,0.08,63,65,4.571449279785156,17.50560760498047,5.862786293029785,False,False,False,-0.8730430603027344,1.1909773349761963,False,0,0
3073,PushT,0.08,64,65,0.6612834930419922,11.928970336914062,4.1573004722595215,False,False,False,-1.776357650756836,2.8162434101104736,False,0,0
3073,PushT,0.08,65,65,215.68067932128906,52.833656311035156,5.995152473449707,True,True,True,127.3160171508789,0.4097013473510742,False,0,0
3073,PushT,0.08,66,65,0.8670120239257812,98.70822143554688,38.83780288696289,False,False,False,-24.79193878173828,29.594688415527344,False,0,0
3073,PushT,0.08,67,65,102.08786010742188,27.8299560546875,5.960361957550049,True,True,True,81.39945220947266,0.20265299081802368,False,0,0
3073,PushT,0.08,68,65,131.0548858642578,20.8037109375,4.921640872955322,True,True,True,128.01133728027344,0.07792145758867264,False,0,0
3073,PushT,0.08,69,65,79.46170043945312,23.89208984375,3.430471897125244,True,True,True,71.2949447631836,0.18373747169971466,False,0,0
3073,PushT,0.08,70,65,135.73870849609375,17.916259765625,2.6285409927368164,True,True,True,126.7630844116211,0.06612428277730942,False,0,0
3073,PushT,0.08,71,65,165.974853515625,19.279949188232422,3.4984290599823,True,True,True,141.23631286621094,0.16220968961715698,False,0,0
3073,PushT,0.08,72,65,48.040367126464844,19.177459716796875,2.421556234359741,True,True,True,40.66232681274414,0.15358000993728638,False,0,0
3073,PushT,0.08,73,65,8.347816467285156,27.339004516601562,5.677643299102783,False,False,False,-2.068248748779297,1.247759222984314,False,0,0
3073,PushT,0.08,74,65,87.75434875488281,4.61663818359375,1.081754446029663,True,True,True,83.15226745605469,0.05244279280304909,False,0,0
3073,PushT,0.08,75,65,0.37362098693847656,6.7217864990234375,2.30002498626709,False,False,False,-2.63668155670166,8.05710220336914,True,22,14
3073,PushT,0.08,76,65,8.145477294921875,17.369522094726562,2.628387451171875,False,False,False,-15.672103881835938,2.924025297164917,False,1,1
3073,PushT,0.08,77,65,224.25045776367188,15.3388671875,2.174774169921875,True,True,True,207.04443359375,0.07672683894634247,False,0,0
3073,PushT,0.08,78,65,276.667236328125,15.843017578125,9.859485626220703,True,True,True,264.1084289550781,0.04539322853088379,False,0,0
3073,PushT,0.08,79,65,4.938697814941406,18.57745361328125,5.4390974044799805,False,False,False,-4.09234619140625,1.8286285400390625,False,47,47
3073,PushT,0.08,80,65,132.88990783691406,4.5623779296875,1.6670095920562744,True,True,True,129.35511779785156,0.026599401608109474,False,0,0
3073,PushT,0.08,81,65,44.71515655517578,11.2271728515625,2.6757071018218994,True,True,True,43.91845703125,0.10778557509183884,False,0,0
3073,PushT,0.08,82,65,332.6790466308594,7.917724609375,2.3225624561309814,True,True,True,322.5768127441406,0.03319589048624039,False,0,0
3073,PushT,0.08,83,65,234.36111450195312,38.43072509765625,6.029373645782471,True,True,True,197.91661071777344,0.15550576150417328,False,0,0
3073,PushT,0.08,84,65,221.31373596191406,29.896848678588867,2.773469924926758,True,True,True,184.51344299316406,0.1662811040878296,False,0,0
3073,PushT,0.08,85,65,47.781585693359375,74.37985229492188,6.089770317077637,False,False,False,-49.59185791015625,2.037886381149292,False,60,60
3073,PushT,0.08,86,65,293.2716979980469,25.144195556640625,3.5189743041992188,True,True,True,259.0533142089844,0.1438509225845337,False,0,0
3073,PushT,0.08,87,65,160.6143798828125,8.647735595703125,1.2000586986541748,True,True,True,150.96054077148438,0.06010569632053375,False,0,0
3073,PushT,0.08,88,65,261.3510437011719,18.247695922851562,4.250992774963379,True,True,True,238.31622314453125,0.08813747018575668,False,0,0
3073,PushT,0.08,89,65,348.18267822265625,5.37762451171875,2.139455556869507,True,True,True,347.2591857910156,0.010556593537330627,False,0,0
3073,PushT,0.08,90,65,246.29454040527344,24.80982208251953,2.0153706073760986,True,True,True,216.7203369140625,0.12433989346027374,False,0,0
3073,PushT,0.08,91,65,161.29598999023438,6.7791748046875,0.8784548044204712,True,True,True,156.52369689941406,0.02958717755973339,False,0,0
3073,PushT,0.08,92,65,12.69411849975586,14.668182373046875,3.5177690982818604,False,False,True,9.302722930908203,0.2671627402305603,False,0,0
3073,PushT,0.08,93,65,20.12220001220703,16.26654052734375,1.4354057312011719,False,False,True,11.176536560058594,0.4462745189666748,False,1,1
3073,PushT,0.08,94,65,9.771777153015137,4.6981048583984375,1.6123088598251343,True,True,True,7.232021331787109,0.25990724563598633,False,0,0
3073,PushT,0.08,95,65,39.862571716308594,72.3360595703125,7.999820709228516,False,False,True,5.054573059082031,0.9435955286026001,False,1,1
3073,PushT,0.08,96,65,95.46963500976562,9.9622802734375,1.4694932699203491,True,True,True,92.32524108886719,0.033568818122148514,False,0,0
3073,PushT,0.08,97,65,87.37013244628906,3.1949462890625,1.217334508895874,True,True,True,86.8799819946289,0.0255670677870512,False,0,0
3073,PushT,0.08,98,65,6.6914825439453125,12.789657592773438,5.199717044830322,False,False,True,1.5651779174804688,0.7660940289497375,False,0,0
3073,PushT,0.08,99,65,221.90023803710938,13.9722900390625,1.833998680114746,True,True,True,217.63380432128906,0.0571187287569046,False,0,0
