training_seed,task,std_key,sample_index,candidate_count,clean_margin,sample_max_drift,sample_mean_drift,coarse_cert_pass,cert_pass,sharp_cert_pass,sharp_cert_slack,sharp_normalized_score,top1_flip,clean_best,noisy_best
3072,PushT,0.0,0,65,291.92132568359375,436.835693359375,47.114593505859375,False,False,False,-197.52438354492188,1.6011236906051636,True,0,60
3072,PushT,0.0,1,65,96.65787506103516,348.90911865234375,101.815185546875,False,False,False,-509.4173889160156,6.2703142166137695,True,0,23
3072,PushT,0.0,2,65,77.17011260986328,344.34130859375,83.90894317626953,False,False,False,-424.3011474609375,6.18599796295166,True,0,56
3072,PushT,0.0,3,65,7.44183349609375,127.52517700195312,49.32893753051758,False,False,False,-208.3922576904297,29.002811431884766,True,61,10
3072,PushT,0.0,4,65,175.6430206298828,418.22198486328125,82.18798065185547,False,False,False,-435.568115234375,3.479848623275757,True,0,61
3072,PushT,0.0,5,65,78.56106567382812,396.0772705078125,53.20913314819336,False,False,False,-620.94921875,8.904031753540039,True,0,2
3072,PushT,0.0,6,65,0.757843017578125,133.690185546875,39.8798828125,False,False,False,-156.40512084960938,207.3819580078125,True,51,37
3072,PushT,0.0,7,65,169.03640747070312,222.75662231445312,29.44057273864746,False,False,False,-144.2667999267578,1.842848300933838,True,0,52
3072,PushT,0.0,8,65,189.5331268310547,173.3607940673828,46.548583984375,False,False,False,-64.67221069335938,1.3412184715270996,True,0,25
3072,PushT,0.0,9,65,117.59976959228516,89.79960632324219,26.211030960083008,False,False,True,17.432340621948242,0.851765513420105,False,0,0
3072,PushT,0.0,10,65,288.87652587890625,453.2360534667969,62.11945343017578,False,False,False,-352.50103759765625,2.220248222351074,True,0,17
3072,PushT,0.0,11,65,74.50458526611328,418.6719665527344,185.11949157714844,False,False,False,-732.93310546875,10.455113410949707,True,0,39
3072,PushT,0.0,12,65,145.53414916992188,492.2406311035156,142.01632690429688,False,False,False,-712.6293334960938,5.896646499633789,True,0,57
3072,PushT,0.0,13,65,198.95045471191406,448.9945983886719,53.54212951660156,False,False,False,-498.7918701171875,3.3291280269622803,True,0,56
3072,PushT,0.0,14,65,147.85154724121094,384.7397155761719,29.239559173583984,False,False,False,-435.513916015625,3.9456162452697754,True,0,4
3072,PushT,0.0,15,65,93.62474060058594,303.2874450683594,79.66438293457031,False,False,False,-312.1372985839844,4.036428451538086,True,0,25
3072,PushT,0.0,16,65,144.29052734375,429.0716552734375,127.37162017822266,False,False,False,-662.8051147460938,5.593545436859131,True,0,7
3072,PushT,0.0,17,65,69.54635620117188,196.37258911132812,53.43748092651367,False,False,False,-265.61834716796875,4.819299221038818,True,27,0
3072,PushT,0.0,18,65,191.41680908203125,375.77557373046875,70.48138427734375,False,False,False,-285.75311279296875,2.446995973587036,True,0,48
3072,PushT,0.0,19,65,137.09796142578125,386.1685485839844,97.74591064453125,False,False,False,-481.5154724121094,4.512199878692627,True,0,28
3072,PushT,0.0,20,65,274.4718322753906,411.5874328613281,82.05380249023438,False,False,False,-293.0259704589844,2.0462379455566406,True,0,54
3072,PushT,0.0,21,65,109.76299285888672,417.16851806640625,72.40105438232422,False,False,False,-618.3822021484375,6.633795738220215,True,0,6
3072,PushT,0.0,22,65,120.69747161865234,276.0107727050781,86.83270263671875,False,False,False,-356.0091247558594,3.949599027633667,True,0,12
3072,PushT,0.0,23,65,15.695442199707031,188.43951416015625,87.61878967285156,False,False,False,-240.70120239257812,16.335739135742188,True,31,47
3072,PushT,0.0,24,65,275.62005615234375,320.2603759765625,59.86191177368164,False,False,False,-148.20849609375,1.5236729383468628,True,0,63
3072,PushT,0.0,25,65,85.33407592773438,44.920196533203125,10.731734275817871,False,False,True,58.64802551269531,0.31272444128990173,False,0,0
3072,PushT,0.0,26,65,1.44915771484375,279.3695068359375,110.45414733886719,False,False,False,-552.11181640625,381.988037109375,True,0,26
3072,PushT,0.0,27,65,2.6546192169189453,296.14166259765625,80.49710083007812,False,False,False,-244.3813018798828,74.3752670288086,True,21,55
3072,PushT,0.0,28,65,56.63508224487305,222.65736389160156,41.749000549316406,False,False,False,-352.1749572753906,7.218318462371826,True,0,51
3072,PushT,0.0,29,65,50.854549407958984,216.2593994140625,89.65251159667969,False,False,False,-355.92041015625,7.9987921714782715,True,0,30
3072,PushT,0.0,30,65,54.57441711425781,201.43728637695312,65.85152435302734,False,False,False,-241.9781494140625,5.433911323547363,True,0,43
3072,PushT,0.0,31,65,215.34515380859375,214.97923278808594,64.3707275390625,False,False,False,-37.458587646484375,1.173946738243103,False,0,0
3072,PushT,0.0,32,65,201.9981231689453,299.9537048339844,68.21699523925781,False,False,False,-209.62709045410156,2.0377674102783203,True,0,16
3072,PushT,0.0,33,65,127.7125015258789,252.6514892578125,72.53057098388672,False,False,False,-288.34130859375,3.257737636566162,True,0,4
3072,PushT,0.0,34,65,6.4948883056640625,284.220703125,57.96516799926758,False,False,False,-521.4747314453125,70.3220443725586,True,4,45
3072,PushT,0.0,35,65,93.13363647460938,203.76991271972656,57.84169006347656,False,False,False,-249.8043212890625,3.68221378326416,True,0,29
3072,PushT,0.0,36,65,67.13050842285156,340.90167236328125,61.33346939086914,False,False,False,-513.82470703125,8.654115676879883,True,0,20
3072,PushT,0.0,37,65,113.13259887695312,545.0116577148438,292.2485046386719,False,False,False,-868.757080078125,8.679104804992676,True,0,8
3072,PushT,0.0,38,65,163.2052459716797,200.16575622558594,31.767608642578125,False,False,False,-102.08000183105469,1.6254701614379883,True,0,57
3072,PushT,0.0,39,65,153.08538818359375,404.0140075683594,85.71553802490234,False,False,False,-482.26531982421875,4.150302886962891,True,0,25
3072,PushT,0.0,40,65,67.12984466552734,461.7108459472656,59.477935791015625,False,False,False,-778.6525268554688,12.599200248718262,True,0,12
3072,PushT,0.0,41,65,230.59854125976562,314.0667724609375,40.64488983154297,False,False,False,-186.56884765625,1.80906343460083,True,0,29
3072,PushT,0.0,42,65,248.8861083984375,393.605224609375,50.5652961730957,False,False,False,-285.3896179199219,2.146667718887329,True,0,46
3072,PushT,0.0,43,65,96.28514099121094,195.0244598388672,41.17427062988281,False,False,False,-223.49374389648438,3.3211653232574463,True,35,27
3072,PushT,0.0,44,65,252.44778442382812,369.3528137207031,75.89186096191406,False,False,False,-272.1164855957031,2.0073835849761963,True,0,52
3072,PushT,0.0,45,65,86.20987701416016,375.78271484375,58.1798210144043,False,False,False,-587.6270141601562,7.816237926483154,True,0,28
3072,PushT,0.0,46,65,164.2241973876953,423.18853759765625,90.55667114257812,False,False,False,-500.0762939453125,4.045083045959473,True,0,38
3072,PushT,0.0,47,65,192.4818878173828,463.18963623046875,69.06736755371094,False,False,False,-535.9837646484375,3.7845935821533203,True,0,52
3072,PushT,0.0,48,65,309.6922607421875,425.91790771484375,40.44900131225586,False,False,False,-242.58413696289062,1.7833069562911987,True,0,31
3072,PushT,0.0,49,65,68.17938232421875,391.2029113769531,133.02818298339844,False,False,False,-619.3463134765625,10.08406925201416,True,0,33
3072,PushT,0.0,50,65,33.93463134765625,168.9315948486328,77.53408813476562,False,False,False,-98.78720092773438,3.911102771759033,True,30,56
3072,PushT,0.0,51,65,57.29866027832031,385.6535339355469,99.38035583496094,False,False,False,-693.664794921875,13.10612678527832,True,0,46
3072,PushT,0.0,52,65,268.9522399902344,397.5327453613281,36.89793014526367,False,False,False,-260.2310791015625,1.967573642730713,True,0,14
3072,PushT,0.0,53,65,219.93829345703125,429.27154541015625,67.54802703857422,False,False,False,-470.433837890625,3.1389355659484863,True,0,37
3072,PushT,0.0,54,65,248.77867126464844,333.0491027832031,30.104379653930664,False,False,False,-160.16786193847656,1.631247878074646,True,0,26
3072,PushT,0.0,55,65,4.521482467651367,30.834575653076172,9.944048881530762,False,False,False,-41.032020568847656,9.86812686920166,True,0,62
3072,PushT,0.0,56,65,184.72817993164062,172.1669158935547,30.743953704833984,False,False,False,-63.39009094238281,1.3431533575057983,False,0,0
3072,PushT,0.0,57,65,269.23968505859375,359.5263671875,34.95278549194336,False,False,False,-123.07281494140625,1.4329912662506104,True,0,3
3072,PushT,0.0,58,65,233.53985595703125,401.9403991699219,57.8419189453125,False,False,False,-332.2907409667969,2.4228436946868896,True,0,18
3072,PushT,0.0,59,65,198.68106079101562,276.79913330078125,52.65724182128906,False,False,False,-144.662353515625,1.7281134128570557,True,0,60
3072,PushT,0.0,60,65,7.4514079093933105,172.68093872070312,112.42534637451172,False,False,False,-321.61309814453125,43.793025970458984,True,1,2
3072,PushT,0.0,61,65,79.33338165283203,205.58956909179688,38.522239685058594,False,False,False,-235.03709411621094,3.962650775909424,True,0,26
3072,PushT,0.0,62,65,191.79881286621094,335.8094482421875,49.4208984375,False,False,False,-265.2813720703125,2.3831231594085693,True,0,41
3072,PushT,0.0,63,65,270.52960205078125,292.2245178222656,53.33323287963867,False,False,False,-64.7264404296875,1.2199068069458008,True,0,55
3072,PushT,0.0,64,65,0.7302889823913574,85.35997009277344,55.5363655090332,False,False,False,-136.93287658691406,156.93658447265625,True,57,0
3072,PushT,0.0,65,65,4.370918273925781,251.09609985351562,114.60736846923828,False,False,False,-422.35760498046875,73.14466094970703,True,0,28
3072,PushT,0.0,66,65,75.36100769042969,390.3666687011719,71.20220184326172,False,False,False,-589.7335815429688,8.825447082519531,True,0,61
3072,PushT,0.0,67,65,149.80218505859375,411.8385314941406,108.35443115234375,False,False,False,-572.806396484375,4.823752403259277,True,0,57
3072,PushT,0.0,68,65,18.15070343017578,292.3425598144531,92.31768798828125,False,False,False,-537.2063598632812,30.59699821472168,True,0,53
3072,PushT,0.0,69,65,268.56683349609375,355.4654846191406,47.76585388183594,False,False,False,-209.04351806640625,1.769217848777771,True,0,20
3072,PushT,0.0,70,65,317.3412780761719,330.7996520996094,109.58350372314453,False,False,False,-152.44097900390625,1.47604501247406,True,0,16
3072,PushT,0.0,71,65,115.57398223876953,284.4590759277344,92.793701171875,False,False,False,-168.90476989746094,2.4614429473876953,True,0,61
3072,PushT,0.0,72,65,0.4282646179199219,173.5834503173828,62.88152313232422,False,False,False,-315.61669921875,737.966552734375,True,0,46
3072,PushT,0.0,73,65,71.87727355957031,284.0820617675781,58.19702911376953,False,False,False,-412.8450927734375,6.743749618530273,True,0,29
3072,PushT,0.0,74,65,2.061366558074951,87.04447174072266,26.478418350219727,False,False,False,-138.10305786132812,67.99588012695312,True,0,44
3072,PushT,0.0,75,65,309.54266357421875,408.9651794433594,26.67003059387207,False,False,False,-184.85299682617188,1.597180962562561,True,0,36
3072,PushT,0.0,76,65,313.102294921875,433.878662109375,76.47698211669922,False,False,False,-204.68405151367188,1.6537290811538696,True,0,6
3072,PushT,0.0,77,65,195.86148071289062,259.43035888671875,29.883779525756836,False,False,False,-128.8850860595703,1.658042073249817,True,0,53
3072,PushT,0.0,78,65,178.94012451171875,313.19189453125,37.68343734741211,False,False,False,-279.8772277832031,2.5640830993652344,True,0,23
3072,PushT,0.0,79,65,320.47222900390625,487.704833984375,101.72398376464844,False,False,False,-328.21527099609375,2.0241613388061523,True,0,52
3072,PushT,0.0,80,65,303.3977355957031,397.26080322265625,44.128944396972656,False,False,False,-107.75253295898438,1.332952618598938,True,0,43
3072,PushT,0.0,81,65,236.99758911132812,374.55712890625,40.65787124633789,False,False,False,-368.58880615234375,2.5552430152893066,True,0,3
3072,PushT,0.0,82,65,35.325157165527344,338.0278625488281,94.63560485839844,False,False,False,-634.036376953125,18.948579788208008,True,0,50
3072,PushT,0.0,83,65,27.726402282714844,298.5273742675781,89.96235656738281,False,False,False,-536.45166015625,20.348045349121094,True,0,43
3072,PushT,0.0,84,65,77.45281982421875,163.99981689453125,30.660551071166992,False,False,False,-133.25906372070312,2.637932777404785,True,0,16
3072,PushT,0.0,85,65,158.5316925048828,294.863525390625,46.40056610107422,False,False,False,-326.802978515625,3.061436414718628,True,0,60
3072,PushT,0.0,86,65,0.8455810546875,211.2080841064453,57.70551300048828,False,False,False,-303.483154296875,359.9048767089844,True,25,22
3072,PushT,0.0,87,65,24.664875030517578,334.087890625,97.570068359375,False,False,False,-640.9725341796875,26.987258911132812,True,0,61
3072,PushT,0.0,88,65,82.4467544555664,248.89157104492188,45.605777740478516,False,False,False,-323.2599792480469,4.920833110809326,True,0,26
3072,PushT,0.0,89,65,270.8148193359375,271.8166809082031,98.84696197509766,False,False,False,-106.88592529296875,1.3946826457977295,True,0,47
3072,PushT,0.0,90,65,102.98355865478516,293.3264465332031,62.174072265625,False,False,False,-392.739501953125,4.8136138916015625,True,0,13
3072,PushT,0.0,91,65,233.80381774902344,416.1836853027344,121.19837951660156,False,False,False,-436.826904296875,2.8683481216430664,True,0,33
3072,PushT,0.0,92,65,230.70095825195312,186.3397216796875,51.599979400634766,False,False,False,-65.56246948242188,1.284188151359558,True,0,33
3072,PushT,0.0,93,65,148.1445770263672,440.7695007324219,110.67020416259766,False,False,False,-652.3138427734375,5.403224468231201,True,0,42
3072,PushT,0.0,94,65,237.21934509277344,393.09271240234375,55.96149444580078,False,False,False,-282.4581604003906,2.190704584121704,True,0,54
3072,PushT,0.0,95,65,110.2864990234375,290.8153381347656,73.30205535888672,False,False,False,-63.59757995605469,1.5766578912734985,True,0,34
3072,PushT,0.0,96,65,0.6051483154296875,243.06222534179688,144.81422424316406,False,False,False,-425.16546630859375,695.28466796875,True,0,25
3072,PushT,0.0,97,65,236.50439453125,237.15365600585938,56.75389862060547,False,False,False,-79.73226928710938,1.3371280431747437,True,0,56
3072,PushT,0.0,98,65,276.1576232910156,339.5242919921875,57.01042175292969,False,False,False,-170.06658935546875,1.6158316135406494,True,0,59
3072,PushT,0.0,99,65,85.99374389648438,393.987548828125,72.74689483642578,False,False,False,-607.336669921875,8.062567710876465,True,0,35
3072,PushT,0.01,0,65,281.3982849121094,76.14450073242188,9.667407989501953,True,True,True,204.4095916748047,0.27359330654144287,False,0,0
3072,PushT,0.01,1,65,124.68388366699219,141.77560424804688,21.756959915161133,False,False,True,18.666839599609375,0.8502866625785828,False,0,0
3072,PushT,0.01,2,65,150.6815643310547,82.55963134765625,19.583906173706055,False,False,True,137.4320831298828,0.3085092604160309,False,0,0
3072,PushT,0.01,3,65,56.81536865234375,137.68417358398438,28.662487030029297,False,False,False,-155.49508666992188,3.5430381298065186,True,61,14
3072,PushT,0.01,4,65,130.85333251953125,179.04299926757812,37.19813537597656,False,False,False,-145.99647521972656,2.1157259941101074,True,0,60
3072,PushT,0.01,5,65,82.14230346679688,166.16427612304688,33.22416305541992,False,False,False,-201.75283813476562,3.4561381340026855,False,0,0
3072,PushT,0.01,6,65,18.623565673828125,136.69534301757812,20.314998626708984,False,False,False,-71.31979370117188,3.6888670921325684,True,54,38
3072,PushT,0.01,7,65,165.9539031982422,202.350830078125,31.10641860961914,False,False,False,-50.915672302246094,1.20111882686615,True,0,21
3072,PushT,0.01,8,65,194.75344848632812,108.38178253173828,19.972570419311523,False,False,True,85.9740219116211,0.5585494041442871,False,0,0
3072,PushT,0.01,9,65,184.67042541503906,41.58254623413086,8.117332458496094,True,True,True,133.697998046875,0.27601832151412964,False,0,0
3072,PushT,0.01,10,65,183.42181396484375,371.8243103027344,64.79602813720703,False,False,False,-397.0267639160156,3.1645560264587402,True,0,38
3072,PushT,0.01,11,65,45.33576202392578,334.3509216308594,78.81869506835938,False,False,False,-378.9647216796875,9.359067916870117,False,0,0
3072,PushT,0.01,12,65,102.49565124511719,206.6611328125,40.442108154296875,False,False,False,-206.90744018554688,3.0186948776245117,True,0,25
3072,PushT,0.01,13,65,229.52915954589844,178.9752960205078,25.319299697875977,False,False,False,-30.476242065429688,1.109200119972229,False,0,0
3072,PushT,0.01,14,65,155.2563934326172,85.7762451171875,17.83037567138672,False,False,False,-10.618789672851562,1.0683951377868652,False,0,0
3072,PushT,0.01,15,65,4.558784484863281,306.0549011230469,38.848358154296875,False,False,False,-114.46820068359375,10.414078712463379,True,35,18
3072,PushT,0.01,16,65,154.282470703125,179.7847442626953,25.24365234375,False,False,False,-98.32568359375,1.6373095512390137,False,0,0
3072,PushT,0.01,17,65,72.68000793457031,33.98480224609375,10.585495948791504,True,True,True,42.43174743652344,0.41618406772613525,False,27,27
3072,PushT,0.01,18,65,253.4185028076172,83.58383178710938,20.311372756958008,True,True,True,144.53030395507812,0.5073427557945251,False,0,0
3072,PushT,0.01,19,65,174.4013671875,97.6314697265625,29.576353073120117,False,False,True,57.06781768798828,0.7051501274108887,False,0,0
3072,PushT,0.01,20,65,251.88563537597656,322.6526184082031,32.68633270263672,False,False,False,-160.16680908203125,1.6358710527420044,True,0,14
3072,PushT,0.01,21,65,106.70824432373047,199.41046142578125,39.981101989746094,False,False,False,-52.723838806152344,1.494093418121338,False,0,0
3072,PushT,0.01,22,65,99.38455963134766,150.84750366210938,59.44826889038086,False,False,False,-139.77719116210938,2.1487808227539062,False,0,0
3072,PushT,0.01,23,65,6.274850845336914,162.8829345703125,27.73484230041504,False,False,False,-182.31167602539062,30.054344177246094,True,0,31
3072,PushT,0.01,24,65,289.982666015625,213.33953857421875,24.482778549194336,False,False,True,39.6986083984375,0.8687904477119446,False,0,0
3072,PushT,0.01,25,65,41.10202407836914,45.02662658691406,12.263821601867676,False,False,True,17.110591888427734,0.7158358097076416,False,0,0
3072,PushT,0.01,26,65,8.703154563903809,191.76943969726562,48.298728942871094,False,False,False,-145.5659942626953,15.809962272644043,True,0,29
3072,PushT,0.01,27,65,3.0465450286865234,283.5606689453125,47.69551467895508,False,False,False,-225.64547729492188,16.09278106689453,True,0,21
3072,PushT,0.01,28,65,75.02509307861328,193.28695678710938,28.058055877685547,False,False,False,-214.86181640625,3.767238140106201,True,0,52
3072,PushT,0.01,29,65,87.61190795898438,91.57162475585938,37.942596435546875,False,False,False,-13.938831329345703,1.15909743309021,False,0,0
3072,PushT,0.01,30,65,30.348474502563477,78.15048217773438,22.737255096435547,False,False,False,-54.399757385253906,2.792503833770752,False,0,0
3072,PushT,0.01,31,65,208.35157775878906,239.94700622558594,25.037357330322266,False,False,False,-103.37045288085938,1.4846184253692627,True,0,53
3072,PushT,0.01,32,65,226.45912170410156,284.9432373046875,27.206445693969727,False,False,False,-140.74705505371094,1.6215119361877441,True,0,45
3072,PushT,0.01,33,65,69.26314544677734,187.19091796875,48.908599853515625,False,False,False,-124.82098388671875,2.8021271228790283,True,0,42
3072,PushT,0.01,34,65,94.11829376220703,236.52279663085938,46.40700912475586,False,False,False,-329.70745849609375,4.023483753204346,False,0,0
3072,PushT,0.01,35,65,103.46126556396484,58.18031311035156,21.205617904663086,False,False,True,24.35810089111328,0.7645679116249084,False,0,0
3072,PushT,0.01,36,65,126.56401824951172,98.00947570800781,30.38965606689453,False,False,True,47.226173400878906,0.6879751086235046,False,0,0
3072,PushT,0.01,37,65,93.35845947265625,261.76751708984375,126.59292602539062,False,False,False,-352.71441650390625,4.511882781982422,True,0,25
3072,PushT,0.01,38,65,137.66946411132812,40.0499267578125,11.511211395263672,True,True,True,109.63899230957031,0.27211177349090576,False,0,0
3072,PushT,0.01,39,65,143.62933349609375,79.00576782226562,35.55479431152344,False,False,True,45.581748962402344,0.6826431751251221,False,0,0
3072,PushT,0.01,40,65,119.8976058959961,160.33892822265625,60.99009323120117,False,False,False,-40.07292938232422,1.3117597103118896,False,0,0
3072,PushT,0.01,41,65,320.208740234375,302.9060363769531,22.702377319335938,False,False,False,-47.04296875,1.1469134092330933,False,0,0
3072,PushT,0.01,42,65,212.89059448242188,441.9902038574219,36.49544143676758,False,False,False,-379.4508972167969,2.7823750972747803,True,0,1
3072,PushT,0.01,43,65,67.77694702148438,141.00820922851562,34.12062072753906,False,False,True,3.1833534240722656,0.9530319571495056,False,0,0
3072,PushT,0.01,44,65,199.3474884033203,82.97964477539062,35.45235824584961,True,True,True,109.4629135131836,0.4819640517234802,False,0,0
3072,PushT,0.01,45,65,87.81324005126953,134.638671875,24.869169235229492,False,False,False,-14.230178833007812,1.162050485610962,False,0,0
3072,PushT,0.01,46,65,211.02598571777344,222.8511962890625,25.862255096435547,False,False,False,-109.17254638671875,1.5173417329788208,True,0,50
3072,PushT,0.01,47,65,101.74154663085938,161.3585968017578,45.051055908203125,False,False,False,-134.44229125976562,2.3214099407196045,True,0,29
3072,PushT,0.01,48,65,334.42364501953125,413.67059326171875,29.315092086791992,False,False,False,-96.73861694335938,1.2892696857452393,True,0,61
3072,PushT,0.01,49,65,32.94348907470703,63.78045654296875,22.497556686401367,False,False,False,-58.2628173828125,2.68784236907959,True,0,29
3072,PushT,0.01,50,65,3.7426605224609375,138.19595336914062,47.8411865234375,False,False,False,-68.39836883544922,19.275333404541016,True,4,0
3072,PushT,0.01,51,65,33.35957717895508,278.2933654785156,51.972877502441406,False,False,False,-494.5475158691406,15.824753761291504,True,0,47
3072,PushT,0.01,52,65,233.47901916503906,238.5145721435547,19.13082504272461,False,False,False,-50.268585205078125,1.2153024673461914,True,0,22
3072,PushT,0.01,53,65,251.15574645996094,362.9621887207031,41.94467544555664,False,False,False,-243.9391632080078,1.971266508102417,True,0,5
3072,PushT,0.01,54,65,187.00277709960938,176.38888549804688,25.384170532226562,False,False,False,-59.241363525390625,1.248005747795105,True,0,29
3072,PushT,0.01,55,65,1.9035282135009766,6.5432586669921875,2.659883499145508,False,False,False,-0.6374988555908203,1.3349038362503052,False,0,0
3072,PushT,0.01,56,65,205.47293090820312,419.72833251953125,28.18332290649414,False,False,False,-375.612060546875,2.8280365467071533,True,0,53
3072,PushT,0.01,57,65,279.35968017578125,319.5561218261719,31.08453369140625,False,False,False,-85.2603759765625,1.3051992654800415,False,0,0
3072,PushT,0.01,58,65,290.6183776855469,90.794921875,18.535715103149414,True,True,True,167.42465209960938,0.4465906620025635,False,0,0
3072,PushT,0.01,59,65,91.74549102783203,194.90557861328125,26.387529373168945,False,False,False,-219.461181640625,3.3920650482177734,False,0,0
3072,PushT,0.01,60,65,5.267331600189209,100.81591796875,18.95740509033203,False,False,False,-38.951236724853516,1.8985099792480469,True,1,0
3072,PushT,0.01,61,65,108.41545104980469,153.3117218017578,49.38314437866211,False,False,False,-117.43934631347656,1.954174280166626,True,0,11
3072,PushT,0.01,62,65,262.2481689453125,123.37289428710938,9.843965530395508,True,True,True,131.52462768554688,0.4998605251312256,False,0,0
3072,PushT,0.01,63,65,258.5425109863281,118.0068130493164,34.22069549560547,True,True,True,95.10344696044922,0.6606500744819641,False,0,0
3072,PushT,0.01,64,65,0.611485481262207,108.51176452636719,37.24323654174805,False,False,False,-97.48030090332031,56.62601089477539,True,25,30
3072,PushT,0.01,65,65,4.079198837280273,106.21675109863281,48.62324523925781,False,False,False,-127.53519439697266,21.773895263671875,True,0,6
3072,PushT,0.01,66,65,102.2421875,202.8948974609375,52.14832305908203,False,False,False,-245.48556518554688,3.4010202884674072,False,0,0
3072,PushT,0.01,67,65,127.33798217773438,173.53338623046875,47.79324722290039,False,False,False,-129.4090118408203,2.0162642002105713,False,0,0
3072,PushT,0.01,68,65,1.5228900909423828,186.9024200439453,53.42704391479492,False,False,False,-257.3951416015625,170.01754760742188,True,0,19
3072,PushT,0.01,69,65,218.6796417236328,149.11740112304688,21.680694580078125,False,False,True,59.124267578125,0.7365658283233643,False,0,0
3072,PushT,0.01,70,65,369.66558837890625,118.1156234741211,27.712312698364258,True,True,True,192.286865234375,0.4798356294631958,False,0,0
3072,PushT,0.01,71,65,128.60951232910156,73.48020935058594,27.944467544555664,False,False,True,31.19692611694336,0.7574290633201599,False,0,0
3072,PushT,0.01,72,65,12.755376815795898,43.53260040283203,19.501352310180664,False,False,False,-15.406654357910156,2.207855701446533,False,0,0
3072,PushT,0.01,73,65,79.91822052001953,86.92364501953125,11.865285873413086,False,False,True,7.099710941314697,0.9111628532409668,False,0,0
3072,PushT,0.01,74,65,1.5307083129882812,32.963565826416016,9.394474983215332,False,False,False,-15.137418746948242,7.696621417999268,True,12,45
3072,PushT,0.01,75,65,354.8421325683594,55.298892974853516,11.158623695373535,True,True,True,284.0667419433594,0.22271381318569183,False,0,0
3072,PushT,0.01,76,65,313.0714111328125,490.1917419433594,35.57916259765625,False,False,False,-338.4742431640625,2.027486562728882,True,0,43
3072,PushT,0.01,77,65,220.87835693359375,132.71290588378906,22.256471633911133,False,False,True,73.88998413085938,0.6654720306396484,False,0,0
3072,PushT,0.01,78,65,161.54995727539062,213.91773986816406,26.628583908081055,False,False,False,-227.38035583496094,2.4074923992156982,False,0,0
3072,PushT,0.01,79,65,322.2625427246094,125.90174865722656,18.775413513183594,True,True,True,160.4733123779297,0.5229605436325073,False,0,0
3072,PushT,0.01,80,65,213.25729370117188,79.07839965820312,21.804304122924805,True,True,True,111.03925323486328,0.47931790351867676,False,0,0
3072,PushT,0.01,81,65,282.7812805175781,259.5085754394531,34.989227294921875,False,False,True,48.6259765625,0.8917429447174072,False,0,0
3072,PushT,0.01,82,65,25.069368362426758,260.0263671875,39.2056884765625,False,False,False,-445.74420166015625,15.172682762145996,True,0,34
3072,PushT,0.01,83,65,30.714275360107422,30.0872802734375,9.975214004516602,False,False,False,-6.268280982971191,1.2040835618972778,False,0,0
3072,PushT,0.01,84,65,89.65231323242188,68.49321746826172,9.454123497009277,False,False,True,14.280891418457031,0.8407080769538879,False,0,0
3072,PushT,0.01,85,65,169.76980590820312,280.0829162597656,35.39720153808594,False,False,False,-147.4261474609375,1.7488621473312378,True,0,4
3072,PushT,0.01,86,65,5.5087738037109375,115.88958740234375,42.28047561645508,False,False,False,-164.23355102539062,30.813087463378906,True,25,0
3072,PushT,0.01,87,65,26.98528480529785,91.51028442382812,12.687154769897461,False,False,True,16.432661056518555,0.3910510540008545,False,0,0
3072,PushT,0.01,88,65,159.20782470703125,85.0089111328125,15.519525527954102,False,False,True,42.86088562011719,0.7307865619659424,False,0,0
3072,PushT,0.01,89,65,285.7187194824219,156.4393310546875,34.79051208496094,False,False,True,199.13604736328125,0.4970174729824066,False,0,0
3072,PushT,0.01,90,65,32.615562438964844,180.7057647705078,25.87347412109375,False,False,False,-147.61668395996094,5.52595853805542,False,0,0
3072,PushT,0.01,91,65,283.89697265625,81.29022216796875,27.50680160522461,True,True,True,130.7830047607422,0.5393293499946594,False,0,0
3072,PushT,0.01,92,65,238.38458251953125,131.55325317382812,20.871387481689453,False,False,True,116.82289123535156,0.5099393725395203,False,0,0
3072,PushT,0.01,93,65,162.83740234375,222.84852600097656,37.420860290527344,False,False,False,-264.03509521484375,2.621464729309082,True,0,64
3072,PushT,0.01,94,65,272.52410888671875,54.235511779785156,6.516818046569824,True,True,True,204.38702392578125,0.25361430644989014,False,0,0
3072,PushT,0.01,95,65,122.2510986328125,108.47483825683594,42.202186584472656,False,False,False,-33.860504150390625,1.2769750356674194,False,0,0
3072,PushT,0.01,96,65,0.7560348510742188,133.75613403320312,41.234886169433594,False,False,False,-98.26578521728516,86.83056640625,False,59,59
3072,PushT,0.01,97,65,273.76983642578125,66.35696411132812,18.219806671142578,True,True,True,231.69166564941406,0.30322638154029846,False,0,0
3072,PushT,0.01,98,65,288.3588562011719,76.65228271484375,28.365507125854492,True,True,True,250.81578063964844,0.2441108226776123,False,0,0
3072,PushT,0.01,99,65,117.90250396728516,114.2103271484375,41.454925537109375,False,False,False,-110.46305847167969,1.9369018077850342,False,0,0
3072,PushT,0.02,0,65,248.0470428466797,42.644195556640625,5.35603666305542,True,True,True,220.89146423339844,0.11850437521934509,False,0,0
3072,PushT,0.02,1,65,148.89486694335938,43.415008544921875,4.338237285614014,True,True,True,139.20928955078125,0.2195870280265808,False,0,0
3072,PushT,0.02,2,65,148.36366271972656,65.39567565917969,6.736125946044922,True,True,True,124.65994262695312,0.3224899172782898,False,0,0
3072,PushT,0.02,3,65,87.90269470214844,27.617664337158203,2.421783208847046,True,True,True,57.933109283447266,0.3409404754638672,False,0,0
3072,PushT,0.02,4,65,125.21452331542969,33.38515853881836,6.532749652862549,True,True,True,83.69871520996094,0.33155742287635803,False,0,0
3072,PushT,0.02,5,65,40.97383117675781,113.55462646484375,29.82100486755371,False,False,False,-100.90122985839844,3.4625773429870605,True,0,55
3072,PushT,0.02,6,65,17.010711669921875,369.359619140625,13.76482105255127,False,False,False,-201.25210571289062,5.612852096557617,True,63,0
3072,PushT,0.02,7,65,160.8097381591797,139.34132385253906,10.109797477722168,False,False,True,43.53779983520508,0.7780413031578064,False,0,0
3072,PushT,0.02,8,65,186.49925231933594,83.57585144042969,28.51951789855957,True,True,True,94.18804931640625,0.5732352137565613,False,0,0
3072,PushT,0.02,9,65,146.2230224609375,37.92291259765625,5.292226314544678,True,True,True,134.05596923828125,0.16501423716545105,False,0,0
3072,PushT,0.02,10,65,197.47207641601562,140.4173583984375,18.37065315246582,False,False,True,89.67457580566406,0.6390958428382874,False,0,0
3072,PushT,0.02,11,65,55.10862731933594,49.15751647949219,13.34027099609375,False,False,True,26.092559814453125,0.5265249609947205,False,0,0
3072,PushT,0.02,12,65,74.67569732666016,216.63674926757812,38.08499526977539,False,False,False,-18.733795166015625,1.2508686780929565,False,0,0
3072,PushT,0.02,13,65,213.12347412109375,121.23403930664062,16.42777442932129,False,False,True,101.76492309570312,0.6149603128433228,False,0,0
3072,PushT,0.02,14,65,145.45046997070312,125.07476806640625,8.710687637329102,False,False,True,18.382831573486328,0.873614490032196,False,0,0
3072,PushT,0.02,15,65,149.67523193359375,284.3290100097656,24.043149948120117,False,False,True,22.330890655517578,0.9305513501167297,False,0,0
3072,PushT,0.02,16,65,177.96951293945312,48.406768798828125,8.69798469543457,True,True,True,133.12603759765625,0.25197282433509827,False,0,0
3072,PushT,0.02,17,65,47.07012939453125,59.307159423828125,25.59613609313965,False,False,False,-36.601348876953125,1.7775918245315552,False,27,27
3072,PushT,0.02,18,65,235.31329345703125,427.9671325683594,29.161237716674805,False,False,False,-296.65869140625,2.2606966495513916,True,0,38
3072,PushT,0.02,19,65,102.26322937011719,206.14295959472656,29.46857261657715,False,False,False,-137.80555725097656,2.347557306289673,True,0,46
3072,PushT,0.02,20,65,253.40597534179688,150.72512817382812,26.7534236907959,False,False,True,50.424163818359375,0.8150878548622131,False,0,0
3072,PushT,0.02,21,65,78.12142181396484,145.413818359375,29.584579467773438,False,False,False,-205.7255859375,3.6330084800720215,True,0,6
3072,PushT,0.02,22,65,54.26241683959961,110.28549194335938,44.44437026977539,False,False,False,-89.87924194335938,2.656381130218506,False,0,0
3072,PushT,0.02,23,65,25.598037719726562,128.35040283203125,13.362902641296387,False,False,True,15.053879737854004,0.4201037585735321,False,0,0
3072,PushT,0.02,24,65,290.45831298828125,109.7557373046875,16.8872127532959,True,True,True,151.89952087402344,0.5036227703094482,False,0,0
3072,PushT,0.02,25,65,107.23152160644531,35.155242919921875,10.523072242736816,True,True,True,67.06364440917969,0.3745901584625244,False,0,0
3072,PushT,0.02,26,65,4.045406341552734,27.63995361328125,7.728918552398682,False,False,False,-1.4532032012939453,1.3592230081558228,False,0,0
3072,PushT,0.02,27,65,2.4489879608154297,128.77069091796875,18.451589584350586,False,False,False,-13.174825668334961,6.379702091217041,False,22,22
3072,PushT,0.02,28,65,24.167692184448242,120.55279541015625,25.297664642333984,False,False,False,-61.59434509277344,3.548623561859131,False,0,0
3072,PushT,0.02,29,65,55.171634674072266,93.40092468261719,38.626930236816406,False,False,True,29.127410888671875,0.4720582365989685,False,0,0
3072,PushT,0.02,30,65,32.74054718017578,87.37322998046875,17.142812728881836,False,False,False,-16.26041030883789,1.496644377708435,False,0,0
3072,PushT,0.02,31,65,205.9637451171875,37.208953857421875,7.670103549957275,True,True,True,189.22769165039062,0.11574471741914749,False,0,0
3072,PushT,0.02,32,65,262.1847839355469,65.98773193359375,8.85987663269043,True,True,True,215.7158966064453,0.23437997698783875,False,0,0
3072,PushT,0.02,33,65,150.1978302001953,99.98562622070312,35.6331787109375,False,False,False,-16.91253662109375,1.101408839225769,True,0,24
3072,PushT,0.02,34,65,22.25072479248047,99.63006591796875,20.040555953979492,False,False,False,-105.46084594726562,5.739658832550049,False,0,0
3072,PushT,0.02,35,65,179.0268096923828,57.6688232421875,4.042483329772949,True,True,True,170.80665588378906,0.23481041193008423,False,0,0
3072,PushT,0.02,36,65,45.49177551269531,74.27963256835938,13.199015617370605,False,False,True,18.35820198059082,0.5964500904083252,False,0,0
3072,PushT,0.02,37,65,70.5912094116211,79.80928802490234,13.706124305725098,False,False,True,21.944580078125,0.7883830070495605,False,0,0
3072,PushT,0.02,38,65,120.79389953613281,81.01141357421875,11.568930625915527,False,False,True,78.60554504394531,0.47234487533569336,False,0,0
3072,PushT,0.02,39,65,150.86923217773438,98.07138061523438,12.917548179626465,False,False,True,86.25029754638672,0.4849244952201843,False,0,0
3072,PushT,0.02,40,65,101.67003631591797,34.2335205078125,12.073928833007812,True,True,True,65.98517608642578,0.3509869873523712,False,0,0
3072,PushT,0.02,41,65,259.72479248046875,67.53598022460938,9.347981452941895,True,True,True,210.2091522216797,0.2849326431751251,False,0,0
3072,PushT,0.02,42,65,157.2387237548828,82.37657165527344,8.039273262023926,False,False,True,47.81370544433594,0.7097393274307251,False,0,0
3072,PushT,0.02,43,65,87.68960571289062,90.2509765625,15.913016319274902,False,False,False,-33.75498962402344,1.3849371671676636,False,0,0
3072,PushT,0.02,44,65,247.8470001220703,69.1775894165039,7.376370906829834,True,True,True,169.48040771484375,0.3161894381046295,False,0,0
3072,PushT,0.02,45,65,179.85426330566406,107.63558959960938,12.170239448547363,False,False,True,91.57780456542969,0.4908221662044525,False,0,0
3072,PushT,0.02,46,65,218.52352905273438,58.069610595703125,15.175957679748535,True,True,True,159.45718383789062,0.36258238554000854,False,0,0
3072,PushT,0.02,47,65,160.21371459960938,165.01063537597656,26.869524002075195,False,False,True,50.681854248046875,0.7719722986221313,False,0,0
3072,PushT,0.02,48,65,338.94378662109375,350.855224609375,20.633838653564453,False,False,False,-18.67437744140625,1.0550957918167114,True,0,64
3072,PushT,0.02,49,65,39.82020568847656,58.437957763671875,14.848227500915527,False,False,True,5.336894989013672,0.8659752011299133,False,0,0
3072,PushT,0.02,50,65,33.371124267578125,153.53977966308594,24.290061950683594,False,False,False,-82.06884765625,2.3744685649871826,False,30,30
3072,PushT,0.02,51,65,44.905845642089844,100.6861801147461,19.61180877685547,False,False,False,-102.08132934570312,3.27323055267334,False,0,0
3072,PushT,0.02,52,65,257.1112060546875,53.78021240234375,7.487488746643066,True,True,True,198.10289001464844,0.2295050472021103,False,0,0
3072,PushT,0.02,53,65,254.0076141357422,84.07147216796875,15.701879501342773,True,True,True,172.98818969726562,0.40162813663482666,False,0,0
3072,PushT,0.02,54,65,146.32977294921875,60.05963134765625,12.413596153259277,True,True,True,117.91484069824219,0.4033779799938202,False,0,0
3072,PushT,0.02,55,65,1.8369402885437012,16.569786071777344,7.2622809410095215,False,False,False,-8.072123527526855,4.203506946563721,False,0,0
3072,PushT,0.02,56,65,176.31890869140625,136.3897705078125,13.3863525390625,False,False,True,34.27867126464844,0.805587112903595,False,0,0
3072,PushT,0.02,57,65,258.2145690917969,80.1568832397461,13.092562675476074,True,True,True,167.7664794921875,0.3502826392650604,False,0,0
3072,PushT,0.02,58,65,249.4620361328125,20.21478271484375,6.255406856536865,True,True,True,237.55145263671875,0.08697251975536346,False,0,0
3072,PushT,0.02,59,65,166.69598388671875,187.70498657226562,16.233327865600586,False,False,False,-48.22035217285156,1.2892712354660034,False,0,0
3072,PushT,0.02,60,65,6.669744491577148,89.31585693359375,13.121822357177734,False,False,False,-1.508234977722168,1.2261308431625366,False,1,1
3072,PushT,0.02,61,65,90.26973724365234,74.8111572265625,11.359718322753906,False,False,True,26.88347625732422,0.7021872997283936,False,0,0
3072,PushT,0.02,62,65,250.31466674804688,38.95440673828125,6.191769599914551,True,True,True,204.8912811279297,0.18146513402462006,False,0,0
3072,PushT,0.02,63,65,304.01458740234375,105.40924835205078,19.059783935546875,True,True,True,162.345947265625,0.4754393696784973,False,0,0
3072,PushT,0.02,64,65,0.00222015380859375,18.55540657043457,5.910815238952637,False,False,False,-7.167235374450684,1972.923095703125,False,17,17
3072,PushT,0.02,65,65,0.2271575927734375,52.80366516113281,12.154711723327637,False,False,False,-8.969419479370117,34.4508056640625,False,0,0
3072,PushT,0.02,66,65,92.98587799072266,104.21011352539062,20.73866081237793,False,False,False,-52.332244873046875,1.5627976655960083,False,0,0
3072,PushT,0.02,67,65,109.54100036621094,256.7664489746094,50.759334564208984,False,False,False,-230.495849609375,2.925079345703125,True,0,36
3072,PushT,0.02,68,65,17.502775192260742,100.10627746582031,19.545379638671875,False,False,False,-107.63542938232422,4.103886604309082,True,0,44
3072,PushT,0.02,69,65,111.5780029296875,39.91180419921875,7.0885539054870605,True,True,True,61.269325256347656,0.4508834779262543,False,0,0
3072,PushT,0.02,70,65,339.36517333984375,20.68450927734375,7.2634596824646,True,True,True,319.5637512207031,0.05834844335913658,False,0,0
3072,PushT,0.02,71,65,98.43011474609375,29.0819091796875,16.842464447021484,True,True,True,68.62960815429688,0.30275800824165344,False,0,0
3072,PushT,0.02,72,65,0.5117988586425781,16.174270629882812,3.9271068572998047,False,False,False,-28.468320846557617,56.62404251098633,True,0,62
3072,PushT,0.02,73,65,13.064878463745117,48.94952392578125,8.506095886230469,False,False,False,-8.521976470947266,1.6522812843322754,False,0,0
3072,PushT,0.02,74,65,0.38214874267578125,20.939102172851562,8.336084365844727,False,False,False,-7.0321478843688965,19.40159797668457,True,49,20
3072,PushT,0.02,75,65,314.4087219238281,221.65248107910156,8.142470359802246,False,False,True,79.50090026855469,0.7483504414558411,False,0,0
3072,PushT,0.02,76,65,282.61529541015625,232.92620849609375,13.786031723022461,False,False,True,34.91796875,0.8764470219612122,False,0,0
3072,PushT,0.02,77,65,221.5211639404297,247.09364318847656,16.722396850585938,False,False,False,-29.114654541015625,1.1305328607559204,True,0,11
3072,PushT,0.02,78,65,162.60609436035156,65.20516967773438,11.36915397644043,True,True,True,111.91867065429688,0.3117190897464752,False,0,0
3072,PushT,0.02,79,65,282.718505859375,27.373313903808594,10.56933307647705,True,True,True,245.44171142578125,0.14833702147006989,False,0,0
3072,PushT,0.02,80,65,243.1473388671875,26.933353424072266,4.584526538848877,True,True,True,211.61856079101562,0.16745975613594055,False,0,0
3072,PushT,0.02,81,65,282.9210205078125,35.992584228515625,9.388340950012207,True,True,True,271.63153076171875,0.10489130020141602,False,0,0
3072,PushT,0.02,82,65,12.89599609375,376.1534423828125,57.707054138183594,False,False,False,-678.1083984375,48.701377868652344,True,0,22
3072,PushT,0.02,83,65,12.53600025177002,10.349761962890625,2.3818376064300537,False,False,True,5.540970802307129,0.5579953193664551,False,0,0
3072,PushT,0.02,84,65,93.3314208984375,130.21946716308594,9.107544898986816,False,False,False,-40.228515625,1.4310286045074463,True,0,23
3072,PushT,0.02,85,65,159.63653564453125,99.22134399414062,13.38567066192627,False,False,True,113.23884582519531,0.43098050355911255,False,0,0
3072,PushT,0.02,86,65,13.819644927978516,93.58261108398438,9.500548362731934,False,False,True,8.395883560180664,0.40057364106178284,False,25,25
3072,PushT,0.02,87,65,28.981340408325195,47.765625,13.519754409790039,False,False,True,15.477766990661621,0.4659402668476105,False,0,0
3072,PushT,0.02,88,65,163.88397216796875,34.94691467285156,8.060633659362793,True,True,True,114.48484802246094,0.30142742395401,False,0,0
3072,PushT,0.02,89,65,239.35157775878906,100.79159545898438,11.356242179870605,True,True,True,220.03695678710938,0.27538302540779114,False,0,0
3072,PushT,0.02,90,65,66.51498413085938,39.6981201171875,7.90062141418457,False,False,True,39.68159484863281,0.40341871976852417,False,0,0
3072,PushT,0.02,91,65,190.7528076171875,101.00982666015625,15.932369232177734,False,False,True,97.25537109375,0.49014973640441895,False,0,0
3072,PushT,0.02,92,65,221.89500427246094,88.97988891601562,8.090989112854004,True,True,True,175.8332977294922,0.3490738570690155,False,0,0
3072,PushT,0.02,93,65,166.54209899902344,104.90058898925781,18.606691360473633,False,False,True,22.72945785522461,0.8635212182998657,False,0,0
3072,PushT,0.02,94,65,214.9719696044922,47.887664794921875,6.952097415924072,True,True,True,204.69073486328125,0.1822928935289383,False,0,0
3072,PushT,0.02,95,65,112.7684326171875,38.338348388671875,12.668851852416992,True,True,True,87.60543823242188,0.26585227251052856,False,0,0
3072,PushT,0.02,96,65,4.983711242675781,34.463287353515625,12.160282135009766,False,False,False,-21.112674713134766,3.894272565841675,True,59,16
3072,PushT,0.02,97,65,292.3567810058594,73.04656982421875,10.046069145202637,True,True,True,274.53546142578125,0.2301379144191742,False,0,0
3072,PushT,0.02,98,65,285.71044921875,36.94342041015625,5.535262107849121,True,True,True,279.1864013671875,0.110969178378582,False,0,0
3072,PushT,0.02,99,65,155.74050903320312,81.1036376953125,24.15926170349121,False,False,True,62.97023010253906,0.5956721305847168,False,0,0
3072,PushT,0.03,0,65,271.3455810546875,41.40509033203125,5.8646769523620605,True,True,True,229.81417846679688,0.153057262301445,False,0,0
3072,PushT,0.03,1,65,89.06905364990234,29.1392822265625,6.341536521911621,True,True,True,77.64308166503906,0.14676815271377563,False,0,0
3072,PushT,0.03,2,65,153.81956481933594,63.708892822265625,7.690707683563232,True,True,True,107.82379150390625,0.3523804843425751,False,0,0
3072,PushT,0.03,3,65,74.21810913085938,75.47431945800781,8.082390785217285,False,False,False,-6.5582275390625,1.0883642435073853,False,61,61
3072,PushT,0.03,4,65,135.20787048339844,17.122711181640625,5.237578868865967,True,True,True,112.84388732910156,0.16540445387363434,False,0,0
3072,PushT,0.03,5,65,22.53070831298828,43.10601806640625,8.179774284362793,False,False,False,-25.0946044921875,2.113795518875122,False,0,0
3072,PushT,0.03,6,65,46.04400634765625,403.6138000488281,12.329732894897461,False,False,False,-283.2869567871094,3.268089771270752,True,56,0
3072,PushT,0.03,7,65,203.92764282226562,38.203765869140625,11.457904815673828,True,True,True,184.102783203125,0.18413786590099335,False,0,0
3072,PushT,0.03,8,65,187.72508239746094,42.4033203125,4.216655254364014,True,True,True,168.93685913085938,0.16525381803512573,False,0,0
3072,PushT,0.03,9,65,191.34242248535156,27.02705955505371,4.818924903869629,True,True,True,157.21585083007812,0.1783534437417984,False,0,0
3072,PushT,0.03,10,65,118.59580993652344,253.89715576171875,40.53733444213867,False,False,False,-335.8292236328125,3.831712484359741,False,0,0
3072,PushT,0.03,11,65,55.04356384277344,43.14404296875,16.048404693603516,False,False,True,49.04300308227539,0.2395060956478119,False,0,0
3072,PushT,0.03,12,65,177.79627990722656,53.474700927734375,5.630484580993652,True,True,True,154.18357849121094,0.2039322406053543,False,0,0
3072,PushT,0.03,13,65,243.89324951171875,37.9708251953125,5.583010196685791,True,True,True,209.56997680664062,0.18083980679512024,False,0,0
3072,PushT,0.03,14,65,75.49911499023438,75.5909423828125,6.095067501068115,False,False,True,13.93063735961914,0.8154860734939575,False,0,0
3072,PushT,0.03,15,65,75.09712982177734,131.58575439453125,15.898794174194336,False,False,True,57.31214141845703,0.4379386603832245,False,0,0
3072,PushT,0.03,16,65,206.53489685058594,58.720977783203125,13.092550277709961,True,True,True,123.9083480834961,0.4000609517097473,False,0,0
3072,PushT,0.03,17,65,26.687240600585938,60.441558837890625,15.611517906188965,False,False,False,-60.771728515625,3.0946476459503174,True,27,44
3072,PushT,0.03,18,65,225.0321807861328,33.7825927734375,7.417430400848389,True,True,True,210.68687438964844,0.12688063085079193,False,0,0
3072,PushT,0.03,19,65,129.70530700683594,105.74197387695312,9.184847831726074,False,False,True,103.07598876953125,0.4282410442829132,False,0,0
3072,PushT,0.03,20,65,266.5605773925781,85.29336547851562,21.21505355834961,True,True,True,167.42544555664062,0.3985223174095154,False,0,0
3072,PushT,0.03,21,65,83.1461181640625,66.337158203125,20.854055404663086,False,False,True,76.29657745361328,0.3743961751461029,False,0,0
3072,PushT,0.03,22,65,77.46012878417969,49.268218994140625,13.131811141967773,False,False,True,65.43721008300781,0.3437344431877136,False,0,0
3072,PushT,0.03,23,65,21.928268432617188,67.76777648925781,9.242559432983398,False,False,False,-30.82799530029297,2.4058563709259033,True,0,31
3072,PushT,0.03,24,65,325.2375793457031,68.2259521484375,10.284809112548828,True,True,True,278.2243957519531,0.19580252468585968,False,0,0
3072,PushT,0.03,25,65,80.20183563232422,21.47064208984375,6.934635639190674,True,True,True,64.78682708740234,0.22218142449855804,False,0,0
3072,PushT,0.03,26,65,20.115514755249023,18.258392333984375,6.396674156188965,False,False,True,15.842549324035645,0.23462139070034027,False,0,0
3072,PushT,0.03,27,65,0.9500141143798828,67.02804565429688,11.99565315246582,False,False,False,-3.360288619995117,4.537093162536621,False,21,21
3072,PushT,0.03,28,65,82.4571762084961,205.00758361816406,15.257254600524902,False,False,False,-29.681884765625,1.3599672317504883,False,0,0
3072,PushT,0.03,29,65,85.9799575805664,37.714324951171875,10.811074256896973,True,True,True,63.86865997314453,0.2571680545806885,False,0,0
3072,PushT,0.03,30,65,20.259822845458984,33.771148681640625,4.106520652770996,False,False,True,16.830774307250977,0.16925360262393951,False,0,0
3072,PushT,0.03,31,65,218.5979461669922,65.10832977294922,6.124006271362305,True,True,True,129.777587890625,0.40631839632987976,False,0,0
3072,PushT,0.03,32,65,235.83474731445312,50.88604736328125,4.717381477355957,True,True,True,190.35720825195312,0.2044437974691391,False,0,0
3072,PushT,0.03,33,65,68.50881958007812,20.992950439453125,8.892720222473145,True,True,True,57.613704681396484,0.15903230011463165,False,0,0
3072,PushT,0.03,34,65,3.1942901611328125,141.48004150390625,21.461095809936523,False,False,False,-153.84457397460938,49.16236114501953,False,21,21
3072,PushT,0.03,35,65,34.94654846191406,66.47869873046875,7.92216682434082,False,False,True,7.3606414794921875,0.7893742918968201,False,0,0
3072,PushT,0.03,36,65,68.47049713134766,175.19992065429688,9.156686782836914,False,False,True,45.76533508300781,0.6970338821411133,False,0,0
3072,PushT,0.03,37,65,64.85649108886719,85.51116943359375,28.193862915039062,False,False,False,-8.927825927734375,1.1376551389694214,False,0,0
3072,PushT,0.03,38,65,123.48323059082031,14.979705810546875,4.6913743019104,True,True,True,105.47055053710938,0.14587143063545227,False,0,0
3072,PushT,0.03,39,65,115.35417938232422,27.9990234375,6.009182929992676,True,True,True,92.42811584472656,0.1987449824810028,False,0,0
3072,PushT,0.03,40,65,84.42681121826172,26.364837646484375,6.106441497802734,True,True,True,50.85063552856445,0.3976956605911255,False,0,0
3072,PushT,0.03,41,65,309.09539794921875,24.524932861328125,5.710958957672119,True,True,True,283.6711730957031,0.09484148025512695,False,0,0
3072,PushT,0.03,42,65,121.57342529296875,162.30368041992188,12.262613296508789,False,False,False,-53.92649841308594,1.4435714483261108,True,0,36
3072,PushT,0.03,43,65,81.77073669433594,245.4134521484375,15.750696182250977,False,False,False,-111.65034484863281,1.6489536762237549,True,35,0
3072,PushT,0.03,44,65,252.9983367919922,18.6854248046875,4.575847148895264,True,True,True,228.30081176757812,0.09761933982372284,False,0,0
3072,PushT,0.03,45,65,181.11062622070312,56.43638610839844,6.5820698738098145,True,True,True,132.1094207763672,0.27488312125205994,False,0,0
3072,PushT,0.03,46,65,168.9290313720703,77.23934936523438,12.27934741973877,True,True,True,54.43586730957031,0.6777589321136475,False,0,0
3072,PushT,0.03,47,65,107.6521987915039,68.94367980957031,14.729321479797363,False,False,True,39.095130920410156,0.6368385553359985,False,0,0
3072,PushT,0.03,48,65,331.7538757324219,16.78948974609375,5.556562900543213,True,True,True,329.0513610839844,0.03940027207136154,False,0,0
3072,PushT,0.03,49,65,73.94181823730469,38.255645751953125,3.4922330379486084,False,False,True,70.9908447265625,0.10720086097717285,False,0,0
3072,PushT,0.03,50,65,6.178565979003906,23.143280029296875,4.315854072570801,False,False,False,-10.570503234863281,2.710834503173828,True,0,4
3072,PushT,0.03,51,65,54.36984634399414,20.953536987304688,4.404508590698242,True,True,True,26.461044311523438,0.5133139491081238,False,0,0
3072,PushT,0.03,52,65,302.1959228515625,19.149078369140625,8.4111967086792,True,True,True,282.9455261230469,0.06370171159505844,False,0,0
3072,PushT,0.03,53,65,180.0054168701172,35.612457275390625,6.520484924316406,True,True,True,170.4595489501953,0.11414147913455963,False,0,0
3072,PushT,0.03,54,65,227.0645294189453,54.35816192626953,6.585048198699951,True,True,True,171.53826904296875,0.3084052801132202,False,0,0
3072,PushT,0.03,55,65,1.7472870349884033,3.416675567626953,1.5181113481521606,False,False,False,-0.16306638717651367,1.0933254957199097,False,0,0
3072,PushT,0.03,56,65,256.5278015136719,163.4658203125,11.086572647094727,False,False,True,69.53729248046875,0.728928804397583,False,0,0
3072,PushT,0.03,57,65,305.35565185546875,97.45567321777344,6.352438449859619,True,True,True,207.27378845214844,0.32735177874565125,False,0,0
3072,PushT,0.03,58,65,241.88160705566406,21.3946533203125,9.557113647460938,True,True,True,227.60247802734375,0.08979157358407974,False,0,0
3072,PushT,0.03,59,65,72.23258972167969,208.03265380859375,14.056553840637207,False,False,False,-189.15663146972656,3.61871600151062,True,0,60
3072,PushT,0.03,60,65,3.7439804077148438,18.620697021484375,4.221866607666016,False,False,False,-0.21299266815185547,1.0301704406738281,False,25,25
3072,PushT,0.03,61,65,117.68963623046875,30.542251586914062,8.718965530395508,True,True,True,95.51261138916016,0.18843650817871094,False,0,0
3072,PushT,0.03,62,65,257.67181396484375,16.85540771484375,6.036922931671143,True,True,True,241.6439208984375,0.07864439487457275,False,0,0
3072,PushT,0.03,63,65,278.3479309082031,85.31466674804688,17.77151107788086,True,True,True,162.60739135742188,0.45976150035858154,False,0,0
3072,PushT,0.03,64,65,0.036699771881103516,22.269630432128906,6.656279563903809,False,False,False,-14.686424255371094,273.8662109375,True,25,30
3072,PushT,0.03,65,65,6.158093452453613,15.05291748046875,4.597151756286621,False,False,True,0.893341064453125,0.8549321889877319,False,0,0
3072,PushT,0.03,66,65,113.13053131103516,40.841522216796875,10.641458511352539,True,True,True,60.90200424194336,0.4838787317276001,False,0,0
3072,PushT,0.03,67,65,102.19952392578125,87.51416015625,23.888029098510742,False,False,False,-59.10319519042969,1.5640676021575928,False,0,0
3072,PushT,0.03,68,65,20.53658676147461,37.658416748046875,11.178189277648926,False,False,False,-7.825279235839844,1.372166395187378,False,0,0
3072,PushT,0.03,69,65,204.1398468017578,27.86285400390625,8.403765678405762,True,True,True,173.12197875976562,0.15194424986839294,False,0,0
3072,PushT,0.03,70,65,332.32098388671875,23.60430908203125,6.245241641998291,True,True,True,323.0335693359375,0.06733348220586777,False,0,0
3072,PushT,0.03,71,65,154.8854522705078,17.0458984375,6.577261447906494,True,True,True,131.61154174804688,0.15026526153087616,False,0,0
3072,PushT,0.03,72,65,50.92562484741211,5.385612487792969,1.8094213008880615,True,True,True,45.08549880981445,0.11467954516410828,False,0,0
3072,PushT,0.03,73,65,28.56349754333496,30.113231658935547,3.140317916870117,False,False,False,-2.2861826419830322,1.0800385475158691,False,0,0
3072,PushT,0.03,74,65,6.981825828552246,14.296455383300781,3.3496921062469482,False,False,True,6.596066951751709,0.40466195344924927,False,0,0
3072,PushT,0.03,75,65,310.0685119628906,25.591033935546875,5.0995330810546875,True,True,True,295.91802978515625,0.08317956328392029,False,0,0
3072,PushT,0.03,76,65,157.66770935058594,141.00990295410156,9.742354393005371,False,False,False,-37.48701477050781,1.2377595901489258,False,0,0
3072,PushT,0.03,77,65,222.9344024658203,107.83717346191406,5.031078338623047,True,True,True,112.06306457519531,0.49732717871665955,False,0,0
3072,PushT,0.03,78,65,119.77963256835938,49.051300048828125,4.648352146148682,True,True,True,107.03067016601562,0.1840626448392868,False,0,0
3072,PushT,0.03,79,65,314.6195373535156,12.028350830078125,4.5658488273620605,True,True,True,296.1555480957031,0.05868668109178543,False,0,0
3072,PushT,0.03,80,65,204.38336181640625,30.13238525390625,4.456811428070068,True,True,True,146.94186401367188,0.2810477912425995,False,0,0
3072,PushT,0.03,81,65,309.6534423828125,45.0797119140625,7.9732985496521,True,True,True,277.2621154785156,0.10488524287939072,False,0,0
3072,PushT,0.03,82,65,21.882081985473633,194.33944702148438,23.284006118774414,False,False,False,-211.51234436035156,10.666006088256836,True,0,37
3072,PushT,0.03,83,65,42.225589752197266,23.544921875,4.445065498352051,False,False,True,34.48564910888672,0.18329977989196777,False,0,0
3072,PushT,0.03,84,65,62.79399108886719,63.74461364746094,3.7409863471984863,False,False,False,-1.568878173828125,1.0249844789505005,False,0,0
3072,PushT,0.03,85,65,126.4341049194336,57.34989929199219,11.674951553344727,True,True,True,77.63365936279297,0.40175408124923706,False,0,0
3072,PushT,0.03,86,65,9.232185363769531,48.13444519042969,7.097605228424072,False,False,True,0.1290111541748047,0.9860259294509888,False,25,25
3072,PushT,0.03,87,65,18.36858367919922,75.360595703125,14.2196626663208,False,False,True,7.0896501541137695,0.6140339374542236,False,0,0
3072,PushT,0.03,88,65,159.26126098632812,32.774566650390625,5.74301815032959,True,True,True,157.6190643310547,0.15525221824645996,False,0,0
3072,PushT,0.03,89,65,218.84213256835938,89.46208190917969,10.545074462890625,True,True,True,71.45668029785156,0.6734784245491028,False,0,0
3072,PushT,0.03,90,65,83.51776123046875,37.628204345703125,11.523648262023926,True,True,True,48.442893981933594,0.41996896266937256,False,0,0
3072,PushT,0.03,91,65,251.51487731933594,29.671295166015625,6.791366100311279,True,True,True,215.38552856445312,0.1436470001935959,False,0,0
3072,PushT,0.03,92,65,191.48385620117188,27.585556030273438,3.110342264175415,True,True,True,160.2664794921875,0.1630287915468216,False,0,0
3072,PushT,0.03,93,65,170.01283264160156,161.84088134765625,21.508481979370117,False,False,True,25.256324768066406,0.8514445424079895,False,0,0
3072,PushT,0.03,94,65,296.4274597167969,18.1190185546875,4.821771621704102,True,True,True,279.2770690917969,0.09024975448846817,False,0,0
3072,PushT,0.03,95,65,126.85615539550781,16.000274658203125,5.932981014251709,True,True,True,116.32276916503906,0.1060606986284256,False,0,0
3072,PushT,0.03,96,65,1.8581504821777344,22.1796875,5.912233352661133,False,False,False,-9.149307250976562,5.9238786697387695,False,59,59
3072,PushT,0.03,97,65,283.81982421875,16.984832763671875,3.120558977127075,True,True,True,274.7847595214844,0.056869104504585266,False,0,0
3072,PushT,0.03,98,65,304.6811218261719,19.382171630859375,7.459859848022461,True,True,True,289.4040222167969,0.061908937990665436,False,0,0
3072,PushT,0.03,99,65,96.68229675292969,14.3447265625,2.818434476852417,True,True,True,91.79264068603516,0.08512717485427856,False,0,0
3072,PushT,0.04,0,65,285.8898010253906,15.122528076171875,3.2287020683288574,True,True,True,275.64886474609375,0.03582127392292023,False,0,0
3072,PushT,0.04,1,65,154.66114807128906,22.918899536132812,6.182209491729736,True,True,True,148.58099365234375,0.13432475924491882,False,0,0
3072,PushT,0.04,2,65,109.70629119873047,82.1768569946289,7.964058876037598,False,False,True,25.59649085998535,0.7666816711425781,False,0,0
3072,PushT,0.04,3,65,2.516021728515625,163.94195556640625,8.001327514648438,False,False,False,-183.6055145263672,73.97453308105469,True,20,61
3072,PushT,0.04,4,65,149.91477966308594,14.11322021484375,4.495009422302246,True,True,True,147.44142150878906,0.04772840440273285,False,0,0
3072,PushT,0.04,5,65,90.03893280029297,47.21806335449219,11.131579399108887,False,False,True,53.62940216064453,0.5167661309242249,False,0,0
3072,PushT,0.04,6,65,25.20281982421875,40.066131591796875,7.714469909667969,False,False,False,-0.6829833984375,1.0133886337280273,False,64,64
3072,PushT,0.04,7,65,189.47427368164062,30.18682861328125,9.896974563598633,True,True,True,180.69973754882812,0.15547119081020355,False,0,0
3072,PushT,0.04,8,65,200.99234008789062,13.6534423828125,2.839050769805908,True,True,True,197.9124755859375,0.03198628127574921,False,0,0
3072,PushT,0.04,9,65,149.78778076171875,37.740943908691406,6.006636142730713,True,True,True,88.66287994384766,0.408076673746109,False,0,0
3072,PushT,0.04,10,65,245.5944366455078,103.1187744140625,14.935280799865723,True,True,True,59.05364227294922,0.7595481872558594,False,0,0
3072,PushT,0.04,11,65,59.22274398803711,58.38777160644531,12.394412994384766,False,False,True,18.38809585571289,0.6895095705986023,False,0,0
3072,PushT,0.04,12,65,98.66471099853516,61.42144775390625,4.348613262176514,False,False,True,83.6109848022461,0.18208929896354675,False,0,0
3072,PushT,0.04,13,65,224.60968017578125,44.03485107421875,5.864785671234131,True,True,True,187.5779571533203,0.1648714691400528,False,0,0
3072,PushT,0.04,14,65,98.97710418701172,60.007450103759766,5.536942958831787,False,False,True,19.322673797607422,0.8047763705253601,False,0,0
3072,PushT,0.04,15,65,83.74029541015625,37.23388671875,7.3107805252075195,True,True,True,63.25391387939453,0.31228503584861755,False,0,0
3072,PushT,0.04,16,65,79.29585266113281,62.563232421875,9.482170104980469,False,False,True,24.457168579101562,0.6915706396102905,False,0,0
3072,PushT,0.04,17,65,72.62980651855469,56.745086669921875,6.952165126800537,False,False,True,46.89479064941406,0.6113989949226379,False,27,27
3072,PushT,0.04,18,65,125.60906219482422,32.084381103515625,8.30174446105957,True,True,True,85.3812484741211,0.32026204466819763,False,0,0
3072,PushT,0.04,19,65,127.59114074707031,22.289878845214844,7.112818717956543,True,True,True,84.5472183227539,0.3373582363128662,False,0,0
3072,PushT,0.04,20,65,210.3125,60.636871337890625,11.500755310058594,True,True,True,129.80352783203125,0.3828064203262329,False,0,0
3072,PushT,0.04,21,65,69.74067687988281,30.61151123046875,8.591424942016602,True,True,True,45.94969177246094,0.3411349952220917,False,0,0
3072,PushT,0.04,22,65,42.20590591430664,25.445724487304688,7.534154891967773,False,False,True,21.577831268310547,0.4887485206127167,False,0,0
3072,PushT,0.04,23,65,20.532760620117188,63.52899169921875,13.117183685302734,False,False,False,-78.2972412109375,4.184535026550293,False,0,0
3072,PushT,0.04,24,65,294.55963134765625,80.62750244140625,11.33789348602295,True,True,True,260.27044677734375,0.25500985980033875,False,0,0
3072,PushT,0.04,25,65,94.62167358398438,28.24580192565918,14.142477035522461,True,True,True,59.58699035644531,0.3869025409221649,False,0,0
3072,PushT,0.04,26,65,5.74533748626709,18.40228271484375,5.648409366607666,False,False,False,-4.848089218139648,1.8438302278518677,False,0,0
3072,PushT,0.04,27,65,5.357627868652344,22.214065551757812,3.626735210418701,False,False,False,-2.280010223388672,1.4255633354187012,False,0,0
3072,PushT,0.04,28,65,95.28588104248047,89.848388671875,7.908174991607666,False,False,False,-6.0486907958984375,1.0634794235229492,True,0,52
3072,PushT,0.04,29,65,67.5997085571289,17.69451904296875,7.332704067230225,True,True,True,51.983734130859375,0.23100651800632477,False,0,0
3072,PushT,0.04,30,65,25.05665397644043,22.4373779296875,3.1859724521636963,False,False,True,23.463918685913086,0.10771031677722931,False,0,0
3072,PushT,0.04,31,65,210.65647888183594,14.828125,6.779058456420898,True,True,True,203.46775817871094,0.05085746571421623,False,0,0
3072,PushT,0.04,32,65,252.77584838867188,56.678955078125,8.079283714294434,True,True,True,192.57861328125,0.23928077518939972,False,0,0
3072,PushT,0.04,33,65,144.29766845703125,49.000762939453125,10.256816864013672,True,True,True,119.05241394042969,0.22522859275341034,False,0,0
3072,PushT,0.04,34,65,33.56431579589844,93.55728149414062,12.54806900024414,False,False,True,10.948196411132812,0.6738144159317017,False,21,21
3072,PushT,0.04,35,65,99.06358337402344,82.39698791503906,5.808973789215088,False,False,True,14.941268920898438,0.849174976348877,False,0,0
3072,PushT,0.04,36,65,81.55208587646484,69.07852172851562,15.432814598083496,False,False,True,11.475337028503418,0.8592882752418518,False,0,0
3072,PushT,0.04,37,65,39.711463928222656,34.73097229003906,5.701700687408447,False,False,True,30.40595054626465,0.4602764844894409,False,0,0
3072,PushT,0.04,38,65,67.47645568847656,19.365859985351562,5.521917819976807,True,True,True,56.17066192626953,0.1675516813993454,False,0,0
3072,PushT,0.04,39,65,113.7574462890625,16.779052734375,4.450940132141113,True,True,True,91.65989685058594,0.19425144791603088,False,0,0
3072,PushT,0.04,40,65,48.06843566894531,13.36041259765625,4.793257236480713,True,True,True,36.1160888671875,0.24865275621414185,False,0,0
3072,PushT,0.04,41,65,341.09423828125,10.456415176391602,2.6745290756225586,True,True,True,327.2608642578125,0.04321686923503876,False,0,0
3072,PushT,0.04,42,65,209.4745635986328,27.20193099975586,4.835304260253906,True,True,True,178.3776397705078,0.16047362983226776,False,0,0
3072,PushT,0.04,43,65,27.993515014648438,135.7241668701172,38.0101318359375,False,False,False,-192.59585571289062,7.880016803741455,True,35,0
3072,PushT,0.04,44,65,269.9254455566406,24.6883544921875,4.788251876831055,True,True,True,243.26983642578125,0.1390545815229416,False,0,0
3072,PushT,0.04,45,65,148.30596923828125,124.78933715820312,13.679099082946777,False,False,True,54.641197204589844,0.6315644383430481,False,0,0
3072,PushT,0.04,46,65,164.421875,44.54876708984375,9.677845001220703,True,True,True,143.54876708984375,0.24816934764385223,False,0,0
3072,PushT,0.04,47,65,158.3318634033203,129.81390380859375,14.593937873840332,False,False,True,81.78038024902344,0.5321918725967407,False,0,0
3072,PushT,0.04,48,65,327.4888610839844,9.67529296875,2.3872275352478027,True,True,True,319.44097900390625,0.030200578272342682,False,0,0
3072,PushT,0.04,49,65,77.53731536865234,137.66793823242188,16.573253631591797,False,False,True,63.029422760009766,0.33750492334365845,False,0,0
3072,PushT,0.04,50,65,27.92023468017578,39.183563232421875,9.36911392211914,False,False,False,-32.823204040527344,2.1756062507629395,True,4,0
3072,PushT,0.04,51,65,20.489612579345703,27.253742218017578,5.291901111602783,False,False,False,-23.945266723632812,2.11780047416687,False,0,0
3072,PushT,0.04,52,65,267.67071533203125,73.83153533935547,3.889955520629883,True,True,True,192.26519775390625,0.2817099690437317,False,0,0
3072,PushT,0.04,53,65,330.84368896484375,57.35009765625,13.83109188079834,True,True,True,259.20135498046875,0.21663832664489746,False,0,0
3072,PushT,0.04,54,65,226.0568084716797,9.485809326171875,1.6881762742996216,True,True,True,215.47999572753906,0.05293493717908859,False,0,0
3072,PushT,0.04,55,65,1.150343418121338,2.4007949829101562,1.0669952630996704,False,False,False,-1.5096654891967773,2.016127347946167,True,64,5
3072,PushT,0.04,56,65,175.81907653808594,69.838623046875,7.614441871643066,True,True,True,84.10690307617188,0.5216281414031982,False,0,0
3072,PushT,0.04,57,65,240.7175750732422,43.56151580810547,11.426977157592773,True,True,True,194.8486328125,0.2108418047428131,False,0,0
3072,PushT,0.04,58,65,258.4723815917969,9.403564453125,2.0807087421417236,True,True,True,246.33279418945312,0.04696667566895485,False,0,0
3072,PushT,0.04,59,65,178.8042755126953,34.177764892578125,6.445375919342041,True,True,True,139.84234619140625,0.21790263056755066,False,0,0
3072,PushT,0.04,60,65,1.7655200958251953,10.477592468261719,2.7858242988586426,False,False,False,-1.6360273361206055,1.926654577255249,False,0,0
3072,PushT,0.04,61,65,44.96408462524414,26.745365142822266,11.613322257995605,False,False,True,5.821277618408203,0.8705349564552307,False,0,0
3072,PushT,0.04,62,65,271.49566650390625,11.022430419921875,2.741452693939209,True,True,True,261.81475830078125,0.05897452309727669,False,0,0
3072,PushT,0.04,63,65,286.195556640625,44.6418571472168,12.808128356933594,True,True,True,217.76905822753906,0.23909001052379608,False,0,0
3072,PushT,0.04,64,65,0.012421131134033203,12.493064880371094,3.6462271213531494,False,False,False,-6.46533203125,475.013671875,True,22,25
3072,PushT,0.04,65,65,3.368082046508789,52.14502716064453,16.746885299682617,False,False,False,-31.457977294921875,7.804443836212158,True,12,0
3072,PushT,0.04,66,65,108.98486328125,65.77084350585938,18.592084884643555,False,False,True,69.17080688476562,0.48366478085517883,False,0,0
3072,PushT,0.04,67,65,165.79672241210938,45.155303955078125,10.451745986938477,True,True,True,113.15336608886719,0.31751748919487,False,0,0
3072,PushT,0.04,68,65,10.148250579833984,60.94830322265625,8.490172386169434,False,False,False,-34.44674301147461,4.394352912902832,False,0,0
3072,PushT,0.04,69,65,127.88369750976562,31.696273803710938,6.864086151123047,True,True,True,94.91478729248047,0.2578038275241852,False,0,0
3072,PushT,0.04,70,65,393.0656433105469,7.73480224609375,2.828286647796631,True,True,True,388.5351257324219,0.018844377249479294,False,0,0
3072,PushT,0.04,71,65,129.55709838867188,13.57525634765625,3.279627799987793,True,True,True,120.29971313476562,0.07145412266254425,False,0,0
3072,PushT,0.04,72,65,21.344472885131836,5.2572021484375,1.8773162364959717,True,True,True,18.7440128326416,0.1218329444527626,False,0,0
3072,PushT,0.04,73,65,31.30107307434082,19.506072998046875,3.000253915786743,False,False,True,14.043876647949219,0.5513292551040649,False,0,0
3072,PushT,0.04,74,65,3.519632339477539,9.976173400878906,1.8693324327468872,False,False,True,1.5537080764770508,0.5585595369338989,False,0,0
3072,PushT,0.04,75,65,352.74224853515625,19.51153564453125,3.0221431255340576,True,True,True,323.9250183105469,0.08169488608837128,False,0,0
3072,PushT,0.04,76,65,163.86180114746094,84.88093566894531,7.4899396896362305,False,False,True,69.71668243408203,0.5745397806167603,False,0,0
3072,PushT,0.04,77,65,169.83287048339844,125.44998168945312,5.410233974456787,False,False,True,40.859039306640625,0.7594161629676819,False,0,0
3072,PushT,0.04,78,65,206.19984436035156,21.2037353515625,5.755360126495361,True,True,True,192.60752868652344,0.06591816991567612,False,0,0
3072,PushT,0.04,79,65,274.7798156738281,10.025848388671875,3.7907211780548096,True,True,True,261.0175476074219,0.05246933922171593,False,0,0
3072,PushT,0.04,80,65,186.5323028564453,58.73029327392578,4.875391960144043,True,True,True,118.99134063720703,0.362087219953537,False,0,0
3072,PushT,0.04,81,65,312.31964111328125,13.76556396484375,3.95699143409729,True,True,True,305.8638610839844,0.03309516981244087,False,0,0
3072,PushT,0.04,82,65,22.339614868164062,209.7521514892578,26.257076263427734,False,False,False,-150.8338623046875,7.751855850219727,False,0,0
3072,PushT,0.04,83,65,45.127376556396484,44.6962890625,4.16659688949585,False,False,True,32.60138702392578,0.27756962180137634,False,0,0
3072,PushT,0.04,84,65,6.00250244140625,48.414520263671875,2.7859952449798584,False,False,False,-46.661529541015625,8.773679733276367,False,16,16
3072,PushT,0.04,85,65,131.66030883789062,52.003944396972656,6.746535778045654,True,True,True,42.032997131347656,0.6807466149330139,False,0,0
3072,PushT,0.04,86,65,34.348751068115234,67.57420349121094,6.108993053436279,False,False,True,26.508563995361328,0.700465202331543,False,25,25
3072,PushT,0.04,87,65,69.97991180419922,67.46023559570312,12.63780403137207,False,False,True,33.84968948364258,0.5162941813468933,False,0,0
3072,PushT,0.04,88,65,178.080810546875,24.570404052734375,5.129165172576904,True,True,True,156.01463317871094,0.1897008717060089,False,0,0
3072,PushT,0.04,89,65,234.78933715820312,16.0855712890625,5.77261209487915,True,True,True,220.6862030029297,0.06431826949119568,False,0,0
3072,PushT,0.04,90,65,67.476806640625,29.914627075195312,8.471986770629883,True,True,True,49.44153594970703,0.26728105545043945,False,0,0
3072,PushT,0.04,91,65,241.56814575195312,36.082366943359375,8.790350914001465,True,True,True,222.46148681640625,0.13978949189186096,False,0,0
3072,PushT,0.04,92,65,237.7721405029297,11.8299560546875,3.2960572242736816,True,True,True,223.48458862304688,0.060089290142059326,False,0,0
3072,PushT,0.04,93,65,126.4501953125,70.42391967773438,8.99390983581543,False,False,True,36.913936614990234,0.7080752849578857,False,0,0
3072,PushT,0.04,94,65,288.63092041015625,11.840179443359375,3.5669634342193604,True,True,True,283.10577392578125,0.04160647839307785,False,0,0
3072,PushT,0.04,95,65,125.06443786621094,57.59051513671875,15.615680694580078,True,True,True,95.68302154541016,0.3537190556526184,False,0,0
3072,PushT,0.04,96,65,1.787912368774414,59.939056396484375,7.806726932525635,False,False,False,-6.683971405029297,4.043426513671875,True,42,18
3072,PushT,0.04,97,65,254.751953125,11.00848388671875,3.5182504653930664,True,True,True,245.86422729492188,0.04578781500458717,False,0,0
3072,PushT,0.04,98,65,297.76806640625,11.324462890625,2.531710147857666,True,True,True,288.1872253417969,0.045647695660591125,False,0,0
3072,PushT,0.04,99,65,9.05303955078125,16.611434936523438,4.79245662689209,False,False,True,0.8099880218505859,0.9105286002159119,False,0,0
3072,PushT,0.05,0,65,279.8188781738281,57.001007080078125,7.872845649719238,True,True,True,203.02481079101562,0.27444204688072205,False,0,0
3072,PushT,0.05,1,65,153.9818115234375,16.794921875,4.140343189239502,True,True,True,147.84230041503906,0.11903233081102371,False,0,0
3072,PushT,0.05,2,65,177.24285888671875,134.57110595703125,13.155820846557617,False,False,True,65.39215850830078,0.7069653868675232,False,0,0
3072,PushT,0.05,3,65,112.68051147460938,236.05303955078125,12.584972381591797,False,False,False,-157.1422576904297,2.3945822715759277,True,0,61
3072,PushT,0.05,4,65,83.44322967529297,78.6852798461914,8.687799453735352,False,False,False,-18.370025634765625,1.2147191762924194,False,0,0
3072,PushT,0.05,5,65,109.90877532958984,69.09390258789062,14.657051086425781,False,False,True,54.41343688964844,0.5049217939376831,False,0,0
3072,PushT,0.05,6,65,2.143798828125,20.75341796875,6.373111724853516,False,False,False,-35.73870849609375,17.670738220214844,True,8,56
3072,PushT,0.05,7,65,109.17701721191406,91.62846374511719,5.810720443725586,False,False,True,44.57218551635742,0.6835489869117737,False,0,0
3072,PushT,0.05,8,65,178.02000427246094,22.847869873046875,10.747396469116211,True,True,True,158.34817504882812,0.11050345748662949,False,0,0
3072,PushT,0.05,9,65,101.11265563964844,14.606996536254883,2.328455924987793,True,True,True,86.15460968017578,0.14793448150157928,False,0,0
3072,PushT,0.05,10,65,253.38722229003906,134.89767456054688,12.322476387023926,False,False,True,114.858642578125,0.546707034111023,False,0,0
3072,PushT,0.05,11,65,60.091651916503906,91.09886169433594,9.924171447753906,False,False,True,45.086273193359375,0.6166844367980957,False,0,0
3072,PushT,0.05,12,65,87.6334228515625,36.082244873046875,6.14115571975708,True,True,True,80.368408203125,0.25755423307418823,False,0,0
3072,PushT,0.05,13,65,170.46156311035156,143.03994750976562,19.74578857421875,False,False,False,-1.5441131591796875,1.0090584754943848,False,0,0
3072,PushT,0.05,14,65,133.7330780029297,17.924560546875,2.4487156867980957,True,True,True,125.91984558105469,0.07932204008102417,False,0,0
3072,PushT,0.05,15,65,101.24383544921875,68.49282836914062,5.668277740478516,False,False,True,94.27217864990234,0.2637929916381836,False,0,0
3072,PushT,0.05,16,65,223.96798706054688,56.48286437988281,9.5431547164917,True,True,True,153.9219207763672,0.31275036931037903,False,0,0
3072,PushT,0.05,17,65,73.07722473144531,57.91346740722656,14.436734199523926,False,False,False,-28.821441650390625,1.3542982339859009,False,27,27
3072,PushT,0.05,18,65,193.00897216796875,110.17800903320312,6.90920352935791,False,False,True,81.41027069091797,0.5782047510147095,False,0,0
3072,PushT,0.05,19,65,92.24430847167969,26.879608154296875,4.588781356811523,True,True,True,61.90882873535156,0.32886016368865967,False,0,0
3072,PushT,0.05,20,65,179.48281860351562,66.45697784423828,9.384002685546875,True,True,True,67.83026885986328,0.633800745010376,False,0,0
3072,PushT,0.05,21,65,27.54958724975586,117.5018310546875,27.24036979675293,False,False,False,-154.049072265625,6.591701984405518,False,0,0
3072,PushT,0.05,22,65,52.49047088623047,13.125244140625,3.1918203830718994,True,True,True,51.76768112182617,0.09277836978435516,False,0,0
3072,PushT,0.05,23,65,12.328968048095703,40.27766418457031,9.561424255371094,False,False,False,-0.25750732421875,1.0208864212036133,False,31,31
3072,PushT,0.05,24,65,333.5361022949219,37.09527587890625,8.180489540100098,True,True,True,301.07476806640625,0.1267133355140686,False,0,0
3072,PushT,0.05,25,65,62.112545013427734,11.314926147460938,2.531696081161499,True,True,True,55.62253189086914,0.15381592512130737,False,0,0
3072,PushT,0.05,26,65,5.8542022705078125,49.8017578125,6.6364922523498535,False,False,True,0.7805976867675781,0.8726577758789062,False,0,0
3072,PushT,0.05,27,65,1.9763193130493164,30.864105224609375,3.7156527042388916,False,False,False,-2.243075370788574,2.1349761486053467,False,0,0
3072,PushT,0.05,28,65,33.9249382019043,47.108551025390625,5.732934951782227,False,False,True,32.301788330078125,0.2169136106967926,False,0,0
3072,PushT,0.05,29,65,48.501136779785156,33.44512939453125,13.78513240814209,False,False,True,35.891483306884766,0.2599867284297943,False,0,0
3072,PushT,0.05,30,65,45.71559524536133,38.563751220703125,8.161999702453613,False,False,True,39.919830322265625,0.15207020938396454,False,0,0
3072,PushT,0.05,31,65,166.4932403564453,67.18417358398438,20.493446350097656,True,True,True,82.91522216796875,0.5019904375076294,False,0,0
3072,PushT,0.05,32,65,257.8048400878906,45.810150146484375,4.059848785400391,True,True,True,224.1259002685547,0.13454650342464447,False,0,0
3072,PushT,0.05,33,65,94.27580261230469,12.836517333984375,2.483705997467041,True,True,True,93.26216125488281,0.0727909654378891,False,0,0
3072,PushT,0.05,34,65,0.0670928955078125,227.68394470214844,21.92061424255371,False,False,False,-242.1689453125,3610.457275390625,False,47,47
3072,PushT,0.05,35,65,112.63633728027344,75.44170379638672,7.446951389312744,False,False,True,19.18804168701172,0.8296460509300232,False,0,0
3072,PushT,0.05,36,65,128.12921142578125,79.68951416015625,12.997124671936035,False,False,True,26.175716400146484,0.795708417892456,False,0,0
3072,PushT,0.05,37,65,85.94091033935547,65.19009399414062,17.257015228271484,False,False,True,27.07939338684082,0.7218908667564392,False,0,0
3072,PushT,0.05,38,65,116.28522491455078,19.889053344726562,4.528965473175049,True,True,True,95.75918579101562,0.17651458084583282,False,0,0
3072,PushT,0.05,39,65,135.86204528808594,19.44281005859375,4.318902969360352,True,True,True,129.55172729492188,0.11109700798988342,False,0,0
3072,PushT,0.05,40,65,107.17691802978516,74.85118103027344,12.084592819213867,False,False,True,95.56700897216797,0.35188865661621094,False,0,0
3072,PushT,0.05,41,65,304.9185791015625,21.287078857421875,2.818108081817627,True,True,True,286.9837341308594,0.10191293805837631,False,0,0
3072,PushT,0.05,42,65,143.3271484375,8.949813842773438,3.327235698699951,True,True,True,132.4725341796875,0.07573313266038895,False,0,0
3072,PushT,0.05,43,65,41.990386962890625,107.07716369628906,22.731414794921875,False,False,False,-57.61442565917969,2.3720860481262207,False,35,35
3072,PushT,0.05,44,65,228.67404174804688,20.456939697265625,4.132432460784912,True,True,True,205.9700164794922,0.09928550571203232,False,0,0
3072,PushT,0.05,45,65,97.95282745361328,40.295623779296875,7.097853183746338,True,True,True,92.59649658203125,0.12854765355587006,False,0,0
3072,PushT,0.05,46,65,184.78846740722656,28.22314453125,4.325865745544434,True,True,True,171.4527130126953,0.10053329169750214,False,0,0
3072,PushT,0.05,47,65,116.88253784179688,29.71173095703125,6.991263389587402,True,True,True,77.78883361816406,0.3412599563598633,False,0,0
3072,PushT,0.05,48,65,306.1658020019531,10.15386962890625,2.5282349586486816,True,True,True,303.1018371582031,0.03356693685054779,False,0,0
3072,PushT,0.05,49,65,78.47428894042969,62.924407958984375,7.950211048126221,False,False,True,62.34994888305664,0.2054729014635086,False,0,0
3072,PushT,0.05,50,65,13.812454223632812,58.57025146484375,11.316252708435059,False,False,False,-45.42860412597656,4.288959503173828,False,4,4
3072,PushT,0.05,51,65,14.637382507324219,22.097152709960938,5.8250956535339355,False,False,False,-18.303932189941406,2.2504920959472656,False,0,0
3072,PushT,0.05,52,65,239.7177734375,24.78398323059082,4.043442249298096,True,True,True,205.4884033203125,0.14908988773822784,False,0,0
3072,PushT,0.05,53,65,207.21542358398438,11.270751953125,3.588977575302124,True,True,True,201.81051635742188,0.029321415349841118,False,0,0
3072,PushT,0.05,54,65,202.44090270996094,11.373443603515625,3.0074808597564697,True,True,True,192.26976013183594,0.08416087180376053,False,0,0
3072,PushT,0.05,55,65,0.9580307006835938,5.63519287109375,1.737969994544983,False,False,False,-1.7830610275268555,2.861173152923584,False,5,5
3072,PushT,0.05,56,65,232.3787384033203,14.253875732421875,3.2524893283843994,True,True,True,216.46981811523438,0.06846114248037338,False,0,0
3072,PushT,0.05,57,65,261.1412353515625,39.047218322753906,6.200765132904053,True,True,True,220.21322631835938,0.16035912930965424,False,0,0
3072,PushT,0.05,58,65,273.9412841796875,39.82757568359375,7.365688323974609,True,True,True,239.69528198242188,0.1697889268398285,False,0,0
3072,PushT,0.05,59,65,224.06396484375,16.86430549621582,4.044960975646973,True,True,True,195.214599609375,0.12875504791736603,False,0,0
3072,PushT,0.05,60,65,2.6657609939575195,26.973838806152344,5.319098472595215,False,False,False,-1.0232157707214355,1.254808783531189,False,1,1
3072,PushT,0.05,61,65,52.28324508666992,51.28448486328125,4.478164196014404,False,False,True,37.55421829223633,0.2817160189151764,False,0,0
3072,PushT,0.05,62,65,196.33892822265625,37.159584045410156,3.089569091796875,True,True,True,158.11917114257812,0.1946621835231781,False,0,0
3072,PushT,0.05,63,65,237.34129333496094,15.7266845703125,4.203375816345215,True,True,True,222.2052001953125,0.08874116092920303,False,0,0
3072,PushT,0.05,64,65,0.7060832977294922,400.19964599609375,31.85956573486328,False,False,False,-324.2068786621094,16.204479217529297,True,60,56
3072,PushT,0.05,65,65,1.0975818634033203,13.154647827148438,4.554937839508057,False,False,False,-0.374420166015625,1.3411319255828857,False,56,56
3072,PushT,0.05,66,65,66.48445892333984,39.3272705078125,6.73164176940918,False,False,True,40.47468185424805,0.4234747588634491,False,0,0
3072,PushT,0.05,67,65,142.63905334472656,32.3316650390625,6.288602352142334,True,True,True,110.3160400390625,0.2266070395708084,False,0,0
3072,PushT,0.05,68,65,2.7051315307617188,86.72221374511719,24.913860321044922,False,False,False,-53.43708038330078,20.75396728515625,True,37,19
3072,PushT,0.05,69,65,147.985107421875,35.59407043457031,3.994974374771118,True,True,True,107.01679229736328,0.27684080600738525,False,0,0
3072,PushT,0.05,70,65,356.2223205566406,15.71282958984375,2.0759592056274414,True,True,True,345.88348388671875,0.03655114769935608,False,0,0
3072,PushT,0.05,71,65,119.96116638183594,26.4586181640625,7.10084342956543,True,True,True,107.3533935546875,0.10509880632162094,False,0,0
3072,PushT,0.05,72,65,8.4901123046875,5.797760009765625,1.6873568296432495,False,False,True,6.615164756774902,0.22083896398544312,False,0,0
3072,PushT,0.05,73,65,17.998300552368164,8.270721435546875,3.395479202270508,True,True,True,14.302108764648438,0.20536337792873383,False,0,0
3072,PushT,0.05,74,65,0.7361040115356445,14.282913208007812,5.564786911010742,False,False,False,-4.962918281555176,7.742142677307129,False,20,20
3072,PushT,0.05,75,65,303.94464111328125,26.994829177856445,4.719770431518555,True,True,True,255.2737274169922,0.1601308435201645,False,0,0
3072,PushT,0.05,76,65,98.39131164550781,278.3132019042969,15.841194152832031,False,False,False,-165.1060028076172,2.3957266807556152,False,0,0
3072,PushT,0.05,77,65,161.2272491455078,51.175479888916016,5.014110088348389,True,True,True,105.58750915527344,0.3453657329082489,False,0,0
3072,PushT,0.05,78,65,162.08160400390625,13.25396728515625,2.4477100372314453,True,True,True,156.7648468017578,0.03984031081199646,False,0,0
3072,PushT,0.05,79,65,317.9185791015625,25.62353515625,10.176982879638672,True,True,True,305.9517822265625,0.10023786127567291,False,0,0
3072,PushT,0.05,80,65,256.1542663574219,15.460906982421875,4.119012832641602,True,True,True,245.9315948486328,0.0694681704044342,False,0,0
3072,PushT,0.05,81,65,291.8800964355469,34.784393310546875,3.351149559020996,True,True,True,287.3490905761719,0.08988920599222183,False,0,0
3072,PushT,0.05,82,65,10.56658935546875,105.62203979492188,21.518753051757812,False,False,False,-120.84828186035156,7.319671630859375,True,37,60
3072,PushT,0.05,83,65,29.195255279541016,32.1346435546875,7.396203994750977,False,False,True,25.075956344604492,0.14109477400779724,False,0,0
3072,PushT,0.05,84,65,5.571319580078125,8.02947998046875,2.05704402923584,False,False,True,0.492462158203125,0.9116076231002808,False,23,23
3072,PushT,0.05,85,65,136.87628173828125,112.055419921875,14.917953491210938,False,False,True,87.97024536132812,0.5735418796539307,False,0,0
3072,PushT,0.05,86,65,8.507939338684082,35.76695251464844,7.5413055419921875,False,False,True,3.725235939025879,0.5621459484100342,False,57,57
3072,PushT,0.05,87,65,62.308109283447266,150.4354248046875,15.016982078552246,False,False,True,12.529623031616211,0.7989086508750916,False,0,0
3072,PushT,0.05,88,65,124.89271545410156,36.16725158691406,6.3419952392578125,True,True,True,63.506500244140625,0.49151158332824707,False,0,0
3072,PushT,0.05,89,65,230.69015502929688,198.7516632080078,30.965147018432617,False,False,False,-164.76527404785156,1.7142276763916016,False,0,0
3072,PushT,0.05,90,65,29.919635772705078,13.150436401367188,4.094689846038818,True,True,True,25.15186309814453,0.1593526303768158,False,0,0
3072,PushT,0.05,91,65,258.3861389160156,38.527587890625,10.60975456237793,True,True,True,229.721923828125,0.18932273983955383,False,0,0
3072,PushT,0.05,92,65,258.2107238769531,14.465423583984375,2.246310234069824,True,True,True,243.28550720214844,0.057802483439445496,False,0,0
3072,PushT,0.05,93,65,140.18096923828125,80.4451904296875,15.369345664978027,False,False,True,80.5771713256836,0.4251917898654938,False,0,0
3072,PushT,0.05,94,65,254.6179962158203,20.913787841796875,4.774089813232422,True,True,True,244.5824737548828,0.05302567780017853,False,0,0
3072,PushT,0.05,95,65,105.17060852050781,20.84442138671875,7.135090351104736,True,True,True,91.1572265625,0.13324429094791412,False,0,0
3072,PushT,0.05,96,65,4.210575103759766,16.786102294921875,4.317777156829834,False,False,True,1.7951326370239258,0.5987182855606079,False,59,59
3072,PushT,0.05,97,65,275.4609680175781,54.942138671875,5.390223979949951,True,True,True,258.7647399902344,0.18202491104602814,False,0,0
3072,PushT,0.05,98,65,312.8740539550781,24.168701171875,3.4377427101135254,True,True,True,304.3761291503906,0.08475010842084885,False,0,0
3072,PushT,0.05,99,65,89.87516021728516,89.0618896484375,13.494450569152832,False,False,True,2.272014617919922,0.9747203588485718,False,0,0
3072,PushT,0.06,0,65,83.54707336425781,22.436859130859375,2.8801636695861816,True,True,True,54.41300582885742,0.3487144112586975,False,0,0
3072,PushT,0.06,1,65,181.83290100097656,23.928802490234375,5.129268646240234,True,True,True,156.73919677734375,0.13800422847270966,False,0,0
3072,PushT,0.06,2,65,125.1229476928711,43.14958190917969,4.331769943237305,True,True,True,74.7392349243164,0.4026736319065094,False,0,0
3072,PushT,0.06,3,65,143.5825653076172,17.833404541015625,4.316619396209717,True,True,True,125.22504425048828,0.1278534084558487,False,0,0
3072,PushT,0.06,4,65,41.616920471191406,24.05023193359375,4.318803310394287,False,False,True,29.968647003173828,0.2798927426338196,False,0,0
3072,PushT,0.06,5,65,143.70851135253906,69.31350708007812,9.96900749206543,True,True,True,81.39380645751953,0.4336187541484833,False,0,0
3072,PushT,0.06,6,65,79.82928466796875,48.62005615234375,6.795844554901123,False,False,True,27.247528076171875,0.6586775183677673,False,63,63
3072,PushT,0.06,7,65,70.57992553710938,15.287956237792969,2.18239426612854,True,True,True,64.251708984375,0.17206323146820068,False,0,0
3072,PushT,0.06,8,65,184.86636352539062,20.479400634765625,5.498938083648682,True,True,True,177.5198211669922,0.05775770545005798,False,0,0
3072,PushT,0.06,9,65,63.202781677246094,22.770980834960938,4.000028133392334,True,True,True,53.79231262207031,0.16631470620632172,False,0,0
3072,PushT,0.06,10,65,316.8202819824219,73.92623901367188,7.76863956451416,True,True,True,276.88671875,0.19541145861148834,False,0,0
3072,PushT,0.06,11,65,26.475406646728516,15.150131225585938,3.0795772075653076,False,False,True,23.590646743774414,0.14002616703510284,False,0,0
3072,PushT,0.06,12,65,49.642799377441406,32.5704345703125,8.28796100616455,False,False,True,40.16555404663086,0.26488757133483887,False,0,0
3072,PushT,0.06,13,65,189.53334045410156,73.24911499023438,10.667095184326172,True,True,True,113.75928497314453,0.39979276061058044,False,0,0
3072,PushT,0.06,14,65,125.58177185058594,27.459197998046875,2.8330812454223633,True,True,True,123.64734649658203,0.09072735905647278,False,0,0
3072,PushT,0.06,15,65,9.497512817382812,49.378173828125,11.0558443069458,False,False,False,-26.15240478515625,3.753605604171753,False,0,0
3072,PushT,0.06,16,65,175.7188262939453,48.646331787109375,8.101696968078613,True,True,True,138.2383575439453,0.21981823444366455,False,0,0
3072,PushT,0.06,17,65,2.6160430908203125,27.967620849609375,8.674568176269531,False,False,False,-30.955474853515625,12.832937240600586,False,41,41
3072,PushT,0.06,18,65,217.4501953125,21.189743041992188,5.782741546630859,True,True,True,180.0148162841797,0.17215611040592194,False,0,0
3072,PushT,0.06,19,65,92.16382598876953,38.55134582519531,9.649444580078125,True,True,True,60.72671127319336,0.3411003649234772,False,0,0
3072,PushT,0.06,20,65,234.5645294189453,36.053192138671875,5.289692401885986,True,True,True,223.2056427001953,0.1380794495344162,False,0,0
3072,PushT,0.06,21,65,247.57421875,60.42169189453125,12.138450622558594,True,True,True,202.654052734375,0.18144117295742035,False,0,0
3072,PushT,0.06,22,65,55.53592300415039,77.76741027832031,15.957114219665527,False,False,True,41.03752899169922,0.5060107111930847,False,0,0
3072,PushT,0.06,23,65,13.606040954589844,211.1219482421875,10.41072940826416,False,False,False,-221.05413818359375,13.750085830688477,True,31,38
3072,PushT,0.06,24,65,278.55657958984375,12.609954833984375,3.359649181365967,True,True,True,273.57879638671875,0.03878561034798622,False,0,0
3072,PushT,0.06,25,65,33.58580780029297,51.59698486328125,10.570165634155273,False,False,True,0.07996749877929688,0.9976190328598022,False,0,0
3072,PushT,0.06,26,65,17.666458129882812,113.47859191894531,40.82122039794922,False,False,False,-70.34622955322266,4.981909275054932,True,34,35
3072,PushT,0.06,27,65,1.0712833404541016,83.07351684570312,9.16423225402832,False,False,False,-2.2839927673339844,3.1320154666900635,False,22,22
3072,PushT,0.06,28,65,59.86784744262695,78.44795227050781,7.573884963989258,False,False,False,-5.104723930358887,1.0679538249969482,False,0,0
3072,PushT,0.06,29,65,51.468963623046875,19.768951416015625,7.629912376403809,True,True,True,37.06746292114258,0.2798093855381012,False,0,0
3072,PushT,0.06,30,65,17.931476593017578,20.12384033203125,5.819931507110596,False,False,True,4.063407897949219,0.7733924388885498,False,0,0
3072,PushT,0.06,31,65,60.22447204589844,121.45718383789062,22.67397117614746,False,False,True,23.406944274902344,0.8419625163078308,False,0,0
3072,PushT,0.06,32,65,195.2096710205078,49.231658935546875,4.5308966636657715,True,True,True,179.8314208984375,0.2033873200416565,False,0,0
3072,PushT,0.06,33,65,3.3847298622131348,69.39289093017578,8.782004356384277,False,False,True,1.0130891799926758,0.9063701033592224,False,0,0
3072,PushT,0.06,34,65,85.6400146484375,262.84234619140625,39.72438430786133,False,False,False,-310.33746337890625,4.623743534088135,True,15,5
3072,PushT,0.06,35,65,61.134490966796875,17.979156494140625,2.571836471557617,True,True,True,51.21864318847656,0.25768643617630005,False,9,9
3072,PushT,0.06,36,65,24.011642456054688,22.543701171875,3.23110032081604,False,False,True,22.642745971679688,0.3405543565750122,False,0,0
3072,PushT,0.06,37,65,82.11337280273438,65.66302490234375,15.127760887145996,False,False,True,52.41181945800781,0.5775133371353149,False,0,0
3072,PushT,0.06,38,65,77.25147247314453,25.843017578125,6.439946174621582,True,True,True,67.15460205078125,0.17185679078102112,False,0,0
3072,PushT,0.06,39,65,128.36431884765625,54.43043518066406,13.886279106140137,True,True,True,104.65182495117188,0.3255631625652313,False,0,0
3072,PushT,0.06,40,65,81.96003723144531,33.619903564453125,7.426400661468506,True,True,True,72.06072235107422,0.1475866287946701,False,0,0
3072,PushT,0.06,41,65,305.0299377441406,8.946929931640625,1.251262903213501,True,True,True,290.78546142578125,0.046698618680238724,False,0,0
3072,PushT,0.06,42,65,279.6967468261719,16.22271728515625,1.9281386137008667,True,True,True,269.2182312011719,0.04497744143009186,False,0,0
3072,PushT,0.06,43,65,8.557670593261719,117.95942687988281,10.632999420166016,False,False,False,-56.80242156982422,5.137848854064941,True,52,60
3072,PushT,0.06,44,65,131.92306518554688,33.12165832519531,5.377870559692383,True,True,True,121.60625457763672,0.13385263085365295,False,0,0
3072,PushT,0.06,45,65,64.32464599609375,23.733154296875,4.957016468048096,True,True,True,63.034759521484375,0.1912640780210495,False,0,0
3072,PushT,0.06,46,65,155.10702514648438,33.732421875,5.264477729797363,True,True,True,125.0172348022461,0.1939937174320221,False,0,0
3072,PushT,0.06,47,65,86.25051879882812,115.48617553710938,12.697562217712402,False,False,True,42.59785842895508,0.5061147809028625,False,0,0
3072,PushT,0.06,48,65,257.52691650390625,11.74041748046875,3.0434329509735107,True,True,True,248.80958557128906,0.03994224965572357,False,0,0
3072,PushT,0.06,49,65,36.767723083496094,32.77592468261719,8.72205638885498,False,False,True,20.515655517578125,0.4420199692249298,False,0,0
3072,PushT,0.06,50,65,44.93682861328125,121.36407470703125,27.293807983398438,False,False,False,-111.29145812988281,3.319054126739502,True,24,16
3072,PushT,0.06,51,65,36.857810974121094,35.09516906738281,3.702282667160034,False,False,False,-16.581985473632812,1.3579256534576416,False,56,56
3072,PushT,0.06,52,65,241.26124572753906,13.5665283203125,5.225311756134033,True,True,True,228.73385620117188,0.051924608647823334,False,0,0
3072,PushT,0.06,53,65,273.7657165527344,32.3878173828125,4.57625675201416,True,True,True,266.87408447265625,0.07716768980026245,False,0,0
3072,PushT,0.06,54,65,116.22606658935547,24.723892211914062,3.9519426822662354,True,True,True,110.642333984375,0.1809396743774414,False,0,0
3072,PushT,0.06,55,65,0.17677021026611328,2.396728515625,1.4782261848449707,False,False,False,-3.031510829925537,16.971675872802734,False,15,15
3072,PushT,0.06,56,65,314.158447265625,37.0030632019043,4.488888263702393,True,True,True,270.57745361328125,0.14887849986553192,False,0,0
3072,PushT,0.06,57,65,243.09970092773438,9.477073669433594,3.28958797454834,True,True,True,231.46957397460938,0.06942082941532135,False,0,0
3072,PushT,0.06,58,65,143.05477905273438,26.361724853515625,3.5873751640319824,True,True,True,115.258056640625,0.19430822134017944,False,0,0
3072,PushT,0.06,59,65,144.87245178222656,18.75606918334961,4.670905113220215,True,True,True,107.45243835449219,0.25829625129699707,False,0,0
3072,PushT,0.06,60,65,3.9218435287475586,19.88775634765625,4.605114459991455,False,False,False,-1.9218940734863281,1.4342178106307983,False,25,25
3072,PushT,0.06,61,65,1.87603759765625,29.716842651367188,2.504621744155884,False,False,True,0.1617755889892578,0.913767397403717,False,0,0
3072,PushT,0.06,62,65,77.1446533203125,70.07920837402344,2.986135721206665,False,False,True,6.056732177734375,0.9214886426925659,False,0,0
3072,PushT,0.06,63,65,199.571533203125,52.022796630859375,9.002412796020508,True,True,True,168.64120483398438,0.22748644649982452,False,0,0
3072,PushT,0.06,64,65,0.04949808120727539,13.572708129882812,3.228778600692749,False,False,False,-3.196866035461426,65.58565521240234,True,11,16
3072,PushT,0.06,65,65,5.074592590332031,50.57127380371094,16.348867416381836,False,False,False,-5.140308380126953,2.0129499435424805,False,47,47
3072,PushT,0.06,66,65,84.76071166992188,46.468292236328125,9.044697761535645,False,False,True,50.07145690917969,0.48694130778312683,False,0,0
3072,PushT,0.06,67,65,176.8936767578125,67.427001953125,11.92223834991455,True,True,True,128.4146270751953,0.3655450642108917,False,0,0
3072,PushT,0.06,68,65,1.239542007446289,28.544681549072266,5.476765155792236,False,False,False,-6.841928482055664,4.669517517089844,True,55,46
3072,PushT,0.06,69,65,153.3973846435547,16.09295654296875,3.7995312213897705,True,True,True,135.25428771972656,0.11827516555786133,False,0,0
3072,PushT,0.06,70,65,289.7789306640625,26.4228515625,3.373971700668335,True,True,True,278.78466796875,0.08508749306201935,False,0,0
3072,PushT,0.06,71,65,120.53668212890625,25.628646850585938,8.713756561279297,True,True,True,104.93244171142578,0.18479880690574646,False,0,0
3072,PushT,0.06,72,65,0.03595924377441406,17.76998519897461,2.0334548950195312,False,False,False,-1.8258662223815918,51.7759895324707,True,26,18
3072,PushT,0.06,73,65,86.74493408203125,10.446701049804688,4.477113246917725,True,True,True,81.36408996582031,0.062397293746471405,False,0,0
3072,PushT,0.06,74,65,0.7520294189453125,6.229928970336914,2.5735538005828857,False,False,False,-5.236893653869629,7.963681697845459,False,41,41
3072,PushT,0.06,75,65,303.8764343261719,9.54412841796875,2.209547996520996,True,True,True,298.1649169921875,0.03502016142010689,False,0,0
3072,PushT,0.06,76,65,151.02720642089844,356.41705322265625,21.15720558166504,False,False,False,-382.8330078125,3.5348613262176514,False,0,0
3072,PushT,0.06,77,65,164.50003051757812,46.116790771484375,5.303036689758301,True,True,True,112.89944458007812,0.3976116478443146,False,0,0
3072,PushT,0.06,78,65,182.7764892578125,33.07000732421875,4.029038429260254,True,True,True,176.2452392578125,0.0888313353061676,False,0,0
3072,PushT,0.06,79,65,311.0215148925781,6.47344970703125,1.9759397506713867,True,True,True,306.9119873046875,0.025397956371307373,False,0,0
3072,PushT,0.06,80,65,319.5927429199219,7.55303955078125,2.314544200897217,True,True,True,312.63262939453125,0.03385147452354431,False,0,0
3072,PushT,0.06,81,65,160.90478515625,7.215179443359375,1.2947075366973877,True,True,True,156.1045684814453,0.029832659289240837,False,0,0
3072,PushT,0.06,82,65,31.149738311767578,57.91253662109375,7.8284196853637695,False,False,True,13.5828857421875,0.574044942855835,False,0,0
3072,PushT,0.06,83,65,201.72860717773438,13.271453857421875,2.9879918098449707,True,True,True,196.51832580566406,0.03491736948490143,False,0,0
3072,PushT,0.06,84,65,7.71417236328125,36.394744873046875,4.923966884613037,False,False,False,-18.77545166015625,2.055438280105591,False,7,7
3072,PushT,0.06,85,65,86.72087097167969,21.54638671875,4.624183654785156,True,True,True,74.90876770019531,0.13620831072330475,False,0,0
3072,PushT,0.06,86,65,8.067947387695312,41.506256103515625,6.936378479003906,False,False,False,-5.19837760925293,1.2634855508804321,False,61,61
3072,PushT,0.06,87,65,135.0933380126953,39.573028564453125,8.45362663269043,True,True,True,104.69768524169922,0.22499743103981018,False,0,0
3072,PushT,0.06,88,65,108.83364868164062,19.704833984375,2.6991097927093506,True,True,True,100.9646224975586,0.147664412856102,False,0,0
3072,PushT,0.06,89,65,122.9949722290039,36.577117919921875,6.323080062866211,True,True,True,86.47480010986328,0.2969241142272949,False,0,0
3072,PushT,0.06,90,65,51.56123352050781,23.483612060546875,5.222074031829834,True,True,True,28.60173988342285,0.44528597593307495,False,0,0
3072,PushT,0.06,91,65,285.3173522949219,18.749481201171875,3.771648645401001,True,True,True,266.8896179199219,0.07801996916532516,False,0,0
3072,PushT,0.06,92,65,194.02264404296875,45.687164306640625,3.6647250652313232,True,True,True,190.0835723876953,0.14557823538780212,False,0,0
3072,PushT,0.06,93,65,71.60745239257812,95.71377563476562,14.641282081604004,False,False,True,18.396080017089844,0.7922807931900024,False,0,0
3072,PushT,0.06,94,65,344.5914306640625,15.164031982421875,2.526491641998291,True,True,True,341.1925354003906,0.04374822601675987,False,0,0
3072,PushT,0.06,95,65,69.17449951171875,40.39013671875,8.820490837097168,False,False,True,65.22330474853516,0.2268771380186081,False,0,0
3072,PushT,0.06,96,65,11.505143165588379,39.37728500366211,7.418356895446777,False,False,True,0.2928457260131836,0.9927935004234314,False,18,18
3072,PushT,0.06,97,65,270.6368713378906,11.20263671875,1.856425166130066,True,True,True,265.50689697265625,0.05380983278155327,False,0,0
3072,PushT,0.06,98,65,242.22265625,34.261474609375,6.282769203186035,True,True,True,230.85975646972656,0.12405034154653549,False,0,0
3072,PushT,0.06,99,65,131.2322540283203,38.263427734375,8.260178565979004,True,True,True,105.77987670898438,0.19394907355308533,False,0,0
3072,PushT,0.07,0,65,244.17233276367188,45.95281982421875,5.0259552001953125,True,True,True,228.77635192871094,0.15223807096481323,False,0,0
3072,PushT,0.07,1,65,87.55725860595703,31.39892578125,5.93610143661499,True,True,True,69.72411346435547,0.2036740630865097,False,0,0
3072,PushT,0.07,2,65,113.57615661621094,25.023818969726562,2.763634204864502,True,True,True,93.7288818359375,0.17474858462810516,False,0,0
3072,PushT,0.07,3,65,54.58282470703125,57.47489929199219,4.419108867645264,False,False,False,-5.6248626708984375,1.0582629442214966,False,61,61
3072,PushT,0.07,4,65,97.95362091064453,31.293701171875,5.59119987487793,True,True,True,53.3207893371582,0.4556526839733124,False,0,0
3072,PushT,0.07,5,65,86.41828155517578,10.740814208984375,2.642953634262085,True,True,True,76.69369506835938,0.13648000359535217,False,0,0
3072,PushT,0.07,6,65,9.09442138671875,16.7740478515625,2.483395576477051,False,False,False,-12.963775634765625,2.425464630126953,False,56,56
3072,PushT,0.07,7,65,109.31340026855469,81.88861083984375,4.1552581787109375,False,False,True,21.844223022460938,0.8001688718795776,False,0,0
3072,PushT,0.07,8,65,199.43438720703125,15.4534912109375,3.9872567653656006,True,True,True,192.0120849609375,0.039446089416742325,False,0,0
3072,PushT,0.07,9,65,122.90118408203125,5.425537109375,0.8381606936454773,True,True,True,120.11693572998047,0.025769224390387535,False,0,0
3072,PushT,0.07,10,65,263.4471740722656,115.58688354492188,12.28653621673584,True,True,True,142.66888427734375,0.48609405755996704,False,0,0
3072,PushT,0.07,11,65,45.88655471801758,41.25262451171875,11.361066818237305,False,False,True,30.027076721191406,0.4133548438549042,False,0,0
3072,PushT,0.07,12,65,79.32286834716797,13.167633056640625,6.147425174713135,True,True,True,72.83367156982422,0.08180740475654602,False,0,0
3072,PushT,0.07,13,65,197.99029541015625,12.64862060546875,1.8037058115005493,True,True,True,194.63189697265625,0.06245211511850357,False,0,0
3072,PushT,0.07,14,65,80.20984649658203,28.99692153930664,1.7048259973526,True,True,True,40.90922164916992,0.4899725615978241,False,0,0
3072,PushT,0.07,15,65,45.417747497558594,27.126861572265625,1.815558671951294,False,False,True,42.15985107421875,0.13564929366111755,False,0,0
3072,PushT,0.07,16,65,205.34072875976562,35.967071533203125,5.758368015289307,True,True,True,164.56640625,0.19856911897659302,False,0,0
3072,PushT,0.07,17,65,22.28857421875,30.6749267578125,7.6235575675964355,False,False,False,-2.30108642578125,1.094560980796814,False,26,26
3072,PushT,0.07,18,65,197.78660583496094,17.266082763671875,3.8941659927368164,True,True,True,185.0900421142578,0.06462305784225464,False,0,0
3072,PushT,0.07,19,65,152.23704528808594,10.076126098632812,2.384756326675415,True,True,True,140.92782592773438,0.07428694516420364,False,0,0
3072,PushT,0.07,20,65,284.6365051269531,11.19171142578125,2.2896792888641357,True,True,True,279.9804992675781,0.031119409948587418,False,0,0
3072,PushT,0.07,21,65,60.374267578125,43.677337646484375,10.553789138793945,False,False,True,16.2283935546875,0.7338597774505615,False,0,0
3072,PushT,0.07,22,65,42.62318801879883,11.36920166015625,4.142968654632568,True,True,True,38.654415130615234,0.0931129902601242,False,0,0
3072,PushT,0.07,23,65,7.665317535400391,38.54258728027344,8.215965270996094,False,False,False,-1.594285011291504,1.207986831665039,False,0,0
3072,PushT,0.07,24,65,315.952880859375,8.25567626953125,1.6101078987121582,True,True,True,314.7708740234375,0.023697366937994957,False,0,0
3072,PushT,0.07,25,65,102.05241394042969,11.657852172851562,2.626281499862671,True,True,True,98.12986755371094,0.12428998947143555,False,0,0
3072,PushT,0.07,26,65,6.821872711181641,34.261260986328125,11.400677680969238,False,False,False,-11.20694351196289,2.6427958011627197,True,0,29
3072,PushT,0.07,27,65,0.1699657440185547,36.423675537109375,5.106888771057129,False,False,False,-0.7603721618652344,5.473679065704346,False,21,21
3072,PushT,0.07,28,65,55.77144241333008,55.58381652832031,6.1145758628845215,False,False,False,-4.132030963897705,1.0740886926651,False,0,0
3072,PushT,0.07,29,65,57.21163558959961,23.94384765625,4.592662334442139,True,True,True,51.86843490600586,0.09445136785507202,False,0,0
3072,PushT,0.07,30,65,40.74079895019531,20.236480712890625,5.739106178283691,True,True,True,33.52674865722656,0.1788385957479477,False,0,0
3072,PushT,0.07,31,65,169.550537109375,6.665435791015625,3.0955660343170166,True,True,True,167.85040283203125,0.024204229936003685,False,0,0
3072,PushT,0.07,32,65,158.88906860351562,97.50248718261719,5.275599956512451,False,False,True,58.51148986816406,0.6317462921142578,False,0,0
3072,PushT,0.07,33,65,74.7706298828125,16.988998413085938,5.796187400817871,True,True,True,56.29766845703125,0.24706172943115234,False,0,0
3072,PushT,0.07,34,65,10.543487548828125,22.97906494140625,4.194653511047363,False,False,True,6.340484619140625,0.39863497018814087,False,4,4
3072,PushT,0.07,35,65,1.6548004150390625,5.349334716796875,1.219018578529358,False,False,True,0.9684295654296875,0.4147756099700928,False,9,9
3072,PushT,0.07,36,65,69.2898941040039,13.86968994140625,2.4866130352020264,True,True,True,59.703269958496094,0.1383552998304367,False,0,0
3072,PushT,0.07,37,65,47.49999237060547,29.670440673828125,14.293972969055176,False,False,True,42.95547866821289,0.19988377392292023,False,0,0
3072,PushT,0.07,38,65,138.16885375976562,18.458160400390625,5.361284255981445,True,True,True,136.455810546875,0.11721903830766678,False,0,0
3072,PushT,0.07,39,65,116.3902587890625,6.53277587890625,1.7618695497512817,True,True,True,108.43962860107422,0.06831009685993195,False,0,0
3072,PushT,0.07,40,65,104.72511291503906,26.86328125,4.552851676940918,True,True,True,91.1478500366211,0.1635696142911911,False,0,0
3072,PushT,0.07,41,65,312.49993896484375,13.252593994140625,1.5079584121704102,True,True,True,307.2821044921875,0.04159301146864891,False,0,0
3072,PushT,0.07,42,65,218.69677734375,48.86958312988281,3.745884656906128,True,True,True,167.9481658935547,0.2597202956676483,False,0,0
3072,PushT,0.07,43,65,130.10385131835938,135.28378295898438,19.545177459716797,False,False,False,-28.742324829101562,1.1727650165557861,False,0,0
3072,PushT,0.07,44,65,262.8609924316406,3.544219970703125,0.5218141674995422,True,True,True,261.19476318359375,0.013290395960211754,False,0,0
3072,PushT,0.07,45,65,143.7388916015625,34.02775573730469,3.6971189975738525,True,True,True,129.16455078125,0.13733917474746704,False,0,0
3072,PushT,0.07,46,65,143.105224609375,49.93170166015625,5.309157848358154,True,True,True,89.0372314453125,0.37781983613967896,False,0,0
3072,PushT,0.07,47,65,108.67027282714844,25.669921875,4.607862949371338,True,True,True,91.98362731933594,0.15355300903320312,False,0,0
3072,PushT,0.07,48,65,347.8306579589844,3.952850341796875,1.2828969955444336,True,True,True,345.9351806640625,0.011102628894150257,False,0,0
3072,PushT,0.07,49,65,54.02619552612305,10.86077880859375,2.5170137882232666,True,True,True,52.35708999633789,0.1096080094575882,False,0,0
3072,PushT,0.07,50,65,51.01008605957031,29.961700439453125,7.497314453125,False,False,True,2.3087997436523438,0.9547383785247803,False,4,4
3072,PushT,0.07,51,65,42.110496520996094,15.331298828125,4.0026397705078125,True,True,True,32.476837158203125,0.2796916663646698,False,0,0
3072,PushT,0.07,52,65,283.5260314941406,19.768096923828125,2.9008498191833496,True,True,True,257.5384521484375,0.09165852516889572,False,0,0
3072,PushT,0.07,53,65,279.096435546875,10.14019775390625,4.659485816955566,True,True,True,276.8486022949219,0.024828104302287102,False,0,0
3072,PushT,0.07,54,65,255.8269805908203,11.910245895385742,1.9214528799057007,True,True,True,243.42051696777344,0.07723652571439743,False,0,0
3072,PushT,0.07,55,65,0.7463216781616211,0.9388694763183594,0.3935207724571228,False,False,True,0.4381589889526367,0.412908673286438,False,0,0
3072,PushT,0.07,56,65,236.40875244140625,8.597412109375,1.8772282600402832,True,True,True,228.04141235351562,0.03872965648770332,False,0,0
3072,PushT,0.07,57,65,248.05311584472656,17.333477020263672,1.968980312347412,True,True,True,229.57199096679688,0.08021869510412216,False,0,0
3072,PushT,0.07,58,65,250.37559509277344,6.93988037109375,2.2875356674194336,True,True,True,243.6027069091797,0.027050891891121864,False,0,0
3072,PushT,0.07,59,65,149.78872680664062,11.689422607421875,1.3445892333984375,True,True,True,132.91368103027344,0.11265895515680313,False,0,0
3072,PushT,0.07,60,65,0.1326770782470703,19.24114990234375,4.69024133682251,False,False,False,-2.5793018341064453,20.440448760986328,False,63,63
3072,PushT,0.07,61,65,42.56242370605469,4.5382537841796875,1.8460114002227783,True,True,True,34.972511291503906,0.17832425236701965,False,0,0
3072,PushT,0.07,62,65,185.07037353515625,12.312206268310547,0.9307689666748047,True,True,True,169.66708374023438,0.08322934806346893,False,0,0
3072,PushT,0.07,63,65,246.50135803222656,18.14263916015625,2.626621723175049,True,True,True,237.8059539794922,0.06523901969194412,False,0,0
3072,PushT,0.07,64,65,0.481534481048584,44.80699920654297,2.181945562362671,False,False,True,0.0037353038787841797,0.9959550499916077,False,53,53
3072,PushT,0.07,65,65,0.4054603576660156,16.480010986328125,5.414111137390137,False,False,False,-4.471384048461914,12.027918815612793,False,12,12
3072,PushT,0.07,66,65,89.67556762695312,19.402297973632812,2.8496978282928467,True,True,True,86.58800506591797,0.1338534653186798,False,0,0
3072,PushT,0.07,67,65,91.28523254394531,29.47637176513672,5.486390590667725,True,True,True,54.13682174682617,0.4069487452507019,False,0,0
3072,PushT,0.07,68,65,4.770355224609375,15.317626953125,6.612432479858398,False,False,False,-7.178195953369141,2.2635302543640137,False,0,0
3072,PushT,0.07,69,65,184.07371520996094,29.33514404296875,3.933051824569702,True,True,True,153.77035522460938,0.16462619602680206,False,0,0
3072,PushT,0.07,70,65,384.6778869628906,22.736968994140625,3.6879711151123047,True,True,True,364.5541076660156,0.08545522391796112,False,0,0
3072,PushT,0.07,71,65,152.3109893798828,26.8563232421875,4.035091400146484,True,True,True,149.19320678710938,0.10284015536308289,False,0,0
3072,PushT,0.07,72,65,28.50606918334961,3.2767791748046875,0.9850709438323975,True,True,True,25.463743209838867,0.1067255511879921,False,0,0
3072,PushT,0.07,73,65,13.595474243164062,7.836944580078125,2.034115791320801,False,False,True,12.05858039855957,0.11304455250501633,False,0,0
3072,PushT,0.07,74,65,7.615015029907227,3.2905960083007812,1.021101951599121,True,True,True,5.494760513305664,0.2784307599067688,False,0,0
3072,PushT,0.07,75,65,253.19667053222656,165.11392211914062,7.188401699066162,False,False,True,70.38078308105469,0.7220311760902405,False,0,0
3072,PushT,0.07,76,65,153.0747833251953,195.6660614013672,13.184843063354492,False,False,False,-100.65347290039062,1.657544493675232,False,0,0
3072,PushT,0.07,77,65,173.45828247070312,22.868873596191406,5.355686187744141,True,True,True,149.48126220703125,0.19091439247131348,False,0,0
3072,PushT,0.07,78,65,144.5435791015625,9.5780029296875,1.4652024507522583,True,True,True,144.0960693359375,0.02952376753091812,False,0,0
3072,PushT,0.07,79,65,352.7815856933594,4.608245849609375,1.2365506887435913,True,True,True,345.6983337402344,0.02007828652858734,False,0,0
3072,PushT,0.07,80,65,258.0798645019531,9.534820556640625,2.6830859184265137,True,True,True,248.2578582763672,0.038058023899793625,False,0,0
3072,PushT,0.07,81,65,292.4434814453125,22.0531005859375,1.7338643074035645,True,True,True,283.0544128417969,0.05146611109375954,False,0,0
3072,PushT,0.07,82,65,2.3845748901367188,117.04922485351562,15.029746055603027,False,False,False,-130.01705932617188,55.52421188354492,True,0,37
3072,PushT,0.07,83,65,39.32466506958008,11.50103759765625,2.305452823638916,True,True,True,37.74427795410156,0.04018816724419594,False,0,0
3072,PushT,0.07,84,65,3.156768798828125,6.94354248046875,1.4157480001449585,False,False,True,1.867034912109375,0.4085614085197449,False,23,23
3072,PushT,0.07,85,65,160.46937561035156,43.47236633300781,5.910846710205078,True,True,True,137.06130981445312,0.22102218866348267,False,0,0
3072,PushT,0.07,86,65,8.458206176757812,12.164535522460938,4.151890754699707,False,False,True,0.6221122741699219,0.9264487028121948,False,25,25
3072,PushT,0.07,87,65,24.059314727783203,28.47686767578125,7.747679710388184,False,False,True,5.153539657592773,0.7857985496520996,False,0,0
3072,PushT,0.07,88,65,144.8596954345703,47.287445068359375,3.616577625274658,True,True,True,128.15325927734375,0.28598469495773315,False,0,0
3072,PushT,0.07,89,65,256.35760498046875,34.3028564453125,5.3786940574646,True,True,True,244.6280975341797,0.13080209493637085,False,0,0
3072,PushT,0.07,90,65,42.397422790527344,25.288619995117188,4.179775714874268,False,False,True,17.033456802368164,0.5982431173324585,False,0,0
3072,PushT,0.07,91,65,302.77777099609375,17.249725341796875,3.383185625076294,True,True,True,300.68194580078125,0.05727395415306091,False,0,0
3072,PushT,0.07,92,65,217.18589782714844,16.413818359375,4.650223731994629,True,True,True,200.8324432373047,0.0752970427274704,False,0,0
3072,PushT,0.07,93,65,105.35734558105469,62.82586669921875,17.904287338256836,False,False,True,77.58187866210938,0.38541746139526367,False,0,0
3072,PushT,0.07,94,65,258.05206298828125,23.727294921875,3.848949670791626,True,True,True,244.5552520751953,0.11839268356561661,False,0,0
3072,PushT,0.07,95,65,75.78811645507812,30.321014404296875,8.344583511352539,True,True,True,69.15960693359375,0.12194450199604034,False,0,0
3072,PushT,0.07,96,65,2.0211868286132812,18.10711669921875,3.501316785812378,False,False,False,-1.4378719329833984,1.711399793624878,False,59,59
3072,PushT,0.07,97,65,278.5802001953125,4.33154296875,1.3173649311065674,True,True,True,278.0426940917969,0.009622037410736084,False,0,0
3072,PushT,0.07,98,65,286.9407653808594,10.004241943359375,4.305232048034668,True,True,True,284.87652587890625,0.02826722152531147,False,0,0
3072,PushT,0.07,99,65,69.45294952392578,36.65179443359375,4.640710353851318,False,False,True,39.963016510009766,0.42460304498672485,False,0,0
3072,PushT,0.08,0,65,294.0391845703125,29.556396484375,3.2585361003875732,True,True,True,280.7778015136719,0.1167822927236557,False,0,0
3072,PushT,0.08,1,65,99.16996002197266,12.063323974609375,2.507146120071411,True,True,True,86.59634399414062,0.12678852677345276,False,0,0
3072,PushT,0.08,2,65,83.43415832519531,48.272308349609375,5.1798481941223145,False,False,True,61.914119720458984,0.5023257732391357,False,0,0
3072,PushT,0.08,3,65,37.555320739746094,48.355682373046875,6.479827880859375,False,False,True,3.8989334106445312,0.896181583404541,False,61,61
3072,PushT,0.08,4,65,146.84725952148438,17.170303344726562,2.366032123565674,True,True,True,135.4537811279297,0.10708455741405487,False,0,0
3072,PushT,0.08,5,65,79.40180969238281,71.02052307128906,8.310495376586914,False,False,True,71.79497528076172,0.5100411176681519,False,0,0
3072,PushT,0.08,6,65,16.553619384765625,10.242095947265625,2.2303335666656494,False,False,True,13.086700439453125,0.20943570137023926,False,56,56
3072,PushT,0.08,7,65,177.66543579101562,6.37646484375,1.0964272022247314,True,True,True,174.98635864257812,0.02952941320836544,False,0,0
3072,PushT,0.08,8,65,156.8172149658203,7.027923583984375,1.1615142822265625,True,True,True,155.3561553955078,0.021816348657011986,False,0,0
3072,PushT,0.08,9,65,124.95903778076172,4.31976318359375,0.8859539031982422,True,True,True,118.60704803466797,0.05083257704973221,False,0,0
3072,PushT,0.08,10,65,220.41128540039062,42.730010986328125,4.364875316619873,True,True,True,196.19674682617188,0.1458238810300827,False,0,0
3072,PushT,0.08,11,65,84.85319519042969,27.309127807617188,13.037355422973633,True,True,True,71.32115936279297,0.22469677031040192,False,0,0
3072,PushT,0.08,12,65,140.86900329589844,29.831436157226562,5.721641540527344,True,True,True,135.6383514404297,0.14301463961601257,False,0,0
3072,PushT,0.08,13,65,236.23248291015625,31.382247924804688,3.834226369857788,True,True,True,209.0161895751953,0.13739876449108124,False,0,0
3072,PushT,0.08,14,65,93.40936279296875,25.667724609375,2.4229445457458496,True,True,True,86.84082794189453,0.08271422982215881,False,0,0
3072,PushT,0.08,15,65,120.53916931152344,49.534149169921875,3.7203431129455566,True,True,True,119.3777084350586,0.1433030068874359,False,0,0
3072,PushT,0.08,16,65,193.71058654785156,10.3494873046875,2.344308853149414,True,True,True,192.3268585205078,0.03255877643823624,False,0,0
3072,PushT,0.08,17,65,24.22003173828125,35.84149169921875,13.921066284179688,False,False,True,8.205406188964844,0.6612140536308289,False,27,27
3072,PushT,0.08,18,65,173.87054443359375,17.450347900390625,1.3755131959915161,True,True,True,162.38839721679688,0.09355436265468597,False,0,0
3072,PushT,0.08,19,65,153.1907958984375,14.439132690429688,4.2940449714660645,True,True,True,137.55148315429688,0.10209046304225922,False,0,0
3072,PushT,0.08,20,65,263.4226379394531,27.88720703125,2.9306182861328125,True,True,True,260.8146667480469,0.07592659443616867,False,0,0
3072,PushT,0.08,21,65,141.21096801757812,34.160736083984375,9.045821189880371,True,True,True,109.26280975341797,0.22624418139457703,False,0,0
3072,PushT,0.08,22,65,64.0359878540039,19.32440185546875,4.480672359466553,True,True,True,56.80107116699219,0.11298201233148575,False,0,0
3072,PushT,0.08,23,65,30.180133819580078,25.039306640625,3.380833864212036,False,False,True,27.774658203125,0.0797039270401001,False,0,0
3072,PushT,0.08,24,65,287.8725280761719,14.8739013671875,4.552880764007568,True,True,True,277.91558837890625,0.049584679305553436,False,0,0
3072,PushT,0.08,25,65,58.1456184387207,15.480838775634766,4.51456880569458,True,True,True,39.29247283935547,0.32424017786979675,False,0,0
3072,PushT,0.08,26,65,12.815113067626953,14.591522216796875,5.084640979766846,False,False,True,4.247402191162109,0.6685630083084106,False,0,0
3072,PushT,0.08,27,65,1.8101863861083984,11.631423950195312,1.549959659576416,False,False,True,1.7568378448486328,0.09550418704748154,False,22,22
3072,PushT,0.08,28,65,81.13021087646484,15.21923828125,2.1570754051208496,True,True,True,75.37207794189453,0.07097392529249191,False,0,0
3072,PushT,0.08,29,65,51.946205139160156,19.7908935546875,4.228601455688477,True,True,True,51.64079284667969,0.08135415613651276,False,0,0
3072,PushT,0.08,30,65,31.259918212890625,18.8160400390625,3.2660365104675293,False,False,True,28.569313049316406,0.17818677425384521,False,0,0
3072,PushT,0.08,31,65,194.99191284179688,7.3978271484375,1.884154200553894,True,True,True,192.8474884033203,0.032361242920160294,False,0,0
3072,PushT,0.08,32,65,108.27656555175781,104.29289245605469,7.260452747344971,False,False,False,-3.847015380859375,1.0355294942855835,False,0,0
3072,PushT,0.08,33,65,70.98363494873047,15.947021484375,3.74741268157959,True,True,True,66.63745880126953,0.07405272871255875,False,0,0
3072,PushT,0.08,34,65,1.526580810546875,72.81497192382812,12.304302215576172,False,False,False,-64.85746765136719,43.48544692993164,True,4,0
3072,PushT,0.08,35,65,72.767578125,98.2439193725586,3.238661766052246,False,False,False,-26.02021026611328,1.3575797080993652,False,0,0
3072,PushT,0.08,36,65,194.53201293945312,28.5625,1.9168418645858765,True,True,True,191.72921752929688,0.12243213504552841,False,0,0
3072,PushT,0.08,37,65,47.2795295715332,47.36517333984375,6.5572285652160645,False,False,True,40.223209381103516,0.2232452780008316,False,0,0
3072,PushT,0.08,38,65,84.49119567871094,9.268035888671875,3.2658815383911133,True,True,True,76.11373138427734,0.09915191680192947,False,0,0
3072,PushT,0.08,39,65,112.11383056640625,11.547454833984375,3.3972134590148926,True,True,True,97.93781280517578,0.1318468153476715,False,0,0
3072,PushT,0.08,40,65,59.69542694091797,10.861557006835938,2.2752232551574707,True,True,True,57.79384994506836,0.05684109404683113,False,0,0
3072,PushT,0.08,41,65,296.6888122558594,7.6715087890625,1.228058934211731,True,True,True,284.9136962890625,0.039688464254140854,False,0,0
3072,PushT,0.08,42,65,123.90895080566406,9.466827392578125,1.3599414825439453,True,True,True,114.54833984375,0.12281451374292374,False,0,0
3072,PushT,0.08,43,65,39.954811096191406,60.198272705078125,4.573061943054199,False,False,True,34.28575897216797,0.4802066385746002,False,35,35
3072,PushT,0.08,44,65,234.828369140625,21.942466735839844,3.41648530960083,True,True,True,207.88909912109375,0.11471901088953018,False,0,0
3072,PushT,0.08,45,65,59.035423278808594,37.863800048828125,4.296454429626465,False,False,True,49.124671936035156,0.17455905675888062,False,0,0
3072,PushT,0.08,46,65,150.5795440673828,33.8182373046875,3.3310229778289795,True,True,True,128.66790771484375,0.15249288082122803,False,0,0
3072,PushT,0.08,47,65,121.46297454833984,22.67724609375,7.620077610015869,True,True,True,98.23922729492188,0.19120025634765625,False,0,0
3072,PushT,0.08,48,65,337.9023132324219,5.103091239929199,1.4933429956436157,True,True,True,331.08447265625,0.0201769657433033,False,0,0
3072,PushT,0.08,49,65,23.951885223388672,12.793548583984375,2.6144657135009766,False,False,True,17.923221588134766,0.25169891119003296,False,0,0
3072,PushT,0.08,50,65,32.92095184326172,51.555206298828125,6.157987117767334,False,False,True,7.452640533447266,0.7736201286315918,False,0,0
3072,PushT,0.08,51,65,52.70843505859375,6.957550048828125,2.209075450897217,True,True,True,47.04005432128906,0.14002688229084015,False,0,0
3072,PushT,0.08,52,65,297.4108581542969,12.65435791015625,1.6001136302947998,True,True,True,286.2322998046875,0.046935051679611206,False,0,0
3072,PushT,0.08,53,65,313.1448669433594,34.542266845703125,3.9445738792419434,True,True,True,276.1900634765625,0.11801184713840485,False,0,0
3072,PushT,0.08,54,65,236.63865661621094,6.23333740234375,1.355388879776001,True,True,True,228.1050262451172,0.04431127384305,False,0,0
3072,PushT,0.08,55,65,4.130219459533691,2.9528656005859375,1.7374883890151978,False,False,True,0.4729328155517578,0.8854945302009583,False,5,5
3072,PushT,0.08,56,65,224.80972290039062,63.35748291015625,7.413728713989258,True,True,True,168.99411010742188,0.33454465866088867,False,0,0
3072,PushT,0.08,57,65,263.786376953125,22.776546478271484,3.551039457321167,True,True,True,240.0174560546875,0.09010668843984604,False,0,0
3072,PushT,0.08,58,65,181.3417205810547,16.892532348632812,3.971727132797241,True,True,True,159.23704528808594,0.12189511209726334,False,0,0
3072,PushT,0.08,59,65,109.05059814453125,6.98699951171875,2.774789333343506,True,True,True,100.48786926269531,0.07852066308259964,False,0,0
3072,PushT,0.08,60,65,1.1562671661376953,8.6590576171875,2.1217868328094482,False,False,False,-0.625575065612793,1.5410298109054565,False,1,1
3072,PushT,0.08,61,65,40.404205322265625,40.722198486328125,10.973535537719727,False,False,True,36.39293670654297,0.19679901003837585,False,0,0
3072,PushT,0.08,62,65,226.84982299804688,24.695621490478516,2.7125742435455322,True,True,True,194.39797973632812,0.1430543214082718,False,0,0
3072,PushT,0.08,63,65,274.0408935546875,21.59307861328125,3.5329227447509766,True,True,True,259.04119873046875,0.08086660504341125,False,0,0
3072,PushT,0.08,64,65,0.4960618019104004,15.707761764526367,1.969524621963501,False,False,False,-1.3973238468170166,1.5403668880462646,False,56,56
3072,PushT,0.08,65,65,2.5061206817626953,9.811676025390625,4.737346172332764,False,False,False,-2.337991714477539,1.9329127073287964,True,12,0
3072,PushT,0.08,66,65,104.51863098144531,21.876678466796875,4.994497299194336,True,True,True,73.13654327392578,0.3002535104751587,False,0,0
3072,PushT,0.08,67,65,132.63967895507812,9.595993041992188,2.7583024501800537,True,True,True,126.2189712524414,0.06424712389707565,False,0,0
3072,PushT,0.08,68,65,21.321094512939453,120.1691665649414,14.174952507019043,False,False,False,-29.669435501098633,1.2881214618682861,False,0,0
3072,PushT,0.08,69,65,154.8323974609375,14.62933349609375,4.1915435791015625,True,True,True,141.03033447265625,0.08914197236299515,False,0,0
3072,PushT,0.08,70,65,363.5061950683594,7.0096435546875,2.9594674110412598,True,True,True,362.5338134765625,0.013567958027124405,False,0,0
3072,PushT,0.08,71,65,157.38888549804688,10.117523193359375,1.5789486169815063,True,True,True,156.4031982421875,0.02356862835586071,False,0,0
3072,PushT,0.08,72,65,7.0815887451171875,4.313690185546875,1.4614180326461792,False,False,True,6.324452877044678,0.10691609978675842,False,0,0
3072,PushT,0.08,73,65,40.87870407104492,12.686172485351562,1.817929744720459,True,True,True,37.76890563964844,0.08914495259523392,False,0,0
3072,PushT,0.08,74,65,0.13104724884033203,5.433021545410156,2.6033031940460205,False,False,False,-0.746577262878418,6.69700813293457,False,14,14
3072,PushT,0.08,75,65,282.9906005859375,12.517333984375,2.559584379196167,True,True,True,266.5008850097656,0.06211903691291809,False,0,0
3072,PushT,0.08,76,65,157.54290771484375,14.415313720703125,1.3249026536941528,True,True,True,136.0734100341797,0.1362771838903427,False,0,0
3072,PushT,0.08,77,65,198.44805908203125,61.88207244873047,3.0779635906219482,True,True,True,129.99810791015625,0.36799564957618713,False,0,0
3072,PushT,0.08,78,65,235.38009643554688,12.640228271484375,2.185774564743042,True,True,True,224.00186157226562,0.04833986237645149,False,0,0
3072,PushT,0.08,79,65,282.70953369140625,9.1728515625,1.4341026544570923,True,True,True,273.1314392089844,0.04851073771715164,False,0,0
3072,PushT,0.08,80,65,301.4136962890625,15.863739013671875,2.6010239124298096,True,True,True,278.8027038574219,0.07501650601625443,False,0,0
3072,PushT,0.08,81,65,301.9297790527344,7.95098876953125,1.2414700984954834,True,True,True,300.75,0.018226517364382744,False,0,0
3072,PushT,0.08,82,65,3.4439010620117188,58.03064727783203,6.074313640594482,False,False,False,-13.27103042602539,4.853487491607666,False,0,0
3072,PushT,0.08,83,65,20.29875946044922,31.820343017578125,3.6198058128356934,False,False,True,15.840967178344727,0.2196090817451477,False,0,0
3072,PushT,0.08,84,65,25.224212646484375,110.29434204101562,5.486107349395752,False,False,False,-89.74758911132812,4.524230480194092,False,0,0
3072,PushT,0.08,85,65,175.68173217773438,19.00823974609375,4.05560302734375,True,True,True,164.21400451660156,0.11241203546524048,False,0,0
3072,PushT,0.08,86,65,6.343841552734375,27.844749450683594,3.0776445865631104,False,False,False,-0.0540313720703125,1.0085171461105347,True,25,57
3072,PushT,0.08,87,65,10.816156387329102,10.54608154296875,2.963318347930908,False,False,True,7.452295780181885,0.31100332736968994,False,0,0
3072,PushT,0.08,88,65,160.38851928710938,54.11524963378906,3.861255407333374,True,True,True,102.19471740722656,0.3633534610271454,False,0,0
3072,PushT,0.08,89,65,232.31002807617188,34.80328369140625,3.455353260040283,True,True,True,206.24708557128906,0.1458374559879303,False,0,0
3072,PushT,0.08,90,65,64.13259887695312,8.3642578125,2.4072999954223633,True,True,True,59.98078918457031,0.06473793089389801,False,0,0
3072,PushT,0.08,91,65,319.4676513671875,49.12030029296875,9.083612442016602,True,True,True,269.77520751953125,0.1555476039648056,False,0,0
3072,PushT,0.08,92,65,179.8549346923828,4.002685546875,0.9154223203659058,True,True,True,177.82968139648438,0.018889443948864937,False,0,0
3072,PushT,0.08,93,65,142.78318786621094,28.983993530273438,7.241830348968506,True,True,True,113.61809539794922,0.21175256371498108,False,0,0
3072,PushT,0.08,94,65,253.65696716308594,6.99981689453125,1.1587170362472534,True,True,True,252.73171997070312,0.02027776837348938,False,0,0
3072,PushT,0.08,95,65,149.42837524414062,10.98211669921875,3.9443271160125732,True,True,True,142.7449951171875,0.044726260006427765,False,0,0
3072,PushT,0.08,96,65,3.0914878845214844,10.273162841796875,2.6177117824554443,False,False,False,-3.344158172607422,1.900884747505188,False,0,0
3072,PushT,0.08,97,65,271.4914245605469,9.850616455078125,1.8518999814987183,True,True,True,269.9256591796875,0.032931387424468994,False,0,0
3072,PushT,0.08,98,65,315.993896484375,3.937255859375,1.1802690029144287,True,True,True,313.89837646484375,0.01349879615008831,False,0,0
3072,PushT,0.08,99,65,84.55131530761719,5.048675537109375,1.0069925785064697,True,True,True,80.82210540771484,0.04410587623715401,False,0,0
