task,training_seed,evidence_split,sigma_max,sigma_eval,clean_success,stress_success,ir_raw_q90,ir_reference_raw_q90,ir_relative_q90,neg_ir_relative_q90,sr,ir_only_pass,ir_and_sr_pass,natural_sr_veto,different_state_pair_count,retention_pp,retention_ratio,exposure_good,retention_pp_centered,retention_ratio_centered,neg_ir_relative_q90_centered,sr_centered,exposure_good_centered
TwoRoom,3072,development,0.1,0.08,98.0,97.3333,0.12287020683288574,1.819216251373291,0.06754018756161254,-0.06754018756161254,0.9999999403953552,True,True,False,61,-0.6667000000000058,0.9931969387755102,-0.7999999999999999,5.239568749999997,0.053596473486941965,0.18083840508775956,0.16393442021217197,1.486964285714286
TwoRoom,3072,development,0.1,0.16,98.0,98.0,0.29801520705223083,2.1254587173461914,0.14021218319607126,-0.14021218319607126,0.9672130346298218,True,True,False,61,0.0,1.0,-1.5999999999999999,5.406268750000003,0.053272288749757424,0.14514421009842893,0.1495901377638802,0.94625
TwoRoom,3072,development,0.1,0.32,98.0,97.3333,0.9091019630432129,2.21677827835083,0.41010053730747414,-0.41010053730747414,0.9672130346298218,False,False,False,61,-0.6667000000000058,0.9931969387755102,-3.1999999999999997,5.364568749999997,0.0558311593936609,-0.018755837578252638,0.16803277598228306,-0.13517857142857137
TwoRoom,3072,development,0.1,0.64,98.0,68.0,2.2116968631744385,2.1687135696411133,1.0198197189961042,-1.0198197189961042,0.049180325120687485,False,False,False,61,-30.0,0.6938775510204082,-6.3999999999999995,-16.01040625,-0.16269992163035996,-0.3072267776079358,-0.4815573339583352,-2.298035714285714
TwoRoom,3072,development,0.2,0.08,97.0,96.3333,0.08313769847154617,1.819216251373291,0.04569973383251559,-0.04569973383251559,0.9999999403953552,True,True,False,61,-0.6667000000000058,0.9931268041237112,-0.39999999999999997,5.906243749999999,0.06122331968934036,0.15332337245235594,0.15573768911417574,0.38696428571428587
TwoRoom,3072,development,0.2,0.16,97.0,97.3333,0.16332167387008667,2.1254587173461914,0.07684067092773607,-0.07684067092773607,0.9836065173149109,True,True,False,61,0.33329999999999416,1.0034360824742268,-0.7999999999999999,6.406243749999999,0.06440535207818154,0.1591602360022636,0.15778688935097307,0.24624999999999986
TwoRoom,3072,development,0.2,0.32,97.0,95.3333,0.5641630291938782,2.21677827835083,0.2544968230262463,-0.2544968230262463,0.9672130346298218,True,True,False,61,-1.6667000000000058,0.9828175257731958,-1.5999999999999999,5.031243749999999,0.05314872724554387,0.08749239033847467,0.15983604488428682,-0.0351785714285715
TwoRoom,3072,development,0.2,0.64,97.0,65.0,2.3058054447174072,2.1687135696411133,1.0632134538167621,-1.0632134538167621,0.06557376682758331,False,False,False,61,-32.0,0.6701030927835051,-3.1999999999999997,-17.343731249999998,-0.17877739901306589,-0.3999759987930943,-0.4733606233494356,-0.5980357142857144
TwoRoom,3072,development,0.3,0.08,94.6667,94.6667,0.05970359966158867,1.819216251373291,0.03281830822285123,-0.03281830822285123,0.9999999403953552,True,True,False,61,0.0,1.0,-0.26666666666666666,-0.5104062499999982,-0.004567736654468635,-0.0026845272041519375,-0.024590169661678374,0.020297619047619064
TwoRoom,3072,development,0.3,0.16,94.6667,93.6667,0.12542299926280975,2.1254587173461914,0.0590098496099753,-0.0590098496099753,0.9836065173149109,True,True,False,61,-1.0,0.9894366234378087,-0.5333333333333333,-2.010406249999999,-0.022258359178334297,0.00810173205385209,-0.02254096942488104,0.012916666666666576
TwoRoom,3072,development,0.3,0.32,94.6667,94.0,0.31687411665916443,2.21677827835083,0.14294353195074727,-0.14294353195074727,0.9672130346298218,True,True,False,61,-0.6667000000000058,0.9929573968459869,-1.0666666666666667,-1.052106250000004,-0.00937565390176276,0.030156356147801433,-0.02049181389156729,-0.0018452380952382885
TwoRoom,3072,development,0.3,0.64,94.6667,90.6667,1.1492483615875244,2.1687135696411133,0.5299216907549973,-0.5299216907549973,0.7868852019309998,False,False,False,61,-4.0,0.9577464937512346,-2.1333333333333333,3.5729187500000004,0.03620174973456591,-0.03557356099750164,0.0676229529781267,-0.03136904761904802
TwoRoom,3072,development,0.4,0.08,92.0,92.3333,0.059535183012485504,1.819216251373291,0.032725731736149316,-0.032725731736149316,0.9999999403953552,True,True,False,61,0.33329999999999416,1.0036228260869564,-0.19999999999999998,-1.5937812500000055,-0.015909782058754707,-0.03729142236841351,-0.06967212783638388,-0.16303571428571428
TwoRoom,3072,development,0.4,0.16,92.0,92.0,0.12433953583240509,2.1254587173461914,0.05850009450555367,-0.05850009450555367,0.9836065173149109,True,True,False,61,0.0,1.0,-0.39999999999999997,-2.4270812500000005,-0.026659854107385472,-0.026087984492689786,-0.06762292759958655,-0.10375000000000001
TwoRoom,3072,development,0.4,0.32,92.0,93.0,0.2877042591571808,2.21677827835083,0.1297848602933885,-0.1297848602933885,0.9672130346298218,True,True,False,61,1.0,1.0108695652173914,-0.7999999999999999,-0.8020812499999996,-0.006428357021600828,0.008615556154196707,-0.0655737720662728,0.01482142857142843
TwoRoom,3072,development,0.4,0.64,92.0,90.6667,0.8780791759490967,2.1687135696411133,0.4048848073996256,-0.4048848073996256,0.9672130346298218,False,False,False,61,-1.3332999999999942,0.9855076086956522,-1.5999999999999999,4.822943750000005,0.04899799318774112,0.05476385070690648,0.20286882750224322,0.2519642857142854
TwoRoom,3072,development,0.5,0.08,89.0,88.0,0.05482166260480881,1.819216251373291,0.030134769609399103,-0.030134769609399103,0.9836065173149109,True,True,False,61,-1.0,0.9887640449438202,-0.16,-3.010406249999998,-0.03170479915694724,-0.08670901256638813,-0.08606556581798941,-0.27303571428571427
TwoRoom,3072,development,0.5,0.16,89.0,89.3333,0.1070818305015564,2.1254587173461914,0.05038057414507528,-0.05038057414507528,0.9836065173149109,True,True,False,61,0.33329999999999416,1.0037449438202246,-0.32,-2.177106250000005,-0.02385114624221707,-0.06997701645693621,-0.06762294250074774,-0.17375000000000007
TwoRoom,3072,development,0.5,0.32,89.0,89.6667,0.20150378346443176,2.21677827835083,0.09089938557785775,-0.09089938557785775,0.9836065173149109,True,True,False,61,0.6667000000000058,1.0074910112359552,-0.64,-1.2187062499999923,-0.010743146958093197,-0.004507521454997332,-0.04918030428234488,0.02482142857142844
TwoRoom,3072,development,0.5,0.64,89.0,89.3333,0.5344719886779785,2.1687135696411133,0.2464465553034857,-0.2464465553034857,0.9672130346298218,True,True,False,61,0.33329999999999416,1.0037449438202246,-1.28,6.4062187499999945,0.06629909235725728,0.16119355047832162,0.20286881260108203,0.42196428571428535
TwoRoom,3072,development,0.7,0.08,72.3333,72.3333,0.1108405664563179,1.819216251373291,0.060927647481516564,-0.060927647481516564,0.9836065173149109,True,True,False,61,0.0,1.0,-0.1142857142857143,-0.7604312500000026,-0.0034037988697622756,-0.059412205553586867,-0.06967211293522269,-0.39875000000000005
TwoRoom,3072,development,0.7,0.16,72.3333,72.0,0.21350647509098053,2.1254587173461914,0.1004519510769707,-0.1004519510769707,0.9672130346298218,True,True,False,61,-0.33329999999999416,0.9953921637751908,-0.2285714285714286,-1.5937312499999976,-0.015138881056245834,-0.061958708503912885,-0.06762297230307013,-0.25375000000000014
TwoRoom,3072,development,0.7,0.32,72.3333,69.3333,0.3968587815761566,2.21677827835083,0.1790250226880603,-0.1790250226880603,0.9508196115493774,True,True,False,61,-3.0,0.9585253265093671,-0.4571428571428572,-3.6354312500000026,-0.04264378645367639,-0.034543473680281184,-0.0655737571651116,0.03624999999999989
TwoRoom,3072,development,0.7,0.64,72.3333,71.0,0.6719008684158325,2.1687135696411133,0.30981540292894516,-0.30981540292894516,0.9508196115493774,False,False,False,61,-1.3332999999999942,0.9815672726116464,-0.9142857142857144,5.989593750000002,0.06118646637968417,0.15591438773778088,0.20286884240340441,0.6162499999999995
TwoRoom,3072,development,1.0,0.08,69.0,66.6667,0.10964950919151306,1.819216251373291,0.06027293847487388,-0.06027293847487388,0.9999999403953552,True,True,False,61,-2.333299999999994,0.9661840579710146,-0.08,-3.510381249999994,-0.04247898495730529,-0.06243558969631574,-0.0655737720662728,-0.4930357142857143
TwoRoom,3072,development,1.0,0.16,69.0,67.0,0.2114158272743225,2.1254587173461914,0.09946832914181106,-0.09946832914181106,0.9999999403953552,True,True,False,61,-2.0,0.9710144927536232,-0.16,-3.6770812500000005,-0.04477579613637106,-0.06465317971812481,-0.047131148749031126,-0.3137500000000001
TwoRoom,3072,development,1.0,0.32,69.0,70.0,0.3797591030597687,2.21677827835083,0.17131127040016383,-0.17131127040016383,0.9672130346298218,True,True,False,61,1.0,1.0144927536231885,-0.32,-0.052081249999999635,0.008064396601587531,-0.030507814541756273,-0.06147541629616171,0.044821428571428346
TwoRoom,3072,development,1.0,0.64,69.0,69.3333,0.660275936126709,2.1687135696411133,0.3044551135611578,-0.3044551135611578,0.9344261884689331,False,False,False,61,0.33329999999999416,1.0048304347826087,-0.64,7.239543749999993,0.07919038449208882,0.1575965839561967,0.17418033711146563,0.7619642857142854
TwoRoom,3072,development,1.5,0.08,60.0,59.0,0.10752213001251221,1.819216251373291,0.059103545238970816,-0.059103545238970816,0.8852458596229553,True,False,True,61,-1.0,0.9833333333333333,-0.05333333333333334,-1.76040625,-0.016754691479044403,-0.08562902015125937,-0.004098361008800566,-0.5663690476190477
TwoRoom,3072,development,1.5,0.16,60.0,61.3333,0.21293188631534576,2.1254587173461914,0.10018161471572057,-0.10018161471572057,0.8360655307769775,True,False,True,61,1.3333000000000013,1.0222216666666666,-0.10666666666666667,0.07289375000000042,0.015006395892614544,-0.08972928898288102,-0.03483606653753668,-0.3604166666666667
TwoRoom,3072,development,1.5,0.32,60.0,57.0,0.3422490358352661,2.21677827835083,0.1543902875527461,-0.1543902875527461,0.7868852019309998,True,False,True,61,-3.0,0.95,-0.21333333333333335,-3.63540625,-0.04785333890565879,-0.037949655385185244,-0.0655737571651116,0.051488095238094944
TwoRoom,3072,development,1.5,0.64,60.0,58.0,0.48661792278289795,2.1687135696411133,0.22438090930718219,-0.22438090930718219,0.6885245442390442,True,False,True,61,-2.0,0.9666666666666667,-0.4266666666666667,5.322918749999999,0.049601634492088986,0.2133079645193256,0.10450818471144885,0.8752976190476187
TwoRoom,3073,replication,0.1,0.08,97.6666666667,97.3333333333,0.09084019809961319,1.683279275894165,0.053966207153211994,-0.053966207153211994,0.9836065173149109,True,True,False,61,-0.3333333333999917,0.9965870307160422,-0.7999999999999999,8.3229166666625,0.0869778866961739,0.18831181624118015,0.13985655852593482,1.486964285714286
TwoRoom,3073,replication,0.1,0.16,97.6666666667,98.3333333333,0.1931619644165039,2.0207908153533936,0.09558731311965309,-0.09558731311965309,0.9836065173149109,True,True,False,61,0.6666666666000083,1.006825938565868,-1.5999999999999999,8.57291666665,0.08620790252408972,0.1810145570306662,0.15829918929375708,0.94625
TwoRoom,3073,replication,0.1,0.32,97.6666666667,96.3333333333,0.7054847478866577,2.0577094554901123,0.34284954370228277,-0.34284954370228277,0.9672130346298218,False,False,False,61,-1.3333333333999917,0.9863481228662163,-3.1999999999999997,6.989583333325001,0.06889350938370697,0.024599105741794136,0.1480532477144152,-0.13517857142857137
TwoRoom,3073,replication,0.1,0.64,97.6666666667,56.0,2.3240129947662354,2.0471694469451904,1.1352323561853437,-1.1352323561853437,0.032786883413791656,False,False,False,61,-41.666666666699996,0.573378839590248,-6.3999999999999995,-23.885416666637504,-0.24207929860397082,-0.3939254790136405,-0.4462089955341071,-2.298035714285714
TwoRoom,3073,replication,0.2,0.08,98.0,98.0,0.07502434402704239,1.683279275894165,0.0445703485461075,-0.0445703485461075,0.9836065173149109,True,True,False,61,0.0,1.0,-0.39999999999999997,2.6562499999875024,0.02879488653360296,0.14866860611546379,0.1316598488483578,0.38696428571428587
TwoRoom,3073,replication,0.2,0.16,98.0,99.0,0.15930503606796265,2.0207908153533936,0.07883301668713472,-0.07883301668713472,0.9672130346298218,True,True,False,61,1.0,1.010204081632653,-0.7999999999999999,2.9062499999750013,0.0279900761443459,0.14872978473036375,0.13370899693109095,0.24624999999999986
TwoRoom,3073,replication,0.2,0.32,98.0,97.6666666667,0.4404440224170685,2.0577094554901123,0.21404577854367784,-0.21404577854367784,0.9672130346298218,True,True,False,61,-0.33333333330000414,0.9965986394561224,-1.5999999999999999,1.9895833333499988,0.017548056527084244,0.10436380216757823,0.13985653803683817,-0.0351785714285715
TwoRoom,3073,replication,0.2,0.64,98.0,78.6666666667,2.2396647930145264,2.0471694469451904,1.0940300014522881,-1.0940300014522881,0.08196720480918884,False,False,False,61,-19.333333333300004,0.8027210884357142,-3.1999999999999997,-7.552083333312503,-0.07433301920503355,-0.40176219301340577,-0.4052253838162869,-0.5980357142857144
TwoRoom,3073,replication,0.3,0.08,94.6666666667,94.0,0.06090354174375534,1.683279275894165,0.03618148373590777,-0.03618148373590777,0.9999999403953552,True,True,False,61,-0.6666666666999959,0.9929577464785236,-0.26666666666666666,-1.3437499999875007,-0.011781907564062277,0.009399888888029562,0.012807375052943826,0.020297619047619064
TwoRoom,3073,replication,0.3,0.16,94.6666666667,95.0,0.1236143559217453,2.0207908153533936,0.06117127759219737,-0.06117127759219737,0.9672130346298218,True,True,False,61,0.33333333330000414,1.00352112676021,-0.5333333333333333,-1.0937500000000018,-0.012227419304285947,0.01873394178766713,-0.001536899944767356,0.012916666666666576
TwoRoom,3073,replication,0.3,0.32,94.6666666667,95.3333333333,0.30105072259902954,2.0577094554901123,0.14630380484271246,-0.14630380484271246,0.9672130346298218,True,True,False,61,0.6666666666000083,1.0070422535204202,-1.0666666666666667,-0.343750000024996,-0.0055428699848067975,0.02444819383090968,0.004610641160979867,-0.0018452380952382885
TwoRoom,3073,replication,0.3,0.64,94.6666666667,89.0,1.2225537300109863,2.0471694469451904,0.5971922509078547,-0.5971922509078547,0.6065573692321777,False,False,False,61,-5.666666666699996,0.9401408450700915,-2.1333333333333333,2.7812500000124984,0.02955219685315491,-0.05258202450660626,-0.015881116269156337,-0.03136904761904802
TwoRoom,3073,replication,0.4,0.08,90.3333333333,92.0,0.06819260865449905,1.683279275894165,0.04051176155440686,-0.04051176155440686,0.9836065173149109,True,True,False,61,1.6666666666999959,1.0184501845022207,-0.19999999999999998,-1.0104166666624996,-0.007754050384163547,-0.013525882985320037,-0.044569665333256125,-0.16303571428571428
TwoRoom,3073,replication,0.4,0.16,90.3333333333,92.0,0.12962263822555542,2.0207908153533936,0.06414451077306939,-0.06414451077306939,0.9836065173149109,True,True,False,61,1.6666666666999959,1.0184501845022207,-0.39999999999999997,-1.7604166666750007,-0.01876294240607357,-0.002834785448055377,-0.02612703456543386,-0.10375000000000001
TwoRoom,3073,replication,0.4,0.32,90.3333333333,92.0,0.2935595214366913,2.0577094554901123,0.14266325143885306,-0.14266325143885306,0.9836065173149109,True,True,False,61,1.6666666666999959,1.0184501845022207,-0.7999999999999999,-1.3437499999999991,-0.015599519846804633,0.009493253179918587,-0.019979493459686637,0.01482142857142843
TwoRoom,3073,replication,0.4,0.64,90.3333333333,88.0,1.0627825260162354,2.0471694469451904,0.5191473170929409,-0.5191473170929409,0.7540982961654663,False,False,False,61,-2.333333333300004,0.9741697416977764,-1.5999999999999999,4.1145833333374995,0.042116512637041414,0.0068674152534569655,0.09067619335837662,0.2519642857142854
TwoRoom,3073,replication,0.5,0.08,80.0,82.3333333333,0.0881732702255249,1.683279275894165,0.05238184268542538,-0.05238184268542538,0.9999999403953552,True,True,False,61,2.333333333300004,1.02916666666625,-0.16,-0.34375000001249756,0.002009172247850355,-0.03476604746562101,-0.08965163840912282,-0.27303571428571427
TwoRoom,3073,replication,0.5,0.16,80.0,82.0,0.1839839369058609,2.0207908153533936,0.09104551322581403,-0.09104551322581403,0.9999999403953552,True,True,False,61,2.0,1.025,-0.32,-1.4270833333250028,-0.013166386440309763,-0.039105871250082525,-0.07120900764130056,-0.17375000000000007
TwoRoom,3073,replication,0.5,0.32,80.0,80.0,0.37448248267173767,2.0577094554901123,0.18198997029079703,-0.18198997029079703,0.9836065173149109,True,True,False,61,0.0,1.0,-0.64,-3.010416666650001,-0.03500296388104074,-0.039203549021307876,-0.08145488961599767,0.02482142857142844
TwoRoom,3073,replication,0.5,0.64,80.0,78.3333333333,0.8261744976043701,2.0471694469451904,0.4035691812601039,-0.4035691812601039,0.9672130346298218,False,False,False,61,-1.6666666666999959,0.9791666666662501,-1.28,4.7812499999875016,0.0461601780734997,0.11307546773701149,0.24231553566642106,0.42196428571428535
TwoRoom,3073,replication,0.7,0.08,68.6666666667,68.6666666667,0.1417645812034607,1.683279275894165,0.08421928745493212,-0.08421928745493212,0.9836065173149109,True,True,False,61,0.0,1.0,-0.1142857142857143,-2.0104166666375027,-0.018824161084910584,-0.050368300888564255,-0.08555328263901174,-0.39875000000000005
TwoRoom,3073,replication,0.7,0.16,68.6666666667,68.0,0.29458776116371155,2.0207908153533936,0.14577845412079152,-0.14577845412079152,0.9836065173149109,True,True,False,61,-0.6666666666999959,0.9902912621354417,-0.2285714285714286,-3.4270833333499997,-0.03954179097137889,-0.0776036207984965,-0.06711065187118948,-0.25375000000000014
TwoRoom,3073,replication,0.7,0.32,68.6666666667,69.6666666667,0.4469046890735626,2.0577094554901123,0.21718551561358176,-0.21718551561358176,0.9836065173149109,True,True,False,61,1.0,1.0145631067961094,-0.4571428571428572,-1.3437499999750022,-0.012106523751442277,-0.058163902997529104,-0.06096311076544225,0.03624999999999989
TwoRoom,3073,replication,0.7,0.64,68.6666666667,68.3333333333,0.7098437547683716,2.0471694469451904,0.34674401565908897,-0.34674401565908897,0.9180327653884888,False,False,False,61,-0.3333333333999917,0.9951456310669927,-0.9142857142857144,6.781249999962505,0.07047247580773142,0.18613582468458995,0.21362704527564347,0.6162499999999995
TwoRoom,3073,replication,1.0,0.08,60.0,57.3333333333,0.27689290046691895,1.683279275894165,0.1644961144785866,-0.1644961144785866,0.7213114500045776,True,False,True,61,-2.666666666700003,0.9555555555549999,-0.08,-2.593750000012501,-0.028546383307774592,-0.12081907266550936,0.004610663512721658,-0.4930357142857143
TwoRoom,3073,replication,1.0,0.16,60.0,59.6666666667,0.3940500020980835,2.0207908153533936,0.19499791819331508,-0.19499791819331508,0.6393442153930664,True,False,True,61,-0.33333333329999704,0.994444444445,-0.16,-1.0104166666249963,-0.0006663864396845298,-0.11699702962431066,-0.05891394033096731,-0.3137500000000001
TwoRoom,3073,replication,1.0,0.32,60.0,57.3333333333,0.4138123095035553,2.0577094554901123,0.20110337171240342,-0.20110337171240342,0.6229507923126221,True,False,True,61,-2.666666666700003,0.9555555555549999,-0.32,-2.9270833333500006,-0.03639185277041568,-0.032255703849641354,-0.06915982230566442,0.044821428571428346
TwoRoom,3073,replication,1.0,0.64,60.0,57.3333333333,0.5581281781196594,2.0471694469451904,0.2726340894509268,-0.2726340894509268,0.4754098057746887,True,False,True,61,-2.666666666700003,0.9555555555549999,-0.64,6.531249999987498,0.06560462251787469,0.27007180613946147,0.12346309912391007,0.7619642857142854
TwoRoom,3073,replication,1.5,0.08,52.0,51.0,0.1628388911485672,1.683279275894165,0.09673908155381197,-0.09673908155381197,0.7049179673194885,True,False,True,61,-1.0,0.9807692307692307,-0.05333333333333334,-3.6770833333375004,-0.0508754431367171,-0.12690100723965875,-0.0691598595585674,-0.5663690476190477
TwoRoom,3073,replication,1.5,0.16,52.0,52.6666666667,0.23461158573627472,2.0207908153533936,0.11609889749783237,-0.11609889749783237,0.6885245442390442,True,False,True,61,0.666666666700003,1.0128205128211538,-0.10666666666666667,-2.7604166666499985,-0.029833053106703922,-0.11193697642775197,-0.06711065187118948,-0.3604166666666667
TwoRoom,3073,replication,1.5,0.32,52.0,55.0,0.2639833390712738,2.0577094554901123,0.12828989941556027,-0.12828989941556027,0.6885245442390442,True,False,True,61,3.0,1.0576923076923077,-0.21333333333333335,-0.010416666674999853,0.018202164323718906,-0.03328119905172222,-0.06096311076544225,0.051488095238094944
TwoRoom,3073,replication,1.5,0.64,52.0,52.0,0.40277597308158875,2.0471694469451904,0.19674774537233136,-0.19674774537233136,0.6065573692321777,True,False,True,61,0.0,1.0,-0.4266666666666667,6.447916666662499,0.06250633191970156,0.27211918271913293,0.19723362219519913,0.8752976190476187
TwoRoom,3074,replication,0.1,0.08,97.0,96.6666666667,0.09838975965976715,1.7220919132232666,0.0571338608028241,-0.0571338608028241,0.9836065173149109,True,True,False,61,-0.33333333330000414,0.9965635738835051,-0.7999999999999999,7.625000000015623,0.0779955265699771,0.16140341253553603,0.15266393683850765,1.486964285714286
TwoRoom,3074,replication,0.1,0.16,97.0,96.6666666667,0.20447102189064026,1.983575701713562,0.10308203599893001,-0.10308203599893001,0.9836065173149109,True,True,False,61,-0.33333333330000414,0.9965635738835051,-1.5999999999999999,7.4583333333531225,0.07629933552280688,0.15033948509342326,0.1547131147235632,0.94625
TwoRoom,3074,replication,0.1,0.32,97.0,96.6666666667,0.7251837849617004,2.115244150161743,0.3428369178594579,-0.3428369178594579,0.9672130346298218,False,False,False,61,-0.33333333330000414,0.9965635738835051,-3.1999999999999997,7.833333333328126,0.08157044186961715,0.0029035356242012034,0.15676227025687695,-0.13517857142857137
TwoRoom,3074,replication,0.1,0.64,97.0,60.0,2.0516414642333984,2.164813995361328,0.9477218221193918,-0.9477218221193918,0.08196720480918884,False,False,False,61,-37.0,0.6185567010309279,-6.3999999999999995,-22.91666666669687,-0.23586530396240102,-0.3146464332531606,-0.4641393218189478,-2.298035714285714
TwoRoom,3074,replication,0.2,0.08,95.3333333333,96.0,0.06270279735326767,1.7220919132232666,0.036410830845785606,-0.036410830845785606,0.9836065173149109,True,True,False,61,0.6666666666999959,1.006993006993359,-0.39999999999999997,-0.041666666659375906,-0.0007719259088959651,0.06758564692581881,0.10348360799252987,0.38696428571428587
TwoRoom,3074,replication,0.2,0.16,95.3333333333,96.0,0.13171851634979248,1.983575701713562,0.06640458251026372,-0.06640458251026372,0.9836065173149109,True,True,False,61,0.6666666666999959,1.006993006993359,-0.7999999999999999,-0.20833333332187642,-0.002468116956066191,0.0724761430153339,0.10553278587758541,0.24624999999999986
TwoRoom,3074,replication,0.2,0.32,95.3333333333,95.6666666667,0.3207342326641083,2.115244150161743,0.15162988756620988,-0.15162988756620988,0.9672130346298218,True,True,False,61,0.3333333333999917,1.0034965034972039,-1.5999999999999999,-0.16666666664687746,-0.0006935141054110749,0.07956977035069357,0.10758194141089916,-0.0351785714285715
TwoRoom,3074,replication,0.2,0.64,95.3333333333,90.3333333333,1.5979924201965332,2.164813995361328,0.7381661535913219,-0.7381661535913219,0.2786885201931,False,False,False,61,-5.0,0.9475524475524292,-3.1999999999999997,0.4166666666281298,0.003933556970373342,-0.21963156029184633,-0.31659833528101444,-0.5980357142857144
TwoRoom,3074,replication,0.3,0.08,96.3333333333,96.0,0.05810597911477089,1.7220919132232666,0.033741508608569566,-0.033741508608569566,0.9836065173149109,True,True,False,61,-0.33333333330000414,0.996539792387888,-0.26666666666666666,-0.6250000000093738,-0.0069906207090808525,0.030275453570851846,0.04610656015574932,0.020297619047619064
TwoRoom,3074,replication,0.3,0.16,96.3333333333,96.0,0.1275625228881836,1.983575701713562,0.06430937966117728,-0.06430937966117728,0.9836065173149109,True,True,False,61,-0.33333333330000414,0.996539792387888,-0.5333333333333333,-0.7916666666718744,-0.008686811756251078,0.03459183027223728,0.04815573804080486,0.012916666666666576
TwoRoom,3074,replication,0.3,0.32,96.3333333333,95.6666666667,0.26934266090393066,2.115244150161743,0.12733407672269664,-0.12733407672269664,0.9672130346298218,True,True,False,61,-0.6666666666000083,0.9930795847757761,-1.0666666666666667,-0.7499999999968754,-0.006875913021552771,0.06388606560202376,0.050204893574118614,-0.0018452380952382885
TwoRoom,3074,replication,0.3,0.64,96.3333333333,92.6666666667,1.3147097826004028,2.164813995361328,0.6073084271524054,-0.6073084271524054,0.5081967115402222,False,False,False,61,-3.6666666666000083,0.9619377162636545,-2.1333333333333333,2.1666666666781236,0.022553345486884813,-0.1287533494451129,-0.1444671917706728,-0.03136904761904802
TwoRoom,3074,replication,0.4,0.08,90.6666666667,90.6666666667,0.0739019513130188,1.7220919132232666,0.04291405745857975,-0.04291405745857975,0.9999999403953552,True,True,False,61,0.0,1.0,-0.19999999999999998,-1.374999999984377,-0.014667956348958455,-0.02784621508950308,-0.06454917974770069,-0.16303571428571428
TwoRoom,3074,replication,0.4,0.16,90.6666666667,91.0,0.14214922487735748,1.983575701713562,0.07166312067371983,-0.07166312067371983,0.9999999403953552,True,True,False,61,0.33333333330000414,1.0036764705878662,-0.39999999999999997,-1.2083333333468733,-0.012687676808262327,-0.021711030550650018,-0.06250000186264515,-0.10375000000000001
TwoRoom,3074,replication,0.4,0.32,90.6666666667,91.6666666667,0.30924084782600403,2.115244150161743,0.14619629029696538,-0.14619629029696538,0.9836065173149109,True,True,False,61,1.0,1.0110294117647018,-0.7999999999999999,-0.16666666667187435,-6.362928461645101e-05,-0.003925267782589725,-0.06045078672468662,0.01482142857142843
TwoRoom,3074,replication,0.4,0.64,90.6666666667,88.6666666667,0.8142372965812683,2.164813995361328,0.376123444474205,-0.376123444474205,0.9672130346298218,False,False,False,61,-2.0,0.9779411764705963,-1.5999999999999999,2.7500000000031246,0.027419262441837122,0.05348251342274277,0.18749996833503246,0.2519642857142854
TwoRoom,3074,replication,0.5,0.08,79.0,78.3333333333,0.09982231259346008,1.7220919132232666,0.057965728673924896,-0.057965728673924896,0.9836065173149109,True,True,False,61,-0.6666666666999959,0.9915611814341773,-0.16,-2.375000000009374,-0.027054714850129447,-0.043849917768789215,-0.06864752061665058,-0.27303571428571427
TwoRoom,3074,replication,0.5,0.16,79.0,81.3333333333,0.19563722610473633,1.983575701713562,0.09862856554238397,-0.09862856554238397,0.9836065173149109,True,True,False,61,2.333333333300004,1.0295358649784812,-0.32,0.45833333332812565,0.009223777647004328,-0.04962850688325515,-0.06659834273159504,-0.17375000000000007
TwoRoom,3074,replication,0.5,0.32,79.0,79.0,0.3651719093322754,2.115244150161743,0.17263818425137936,-0.17263818425137936,0.9672130346298218,True,True,False,61,0.0,1.0,-0.64,-1.4999999999968754,-0.015040980984666552,-0.0313191932009447,-0.06454918719828129,0.02482142857142844
TwoRoom,3074,replication,0.5,0.64,79.0,78.0,0.6577923893928528,2.164813995361328,0.3038563085800177,-0.3038563085800177,0.9672130346298218,False,False,False,61,-1.0,0.9873417721518988,-1.28,3.4166666666781236,0.03287191818779134,0.12479761785298904,0.1997950505465269,0.42196428571428535
TwoRoom,3074,replication,0.7,0.08,88.6666666667,89.3333333333,0.05668649822473526,1.7220919132232666,0.03291723153071095,-0.03291723153071095,0.9999999403953552,True,True,False,61,0.6666666666000083,1.0075187969917265,-0.1142857142857143,-2.1250000000343707,-0.023085139012055667,-0.0838425239726924,-0.06454919464886189,-0.39875000000000005
TwoRoom,3074,replication,0.7,0.16,88.6666666667,89.6666666667,0.10890854895114899,1.983575701713562,0.05490516387000788,-0.05490516387000788,0.9836065173149109,True,True,False,61,1.0,1.0112781954887176,-0.2285714285714286,-1.9583333332968795,-0.021021931562234863,-0.07094620855799617,-0.07889343984425068,-0.25375000000000014
TwoRoom,3074,replication,0.7,0.32,88.6666666667,91.0,0.1976943463087082,2.115244150161743,0.09346171518478914,-0.09346171518478914,0.9836065173149109,True,True,False,61,2.333333333300004,1.0263157894732984,-0.4571428571428572,-0.2500000000218723,-0.0007132312308437694,-0.017183827481471597,-0.060450801625847816,0.03624999999999989
TwoRoom,3074,replication,0.7,0.64,88.6666666667,89.6666666667,0.41486552357673645,2.164813995361328,0.19164026307372956,-0.19164026307372956,0.9836065173149109,True,True,False,61,1.0,1.0112781954887176,-0.9142857142857144,4.3333333333531225,0.04482030180513452,0.1719725600121601,0.20389343611896038,0.6162499999999995
TwoRoom,3074,replication,1.0,0.08,73.6666666667,75.0,0.12038145214319229,1.7220919132232666,0.06990419687754786,-0.06990419687754786,0.9836065173149109,True,True,False,61,1.3333333333000041,1.0180995475108516,-0.08,-1.291666666659376,-0.01311252648479777,-0.04246350825720169,-0.044057371094822884,-0.4930357142857143
TwoRoom,3074,replication,1.0,0.16,73.6666666667,73.3333333333,0.23333221673965454,1.983575701713562,0.11763212089061416,-0.11763212089061416,0.9836065173149109,True,True,False,61,-0.3333333333999917,0.9954751131212691,-0.16,-3.1250000000218723,-0.0374331519215505,-0.05530718451627481,-0.04200819320976734,-0.3137500000000001
TwoRoom,3074,replication,1.0,0.32,73.6666666667,75.0,0.4584845006465912,2.115244150161743,0.21675252032326053,-0.21675252032326053,0.9344261884689331,True,False,True,61,1.3333333333000041,1.0180995475108516,-0.32,-1.0833333333468733,-0.009537611185157724,-0.06210865155761536,-0.07274588383734226,0.044821428571428346
TwoRoom,3074,replication,1.0,0.64,73.6666666667,75.6666666667,0.6106928586959839,2.164813995361328,0.2820994598171255,-0.2820994598171255,0.9016392827033997,True,False,True,61,2.0,1.027149321266956,-0.64,5.5000000000281215,0.06008328959150577,0.1598793443310918,0.1588114481419325,0.7619642857142854
TwoRoom,3074,replication,1.5,0.08,72.3333333333,73.0,0.09031277894973755,1.7220919132232666,0.05244364615864068,-0.05244364615864068,0.9672130346298218,True,True,False,61,0.6666666666999959,1.009216589862216,-0.05333333333333334,0.2083333333406241,0.00768735674394061,-0.061262347944020246,-0.0604508388787508,-0.5663690476190477
TwoRoom,3074,replication,1.5,0.16,72.3333333333,72.3333333333,0.1703496277332306,1.983575701713562,0.08588007384143179,-0.08588007384143179,0.9672130346298218,True,True,False,61,0.0,1.0,-0.10666666666666667,-0.6250000000218723,-0.0032254241654456894,-0.05981452787281821,-0.05840166099369526,-0.3604166666666667
TwoRoom,3074,replication,1.5,0.32,72.3333333333,68.6666666667,0.3177242875099182,2.115244150161743,0.15020690991421642,-0.15020690991421642,0.9508196115493774,True,True,False,61,-3.6666666666000083,0.9493087557612668,-0.21333333333333335,-3.9166666666468775,-0.048645562057368696,-0.03182243155429701,-0.05635244585573673,0.051488095238094944
TwoRoom,3074,replication,1.5,0.64,72.3333333333,71.0,0.5473085045814514,2.164813995361328,0.2528201063713561,-0.2528201063713561,0.9180327653884888,True,False,True,61,-1.3333333333000041,0.98156682027695,-0.4266666666666667,4.333333333328126,0.044183629478873665,0.15289930737113544,0.1752049457281828,0.8752976190476187
PushT,3072,development,0.1,0.08,88.6667,90.6667,0.1963435560464859,3.787796974182129,0.05183581838857161,-0.05183581838857161,1.0,True,True,False,98,2.0,1.0225563824976005,-0.7999999999999999,34.06251875,0.33981414772019336,0.1703462280595413,0.2560586661566049,1.486964285714286
PushT,3072,development,0.1,0.16,88.6667,84.3333,0.6108828783035278,4.335439682006836,0.14090448100081873,-0.14090448100081873,1.0,True,True,False,98,-4.333400000000012,0.9511270860424488,-1.5999999999999999,28.56248124999999,0.25592109520246,0.13526979043692605,0.2598851949442178,0.94625
PushT,3072,development,0.1,0.32,88.6667,13.6667,3.5703721046447754,5.003432750701904,0.713584509383864,-0.713584509383864,0.3163265287876129,False,False,False,98,-75.0,0.1541356563399788,-3.1999999999999997,-29.812468749999994,-0.31052197624259226,-0.2705248426297717,-0.31409437279216945,-0.13517857142857137
PushT,3072,development,0.1,0.64,88.6667,3.3333,5.015010833740234,5.1894612312316895,0.9663837169759432,-0.9663837169759432,0.0714285671710968,False,False,False,98,-85.33340000000001,0.03759359488962598,-6.3999999999999995,-32.812531250000006,-0.28521326668006075,-0.0350911758666958,-0.20184948830865324,-2.298035714285714
PushT,3072,development,0.2,0.08,66.3333,65.6667,0.19795182347297668,3.787796974182129,0.052260410159844686,-0.052260410159844686,1.0,True,True,False,98,-0.6665999999999883,0.9899507487189694,-0.39999999999999997,13.062518750000004,0.18524477764431935,0.120998302761478,0.08514030766673386,0.38696428571428587
PushT,3072,development,0.2,0.16,66.3333,64.3333,0.39027664065361023,4.335439682006836,0.09002008314712724,-0.09002008314712724,1.0,True,True,False,98,-2.0,0.9698492310800156,-0.7999999999999999,12.562481249999996,0.15267950394278396,0.1372308547638274,0.08896683645434678,0.24624999999999986
PushT,3072,development,0.2,0.32,66.3333,42.6667,1.7062408924102783,5.003432750701904,0.3410140552345625,-0.3410140552345625,0.9591836333274841,False,False,False,98,-23.666599999999995,0.6432169061391488,-1.5999999999999999,3.1875312499999993,0.05659553725933497,0.0531222779927395,0.15784437325783074,-0.0351785714285715
PushT,3072,development,0.2,0.64,66.3333,3.3333,6.194766998291016,5.1894612312316895,1.193720643100502,-1.193720643100502,0.11224489659070969,False,False,False,98,-62.99999999999999,0.05025077902049197,-3.1999999999999997,-28.81253125,-0.3945198188464377,-0.31135143551804495,-0.3319515173789114,-0.5980357142857144
PushT,3072,development,0.3,0.08,14.6667,14.6667,0.2305026799440384,3.787796974182129,0.06085402188004259,-0.06085402188004259,1.0,True,True,False,98,0.0,1.0,-0.26666666666666666,-5.604156250000001,0.06315763937706498,0.18095972997062543,0.06983417202718556,0.020297619047619064
PushT,3072,development,0.3,0.16,14.6667,13.3333,0.4915345013141632,4.335439682006836,0.11337592894076116,-0.11337592894076116,0.9897959232330322,True,True,False,98,-1.333400000000001,0.9090865702577948,-0.5333333333333333,-6.1041937499999985,-0.04021954642772185,0.18243004789953882,0.0634566240478307,0.012916666666666576
PushT,3072,development,0.3,0.32,14.6667,15.0,1.0237188339233398,5.003432750701904,0.20460329636282767,-0.20460329636282767,0.9897959232330322,True,True,False,98,0.3332999999999995,1.0227249483523901,-1.0666666666666667,7.854156250000001,0.3039671899242913,0.2580880757938196,0.17315052752383053,-0.0018452380952382885
PushT,3072,development,0.3,0.64,14.6667,3.6667,8.159919738769531,5.1894612312316895,1.5724021001757864,-1.5724021001757864,0.15306122601032257,False,False,False,98,-11.0,0.2500017045415806,-2.1333333333333333,3.854193750000002,-0.32690528287363396,-0.621477853663984,-0.3064413235988468,-0.03136904761904802
PushT,3072,development,0.4,0.08,11.0,12.0,0.2556833326816559,3.787796974182129,0.06750185778815763,-0.06750185778815763,0.9795918464660645,True,True,False,98,1.0,1.0909090909090908,-0.19999999999999998,-6.520856250000001,0.04800412698318812,0.0583360831652916,0.026466842042282224,-0.16303571428571428
PushT,3072,development,0.4,0.16,11.0,11.6667,0.5211513638496399,4.335439682006836,0.12020726894495823,-0.12020726894495823,0.9795918464660645,True,True,False,98,0.6667000000000005,1.060609090909091,-0.39999999999999997,-6.0207937499999975,0.005240370920606696,0.0596228969981229,0.03029337082989514,-0.10375000000000001
PushT,3072,development,0.4,0.32,11.0,9.3333,1.1377673149108887,5.003432750701904,0.22739734330421,-0.22739734330421,0.9489795565605164,True,False,True,98,-1.6667000000000005,0.8484818181818181,-0.7999999999999999,3.9374562500000003,0.023661456450751572,0.11931821795521863,0.10937498440034688,0.01482142857142843
PushT,3072,development,0.4,0.64,11.0,6.6667,5.564273357391357,5.1894612312316895,1.0722256337332168,-1.0722256337332168,0.3163265287876129,False,False,False,98,-4.3333,0.6060636363636364,-1.5999999999999999,8.604193750000002,-0.07690595435454595,-0.23727719811863307,-0.16613519727252424,0.2519642857142854
PushT,3072,development,0.5,0.08,8.3333,9.0,0.19164259731769562,3.787796974182129,0.05059473847831445,-0.05059473847831445,1.0,True,True,False,98,0.6667000000000005,1.0800043200172802,-0.16,-9.020856250000001,-0.19139025483979344,-0.12187130453648751,-0.1061862229835242,-0.27303571428571427
PushT,3072,development,0.5,0.16,8.3333,10.0,0.39959442615509033,4.335439682006836,0.09216929664908212,-0.09216929664908212,1.0,True,True,False,98,1.6667000000000005,1.2000048000192,-0.32,-7.187493749999998,-0.08385353090045522,-0.10945363771762323,-0.10235969419591129,-0.17375000000000007
PushT,3072,development,0.5,0.32,8.3333,8.0,0.8310393691062927,5.003432750701904,0.16609384207066852,-0.16609384207066852,0.9897959232330322,True,True,False,98,-0.3332999999999995,0.9600038400153601,-0.64,3.104156250000001,-0.09330613264687737,-0.01649278782286223,-0.0028698674868792295,0.02482142857142844
PushT,3072,development,0.5,0.64,8.3333,10.6667,2.0239739418029785,5.1894612312316895,0.39001619852598834,-0.39001619852598834,0.8469387292861938,False,False,False,98,2.333400000000001,1.2800091200364803,-1.28,13.104193750000002,0.36854991838712703,0.2478177300769731,0.21141578466631472,0.42196428571428535
PushT,3072,development,0.7,0.08,9.0,8.3333,0.22931398451328278,3.787796974182129,0.06054019950813146,-0.06054019950813146,1.0,True,True,False,98,-0.6667000000000005,0.9259222222222222,-0.1142857142857143,-8.187531250000001,-0.09509461039054923,-0.14077430628243448,-0.11128826136700809,-0.39875000000000005
PushT,3072,development,0.7,0.16,9.0,7.3333,0.4363906979560852,4.335439682006836,0.10065661846645364,-0.10065661846645364,0.9897959232330322,True,True,False,98,-1.6666999999999996,0.8148111111111112,-0.2285714285714286,-8.354168749999998,-0.21866947756424182,-0.1268985002511247,-0.11766580934636295,-0.25375000000000014
PushT,3072,development,0.7,0.32,9.0,7.0,0.8603898882865906,5.003432750701904,0.171959918551097,-0.171959918551097,0.9693877100944519,True,True,False,98,-2.0,0.7777777777777778,-0.4571428571428572,3.60418125,-0.025154452640157476,-0.03131640501942062,-0.02838011900894344,0.03624999999999989
PushT,3072,development,0.7,0.64,9.0,9.0,1.7119367122650146,5.1894612312316895,0.32988717633385156,-0.32988717633385156,0.8979591727256775,False,False,False,98,0.0,1.0,-0.9142857142857144,12.93751875,0.33891854059494897,0.2989892115529799,0.2573341897223145,0.6162499999999995
PushT,3072,development,1.0,0.08,9.3333,6.6667,0.20595626533031464,3.787796974182129,0.054373628453194815,-0.054373628453194815,1.0,True,True,False,98,-2.6666,0.7142918367565598,-0.08,-8.937481250000001,-0.17709989665942882,-0.14373449634649937,-0.11383928055875003,-0.4930357142857143
PushT,3072,development,1.0,0.16,9.3333,8.3333,0.46630826592445374,4.335439682006836,0.10755731831762075,-0.10755731831762075,0.9897959232330322,True,True,False,98,-1.0,0.892856760202715,-0.16,-6.437518749999999,-0.010998729275855323,-0.14292596122129336,-0.12021682853810489,-0.3137500000000001
PushT,3072,development,1.0,0.32,9.3333,6.6667,0.8645435571670532,5.003432750701904,0.17279008237809754,-0.17279008237809754,0.9489795565605164,True,False,True,98,-2.6666,0.7142918367565598,-0.32,4.187531250000001,0.04098470553540734,-0.04127332996542271,-0.05133929173462093,0.044821428571428346
PushT,3072,development,1.0,0.64,9.3333,6.3333,1.5143669843673706,5.1894612312316895,0.29181583923461435,-0.29181583923461435,0.9285714030265808,True,False,True,98,-2.999999999999999,0.6785702806081451,-0.64,11.187468750000003,0.1471139203998768,0.3279337875332156,0.28539540083147585,0.7619642857142854
PushT,3072,development,1.5,0.08,8.0,5.6667,0.28571462631225586,3.787796974182129,0.0754302905513958,-0.0754302905513958,0.9897959232330322,True,True,False,98,-2.3333000000000004,0.7083375,-0.05333333333333334,-8.85415625,-0.17263592983499365,-0.12426023679151496,-0.1061862229835242,-0.5663690476190477
PushT,3072,development,1.5,0.16,8.0,6.6667,0.6088594794273376,4.335439682006836,0.1404377696578867,-0.1404377696578867,0.9897959232330322,True,True,False,98,-1.3333000000000004,0.8333375,-0.10666666666666667,-7.020793749999998,-0.060099685897575306,-0.13527549090837393,-0.10235969419591129,-0.3604166666666667
PushT,3072,development,1.5,0.32,8.0,5.3333,1.2156784534454346,5.003432750701904,0.2429688803701606,-0.2429688803701606,0.9387754797935486,True,False,True,98,-2.6666999999999996,0.6666625,-0.21333333333333335,3.937456250000002,0.003773672359842606,-0.0709212063043004,-0.0436862341593951,0.051488095238094944
PushT,3072,development,1.5,0.64,8.0,6.0,1.7116068601608276,5.1894612312316895,0.32982361441682595,-0.32982361441682595,0.8775510191917419,False,False,False,98,-2.0,0.75,-0.4266666666666667,11.937493750000003,0.2289619433727268,0.33045693400418935,0.2522321513388306,0.8752976190476187
PushT,3073,replication,0.1,0.08,76.6666666667,76.0,0.2331722229719162,4.869478225708008,0.047884436928150274,-0.047884436928150274,1.0,True,True,False,98,-0.6666666666999959,0.991304347825656,-0.7999999999999999,30.20833333332469,0.34534847269376245,0.2321134336051482,0.2946428523864597,1.486964285714286
PushT,3073,replication,0.1,0.16,76.6666666667,67.6666666667,0.984988808631897,5.696414470672607,0.17291382389799909,-0.17291382389799909,1.0,True,True,False,98,-9.0,0.882608695652225,-1.5999999999999999,23.833333333352186,0.28722801590043845,0.15090811693982953,0.2984693811740726,0.94625
PushT,3073,replication,0.1,0.32,76.6666666667,3.33333333333,4.897165298461914,6.164155960083008,0.7944583703226042,-0.7944583703226042,0.15306122601032257,False,False,False,98,-73.33333333336999,0.04347826086950284,-3.1999999999999997,-29.62500000000781,-0.39808019552787544,-0.320660694954538,-0.42346937977708876,-0.13517857142857137
PushT,3073,replication,0.1,0.64,76.6666666667,1.66666666667,5.816588401794434,6.325850963592529,0.9194950110698025,-0.9194950110698025,0.08163265138864517,False,False,False,98,-75.00000000003,0.021739130434816636,-6.3999999999999995,-24.416666666669066,-0.2344962930663259,-0.0623608555904398,-0.16964285378344357,-2.298035714285714
PushT,3073,replication,0.2,0.08,72.6666666667,71.3333333333,0.16173478960990906,4.869478225708008,0.033213987641641685,-0.033213987641641685,1.0,True,True,False,98,-1.3333333333999917,0.98165137614588,-0.39999999999999997,16.37499999995719,0.1828634308106203,0.0908383458223958,0.07780611491762102,0.38696428571428587
PushT,3073,replication,0.2,0.16,72.6666666667,64.6666666667,0.33629658818244934,5.696414470672607,0.059036537792998924,-0.059036537792998924,1.0,True,True,False,98,-8.0,0.8899082568807845,-0.7999999999999999,11.666666666684682,0.1416955069256317,0.10883986597556872,0.08163264370523393,0.24624999999999986
PushT,3073,replication,0.2,0.32,72.6666666667,45.6666666667,1.471278190612793,6.164155960083008,0.23868283024314985,-0.23868283024314985,0.9795918464660645,True,True,False,98,-26.999999999999993,0.6284403669726476,-1.5999999999999999,3.5416666666946863,0.03404984037190306,0.07916930805565547,0.18622450320981443,-0.0351785714285715
PushT,3073,replication,0.2,0.64,72.6666666667,3.66666666667,6.1995625495910645,6.325850963592529,0.9800361382637216,-0.9800361382637216,0.12244898080825806,False,False,False,98,-69.00000000003,0.050458715596353,-3.1999999999999997,-31.58333333333657,-0.3586087781081557,-0.2788475198536199,-0.3456632618326694,-0.5980357142857144
PushT,3073,replication,0.3,0.08,16.0,13.6666666667,0.2451799362897873,4.869478225708008,0.05035035067933564,-0.05035035067933564,1.0,True,True,False,98,-2.3333333333000006,0.85416666666875,-0.26666666666666666,-6.458333333307814,-0.025756599768062216,0.13570710895511073,0.05739795393310487,0.020297619047619064
PushT,3073,replication,0.3,0.16,16.0,16.0,0.5250059962272644,5.696414470672607,0.09216429017414424,-0.09216429017414424,1.0,True,True,False,98,0.0,1.0,-0.5333333333333333,-2.166666666680312,0.17065192894329484,0.1377172397648323,0.06122448272071779,0.012916666666666576
PushT,3073,replication,0.3,0.32,16.0,12.0,1.147533655166626,6.164155960083008,0.1861623331073494,-0.1861623331073494,0.9897959232330322,True,True,False,98,-4.0,0.75,-1.0666666666666667,4.708333333329685,0.07447415229770304,0.19369493136186477,0.17602041899226606,-0.0018452380952382885
PushT,3073,replication,0.3,0.64,16.0,4.33333333333,7.782776832580566,6.325850963592529,1.2303130246623184,-1.2303130246623184,0.19387754797935486,False,False,False,98,-11.66666666667,0.270833333333125,-2.1333333333333333,3.916666666658438,-0.2193694814729361,-0.4671192800818078,-0.2946428556460887,-0.03136904761904802
PushT,3073,replication,0.4,0.08,11.3333333333,10.6666666667,0.22845374047756195,4.869478225708008,0.046915445534073716,-0.046915445534073716,1.0,True,True,False,98,-0.6666666666000012,0.9411764705939445,-0.19999999999999998,-7.541666666642814,-0.0655850311398124,-0.01000331664090709,0.0038265360053628683,-0.16303571428571428
PushT,3073,replication,0.4,0.16,11.3333333333,10.0,0.41806644201278687,5.696414470672607,0.07339115581655059,-0.07339115581655059,0.9897959232330322,True,True,False,98,-1.3333333333000006,0.8823529411790657,-0.39999999999999997,-6.250000000015312,-0.07383336517458416,0.007345043381146166,-0.00255101197399199,-0.10375000000000001
PushT,3073,replication,0.4,0.32,11.3333333333,11.0,0.8580186367034912,6.164155960083008,0.13919482930992177,-0.13919482930992177,0.9693877100944519,True,True,False,98,-0.3333333333000006,0.9705882352969722,-0.7999999999999999,5.624999999994685,0.16822415229773058,0.0915171044180127,0.10204078792594373,0.01482142857142843
PushT,3073,replication,0.4,0.64,11.3333333333,6.66666666667,4.446486473083496,6.325850963592529,0.7029072449974827,-0.7029072449974827,0.43877550959587097,False,False,False,98,-4.66666666663,0.5882352941196712,-1.5999999999999999,8.16666666666344,-0.02880575598333457,-0.08885883115825183,-0.10331631195731461,0.2519642857142854
PushT,3073,replication,0.5,0.08,13.3333333333,10.6666666667,0.17964088916778564,4.869478225708008,0.0368911987775993,-0.0368911987775993,1.0,True,True,False,98,-2.666666666600001,0.8000000000044999,-0.16,-8.458333333325314,-0.14867326643568723,-0.09916542440496018,-0.10076530301012099,-0.27303571428571427
PushT,3073,replication,0.5,0.16,13.3333333333,10.6666666667,0.338012158870697,5.696414470672607,0.059337704552735265,-0.059337704552735265,1.0,True,True,False,98,-2.666666666600001,0.8000000000044999,-0.32,-6.499999999997812,-0.09809807105558022,-0.07778785987556602,-0.09693877422250807,-0.17375000000000007
PushT,3073,replication,0.5,0.32,13.3333333333,9.0,0.6752980947494507,6.164155960083008,0.1095524024898872,-0.1095524024898872,1.0,True,True,False,98,-4.333333333300001,0.6750000000016875,-0.64,2.7083333333121846,-0.06927584770398443,0.02197317671751975,0.028061238816007972,0.02482142857142844
PushT,3073,replication,0.5,0.64,13.3333333333,11.6666666667,2.276559591293335,6.325850963592529,0.3598819517556968,-0.3598819517556968,0.8163264989852905,False,False,False,98,-1.6666666666000012,0.8750000000046875,-1.28,12.250000000010937,0.31604718519525143,0.1549801075630065,0.1696428384166211,0.42196428571428535
PushT,3073,replication,0.7,0.08,11.0,10.0,0.23347124457359314,4.869478225708008,0.047945844246925884,-0.047945844246925884,1.0,True,True,False,98,-1.0,0.9090909090909091,-0.1142857142857143,-7.791666666667814,-0.08541569067884358,-0.11697017315754843,-0.11607143306173384,-0.39875000000000005
PushT,3073,replication,0.7,0.16,11.0,9.66666666667,0.45585396885871887,5.696414470672607,0.08002471926957479,-0.08002471926957479,1.0,True,True,False,98,-1.3333333333299997,0.8787878787881819,-0.2285714285714286,-6.166666666670312,-0.06514352560146375,-0.1052249778756672,-0.11224490427412093,-0.25375000000000014
PushT,3073,replication,0.7,0.32,11.0,9.0,0.8370528817176819,6.164155960083008,0.13579359236498129,-0.13579359236498129,0.9795918464660645,True,True,False,98,-2.0,0.8181818181818182,-0.4571428571428572,4.041666666669686,0.028072637146580814,-0.011018116440836029,-0.007653044769540429,0.03624999999999989
PushT,3073,replication,0.7,0.64,11.0,8.0,1.7389681339263916,6.325850963592529,0.27489868856139,-0.27489868856139,0.8979591727256775,True,False,True,98,-3.0,0.7272727272727273,-0.9142857142857144,9.916666666668439,0.12248657913372574,0.2332132674740517,0.2359693821053952,0.6162499999999995
PushT,3073,replication,1.0,0.08,7.66666666667,7.33333333333,0.2669903039932251,4.869478225708008,0.05482934548996889,-0.05482934548996889,1.0,True,True,False,98,-0.3333333333400006,0.956521739129584,-0.08,-8.875000000002814,-0.19378196208882936,-0.10749810906085389,-0.11096937977708876,-0.4930357142857143
PushT,3073,replication,1.0,0.16,7.66666666667,7.66666666667,0.541988730430603,5.696414470672607,0.09514559258652529,-0.09514559258652529,0.9795918464660645,True,True,False,98,0.0,1.0,-0.16,-6.583333333335312,-0.09972850583830639,-0.10399028585288017,-0.1275510045234114,-0.3137500000000001
PushT,3073,replication,1.0,0.32,7.66666666667,8.0,1.0399712324142456,6.164155960083008,0.16871267358398265,-0.16871267358398265,0.9489795565605164,True,False,True,98,0.3333333333299997,1.0434782608691116,-0.32,4.625000000004684,0.09757197838521336,-0.02758163232009983,-0.033163281390443444,0.044821428571428346
PushT,3073,replication,1.0,0.64,7.66666666667,7.33333333333,1.8053820133209229,6.325850963592529,0.28539749414134535,-0.28539749414134535,0.9285714030265808,True,False,True,98,-0.3333333333400006,0.956521739129584,-0.64,10.833333333333437,0.19593848954192172,0.23907002723383386,0.2716836656909436,0.7619642857142854
PushT,3073,replication,1.5,0.08,7.66666666667,8.0,0.26742422580718994,4.869478225708008,0.054918456025811115,-0.054918456025811115,0.9795918464660645,True,True,False,98,0.3333333333299997,1.0434782608691116,-0.05333333333333334,-7.458333333335314,-0.008999353393148724,-0.12502186511838537,-0.10586734139360487,-0.5663690476190477
PushT,3073,replication,1.5,0.16,7.66666666667,5.66666666667,0.5213803052902222,5.696414470672607,0.0915278036692193,-0.0915278036692193,0.9795918464660645,True,True,False,98,-2.0,0.7391304347827221,-0.10666666666666667,-7.833333333337812,-0.26277198409943114,-0.11780714245726343,-0.10204081260599196,-0.3604166666666667
PushT,3073,replication,1.5,0.32,7.66666666667,7.0,0.9294959902763367,6.164155960083008,0.1507904725797723,-0.1507904725797723,0.9285714030265808,True,False,True,98,-0.6666666666700003,0.9130434782604726,-0.21333333333333335,4.375000000002185,0.06496328273272756,-0.02709407683757875,-0.028061243006959558,0.051488095238094944
PushT,3073,replication,1.5,0.64,7.66666666667,6.66666666667,1.499921202659607,6.325850963592529,0.2371097914402623,-0.2371097914402623,0.8673469424247742,True,False,True,98,-1.0,0.8695652173913611,-0.4266666666666667,10.916666666670936,0.20680805475985187,0.26992308441322765,0.2359693970065564,0.8752976190476187
PushT,3074,replication,0.1,0.08,85.6666666667,88.0,0.21366354823112488,3.2762370109558105,0.06521614508249225,-0.06521614508249225,1.0,True,True,False,98,2.333333333300004,1.0272373540852036,-0.7999999999999999,36.61458333334812,0.3695546393886887,0.14960131576547342,0.26498723961412907,1.486964285714286
PushT,3074,replication,0.1,0.16,85.6666666667,80.3333333333,0.5914584994316101,4.629120349884033,0.12776909104262693,-0.12776909104262693,1.0,True,True,False,98,-5.333333333399992,0.9377431906607248,-1.5999999999999999,29.697916666651874,0.25506057362358503,0.12242552088729536,0.267538258805871,0.94625
PushT,3074,replication,0.1,0.32,85.6666666667,10.3333333333,3.6102442741394043,5.451578140258789,0.6622383796498282,-0.6622383796498282,0.29591837525367737,False,False,False,98,-75.33333333339999,0.12062256809294919,-3.1999999999999997,-30.427083333348126,-0.36383919524520014,-0.2534936578400933,-0.30133927799761295,-0.13517857142857137
PushT,3074,replication,0.1,0.64,85.6666666667,1.0,4.962695598602295,4.909469127655029,1.010841593981606,-1.010841593981606,0.0714285671710968,False,False,False,98,-84.6666666667,0.011673151750968221,-6.3999999999999995,-35.88541666665188,-0.2607760177670738,-0.018533178812675466,-0.23118622042238712,-2.298035714285714
PushT,3074,replication,0.2,0.08,16.0,17.3333333333,0.34816810488700867,3.2762370109558105,0.10627073185570111,-0.10627073185570111,1.0,True,True,False,98,1.3333333333000006,1.08333333333125,-0.39999999999999997,-2.3020833333518738,0.12705301811657166,0.3507109547598922,0.14508928172290325,0.38696428571428587
PushT,3074,replication,0.2,0.16,16.0,15.3333333333,0.7304929494857788,4.629120349884033,0.1578038362092009,-0.1578038362092009,1.0,True,True,False,98,-0.6666666666999994,0.95833333333125,-0.7999999999999999,-3.5520833333481243,-0.02294688422405322,0.33455500148834894,0.1476403009146452,0.24624999999999986
PushT,3074,replication,0.2,0.32,16.0,16.0,2.3980941772460938,5.451578140258789,0.4398899026204282,-0.4398899026204282,0.7448979616165161,False,False,False,98,0.0,1.0,-1.5999999999999999,6.989583333351874,0.2169406361436872,0.21101904495693435,0.027742350473999977,-0.0351785714285715
PushT,3074,replication,0.2,0.64,16.0,4.0,10.460888862609863,4.909469127655029,2.1307576421417336,-2.1307576421417336,0.10204081237316132,False,False,False,98,-12.0,0.25,-3.1999999999999997,-1.1354166666518744,-0.3210467700362055,-0.8962850012051753,-0.3204719331115484,-0.5980357142857144
PushT,3074,replication,0.3,0.08,16.0,15.3333333333,0.24718628823757172,3.2762370109558105,0.07544823143471464,-0.07544823143471464,1.0,True,True,False,98,-0.6666666666999994,0.95833333333125,-0.26666666666666666,-3.635416666676874,0.043719684783759205,0.21934574402090112,0.06855866871774197,0.020297619047619064
PushT,3074,replication,0.3,0.16,16.0,16.3333333333,0.5549030303955078,4.629120349884033,0.11987224104238486,-0.11987224104238486,1.0,True,True,False,98,0.3333333333000006,1.02083333333125,-0.5333333333333333,-1.885416666673125,0.08121978244313433,0.2102988854951875,0.07110968790948391,0.012916666666666576
PushT,3074,replication,0.3,0.32,16.0,12.3333333333,1.5481290817260742,5.451578140258789,0.2839781512610922,-0.2839781512610922,0.9795918464660645,True,True,False,98,-3.6666666666999994,0.77083333333125,-1.0666666666666667,3.9895833333268733,0.029440636142124776,0.2047430851562928,0.18590562231838703,-0.0018452380952382885
PushT,3074,replication,0.3,0.64,16.0,6.0,8.378856658935547,4.909469127655029,1.706672644448962,-1.706672644448962,0.17346937954425812,False,False,False,98,-10.0,0.375,-2.1333333333333333,1.5312500000231255,-0.15438010336901786,-0.6343877146723813,-0.3255739789456129,-0.03136904761904802
PushT,3074,replication,0.4,0.08,12.6666666667,12.0,0.20768994092941284,3.2762370109558105,0.0633928315426793,-0.0633928315426793,1.0,True,True,False,98,-0.6666666666999994,0.9473684210501385,-0.19999999999999998,-5.802083333326874,-0.08073206960116552,-0.10049990484038296,-0.05899234674870968,-0.16303571428571428
PushT,3074,replication,0.4,0.16,12.6666666667,11.3333333333,0.3987570106983185,4.629120349884033,0.08614099020093698,-0.08614099020093698,1.0,True,True,False,98,-1.3333333333999988,0.894736842100277,-0.39999999999999997,-5.718750000023125,-0.15836355089165177,-0.08787091241668404,-0.056441327556967735,-0.10375000000000001
PushT,3074,replication,0.4,0.32,12.6666666667,10.6666666667,0.8218868374824524,5.451578140258789,0.15076126881736984,-0.15076126881736984,0.9897959232330322,True,True,False,98,-2.0,0.8421052631583102,-0.7999999999999999,3.489583333376874,-0.012774276134628226,0.006058918846695738,0.06855868361890316,0.01482142857142843
PushT,3074,replication,0.4,0.64,12.6666666667,11.3333333333,2.739837169647217,4.909469127655029,0.5580719826128898,-0.5580719826128898,0.6734693646430969,False,False,False,98,-1.3333333333999988,0.894736842100277,-1.5999999999999999,8.031249999973127,0.25186989662744586,0.18231189841037143,0.046874990686774254,0.2519642857142854
PushT,3074,replication,0.5,0.08,11.3333333333,11.0,0.21212758123874664,3.2762370109558105,0.06474732460728183,-0.06474732460728183,1.0,True,True,False,98,-0.3333333333000006,0.9705882352969722,-0.16,-6.302083333334374,-0.11865776619599533,-0.10906920121393895,-0.07684949599206448,-0.27303571428571427
PushT,3074,replication,0.5,0.16,11.3333333333,12.6666666667,0.44003355503082275,4.629120349884033,0.09505770465480473,-0.09505770465480473,1.0,True,True,False,98,1.3333333333999988,1.1176470588297576,-0.32,-3.885416666630625,0.003401154996165112,-0.10400243017950528,-0.07429847680032253,-0.17375000000000007
PushT,3074,replication,0.5,0.32,11.3333333333,10.3333333333,0.8586000800132751,5.451578140258789,0.15749569352637344,-0.15749569352637344,0.9897959232330322,True,True,False,98,-1.0,0.9117647058820935,-0.64,3.6562499999693756,-0.004260344252508541,-0.007890309171261323,0.05070153437554836,0.02482142857142844
PushT,3074,replication,0.5,0.64,11.3333333333,9.33333333333,2.514665126800537,4.909469127655029,0.5122071371496021,-0.5122071371496021,0.7448979616165161,False,False,False,98,-1.9999999999700009,0.8235294117668338,-1.28,6.531249999995627,0.11951695545233909,0.22096194056470564,0.10044643841683865,0.42196428571428535
PushT,3074,replication,0.7,0.08,9.0,9.33333333333,0.2698460519313812,3.2762370109558105,0.08236463083379192,-0.08236463083379192,1.0,True,True,False,98,0.3333333333299997,1.0370370370366666,-0.1142857142857143,-5.302083333339374,-0.0037340189198867835,-0.15545014134827426,-0.11256376467645168,-0.39875000000000005
PushT,3074,replication,0.7,0.16,9.0,8.0,0.505587637424469,4.629120349884033,0.10921894425085206,-0.10921894425085206,0.9897959232330322,True,True,False,98,-1.0,0.8888888888888888,-0.2285714285714286,-5.885416666665625,-0.17688206940828943,-0.14692730368337784,-0.12021682225167751,-0.25375000000000014
PushT,3074,replication,0.7,0.32,9.0,7.66666666667,0.9095545411109924,5.451578140258789,0.16684242942316432,-0.16684242942316432,0.9591836333274841,True,True,False,98,-1.3333333333299997,0.8518518518522222,-0.4571428571428572,3.6562500000043734,-0.01569825274596559,-0.04600067897587745,-0.01562502421438694,0.03624999999999989
PushT,3074,replication,0.7,0.64,9.0,7.66666666667,1.7479051351547241,4.909469127655029,0.356027319798953,-0.356027319798953,0.9285714030265808,False,False,False,98,-1.3333333333299997,0.8518518518522222,-0.9142857142857144,7.531250000000625,0.1963143410741417,0.34837812400752954,0.24840561114251614,0.6162499999999995
PushT,3074,replication,1.0,0.08,8.33333333333,10.6666666667,0.14445196092128754,3.2762370109558105,0.04409081529762252,-0.04409081529762252,1.0,True,True,False,98,2.3333333333699997,1.280000000004512,-0.08,-5.4687499999868745,-0.013363648547205398,-0.17905627063422713,-0.12021683715283871,-0.4930357142857143
PushT,3074,replication,1.0,0.16,8.33333333333,11.6666666667,0.3051455020904541,4.629120349884033,0.06591867979800925,-0.06591867979800925,1.0,True,True,False,98,3.3333333333699997,1.40000000000456,-0.16,-3.718749999983125,0.08163644911221779,-0.1655069840526573,-0.11766581796109676,-0.3137500000000001
PushT,3074,replication,1.0,0.32,8.33333333333,8.66666666667,0.6073075532913208,5.451578140258789,0.11140032072666789,-0.11140032072666789,0.9795918464660645,True,True,False,98,0.3333333333400006,1.040000000000816,-0.32,3.1562499999868745,-0.08014269719253575,-0.05243851510150327,-0.0028698835521936417,0.044821428571428346
PushT,3074,replication,1.0,0.64,8.33333333333,7.66666666667,1.2053911685943604,4.909469127655029,0.24552372919597243,-0.24552372919597243,0.9285714030265808,True,False,True,98,-0.6666666666599994,0.9200000000007681,-0.64,6.031249999983126,0.01186989662752358,0.39700176978838775,0.2407525386661291,0.7619642857142854
PushT,3074,replication,1.5,0.08,7.0,5.66666666667,0.21582990884780884,3.2762370109558105,0.06587737948325129,-0.06587737948325129,1.0,True,True,False,98,-1.3333333333299997,0.8095238095242857,-0.05333333333333334,-7.802083333331874,-0.32383983902476776,-0.17558249650944316,-0.11001274548470974,-0.5663690476190477
PushT,3074,replication,1.5,0.16,7.0,7.66666666667,0.41034287214279175,4.629120349884033,0.0886438115943716,-0.0886438115943716,0.9897959232330322,True,True,False,98,0.6666666666700003,1.0952380952385714,-0.10666666666666667,-5.052083333328124,-0.06312545565110683,-0.16297177753860692,-0.11766580305993557,-0.3604166666666667
PushT,3074,replication,1.5,0.32,7.0,8.33333333333,0.7971299290657043,5.451578140258789,0.1462200318067649,-0.1462200318067649,0.9591836333274841,True,True,False,98,1.3333333333299997,1.1904761904757142,-0.21333333333333335,5.489583333331874,0.2303334932850264,-0.06199788787118754,-0.013074005022644997,0.051488095238094944
PushT,3074,replication,1.5,0.64,7.0,6.33333333333,1.3119754791259766,4.909469127655029,0.2672336753755353,-0.2672336753755353,0.918367326259613,True,False,True,98,-0.6666666666700003,0.9047619047614285,-0.4266666666666667,7.364583333328126,0.15663180139084798,0.4005521619192377,0.2407525535672903,0.8752976190476187
Reacher,3072,development,0.1,0.08,85.6667,82.3333,0.054523058235645294,2.7806761264801025,0.019607842033967073,-0.019607842033967073,1.0,True,True,False,100,-3.3334000000000117,0.9610887310938788,-0.7999999999999999,12.854162499999997,0.1460531255555323,0.1940222026549161,0.13750001974403858,1.486964285714286
Reacher,3072,development,0.1,0.16,85.6667,82.6667,0.12188492715358734,3.0086138248443604,0.04051198799496729,-0.04051198799496729,0.9899999499320984,True,True,False,100,-3.0,0.9649805583733236,-1.5999999999999999,13.104187500000005,0.14953908381239012,0.18517063236394538,0.12874997593462467,0.94625
Reacher,3072,development,0.1,0.32,85.6667,68.3333,1.162635326385498,3.2539186477661133,0.35730313269622543,-0.35730313269622543,0.9799999594688416,False,False,False,100,-17.33340000000001,0.7976646701693889,-3.1999999999999997,3.270799999999994,0.03705864165381689,-0.054651791402851896,0.12374998815357685,-0.13517857142857137
Reacher,3072,development,0.1,0.64,85.6667,14.6667,2.997924327850342,3.3659284114837646,0.8906678815931205,-0.8906678815931205,0.26999998092651367,False,False,False,100,-71.0,0.1712065481686583,-6.3999999999999995,-29.229149999999997,-0.33265085102173897,-0.3245410436160096,-0.3899999838322401,-2.298035714285714
Reacher,3072,development,0.2,0.08,80.3333,81.3333,0.05129845812916756,2.7806761264801025,0.018448195976747322,-0.018448195976747322,1.0,True,True,False,100,1.0,1.0124481379452854,-0.39999999999999997,15.354162499999997,0.1929315895590521,0.16202981816398715,0.1100000012665987,0.38696428571428587
Reacher,3072,development,0.2,0.16,80.3333,78.6667,0.10537396371364594,3.0086138248443604,0.03502409077678724,-0.03502409077678724,1.0,True,True,False,100,-1.6665999999999883,0.9792539333003875,-0.7999999999999999,12.604187500000005,0.15933151589156713,0.15750649903397673,0.1112500075250864,0.24624999999999986
Reacher,3072,development,0.2,0.32,80.3333,60.3333,0.725064218044281,3.2539186477661133,0.22282801032596605,-0.22282801032596605,0.9699999690055847,True,True,False,100,-19.999999999999993,0.7510372410942909,-1.5999999999999999,-1.2291999999999987,-0.014049730269167893,0.04667130041925879,0.08624997921288013,-0.0351785714285715
Reacher,3072,development,0.2,0.64,80.3333,13.6667,3.026583671569824,3.3659284114837646,0.8991824250461848,-0.8991824250461848,0.3799999952316284,False,False,False,100,-66.66659999999999,0.17012496685683273,-3.1999999999999997,-26.729149999999997,-0.33821337518145134,-0.3662076176172227,-0.30749998800456524,-0.5980357142857144
Reacher,3072,development,0.3,0.08,84.3333,82.3333,0.037898410111665726,2.7806761264801025,0.013629206850363814,-0.013629206850363814,0.9899999499320984,True,True,False,100,-2.0,0.9762845756065516,-0.26666666666666666,1.604162500000001,0.01640667860947065,0.06398799545498068,0.007499979808926582,0.020297619047619064
Reacher,3072,development,0.3,0.16,84.3333,84.3333,0.07461772114038467,3.0086138248443604,0.024801362183544694,-0.024801362183544694,0.9899999499320984,True,True,False,100,0.0,1.0,-0.5333333333333333,3.5207874999999937,0.03971623398033208,0.06486841579182928,0.008749986067414284,0.012916666666666576
Reacher,3072,development,0.3,0.32,84.3333,77.6667,0.15125423669815063,3.2539186477661133,0.046483717963259466,-0.046483717963259466,0.9899999499320984,True,True,False,100,-6.666599999999988,0.9209493758693187,-1.0666666666666667,1.3542000000000058,0.015501055895012272,0.12015478094657542,0.013749988749623299,-0.0018452380952382885
Reacher,3072,development,0.3,0.64,84.3333,48.6667,2.285886764526367,3.3659284114837646,0.6791251877869575,-0.6791251877869575,0.75,False,False,False,100,-35.666599999999995,0.5770757221643171,-2.1333333333333333,-6.479150000000004,-0.07162396848481445,-0.2490111921933853,-0.029999954625964165,-0.03136904761904802
Reacher,3072,development,0.4,0.08,84.3333,78.3333,0.034484900534152985,2.7806761264801025,0.012401624268916722,-0.012401624268916722,1.0,True,True,False,100,-6.0,0.9288537268196548,-0.19999999999999998,-6.645837500000001,-0.08141944701350401,-0.07471097868577853,-0.04999999515712261,-0.16303571428571428
Reacher,3072,development,0.4,0.16,84.3333,78.6667,0.06646949797868729,3.0086138248443604,0.022093064064852473,-0.022093064064852473,1.0,True,True,False,100,-5.666599999999988,0.9328070880660428,-0.39999999999999997,-6.395812499999996,-0.07787195478970299,-0.07234984281168479,-0.04874998889863491,-0.10375000000000001
Reacher,3072,development,0.4,0.32,84.3333,83.6667,0.12855973839759827,3.2539186477661133,0.03950920484316882,-0.03950920484316882,1.0,True,True,False,100,-0.6665999999999883,0.9920956490496637,-0.7999999999999999,3.104200000000006,0.03625205223927941,-0.012797262655540265,-0.043749986216425896,0.01482142857142843
Reacher,3072,development,0.4,0.64,84.3333,69.3333,0.4386792778968811,3.3659284114837646,0.13032935471836224,-0.13032935471836224,0.9899999499320984,True,True,False,100,-15.0,0.8221343170491372,-1.5999999999999999,9.937449999999991,0.1230393495639277,0.15985808415300368,0.14249997027218342,0.2519642857142854
Reacher,3072,development,0.5,0.08,80.3333,78.3333,0.03504643589258194,2.7806761264801025,0.012603566290528483,-0.012603566290528483,1.0,True,True,False,100,-2.0,0.9751037241094291,-0.16,-7.312512500000002,-0.08922630760190098,-0.07996540853618811,-0.04999999515712261,-0.27303571428571427
Reacher,3072,development,0.5,0.16,80.3333,80.6667,0.06929762661457062,3.0086138248443604,0.0230330745814995,-0.0230330745814995,1.0,True,True,False,100,0.3334000000000117,1.0041502091909582,-0.32,-5.062487499999998,-0.0605856915429589,-0.07834234115712962,-0.04874998889863491,-0.17375000000000007
Reacher,3072,development,0.5,0.32,80.3333,82.0,0.14311908185482025,3.2539186477661133,0.04398360787325604,-0.04398360787325604,1.0,True,True,False,100,1.6667000000000058,1.0207473115134074,-0.64,0.7708249999999985,0.010846856824851758,-0.022324153514425293,-0.043749986216425896,0.02482142857142844
Reacher,3072,development,0.5,0.64,80.3333,71.6667,0.3517497777938843,3.3659284114837646,0.10450304783482497,-0.10450304783482497,0.9899999499320984,True,True,False,100,-8.666599999999988,0.8921169676833892,-1.28,11.604175000000001,0.13896514232000845,0.18063190320774314,0.14249997027218342,0.42196428571428535
Reacher,3072,development,0.7,0.08,73.0,74.0,0.0350315161049366,2.7806761264801025,0.012598200765394772,-0.012598200765394772,1.0,True,True,False,100,1.0,1.0136986301369864,-0.1142857142857143,-2.729137499999995,-0.026231985436349192,-0.0802182892060068,-0.04999999515712261,-0.39875000000000005
Reacher,3072,development,0.7,0.16,73.0,70.6667,0.07283078879117966,3.0086138248443604,0.02420742342861078,-0.02420742342861078,1.0,True,True,False,100,-2.333299999999994,0.9680369863013699,-0.2285714285714286,-6.145812499999996,-0.07229949829455262,-0.0797749361991933,-0.04874998889863491,-0.25375000000000014
Reacher,3072,development,0.7,0.32,73.0,69.3333,0.1496926099061966,3.2539186477661133,0.046003796071842136,-0.046003796071842136,1.0,True,True,False,100,-3.666700000000006,0.9497712328767123,-0.4571428571428572,-2.9792000000000067,-0.03572980567384876,-0.024602587907963797,-0.043749986216425896,0.03624999999999989
Reacher,3072,development,0.7,0.64,73.0,63.0,0.33753830194473267,3.3659284114837646,0.10028089153445169,-0.10028089153445169,0.9899999499320984,True,True,False,100,-10.0,0.863013698630137,-0.9142857142857144,11.854149999999997,0.1342612894047508,0.184595813313164,0.14249997027218342,0.6162499999999995
Reacher,3072,development,1.0,0.08,77.3333,73.3333,0.025437505915760994,2.7806761264801025,0.009147957100621015,-0.009147957100621015,1.0,True,True,False,100,-4.0,0.9482758397740688,-0.08,-7.895837500000001,-0.09668884297857061,-0.09269903083186617,-0.052500007674098015,-0.4930357142857143
Reacher,3072,development,1.0,0.16,77.3333,75.3333,0.05031983181834221,3.0086138248443604,0.01672525446862404,-0.01672525446862404,1.0,True,True,False,100,-2.0,0.9741379198870345,-0.16,-5.979212500000008,-0.07123263188819196,-0.08822375252983969,-0.05125000141561031,-0.3137500000000001
Reacher,3072,development,1.0,0.32,77.3333,74.6667,0.0997379943728447,3.2539186477661133,0.030651655793950787,-0.030651655793950787,1.0,True,True,False,100,-2.6665999999999883,0.9655180885853831,-0.32,-2.145799999999995,-0.02501701714448179,-0.02518143292070557,-0.0462499987334013,0.044821428571428346
Reacher,3072,development,1.0,0.64,77.3333,71.6667,0.2115200012922287,3.3659284114837646,0.06284150327457104,-0.06284150327457104,1.0,True,True,False,100,-5.666599999999988,0.9267249684159348,-0.64,16.020850000000003,0.1929384920112447,0.20610421628241155,0.15000000782310963,0.7619642857142854
Reacher,3072,development,1.5,0.08,76.3333,77.0,0.027630897238850594,2.7806761264801025,0.009936754940902431,-0.009936754940902431,1.0,True,True,False,100,0.6667000000000058,1.0087340649493735,-0.05333333333333334,-5.229162499999999,-0.06182481069372947,-0.09244630901404427,-0.052500007674098015,-0.5663690476190477
Reacher,3072,development,1.5,0.16,76.3333,76.6667,0.055351562798023224,3.0086138248443604,0.018397696088791535,-0.018397696088791535,1.0,True,True,False,100,0.3334000000000117,1.0043676874968068,-0.10666666666666667,-5.645837500000001,-0.06659705716888309,-0.08885467449190387,-0.05125000141561031,-0.3604166666666667
Reacher,3072,development,1.5,0.32,76.3333,75.6667,0.10991930961608887,3.2539186477661133,0.033780595495695905,-0.033780595495695905,1.0,True,True,False,100,-0.6665999999999883,0.991267245094867,-0.21333333333333335,-2.1458249999999994,-0.024862053525461447,-0.027268852964347362,-0.0462499987334013,0.051488095238094944
Reacher,3072,development,1.5,0.64,76.3333,69.6667,0.2067265808582306,3.3659284114837646,0.06141740274479029,-0.06141740274479029,1.0,True,True,False,100,-6.666599999999988,0.9126645906832275,-0.4266666666666667,13.020824999999999,0.1532839213880739,0.2085698364702956,0.15000000782310963,0.8752976190476187
Reacher,3073,replication,0.1,0.08,81.6666666667,83.0,0.05504537373781204,2.891860246658325,0.01903458986353834,-0.01903458986353834,1.0,True,True,False,100,1.3333333333000041,1.01632653061183,-0.7999999999999999,16.166666666665627,0.1826787257836917,0.2111221077140435,0.09593751840293407,1.486964285714286
Reacher,3073,replication,0.1,0.16,81.6666666667,78.0,0.129742830991745,3.2151246070861816,0.040353904388585715,-0.040353904388585715,0.9899999499320984,True,True,False,100,-3.666666666699996,0.9551020408159367,-1.5999999999999999,11.750000000003125,0.12216808506122745,0.20344157150410663,0.08718747459352016,0.94625
Reacher,3073,replication,0.1,0.32,81.6666666667,60.3333333333,1.8181812763214111,3.269819974899292,0.5560493514256576,-0.5560493514256576,0.9199999570846558,False,False,False,100,-21.3333333334,0.738775510203372,-3.1999999999999997,-0.29166666669687835,0.0002809936893906073,-0.20421588238328026,0.03468749485909939,-0.13517857142857137
Reacher,3073,replication,0.1,0.64,81.6666666667,15.6666666667,2.6649394035339355,3.3216159343719482,0.802302089160053,-0.802302089160053,0.429999977350235,False,False,False,100,-66.0,0.19183673469420742,-6.3999999999999995,-27.624999999971877,-0.30512780453430954,-0.21034779683486993,-0.21781248785555363,-2.298035714285714
Reacher,3073,replication,0.2,0.08,53.3333333333,52.3333333333,0.08661432564258575,2.891860246658325,0.02995107586636405,-0.02995107586636405,1.0,True,True,False,100,-1.0,0.9812499999999883,-0.39999999999999997,3.916666666665625,0.10748739925333306,0.15859125530000856,0.1609374936670065,0.38696428571428587
Reacher,3073,replication,0.2,0.16,53.3333333333,49.3333333333,0.17891572415828705,3.2151246070861816,0.05564814619127177,-0.05564814619127177,1.0,True,True,False,100,-4.0,0.9249999999999531,-0.7999999999999999,1.5000000000031246,0.05195124832672693,0.14653296329021132,0.1621874999254942,0.24624999999999986
Reacher,3073,replication,0.2,0.32,53.3333333333,42.3333333333,0.8324716687202454,3.269819974899292,0.2545925081841501,-0.2545925081841501,0.949999988079071,True,False,True,100,-11.0,0.7937499999998711,-1.5999999999999999,0.1250000000031246,0.015140687567372857,0.05562659444701801,0.1296875011175871,-0.0351785714285715
Reacher,3073,replication,0.2,0.64,53.3333333333,19.3333333333,3.0262935161590576,3.3216159343719482,0.9110907389512116,-0.9110907389512116,0.12999999523162842,False,False,False,100,-34.0,0.3624999999996016,-3.1999999999999997,-5.541666666671874,-0.17457933514743207,-0.3607508130372378,-0.4528124947100878,-0.5980357142857144
Reacher,3073,replication,0.3,0.08,69.0,69.0,0.06171001121401787,2.891860246658325,0.02133920934987317,-0.02133920934987317,1.0,True,True,False,100,0.0,1.0,-0.26666666666666666,4.999999999990626,0.07422954901153156,0.0740295013714064,0.06593750230967999,0.020297619047619064
Reacher,3073,replication,0.3,0.16,69.0,63.0,0.12265191972255707,3.2151246070861816,0.038148418712055654,-0.038148418712055654,1.0,True,True,False,100,-6.0,0.9130434782608695,-0.5333333333333333,-0.41666666667187435,-0.012013123654169844,0.07085907032433444,0.06718750856816769,0.012916666666666576
Reacher,3073,replication,0.3,0.32,69.0,69.0,0.27882927656173706,3.269819974899292,0.08527358652836073,-0.08527358652836073,0.9899999499320984,True,True,False,100,0.0,1.0,-1.0666666666666667,11.208333333328126,0.1693828373256886,0.13177189565771436,0.07468747161328793,-0.0018452380952382885
Reacher,3073,replication,0.3,0.64,69.0,24.6666666667,2.437490701675415,3.3216159343719482,0.733826772822336,-0.733826772822336,0.4699999988079071,False,False,False,100,-44.333333333300004,0.3574879227057971,-2.1333333333333333,-15.791666666646877,-0.23159926268304987,-0.27666046735345523,-0.2078124824911356,-0.03136904761904802
Reacher,3073,replication,0.4,0.08,71.0,74.0,0.042321402579545975,2.891860246658325,0.014634663839115415,-0.014634663839115415,1.0,True,True,False,100,3.0,1.0422535211267605,-0.19999999999999998,-1.1666666666593741,-0.017762013892224315,-0.05556430449076283,-0.05906250514090061,-0.16303571428571428
Reacher,3073,replication,0.4,0.16,71.0,76.6666666667,0.08515435457229614,3.2151246070861816,0.026485553432241692,-0.026485553432241692,1.0,True,True,False,100,5.666666666699996,1.0798122065732394,-0.39999999999999997,2.083333333378121,0.02051052062768366,-0.05377641576877859,-0.05781249888241291,-0.10375000000000001
Reacher,3073,replication,0.4,0.32,71.0,67.3333333333,0.16778038442134857,3.269819974899292,0.051311810958802426,-0.051311810958802426,1.0,True,True,False,100,-3.666666666699996,0.9483568075112677,-0.7999999999999999,-1.6250000000218705,-0.016505439193560068,0.029435319854345665,-0.04031248576939106,0.01482142857142843
Reacher,3073,replication,0.4,0.64,71.0,52.3333333333,0.800385057926178,3.3216159343719482,0.24096255369075803,-0.24096255369075803,0.9599999785423279,True,True,False,100,-18.666666666700003,0.7370892018774647,-1.5999999999999999,0.7083333333031234,0.01375693245810139,0.07990540040519575,0.15718748979270458,0.2519642857142854
Reacher,3073,replication,0.5,0.08,77.0,80.6666666667,0.03364728018641472,2.891860246658325,0.011635168132794683,-0.011635168132794683,1.0,True,True,False,100,3.666666666699996,1.0476190476194804,-0.16,-0.49999999998437694,-0.016146258755243337,-0.08955814605673129,-0.06656249798834324,-0.27303571428571427
Reacher,3073,replication,0.5,0.16,77.0,75.6666666667,0.06540755927562714,3.2151246070861816,0.020343708959667667,-0.020343708959667667,1.0,True,True,False,100,-1.3333333333000041,0.9826839826844155,-0.32,-4.9166666666468775,-0.08036747461687921,-0.08462790856849377,-0.06531249172985554,-0.17375000000000007
Reacher,3073,replication,0.5,0.32,77.0,71.6666666667,0.13750103116035461,3.269819974899292,0.04205156009073238,-0.04205156009073238,1.0,True,True,False,100,-5.333333333300004,0.9307359307363636,-0.64,-3.2916666666468775,-0.03787608732420311,0.001702233450126489,-0.04781247861683369,0.02482142857142844
Reacher,3073,replication,0.5,0.64,77.0,66.3333333333,0.36999744176864624,3.3216159343719482,0.11139079564856598,-0.11139079564856598,0.9899999499320984,True,True,False,100,-10.666666666699996,0.8614718614714286,-1.28,8.708333333278132,0.13438982069632632,0.17248382117509858,0.17968746833503246,0.42196428571428535
Reacher,3073,replication,0.7,0.08,77.0,76.0,0.030972719192504883,2.891860246658325,0.010710309818150878,-0.010710309818150878,1.0,True,True,False,100,-1.0,0.987012987012987,-0.1142857142857143,-6.250000000009374,-0.09082158343089264,-0.09956367046505223,-0.06906251050531864,-0.39875000000000005
Reacher,3073,replication,0.7,0.16,77.0,76.3333333333,0.060971781611442566,3.2151246070861816,0.01896404931773402,-0.01896404931773402,1.0,True,True,False,100,-0.6666666666999959,0.9913419913415585,-0.2285714285714286,-5.33333333337187,-0.08577873002889203,-0.09417863164952486,-0.06781250424683094,-0.25375000000000014
Reacher,3073,replication,0.7,0.32,77.0,76.6666666667,0.1264873445034027,3.269819974899292,0.038683274759583185,-0.038683274759583185,1.0,True,True,False,100,-0.33333333330000414,0.9956709956714285,-0.4571428571428572,0.6250000000281215,0.01298971354170586,-0.005859863941689053,-0.05031249113380909,0.03624999999999989
Reacher,3073,replication,0.7,0.64,77.0,69.6666666667,0.24361418187618256,3.3216159343719482,0.07334206804443368,-0.07334206804443368,1.0,True,True,False,100,-7.333333333300004,0.9047619047623376,-0.9142857142857144,10.958333333353123,0.16361059991807947,0.19960216605626618,0.18718750588595867,0.6162499999999995
Reacher,3073,replication,1.0,0.08,26.0,26.3333333333,0.03311527520418167,2.891860246658325,0.011451201780047243,-0.011451201780047243,1.0,True,True,False,100,0.3333333333000006,1.0128205128192307,-0.08,-7.500000000034374,-0.10493247254295568,-0.09488604980416726,-0.05906249023973942,-0.4930357142857143
Reacher,3073,replication,1.0,0.16,26.0,29.3333333333,0.06696240603923798,3.2151246070861816,0.020827312848669025,-0.020827312848669025,1.0,True,True,False,100,3.3333333333000006,1.128205128203846,-0.16,-3.9166666666968744,0.011165991915088824,-0.09062338255767852,-0.05781248398125172,-0.3137500000000001
Reacher,3073,replication,1.0,0.32,26.0,23.6666666667,0.13995040953159332,3.269819974899292,0.042800646704075414,-0.042800646704075414,0.9899999499320984,True,True,False,100,-2.3333333333000006,0.9102564102576923,-0.32,-3.958333333296876,-0.1123432867903369,-0.0045587232633999275,-0.05031252093613148,0.044821428571428346
Reacher,3073,replication,1.0,0.64,26.0,25.6666666667,0.2932807207107544,3.3216159343719482,0.08829459109823544,-0.08829459109823544,0.9699999690055847,True,True,False,100,-0.3333333333000006,0.9871794871807692,-0.64,15.375000000028125,0.2061097674182043,0.19006815562524576,0.1671874951571226,0.7619642857142854
Reacher,3073,replication,1.5,0.08,78.3333333333,74.6666666667,0.027007704600691795,2.891860246658325,0.009339215002488594,-0.009339215002488594,1.0,True,True,False,100,-3.6666666666000083,0.9531914893625332,-0.05333333333333334,-9.666666666634379,-0.13473334542723858,-0.10417069356874492,-0.06906251050531864,-0.5663690476190477
Reacher,3073,replication,1.5,0.16,78.3333333333,83.0,0.05283917859196663,3.2151246070861816,0.016434566323030936,-0.016434566323030936,1.0,True,True,False,100,4.666666666699996,1.0595744680855572,-0.10666666666666667,-0.7499999999968754,-0.027636517630785562,-0.09762726657417675,-0.06781250424683094,-0.3604166666666667
Reacher,3073,replication,1.5,0.32,78.3333333333,75.3333333333,0.10053671896457672,3.269819974899292,0.030746866719374412,-0.030746866719374412,1.0,True,True,False,100,-3.0,0.9617021276595582,-0.21333333333333335,-2.7916666666968712,-0.031069418816056626,-0.0039015738208352524,-0.05031249113380909,0.051488095238094944
Reacher,3073,replication,1.5,0.64,78.3333333333,74.0,0.2035040557384491,3.3216159343719482,0.06126658221758792,-0.06126658221758792,1.0,True,True,False,100,-4.333333333300004,0.9446808510642317,-0.4266666666666667,13.208333333328126,0.19343928187408133,0.20569953396375695,0.18718750588595867,0.8752976190476187
Reacher,3074,replication,0.1,0.08,81.3333333333,80.3333333333,0.05415968596935272,2.7871716022491455,0.019431773029564392,-0.019431773029564392,1.0,True,True,False,100,-1.0,0.9877049180327818,-0.7999999999999999,15.302083333321876,0.1845680723497416,0.2832087675531644,0.19000001065433025,1.486964285714286
Reacher,3074,replication,0.1,0.16,81.3333333333,81.3333333333,0.11838466674089432,3.0034501552581787,0.039416224881786956,-0.039416224881786956,0.9899999499320984,True,True,False,100,0.0,1.0,-1.5999999999999999,16.677083333309376,0.2042834287722355,0.27582268016029265,0.18124996684491634,0.94625
Reacher,3074,replication,0.1,0.32,81.3333333333,61.3333333333,2.1009514331817627,3.026766061782837,0.6941241543934362,-0.6941241543934362,0.7599999904632568,False,False,False,100,-20.000000000000007,0.7540983606556368,-3.1999999999999997,-0.1979166666781289,-0.004592621029836819,-0.27457244780248047,-0.018749991431832314,-0.13517857142857137
Reacher,3074,replication,0.1,0.64,81.3333333333,10.6666666667,3.160554885864258,3.2216637134552,0.9810319036913372,-0.9810319036913372,0.19999998807907104,False,False,False,100,-70.66666666660001,0.13114754098407014,-6.3999999999999995,-31.781249999953133,-0.3842588800921404,-0.2844589999109768,-0.3524999860674143,-2.298035714285714
Reacher,3074,replication,0.2,0.08,82.6666666667,80.0,0.04936273396015167,2.7871716022491455,0.017710690622822704,-0.017710690622822704,0.9899999499320984,True,True,False,100,-2.666666666699996,0.9677419354834808,-0.39999999999999997,6.218749999996874,0.07034279471878957,0.10999998643002454,0.09499998204410076,0.38696428571428587
Reacher,3074,replication,0.2,0.16,82.6666666667,77.3333333333,0.10012497752904892,3.0034501552581787,0.03333665363274261,-0.03333665363274261,0.9899999499320984,True,True,False,100,-5.333333333399992,0.9354838709669616,-0.7999999999999999,3.9270833332843793,0.045505004657546144,0.10697238787945548,0.09624998830258846,0.24624999999999986
Reacher,3074,replication,0.2,0.32,82.6666666667,77.6666666667,0.219232439994812,3.026766061782837,0.07243124692156715,-0.07243124692156715,0.9899999499320984,True,True,False,100,-5.0,0.9395161290322824,-1.5999999999999999,7.385416666696871,0.08656285226515781,0.17219059613950707,0.12624998949468136,-0.0351785714285715
Reacher,3074,replication,0.2,0.64,82.6666666667,33.6666666667,2.9343106746673584,3.2216637134552,0.910806010699466,-0.910806010699466,0.3199999928474426,False,False,False,100,-48.99999999999999,0.4072580645163681,-3.1999999999999997,-17.531249999978122,-0.20241065164149352,-0.38916297044898707,-0.3174999598413706,-0.5980357142857144
Reacher,3074,replication,0.3,0.08,77.6666666667,76.0,0.04755191132426262,2.7871716022491455,0.01706099161095426,-0.01706099161095426,1.0,True,True,False,100,-1.6666666666999959,0.978540772531769,-0.26666666666666666,3.5520833333218764,0.046002146788459264,0.10439455731742817,0.06499999575316906,0.020297619047619064
Reacher,3074,replication,0.3,0.16,77.6666666667,77.6666666667,0.09572678804397583,3.0034501552581787,0.031872274582744685,-0.031872274582744685,1.0,True,True,False,100,0.0,1.0,-0.5333333333333333,5.593750000009374,0.07488164871196601,0.10218163880498857,0.06625000201165676,0.012916666666666576
Reacher,3074,replication,0.3,0.32,77.6666666667,72.6666666667,0.20282292366027832,3.026766061782837,0.06700977859544613,-0.06700977859544613,1.0,True,True,False,100,-5.0,0.9356223175965942,-1.0666666666666667,3.718750000021874,0.04752955585085106,0.1713569363411633,0.09625000320374966,-0.0018452380952382885
Reacher,3074,replication,0.3,0.64,77.6666666667,37.0,2.8779799938201904,3.2216637134552,0.8933210445895942,-0.8933210445895942,0.44999998807907104,False,False,False,100,-40.666666666699996,0.4763948497852033,-2.1333333333333333,-12.864583333353123,-0.16841335135127677,-0.37793313246358007,-0.22750000096857548,-0.03136904761904802
Reacher,3074,replication,0.4,0.08,79.6666666667,79.6666666667,0.03815225139260292,2.7871716022491455,0.01368851898527362,-0.01368851898527362,1.0,True,True,False,100,0.0,1.0,-0.19999999999999998,-2.7812499999781277,-0.03678198595301352,-0.0845664645635542,-0.06999999471008778,-0.16303571428571428
Reacher,3074,replication,0.4,0.16,79.6666666667,78.6666666667,0.07554948329925537,3.0034501552581787,0.02515423243065643,-0.02515423243065643,1.0,True,True,False,100,-1.0,0.9874476987447751,-0.39999999999999997,-3.406249999990626,-0.04191401275296269,-0.08343381354958615,-0.06874998845160007,-0.10375000000000001
Reacher,3074,replication,0.4,0.32,79.6666666667,78.0,0.1492488533258438,3.026766061782837,0.049309675832010846,-0.049309675832010846,1.0,True,True,False,100,-1.6666666666999959,0.9790794979075402,-0.7999999999999999,-0.9479166666781218,-0.013256624047906729,-0.003276455402064421,-0.03874998725950718,0.01482142857142843
Reacher,3074,replication,0.4,0.64,79.6666666667,67.0,0.4889766573905945,3.2216637134552,0.15177768410414635,-0.15177768410414635,0.9899999499320984,True,True,False,100,-12.666666666699996,0.8410041841000666,-1.5999999999999999,7.1354166666468775,0.09195262275388272,0.1712767335152047,0.17749997042119503,0.2519642857142854
Reacher,3074,replication,0.5,0.08,82.0,80.6666666667,0.03108733519911766,2.7871716022491455,0.01115372127573032,-0.01115372127573032,1.0,True,True,False,100,-1.3333333333000041,0.9837398373987805,-0.16,-6.94791666662813,-0.08896418141491802,-0.10379458842018421,-0.06749998219311237,-0.27303571428571427
Reacher,3074,replication,0.5,0.16,82.0,82.0,0.061656076461076736,3.0034501552581787,0.020528416745366877,-0.020528416745366877,1.0,True,True,False,100,0.0,1.0,-0.32,-5.239583333340624,-0.06528374435842277,-0.10057091943046992,-0.06624997593462467,-0.17375000000000007
Reacher,3074,replication,0.5,0.32,82.0,80.3333333333,0.11671888083219528,3.026766061782837,0.03856224050676883,-0.03856224050676883,0.9899999499320984,True,True,False,100,-1.6666666666999959,0.979674796747561,-0.64,-3.7812500000281197,-0.04858335806857095,-0.014291941642995742,-0.04625002481043339,0.02482142857142844
Reacher,3074,replication,0.5,0.64,82.0,81.0,0.2662191092967987,3.2216637134552,0.08263404655952794,-0.08263404655952794,0.9899999499320984,True,True,False,100,-1.0,0.9878048780487805,-1.28,15.968749999996875,0.20283128384191162,0.21865744949364982,0.17999998293817043,0.42196428571428535
Reacher,3074,replication,0.7,0.08,57.6666666667,61.6666666667,0.03590039908885956,2.7871716022491455,0.012880584410335284,-0.012880584410335284,1.0,True,True,False,100,4.0,1.069364161849671,-0.1142857142857143,-1.947916666653125,-0.003974285273490752,-0.09459158419841654,-0.06749999709427357,-0.39875000000000005
Reacher,3074,replication,0.7,0.16,57.6666666667,56.6666666667,0.07522265613079071,3.0034501552581787,0.025045415186630428,-0.025045415186630428,1.0,True,True,False,100,-1.0,0.9826589595375823,-0.2285714285714286,-6.572916666665623,-0.08325921313030371,-0.09415805051536083,-0.06624999083578587,-0.25375000000000014
Reacher,3074,replication,0.7,0.32,57.6666666667,60.0,0.16117426753044128,3.026766061782837,0.05324966126900003,-0.05324966126900003,1.0,True,True,False,100,2.333333333299997,1.0404624277450634,-0.4571428571428572,-0.1145833333531261,0.011569844619468195,-0.018049495048854308,-0.03624998964369297,0.03624999999999989
Reacher,3074,replication,0.7,0.64,57.6666666667,49.6666666667,0.3396349847316742,3.2216637134552,0.1054222336469188,-0.1054222336469188,0.9799999594688416,True,True,False,100,-8.0,0.8612716763006583,-0.9142857142857144,8.635416666671876,0.07566365378432616,0.20679912976263157,0.1699999775737524,0.6162499999999995
Reacher,3074,replication,1.0,0.08,79.3333333333,76.3333333333,0.02422412484884262,2.7871716022491455,0.008691292932697305,-0.008691292932697305,1.0,True,True,False,100,-3.0,0.962184873949564,-0.08,-7.6145833333531225,-0.0975041827820452,-0.1082195891569445,-0.07250000722706318,-0.4930357142857143
Reacher,3074,replication,1.0,0.16,79.3333333333,76.6666666667,0.049661990255117416,3.0034501552581787,0.01653498066820704,-0.01653498066820704,1.0,True,True,False,100,-2.6666666666000083,0.9663865546226749,-0.16,-6.906249999965629,-0.0858822276536585,-0.1034649124331034,-0.07125000096857548,-0.3137500000000001
Reacher,3074,replication,1.0,0.32,79.3333333333,78.0,0.10068757086992264,3.026766061782837,0.033265726129694764,-0.033265726129694764,1.0,True,True,False,100,-1.3333333333000041,0.9831932773113374,-0.32,-2.447916666653125,-0.03204991542270508,-0.015882856345714985,-0.04124999977648258,0.044821428571428346
Reacher,3074,replication,1.0,0.64,79.3333333333,78.3333333333,0.21532540023326874,3.2216637134552,0.0668367090376216,-0.0668367090376216,1.0,True,True,False,100,-1.0,0.987394957983188,-0.64,16.968749999971877,0.21543632585840855,0.22756735793576285,0.18500000797212124,0.7619642857142854
Reacher,3074,replication,1.5,0.08,74.3333333333,75.3333333333,0.029998980462551117,2.7871716022491455,0.010763234111004516,-0.010763234111004516,1.0,True,True,False,100,1.0,1.0134529147982123,-0.05333333333333334,-5.7812500000281215,-0.07368837843352294,-0.10643108496151767,-0.07250000722706318,-0.5663690476190477
Reacher,3074,replication,1.5,0.16,74.3333333333,76.6666666667,0.060908541083335876,3.0034501552581787,0.020279524525054132,-0.020279524525054132,1.0,True,True,False,100,2.3333333333999917,1.031390134530059,-0.10666666666666667,-4.072916666640628,-0.04833088424640064,-0.10334901091621644,-0.07125000096857548,-0.3604166666666667
Reacher,3074,replication,1.5,0.32,74.3333333333,74.0,0.11718927323818207,3.026766061782837,0.03871765139627435,-0.03871765139627435,1.0,True,True,False,100,-0.33333333330000414,0.995515695067711,-0.21333333333333335,-3.614583333328124,-0.04717973416645771,-0.01747433623856051,-0.04124999977648258,0.051488095238094944
Reacher,3074,replication,1.5,0.64,74.3333333333,72.0,0.22877059876918793,3.2216637134552,0.07101008023082393,-0.07101008023082393,1.0,True,True,False,100,-2.333333333300004,0.9686098654712864,-0.4266666666666667,13.468749999996875,0.16919899684638073,0.22725443211629456,0.18500000797212124,0.8752976190476187
Cube,3072,diagnostic_blind_holdout,0.1,0.08,63.0,61.6667,0.08118949830532074,2.759199857711792,0.02942501540017159,-0.02942501540017159,1.0,True,True,False,100,-1.3333000000000013,0.9788365079365079,-0.7999999999999999,7.520843749999997,0.1182294202847175,0.3498131765241448,0.36749999632593244,1.486964285714286
Cube,3072,diagnostic_blind_holdout,0.1,0.16,63.0,64.6667,0.29073694348335266,2.9884378910064697,0.09728726314115767,-0.09728726314115767,1.0,True,True,False,100,1.6667000000000058,1.0264555555555557,-1.5999999999999999,10.229181250000003,0.1619312202867329,0.29848812277313025,0.36749999632593244,0.94625
Cube,3072,diagnostic_blind_holdout,0.1,0.32,63.0,46.0,2.55637788772583,3.024399757385254,0.8452513201945062,-0.8452513201945062,0.14999999105930328,False,False,False,100,-17.0,0.7301587301587301,-3.1999999999999997,-5.895843750000001,-0.09351149403951808,-0.336262553928879,-0.3762500114971772,-0.13517857142857137
Cube,3072,diagnostic_blind_holdout,0.1,0.64,63.0,38.0,2.884063243865967,3.036259412765503,0.9498737926477395,-0.9498737926477395,0.05999999865889549,False,False,False,100,-25.0,0.6031746031746031,-6.3999999999999995,-11.85418125,-0.186649146531932,-0.3120387453683962,-0.3587499811546877,-2.298035714285714
Cube,3072,diagnostic_blind_holdout,0.2,0.08,56.3333,55.6667,0.04636463150382042,2.759199857711792,0.016803651020144177,-0.016803651020144177,1.0,True,True,False,100,-0.6666000000000025,0.9881668569034656,-0.39999999999999997,0.4375187499999995,0.009552684929365562,0.07439329947688826,0.0974999958416447,0.38696428571428587
Cube,3072,diagnostic_blind_holdout,0.2,0.16,56.3333,56.0,0.09625954180955887,2.9884378910064697,0.03221065497102897,-0.03221065497102897,1.0,True,True,False,100,-0.33330000000000126,0.9940834284517328,-0.7999999999999999,0.47915624999999973,0.011552008860600371,0.07552348951597497,0.0974999958416447,0.24624999999999986
Cube,3072,diagnostic_blind_holdout,0.2,0.32,56.3333,56.3333,0.27295178174972534,3.024399757385254,0.09024990201219495,-0.09024990201219495,1.0,True,True,False,100,0.0,1.0,-1.5999999999999999,3.354131250000002,0.058322691479442024,0.13069762282614827,0.2037499969592318,-0.0351785714285715
Cube,3072,diagnostic_blind_holdout,0.2,0.64,56.3333,46.6667,1.9140828847885132,3.036259412765503,0.6304082176710709,-0.6304082176710709,0.28999999165534973,False,False,False,100,-9.666600000000003,0.828403448759437,-3.1999999999999997,-4.270806250000001,-0.07942738526940762,-0.2806144118190116,-0.3987499886425212,-0.5980357142857144
Cube,3072,diagnostic_blind_holdout,0.3,0.08,56.0,56.3333,0.040178775787353516,2.759199857711792,0.014561749006711614,-0.014561749006711614,1.0,True,True,False,100,0.33330000000000126,1.0059517857142857,-0.26666666666666666,-1.3125312499999986,-0.021486899159727013,-0.023459777661309578,-0.07249999849591404,0.020297619047619064
Cube,3072,diagnostic_blind_holdout,0.3,0.16,56.0,58.0,0.08127898722887039,2.9884378910064697,0.02719781711825927,-0.02719781711825927,1.0,True,True,False,100,2.0,1.0357142857142858,-0.5333333333333333,0.0625062499999991,0.004358353223240741,-0.01955865178288571,-0.07249999849591404,0.012916666666666576
Cube,3072,diagnostic_blind_holdout,0.3,0.32,56.0,55.6667,0.16954317688941956,3.024399757385254,0.05605845473152603,-0.05605845473152603,1.0,True,True,False,100,-0.33330000000000126,0.9940482142857142,-1.0666666666666667,0.2708812499999984,0.0035463928652436083,0.0647940909551868,0.03375000262167305,-0.0018452380952382885
Cube,3072,diagnostic_blind_holdout,0.3,0.64,56.0,54.3333,0.8242669701576233,3.036259412765503,0.27147448821142056,-0.27147448821142056,0.9699999690055847,True,True,False,100,-1.6666999999999987,0.9702375,-2.1333333333333333,0.9791437500000011,0.013582153071242664,-0.021775661510991598,0.11124999437015504,-0.03136904761904802
Cube,3072,diagnostic_blind_holdout,0.4,0.08,57.0,57.6667,0.029694369062781334,2.759199857711792,0.010761949330994426,-0.010761949330994426,1.0,True,True,False,100,0.6666999999999987,1.0116964912280701,-0.19999999999999998,-1.7291312500000011,-0.028873984059476276,-0.06891888679010708,-0.07749999372754246,-0.16303571428571428
Cube,3072,diagnostic_blind_holdout,0.4,0.16,57.0,58.3333,0.05954524874687195,2.9884378910064697,0.019925208727298607,-0.019925208727298607,1.0,True,True,False,100,1.3333000000000013,1.0233912280701754,-0.39999999999999997,-1.3541937499999996,-0.021096494834403456,-0.06154495219643974,-0.07749999372754246,-0.10375000000000001
Cube,3072,diagnostic_blind_holdout,0.4,0.32,57.0,58.3333,0.11076129227876663,3.024399757385254,0.03662257015075459,-0.03662257015075459,1.0,True,True,False,100,1.3333000000000013,1.0233912280701754,-0.7999999999999999,1.187481250000001,0.019757616236171005,0.034971066731443554,0.02875000739004463,0.01482142857142843
Cube,3072,diagnostic_blind_holdout,0.4,0.64,57.0,57.0,0.31864675879478455,3.036259412765503,0.10494714564081101,-0.10494714564081101,0.9899999499320984,True,True,False,100,0.0,1.0,-1.5999999999999999,1.8958437499999998,0.03021286265770895,0.09549277225510326,0.1262499800650403,0.2519642857142854
Cube,3072,diagnostic_blind_holdout,0.5,0.08,55.6667,55.6667,0.026297552511096,2.759199857711792,0.009530861795892015,-0.009530861795892015,1.0,True,True,False,100,0.0,1.0,-0.16,-1.9791562500000002,-0.03343546450249146,-0.0783181026809229,-0.08000000624451786,-0.27303571428571427
Cube,3072,diagnostic_blind_holdout,0.5,0.16,55.6667,55.0,0.05175771564245224,2.9884378910064697,0.01731932117385276,-0.01731932117385276,1.0,True,True,False,100,-0.6666999999999987,0.9880233604650537,-0.32,-2.9375187499999997,-0.049329351654470166,-0.06956936806891212,-0.08000000624451786,-0.17375000000000007
Cube,3072,diagnostic_blind_holdout,0.5,0.32,55.6667,56.6667,0.09759849309921265,3.024399757385254,0.03227036798322966,-0.03227036798322966,1.0,True,True,False,100,1.0,1.0179640610993645,-0.64,1.2708562499999994,0.021465460050415164,0.028692965473050266,0.026249994873069227,0.02482142857142844
Cube,3072,diagnostic_blind_holdout,0.5,0.64,55.6667,57.0,0.21440578997135162,3.036259412765503,0.0706151091932113,-0.0706151091932113,1.0,True,True,False,100,1.3333000000000013,1.0239514826637828,-1.28,3.645818750000001,0.06129935610654669,0.11919450527678473,0.1337500176159665,0.42196428571428535
Cube,3072,diagnostic_blind_holdout,0.7,0.08,54.6667,56.3333,0.02342703379690647,2.759199857711792,0.008490517180707069,-0.008490517180707069,1.0,True,True,False,100,1.6666000000000025,1.0304865667764838,-0.1142857142857143,-1.0625312499999986,-0.016804859875854783,-0.08299998713505267,-0.07749999372754246,-0.39875000000000005
Cube,3072,diagnostic_blind_holdout,0.7,0.16,54.6667,55.0,0.045128095895051956,2.9884378910064697,0.015100898041368816,-0.015100898041368816,1.0,True,True,False,100,0.33330000000000126,1.0060969475018613,-0.2285714285714286,-2.6874937500000007,-0.04511172676750963,-0.0730731740057429,-0.07749999372754246,-0.25375000000000014
Cube,3072,diagnostic_blind_holdout,0.7,0.32,54.6667,55.3333,0.08389940112829208,3.024399757385254,0.02774084375698646,-0.02774084375698646,1.0,True,True,False,100,0.6666000000000025,1.0121938950037226,-0.4571428571428572,0.18748125000000093,0.0018393318049261254,0.02750026062997875,0.02875000739004463,0.03624999999999989
Cube,3072,diagnostic_blind_holdout,0.7,0.64,54.6667,56.6667,0.16855637729167938,3.036259412765503,0.055514484889864504,-0.055514484889864504,0.9899999499320984,True,True,False,100,2.0,1.0365853435455221,-0.9142857142857144,3.562543749999999,0.060077254838438954,0.12857290051081682,0.1262499800650403,0.6162499999999995
Cube,3072,diagnostic_blind_holdout,1.0,0.08,52.6667,52.3333,0.021273929625749588,2.759199857711792,0.007710180749064001,-0.007710180749064001,1.0,True,True,False,100,-0.3333999999999975,0.9936696242597315,-0.08,-2.3125312499999984,-0.04019171044482572,-0.08580606643874486,-0.08000000624451786,-0.4930357142857143
Cube,3072,diagnostic_blind_holdout,1.0,0.16,52.6667,55.0,0.04208933934569359,2.9884378910064697,0.014084060261837467,-0.014084060261837467,1.0,True,True,False,100,2.3333000000000013,1.0443031365170021,-0.16,0.0625062499999991,0.006524554195412424,-0.07564275196154681,-0.08000000624451786,-0.3137500000000001
Cube,3072,diagnostic_blind_holdout,1.0,0.32,52.6667,51.6667,0.0810757502913475,3.024399757385254,0.026807220207371522,-0.026807220207371522,1.0,True,True,False,100,-1.0,0.9810126702451454,-0.32,-0.7291187500000016,-0.015911801005869863,0.024847468444258405,0.026249994873069227,0.044821428571428346
Cube,3072,diagnostic_blind_holdout,1.0,0.64,52.6667,53.3333,0.133290633559227,3.036259412765503,0.043899619709312804,-0.043899619709312804,1.0,True,True,False,100,0.6666000000000025,1.0126569540145862,-0.64,2.9791437500000013,0.04957895725528427,0.13660134995603324,0.1337500176159665,0.7619642857142854
Cube,3072,diagnostic_blind_holdout,1.5,0.08,51.3333,54.6667,0.02020704187452793,2.759199857711792,0.007323515119084435,-0.007323515119084435,1.0,True,True,False,100,3.3333999999999975,1.0649364058028608,-0.05333333333333334,0.4375187499999995,0.013010812828293306,-0.08470365529489604,-0.07749999372754246,-0.5663690476190477
Cube,3072,diagnostic_blind_holdout,1.5,0.16,51.3333,50.6667,0.04117998108267784,2.9884378910064697,0.013779768087737947,-0.013779768087737947,1.0,True,True,False,100,-0.6666000000000025,0.9870142772819982,-0.10666666666666667,-3.8541437500000013,-0.06882856330960152,-0.07462271427357803,-0.07749999372754246,-0.3604166666666667
Cube,3072,diagnostic_blind_holdout,1.5,0.32,51.3333,52.3333,0.08350777626037598,3.024399757385254,0.027611355296686263,-0.027611355296686263,1.0,True,True,False,100,1.0,1.0194805321302156,-0.21333333333333335,0.35413125000000156,0.004491802609190243,0.024759078868812914,0.02875000739004463,0.051488095238094944
Cube,3072,diagnostic_blind_holdout,1.5,0.64,51.3333,53.0,0.14163975417613983,3.036259412765503,0.046649424479554176,-0.046649424479554176,0.9899999499320984,True,True,False,100,1.6666999999999987,1.0324682029014305,-0.4266666666666667,3.0624937500000007,0.051325947872118416,0.1345672906996611,0.1262499800650403,0.8752976190476187
Cube,3073,replication,0.1,0.08,60.6666666667,63.0,0.08229969441890717,2.816678524017334,0.029218703418637165,-0.029218703418637165,1.0,True,True,False,100,2.333333333299997,1.038461538460968,-0.7999999999999999,6.239583333324999,0.10150386963069857,0.3607506219101698,0.36374999763211235,1.486964285714286
Cube,3073,replication,0.1,0.16,60.6666666667,63.6666666667,0.29099440574645996,2.9086010456085205,0.10004617380778663,-0.10004617380778663,1.0,True,True,False,100,3.0,1.0494505494505222,-1.5999999999999999,7.4895833333625035,0.12340155611528425,0.3073009353294832,0.36374999763211235,0.94625
Cube,3073,replication,0.1,0.32,60.6666666667,49.6666666667,2.5260753631591797,2.924450635910034,0.8637777407287685,-0.8637777407287685,0.17999999225139618,False,False,False,100,-11.0,0.8186813186814184,-3.1999999999999997,-5.218749999974998,-0.08689499447809312,-0.3417760350527817,-0.353750009147916,-0.13517857142857137
Cube,3073,replication,0.1,0.64,60.6666666667,43.3333333333,2.935208559036255,2.9440970420837402,0.9969809136993683,-0.9969809136993683,0.029999999329447746,False,False,False,100,-17.333333333400006,0.7142857142847723,-6.3999999999999995,-8.510416666712505,-0.1380104312678897,-0.3262755221868712,-0.3737499861163087,-2.298035714285714
Cube,3073,replication,0.2,0.08,55.6666666667,56.3333333333,0.047412365674972534,2.816678524017334,0.016832721686445732,-0.016832721686445732,1.0,True,True,False,100,0.6666666665999941,1.0119760479029867,-0.39999999999999997,-0.7604166666750007,-0.012276810766699175,0.0923526251663777,0.126249996421393,0.38696428571428587
Cube,3073,replication,0.2,0.16,55.6666666667,58.3333333333,0.09759709239006042,2.9086010456085205,0.03355465079592644,-0.03355465079592644,1.0,True,True,False,100,2.666666666599994,1.04790419161554,-0.7999999999999999,1.8229166666624996,0.03456000844088558,0.09300847986535986,0.126249996421393,0.24624999999999986
Cube,3073,replication,0.2,0.32,55.6666666667,58.0,0.25415995717048645,2.924450635910034,0.0869086159463918,-0.0869086159463918,1.0,True,True,False,100,2.333333333299997,1.0419161676640467,-1.5999999999999999,2.7812500000250022,0.04904466466511881,0.15430911125361146,0.22874999738996848,-0.0351785714285715
Cube,3073,replication,0.2,0.64,55.6666666667,48.3333333333,2.1479885578155518,2.9440970420837402,0.7295916293218624,-0.7295916293218624,0.1599999964237213,False,False,False,100,-7.333333333400006,0.8682634730527734,-3.1999999999999997,-3.843750000012501,-0.07132786233930533,-0.3396702162853489,-0.4812499902327545,-0.5980357142857144
Cube,3073,replication,0.3,0.08,56.6666666667,56.6666666667,0.03627069666981697,2.816678524017334,0.012877116206390957,-0.012877116206390957,1.0,True,True,False,100,0.0,1.0,-0.26666666666666666,-0.677083333299997,-0.011149653316155361,-0.02688843350718552,-0.07624999672407284,0.020297619047619064
Cube,3073,replication,0.3,0.16,56.6666666667,56.3333333333,0.07523436099290848,2.9086010456085205,0.025866167210006067,-0.025866167210006067,1.0,True,True,False,100,-0.3333333334000059,0.9941176470576504,-0.5333333333333333,-0.4270833333625026,-0.0061233307634736,-0.022499700702337727,-0.07624999672407284,0.012916666666666576
Cube,3073,replication,0.3,0.32,56.6666666667,55.3333333333,0.1537894904613495,2.924450635910034,0.05258748038791671,-0.05258748038791671,1.0,True,True,False,100,-1.333333333400006,0.9764705882341314,-1.0666666666666667,-0.13541666670000296,-0.0032977094112660588,0.06543358265846853,0.026250004244502634,-0.0018452380952382885
Cube,3073,replication,0.3,0.64,56.6666666667,53.6666666667,0.8325029015541077,2.9440970420837402,0.28277019733184067,-0.28277019733184067,0.9699999690055847,True,True,False,100,-3.0,0.9470588235294429,-2.1333333333333333,1.2395833333625026,0.020570693490894798,-0.016045448448945163,0.12624998920364305,-0.03136904761904802
Cube,3073,replication,0.4,0.08,54.0,57.6666666667,0.029685087502002716,2.816678524017334,0.010539039953932646,-0.010539039953932646,1.0,True,True,False,100,3.666666666700003,1.0679012345685186,-0.19999999999999998,-0.8437499999749978,-0.013219370091867577,-0.07051417109958369,-0.08124999195570126,-0.16303571428571428
Cube,3073,replication,0.4,0.16,54.0,55.0,0.059061430394649506,2.9086010456085205,0.020305786001081842,-0.020305786001081842,1.0,True,True,False,100,1.0,1.0185185185185186,-0.39999999999999997,-2.9270833333375004,-0.05169341064683619,-0.06290313333826998,-0.08124999195570126,-0.10375000000000001
Cube,3073,replication,0.4,0.32,54.0,56.3333333333,0.12159651517868042,2.924450635910034,0.04157926746499582,-0.04157926746499582,1.0,True,True,False,100,2.333333333299997,1.0432098765425926,-0.7999999999999999,-0.3020833333750037,-0.006529372447035664,0.030477981736532947,0.021250009012874216,0.01482142857142843
Cube,3073,replication,0.4,0.64,54.0,57.6666666667,0.3468782603740692,2.9440970420837402,0.11782161233671821,-0.11782161233671821,0.9899999499320984,True,True,False,100,3.666666666700003,1.0679012345685186,-1.5999999999999999,4.072916666687502,0.07144215318573965,0.10293932270132082,0.1412499748985283,0.2519642857142854
Cube,3073,replication,0.5,0.08,55.3333333333,57.3333333333,0.029769204556941986,2.816678524017334,0.01056890387138791,-0.01056890387138791,1.0,True,True,False,100,2.0,1.0361445783132748,-0.16,0.23958333329999704,0.00591271379820979,-0.07915048460395593,-0.08124999195570126,-0.27303571428571427
Cube,3073,replication,0.5,0.16,55.3333333333,54.0,0.058124154806137085,2.9086010456085205,0.01998354325489032,-0.01998354325489032,1.0,True,True,False,100,-1.333333333299997,0.9759036144584192,-0.32,-2.5104166666624996,-0.04341957456161427,-0.07118734017899545,-0.08124999195570126,-0.17375000000000007
Cube,3073,replication,0.5,0.32,55.3333333333,56.0,0.114619180560112,2.924450635910034,0.03919340581532663,-0.03919340581532663,1.0,True,True,False,100,0.666666666700003,1.012048192771694,-0.64,0.78125,0.01319768392738696,0.024257393799285168,0.021250009012874216,0.02482142857142844
Cube,3073,replication,0.5,0.64,55.3333333333,53.6666666667,0.25341036915779114,2.9440970420837402,0.08607405446745572,-0.08607405446745572,0.9899999499320984,True,True,False,100,-1.666666666599994,0.9698795180734759,-1.28,1.4895833333625026,0.024309176836018187,0.12608043098366634,0.1412499748985283,0.42196428571428535
Cube,3073,replication,0.7,0.08,58.0,57.0,0.02292320318520069,2.816678524017334,0.008138381071797323,-0.008138381071797323,1.0,True,True,False,100,-1.0,0.9827586206896551,-0.1142857142857143,-1.7604166666499985,-0.030301107001366456,-0.08988792091613321,-0.08375000447267666,-0.39875000000000005
Cube,3073,replication,0.7,0.16,58.0,57.3333333333,0.044127583503723145,2.9086010456085205,0.015171411552075211,-0.015171411552075211,1.0,True,True,False,100,-0.666666666700003,0.988505747125862,-0.2285714285714286,-0.8437500000125011,-0.013645305070128066,-0.07954316758794819,-0.08375000447267666,-0.25375000000000014
Cube,3073,replication,0.7,0.32,58.0,58.0,0.0818290263414383,2.924450635910034,0.02798099080102087,-0.02798099080102087,1.0,True,True,False,100,0.0,1.0,-0.4571428571428572,1.1145833333500015,0.018321627979736466,0.02230184970182307,0.018749996495898813,0.03624999999999989
Cube,3073,replication,0.7,0.64,58.0,55.3333333333,0.1526728868484497,2.9440970420837402,0.051857287537095786,-0.051857287537095786,1.0,True,True,False,100,-2.666666666700003,0.9540229885051723,-0.9142857142857144,1.4895833333124981,0.025624784091758057,0.14712923880225842,0.14875001244945452,0.6162499999999995
Cube,3073,replication,1.0,0.08,54.6666666667,55.3333333333,0.018403232097625732,2.816678524017334,0.0065336643641454055,-0.0065336643641454055,1.0,True,True,False,100,0.6666666665999941,1.0121951219499925,-0.08,-1.84375,-0.03173788861084914,-0.0934048215482727,-0.08375000447267666,-0.4930357142857143
Cube,3073,replication,1.0,0.16,54.6666666667,54.3333333333,0.036535341292619705,2.9086010456085205,0.012561138746677442,-0.012561138746677442,1.0,True,True,False,100,-0.3333333334000059,0.9939024390231743,-0.16,-2.2604166666624996,-0.03912189604263594,-0.08205451212234184,-0.08375000447267666,-0.3137500000000001
Cube,3073,replication,1.0,0.32,54.6666666667,55.3333333333,0.06593021005392075,2.924450635910034,0.022544476984616462,-0.022544476984616462,1.0,True,True,False,100,0.6666666665999941,1.0121951219499925,-0.32,0.03125,-0.0003565329400911921,0.02261674617843605,0.018749996495898813,0.044821428571428346
Cube,3073,replication,1.0,0.64,54.6666666667,56.3333333333,0.12077369540929794,2.9440970420837402,0.04102232150738417,-0.04102232150738417,1.0,True,True,False,100,1.666666666599994,1.0304878048768105,-0.64,4.0729166666625,0.07121631759357605,0.1528425874921786,0.14875001244945452,0.7619642857142854
Cube,3073,replication,1.5,0.08,54.3333333333,54.3333333333,0.01944141276180744,2.816678524017334,0.006902247663705266,-0.006902247663705266,1.0,True,True,False,100,0.0,1.0,-0.05333333333333334,-0.5937500000250022,-0.008731753641969986,-0.09325741540141635,-0.08375000447267666,-0.5663690476190477
Cube,3073,replication,1.5,0.16,54.3333333333,54.0,0.03823116794228554,2.9086010456085205,0.013144177335701616,-0.013144177335701616,1.0,True,True,False,100,-0.33333333329999704,0.9938650306754564,-0.10666666666666667,-0.3437499999874989,-0.003958047471482207,-0.08212156126494981,-0.08375000447267666,-0.3604166666666667
Cube,3073,replication,1.5,0.32,54.3333333333,54.0,0.0681333914399147,2.924450635910034,0.023297842884844207,-0.023297842884844207,1.0,True,True,False,100,-0.33333333329999704,0.9938650306754564,-0.21333333333333335,0.9479166666750007,0.01651463270424436,0.022379369724624523,0.018749996495898813,0.051488095238094944
Cube,3073,replication,1.5,0.64,54.3333333333,50.0,0.1218305379152298,2.9440970420837402,0.041381291504237215,-0.041381291504237215,1.0,True,True,False,100,-4.333333333299997,0.9202453987735707,-0.4266666666666667,-0.01041666666249963,-0.003824831590792055,0.15299960694174175,0.14875001244945452,0.8752976190476187
Cube,3074,replication,0.1,0.08,62.6666666667,62.3333333333,0.08026505261659622,2.925111770629883,0.027439995087542326,-0.027439995087542326,1.0,True,True,False,100,-0.3333333334000059,0.9946808510627687,-0.7999999999999999,6.124999999981249,0.09534165530933214,0.3026331249122014,0.33749999734573066,1.486964285714286
Cube,3074,replication,0.1,0.16,62.6666666667,63.3333333333,0.3409355878829956,3.0241281986236572,0.11273847055761803,-0.11273847055761803,1.0,True,True,False,100,0.6666666665999941,1.010638297871271,-1.5999999999999999,7.749999999981249,0.12294016354840054,0.2363545012934186,0.33749999734573066,0.94625
Cube,3074,replication,0.1,0.32,62.6666666667,49.0,2.4122517108917236,3.033442497253418,0.7952191983450678,-0.7952191983450678,0.1599999964237213,False,False,False,100,-13.666666666700003,0.7819148936166054,-3.1999999999999997,-4.1666666666562495,-0.06587505736915378,-0.34123888115592593,-0.3975000057835132,-0.13517857142857137
Cube,3074,replication,0.1,0.64,62.6666666667,40.6666666667,2.462010622024536,3.1347830295562744,0.7853846977004438,-0.7853846977004438,0.1599999964237213,False,False,False,100,-22.0,0.6489361702129527,-6.3999999999999995,-9.708333333306246,-0.15240676148857846,-0.19774874504969428,-0.27749998890794814,-2.298035714285714
Cube,3074,replication,0.2,0.08,57.3333333333,57.0,0.04743101820349693,2.925111770629883,0.016215113104304835,-0.016215113104304835,1.0,True,True,False,100,-0.33333333329999704,0.994186046512206,-0.39999999999999997,1.3750000000062506,0.025110334181686733,0.11345119922340854,0.1449999965261668,0.38696428571428587
Cube,3074,replication,0.2,0.16,57.3333333333,56.0,0.0946674719452858,3.0241281986236572,0.03130405383884549,-0.03130405383884549,1.0,True,True,False,100,-1.333333333299997,0.9767441860470796,-0.7999999999999999,1.0000000000062506,0.019309535147126522,0.11738211034016088,0.1449999965261668,0.24624999999999986
Cube,3074,replication,0.2,0.32,57.3333333333,57.0,0.28547555208206177,3.033442497253418,0.09410943254752349,-0.09410943254752349,1.0,True,True,False,100,-0.33333333329999704,0.994186046512206,-1.5999999999999999,4.41666666666875,0.07665957894936415,0.15946407696958817,0.24999999697320163,-0.0351785714285715
Cube,3074,replication,0.2,0.64,57.3333333333,43.0,2.4373769760131836,3.1347830295562744,0.7775265315118769,-0.7775265315118769,0.08999999612569809,False,False,False,100,-14.333333333299997,0.7500000000004361,-3.1999999999999997,-6.791666666681252,-0.12107944827817763,-0.3902973865331576,-0.5399999900255352,-0.5980357142857144
Cube,3074,replication,0.3,0.08,57.6666666667,58.0,0.03586830198764801,2.925111770629883,0.012262198780843257,-0.012262198780843257,1.0,True,True,False,100,0.33333333329999704,1.0057803468202278,-0.26666666666666666,-1.1249999999937494,-0.018620341984515232,-0.027154826440187158,-0.07499999669380486,0.020297619047619064
Cube,3074,replication,0.3,0.16,57.6666666667,57.3333333333,0.07273051887750626,3.0241281986236572,0.02405007794001835,-0.02405007794001835,1.0,True,True,False,100,-0.3333333334000059,0.994219653178038,-0.5333333333333333,-1.1666666666937524,-0.018539974196138842,-0.019922853748069264,-0.07499999669380486,0.012916666666666576
Cube,3074,replication,0.3,0.32,57.6666666667,58.0,0.14472435414791107,3.033442497253418,0.047709608564839925,-0.047709608564839925,1.0,True,True,False,100,0.33333333329999704,1.0057803468202278,-1.0666666666666667,1.9166666666687502,0.032928902783162184,0.0613049609652144,0.030000003753229976,-0.0018452380952382885
Cube,3074,replication,0.3,0.64,57.6666666667,53.6666666667,0.8053178787231445,3.1347830295562744,0.25689748576862004,-0.25689748576862004,0.9699999690055847,True,True,False,100,-4.0,0.9306358381503291,-2.1333333333333333,0.37500000001875167,0.004231413397491557,-0.014227280776958062,0.11999998963437974,-0.03136904761904802
Cube,3074,replication,0.4,0.08,54.6666666667,56.0,0.033158522099256516,2.925111770629883,0.011335813705373822,-0.011335813705373822,1.0,True,True,False,100,1.333333333299997,1.0243902439018144,-0.19999999999999998,-2.54166666666875,-0.043345423050492604,-0.059993426701993535,-0.07999999192543328,-0.16303571428571428
Cube,3074,replication,0.4,0.16,54.6666666667,56.6666666667,0.06693165004253387,3.0241281986236572,0.022132543875949387,-0.022132543875949387,1.0,True,True,False,100,2.0,1.0365853658536361,-0.39999999999999997,-1.2499999999687472,-0.019509239668104694,-0.051770305021276115,-0.07999999192543328,-0.10375000000000001
Cube,3074,replication,0.4,0.32,54.6666666667,56.3333333333,0.12906301021575928,3.033442497253418,0.04254671395044321,-0.04254671395044321,1.0,True,True,False,100,1.666666666599994,1.0304878048768105,-0.7999999999999999,0.8333333332937465,0.014301382692180842,0.032702870242335313,0.025000008521601558,0.01482142857142843
Cube,3074,replication,0.4,0.64,54.6666666667,55.6666666667,0.40703389048576355,3.1347830295562744,0.1298443581734519,-0.1298443581734519,0.9899999499320984,True,True,False,100,1.0,1.0182926829268182,-1.5999999999999999,2.958333333343751,0.04855328002641657,0.07906086148093425,0.134999975329265,0.2519642857142854
Cube,3074,replication,0.5,0.08,55.6666666667,57.3333333333,0.02844235673546791,2.925111770629883,0.00972351108803724,-0.00972351108803724,1.0,True,True,False,100,1.666666666599994,1.0299401197592635,-0.16,-1.458333333343751,-0.023829576694582855,-0.0758511742724513,-0.07999999192543328,-0.27303571428571427
Cube,3074,replication,0.5,0.16,55.6666666667,56.3333333333,0.05753767117857933,3.0241281986236572,0.019026201073342693,-0.019026201073342693,1.0,True,True,False,100,0.6666666665999941,1.0119760479029867,-0.32,-1.833333333343751,-0.03015258712029345,-0.06613401240646377,-0.07999999192543328,-0.17375000000000007
Cube,3074,replication,0.5,0.32,55.6666666667,55.0,0.10289792716503143,3.033442497253418,0.03392117281214287,-0.03392117281214287,1.0,True,True,False,100,-0.666666666700003,0.9880239520952167,-0.64,-0.7499999999812483,-0.01419649959095226,0.02385836119284132,0.025000008521601558,0.02482142857142844
Cube,3074,replication,0.5,0.64,55.6666666667,57.0,0.22980575263500214,3.1347830295562744,0.07330834398051814,-0.07330834398051814,0.9899999499320984,True,True,False,100,1.333333333299997,1.0239520958077701,-1.28,4.04166666666875,0.06817866340582923,0.11812682548607367,0.134999975329265,0.42196428571428535
Cube,3074,replication,0.7,0.08,57.3333333333,59.3333333333,0.02420717291533947,2.925111770629883,0.00827564032198564,-0.00827564032198564,1.0,True,True,False,100,2.0,1.0348837209302528,-0.1142857142857143,0.20833333333124981,0.004761496972227164,-0.08187390756048654,-0.08250000444240868,-0.39875000000000005
Cube,3074,replication,0.7,0.16,57.3333333333,58.3333333333,0.04767643287777901,3.0241281986236572,0.01576534781147093,-0.01576534781147093,1.0,True,True,False,100,1.0,1.0174418604651265,-0.2285714285714286,-0.16666666666875019,-0.0010393020623329363,-0.07034376319867885,-0.08250000444240868,-0.25375000000000014
Cube,3074,replication,0.7,0.32,57.3333333333,56.3333333333,0.0876040905714035,3.033442497253418,0.028879430103166032,-0.028879430103166032,1.0,True,True,False,100,-1.0,0.9825581395348736,-0.4571428571428572,0.24999999999374944,0.00398516034452534,0.02142949984773132,0.022499996004626155,0.03624999999999989
Cube,3074,replication,0.7,0.64,57.3333333333,53.0,0.1666964590549469,3.1347830295562744,0.05317639450107098,-0.05317639450107098,1.0,True,True,False,100,-4.333333333299997,0.9244186046517003,-0.9142857142857144,-0.2916666666562491,-0.007707355254419901,0.130788170911434,0.1425000128801912,0.6162499999999995
Cube,3074,replication,1.0,0.08,56.3333333333,55.0,0.021770887076854706,2.925111770629883,0.007442753913012576,-0.007442753913012576,1.0,True,True,False,100,-1.333333333299997,0.9763313609473233,-0.08,-2.208333333343751,-0.037338062681174566,-0.0853055214577968,-0.08250000444240868,-0.4930357142857143
Cube,3074,replication,1.0,0.16,56.3333333333,54.6666666667,0.04189741984009743,3.0241281986236572,0.013854379539586252,-0.013854379539586252,1.0,True,True,False,100,-1.666666666599994,0.970414201184598,-0.16,-1.916666666643748,-0.031614161013333586,-0.0726972952330775,-0.08250000444240868,-0.3137500000000001
Cube,3074,replication,1.0,0.32,56.3333333333,52.6666666667,0.07450895011425018,3.033442497253418,0.024562506189490362,-0.024562506189490362,1.0,True,True,False,100,-3.666666666599994,0.9349112426046953,-0.32,-1.4999999999812483,-0.027208936256125194,0.021481923455123647,0.022499996004626155,0.044821428571428346
Cube,3074,replication,1.0,0.64,56.3333333333,57.0,0.1353573352098465,3.1347830295562744,0.043179171870471114,-0.043179171870471114,1.0,True,True,False,100,0.666666666700003,1.011834319527226,-0.64,5.624999999968747,0.09616115995063346,0.13652089323575053,0.1425000128801912,0.7619642857142854
Cube,3074,replication,1.5,0.08,52.3333333333,54.6666666667,0.020496537908911705,2.925111770629883,0.007007095631254479,-0.007007095631254479,1.0,True,True,False,100,2.333333333400006,1.044585987262449,-0.05333333333333334,-0.3749999999687472,-0.0020800820524808916,-0.0859054677026947,-0.08250000444240868,-0.5663690476190477
Cube,3074,replication,1.5,0.16,52.3333333333,52.0,0.03928300738334656,3.0241281986236572,0.012989861805866913,-0.012989861805866913,1.0,True,True,False,100,-0.33333333329999704,0.9936305732490406,-0.10666666666666667,-2.41666666666875,-0.04139443463532322,-0.07286838202601414,-0.08250000444240868,-0.3604166666666667
Cube,3074,replication,1.5,0.32,52.3333333333,51.0,0.07283791899681091,3.033442497253418,0.02401163663486644,-0.02401163663486644,1.0,True,True,False,100,-1.333333333299997,0.9745222929942513,-0.21333333333333335,-1.0000000000062506,-0.020594531553001172,0.020997188483091594,0.022499996004626155,0.051488095238094944
Cube,3074,replication,1.5,0.64,52.3333333333,53.0,0.12817437946796417,3.1347830295562744,0.040887799333948524,-0.040887799333948524,1.0,True,True,False,100,0.666666666700003,1.0127388535038298,-0.4266666666666667,3.791666666643748,0.06406904824080528,0.13777666124561713,0.1425000128801912,0.8752976190476187
