training_seed,task,std_key,subdir,run_path,model_file,clean_success,pixels_std0.08_success,noise_std,status,n_sequences,candidate_count,future_steps,cost_drift_abs_q50,cost_drift_abs_q90,cost_drift_abs_q95,cost_drift_abs_q99,sample_mean_drift_q90,sample_max_drift_q50,sample_max_drift_q90,sample_max_drift_q95,sample_max_drift_q99,clean_margin_q10,clean_margin_q25,clean_margin_q50,clean_margin_q90,certificate_gap_q10_q95,certificate_gap_q50_q95,coarse_cert_pass_rate,sample_cert_pass_rate,sharp_cert_pass_rate,sharp_cert_pass_n,sharp_cert_pass_lower95_wilson,flip_risk_upper95_from_sharp_coverage,sharp_cert_slack_q10,sharp_cert_slack_q50,sharp_cert_slack_q90,sharp_normalized_score_q10,sharp_normalized_score_q50,sharp_normalized_score_q90,sharp_normalized_score_cert_pass_rate,sample_top1_flip_rate,flip_when_coarse_cert_pass_rate,flip_when_coarse_cert_fail_rate,flip_when_sharp_cert_pass_rate,flip_when_sharp_cert_fail_rate,sharp_cert_invariant_flip_count,risk_coverage_aurc,notes,checkpoint_sha256
3072,TwoRoom,0.0,tworoom_lewm_20260430,/opt/workspace/explorer-env/dataset/ag_data/data/world_model/quentinll/lewm-tworooms/ckpt/tworoom_lewm_20260430,/opt/workspace/explorer-env/dataset/ag_data/data/world_model/quentinll/lewm-tworooms/ckpt/tworoom_lewm_20260430/tworoom_lewm_20260430_epoch_10_object.ckpt,94.0,65.66666666666667,0.08,ok,100,65,9,43.81353759765625,181.54147338867188,254.51905822753906,424.521484375,125.6130142211914,330.58111572265625,492.6722412109375,532.545166015625,573.3225708007812,16.280858993530273,34.874691009521484,113.71974182128906,297.5046081542969,-1048.8094730377197,-951.3705902099609,0.05000000074505806,0.05000000074505806,0.12999999523162842,13,0.08429987745807718,0.9157001225419228,-806.8313598632812,-300.5608825683594,25.92221450805664,0.8743849992752075,3.1468167304992676,41.70389938354492,0.12999999523162842,0.8100000023841858,0.0,0.8526315689086914,0.0,0.931034505367279,0,0.5150444444444444,candidate-wise sharp and legacy coarse fixed-pool sufficient-event audit; not adaptive CEM or closed-loop guarantee,81a8ad466420eeec7d79d59338c8da2e3b551c56e8ff154ae8409efade6bad02
3072,TwoRoom,0.01,tworoom_lewm_noise_0to001_p1,/opt/workspace/explorer-env/dataset/ag_data/data/world_model/quentinll/lewm-tworooms/ckpt/tworoom_lewm_noise_0to001_p1,/opt/workspace/explorer-env/dataset/ag_data/data/world_model/quentinll/lewm-tworooms/ckpt/tworoom_lewm_noise_0to001_p1/tworoom_lewm_noise_0to001_p1_epoch_10_object.ckpt,93.66666666666667,94.0,0.08,ok,100,65,9,9.870498657226562,63.179622650146484,101.21436309814453,232.32794189453125,48.682777404785156,141.90704345703125,309.3974914550781,337.23651123046875,440.83685302734375,8.140338897705078,43.12688064575195,108.71308135986328,303.5026550292969,-666.3326835632324,-565.7599411010742,0.25999999046325684,0.25999999046325684,0.5099999904632568,51,0.4286001733304649,0.571399826669535,-354.7795104980469,5.153465270996094,233.84715270996094,0.13324229419231415,0.9721550941467285,10.092329978942871,0.5099999904632568,0.3199999928474426,0.0,0.4324324429035187,0.0,0.6530612111091614,0,0.08035555555555556,candidate-wise sharp and legacy coarse fixed-pool sufficient-event audit; not adaptive CEM or closed-loop guarantee,7308b4b8e5e9c28461f991d5a5d01cb8a346c7cd67bd43608dbf7f00b6f6d701
3072,TwoRoom,0.02,tworoom_lewm_noise_0to002_p1,/opt/workspace/explorer-env/dataset/ag_data/data/world_model/quentinll/lewm-tworooms/ckpt/tworoom_lewm_noise_0to002_p1,/opt/workspace/explorer-env/dataset/ag_data/data/world_model/quentinll/lewm-tworooms/ckpt/tworoom_lewm_noise_0to002_p1/tworoom_lewm_noise_0to002_p1_epoch_10_object.ckpt,95.0,94.33333333333333,0.08,ok,100,65,9,5.03802490234375,29.7905216217041,48.366764068603516,113.06733703613281,23.21718978881836,75.57711029052734,245.28321838378906,284.33721923828125,427.6345520019531,9.268177032470703,40.38437271118164,135.12994384765625,300.6289978027344,-559.4062614440918,-433.54449462890625,0.4300000071525574,0.4300000071525574,0.7300000190734863,73,0.651630320012513,0.348369679987487,-125.09093475341797,51.15498352050781,273.8204650878906,0.09658654034137726,0.4949530363082886,6.953037261962891,0.7300000190734863,0.14000000059604645,0.0,0.24561403691768646,0.0,0.5185185074806213,0,0.019244444444444446,candidate-wise sharp and legacy coarse fixed-pool sufficient-event audit; not adaptive CEM or closed-loop guarantee,d0298e747ac475273d38b6657cd220bda18aa559e98c6848bd73a7df70df2068
3072,TwoRoom,0.03,tworoom_lewm_noise_0to003_p1,/opt/workspace/explorer-env/dataset/ag_data/data/world_model/quentinll/lewm-tworooms/ckpt/tworoom_lewm_noise_0to003_p1,/opt/workspace/explorer-env/dataset/ag_data/data/world_model/quentinll/lewm-tworooms/ckpt/tworoom_lewm_noise_0to003_p1/tworoom_lewm_noise_0to003_p1_epoch_10_object.ckpt,96.33333333333333,97.0,0.08,ok,100,65,9,3.1219024658203125,18.934999465942383,30.410377502441406,67.01900482177734,14.644930839538574,48.894248962402344,128.05308532714844,195.47726440429688,231.8800048828125,6.627211570739746,26.840124130249023,131.2930908203125,293.306884765625,-384.327317237854,-259.66143798828125,0.5400000214576721,0.5400000214576721,0.7699999809265137,77,0.6942151711258685,0.3057848288741315,-36.9932746887207,71.31442260742188,286.5267333984375,0.05788568779826164,0.30679750442504883,3.3887593746185303,0.7699999809265137,0.15000000596046448,0.0,0.32608696818351746,0.0,0.6521739363670349,0,0.01772222222222222,candidate-wise sharp and legacy coarse fixed-pool sufficient-event audit; not adaptive CEM or closed-loop guarantee,86f98bed3c7911c6f13d46894f54043386f050e099c7b33a84bc56fb31d023ec
3072,TwoRoom,0.04,tworoom_lewm_noise_0to004_p1,/opt/workspace/explorer-env/dataset/ag_data/data/world_model/quentinll/lewm-tworooms/ckpt/tworoom_lewm_noise_0to004_p1,/opt/workspace/explorer-env/dataset/ag_data/data/world_model/quentinll/lewm-tworooms/ckpt/tworoom_lewm_noise_0to004_p1/tworoom_lewm_noise_0to004_p1_epoch_10_object.ckpt,96.33333333333333,96.66666666666667,0.08,ok,100,65,9,1.768646240234375,10.622088432312012,17.589582443237305,41.81672286987305,8.735050201416016,25.91156768798828,85.18913269042969,125.26881408691406,213.13931274414062,4.6509108543396,39.73047637939453,118.44654846191406,286.5364685058594,-245.88671731948853,-132.09107971191406,0.6399999856948853,0.6399999856948853,0.8299999833106995,83,0.7597233990511757,0.2402766009488243,-3.748596668243408,100.55836486816406,268.3750915527344,0.03954851254820824,0.19740138947963715,1.7831246852874756,0.8299999833106995,0.07000000029802322,0.0,0.1944444477558136,0.0,0.4117647111415863,0,0.005388888888888889,candidate-wise sharp and legacy coarse fixed-pool sufficient-event audit; not adaptive CEM or closed-loop guarantee,948df1e81dc3e5864515c4a82c3171aac716da0b58c5b504ff93ed0a3e459a4b
3072,TwoRoom,0.05,tworoom_lewm_noise_0to005_p1,/opt/workspace/explorer-env/dataset/ag_data/data/world_model/quentinll/lewm-tworooms/ckpt/tworoom_lewm_noise_0to005_p1,/opt/workspace/explorer-env/dataset/ag_data/data/world_model/quentinll/lewm-tworooms/ckpt/tworoom_lewm_noise_0to005_p1/tworoom_lewm_noise_0to005_p1_epoch_10_object.ckpt,96.0,95.33333333333333,0.08,ok,100,65,9,1.36907958984375,9.365055084228516,14.49865436553955,42.183921813964844,7.475655555725098,19.274234771728516,82.19427490234375,137.62503051757812,389.7989501953125,6.269498348236084,37.982242584228516,112.97129821777344,289.78363037109375,-268.98056268692017,-162.2787628173828,0.6100000143051147,0.6100000143051147,0.8700000047683716,87,0.8048062640785283,0.1951937359214717,-1.860487461090088,77.4559097290039,274.35931396484375,0.032531674951314926,0.1325407326221466,1.3084074258804321,0.8700000047683716,0.07000000029802322,0.0,0.1794871836900711,0.0,0.5384615659713745,0,0.004222222222222222,candidate-wise sharp and legacy coarse fixed-pool sufficient-event audit; not adaptive CEM or closed-loop guarantee,eb851546eace2763473580d6ac0c3902b1118caf915032d1c47e26d96b828091
3072,TwoRoom,0.06,tworoom_lewm_noise_0to006_p1,/opt/workspace/explorer-env/dataset/ag_data/data/world_model/quentinll/lewm-tworooms/ckpt/tworoom_lewm_noise_0to006_p1,/opt/workspace/explorer-env/dataset/ag_data/data/world_model/quentinll/lewm-tworooms/ckpt/tworoom_lewm_noise_0to006_p1/tworoom_lewm_noise_0to006_p1_epoch_10_object.ckpt,96.66666666666667,96.33333333333333,0.08,ok,100,65,9,1.199981689453125,7.862532138824463,12.69875717163086,32.63408279418945,8.014796257019043,15.113906860351562,78.42193603515625,174.0038299560547,242.7069091796875,6.402109146118164,29.383333206176758,115.48216247558594,283.7504577636719,-341.6055507659912,-232.52549743652344,0.6899999976158142,0.6899999976158142,0.9200000166893005,92,0.8635352304245132,0.1364647695754868,1.082966923713684,104.28157043457031,278.2684631347656,0.026989800855517387,0.10405878722667694,0.7044005393981934,0.9200000166893005,0.029999999329447746,0.0,0.09677419066429138,0.0,0.375,0,0.0011999999999999995,candidate-wise sharp and legacy coarse fixed-pool sufficient-event audit; not adaptive CEM or closed-loop guarantee,6913652b1685a2ce187edee1e1636a4742c72ef9c6099eafc4b25c4bb7485985
3072,TwoRoom,0.07,tworoom_lewm_noise_0to007_p1,/opt/workspace/explorer-env/dataset/ag_data/data/world_model/quentinll/lewm-tworooms/ckpt/tworoom_lewm_noise_0to007_p1,/opt/workspace/explorer-env/dataset/ag_data/data/world_model/quentinll/lewm-tworooms/ckpt/tworoom_lewm_noise_0to007_p1/tworoom_lewm_noise_0to007_p1_epoch_10_object.ckpt,96.0,96.66666666666667,0.08,ok,100,65,9,1.0076904296875,7.002969264984131,11.16266918182373,24.530942916870117,5.483863353729248,14.367385864257812,43.71561813354492,90.66785430908203,172.1020050048828,5.846787452697754,33.928924560546875,111.96038818359375,290.1807861328125,-175.4889211654663,-69.37532043457031,0.7400000095367432,0.7400000095367432,0.8600000143051147,86,0.793406218062001,0.20659378193799904,-1.7642675638198853,101.220947265625,285.6878356933594,0.01826038584113121,0.08625318109989166,1.641387939453125,0.8600000143051147,0.07000000029802322,0.0,0.26923078298568726,0.0,0.5,0,0.004277777777777778,candidate-wise sharp and legacy coarse fixed-pool sufficient-event audit; not adaptive CEM or closed-loop guarantee,02e7c027d740ff17be87bef90d157efea9bc205795142ee8049c60c5585bd239
3072,TwoRoom,0.08,tworoom_lewm_noise_0to008_p1,/opt/workspace/explorer-env/dataset/ag_data/data/world_model/quentinll/lewm-tworooms/ckpt/tworoom_lewm_noise_0to008_p1,/opt/workspace/explorer-env/dataset/ag_data/data/world_model/quentinll/lewm-tworooms/ckpt/tworoom_lewm_noise_0to008_p1/tworoom_lewm_noise_0to008_p1_epoch_10_object.ckpt,98.33333333333333,97.66666666666667,0.08,ok,100,65,9,1.0652313232421875,5.930956840515137,9.470090866088867,23.76565933227539,5.737947940826416,12.689102172851562,42.924903869628906,99.58287811279297,211.5937042236328,9.421499252319336,24.719688415527344,89.61526489257812,279.1650695800781,-189.7442569732666,-109.55049133300781,0.699999988079071,0.699999988079071,0.8999999761581421,90,0.8396444903889078,0.16035550961109224,0.2676514983177185,80.06034088134766,268.71038818359375,0.021976958960294724,0.09293347597122192,0.9605017304420471,0.8999999761581421,0.03999999910593033,0.0,0.13333334028720856,0.0,0.4000000059604645,0,0.0019999999999999996,candidate-wise sharp and legacy coarse fixed-pool sufficient-event audit; not adaptive CEM or closed-loop guarantee,a1b2c7804e5b8a1db3e992a51c5938cfebdd1aa9da66fa7dfa413da583cf45ed
3073,TwoRoom,0.0,tworoom_lewm_baseline_seed3073,/opt/workspace/explorer-env/dataset/ag_data/data/world_model/quentinll/lewm-tworooms/ckpt/tworoom_lewm_baseline_seed3073,/opt/workspace/explorer-env/dataset/ag_data/data/world_model/quentinll/lewm-tworooms/ckpt/tworoom_lewm_baseline_seed3073/tworoom_lewm_baseline_seed3073_epoch_10_object.ckpt,94.333333,71.666667,0.08,ok,100,65,9,46.470428466796875,187.8966064453125,255.71498107910156,406.3600158691406,141.37777709960938,368.1352844238281,508.1519775390625,539.5404663085938,612.4727172851562,20.583026885986328,55.439361572265625,133.57412719726562,312.0936584472656,-1058.4979057312012,-945.5068054199219,0.05000000074505806,0.05000000074505806,0.11999999731779099,12,0.0763260081195623,0.9236739918804378,-724.5178833007812,-346.1994323730469,35.515987396240234,0.7144224643707275,3.2737998962402344,15.803274154663086,0.11999999731779099,0.7699999809265137,0.0,0.8105263113975525,0.0,0.875,0,0.4558222222222222,candidate-wise sharp and legacy coarse fixed-pool sufficient-event audit; not adaptive CEM or closed-loop guarantee,c05b459e293b20a84be895cfe0506dfed205b5695dc27d05d1fea0d0a319ef5f
3073,TwoRoom,0.01,tworoom_lewm_noise_0to001_p1_seed3073,/opt/workspace/explorer-env/dataset/ag_data/data/world_model/quentinll/lewm-tworooms/ckpt/tworoom_lewm_noise_0to001_p1_seed3073,/opt/workspace/explorer-env/dataset/ag_data/data/world_model/quentinll/lewm-tworooms/ckpt/tworoom_lewm_noise_0to001_p1_seed3073/tworoom_lewm_noise_0to001_p1_seed3073_epoch_10_object.ckpt,96.333333,95.666667,0.08,ok,100,65,9,11.44891357421875,82.60636901855469,131.02664184570312,276.54150390625,70.75785064697266,174.7525177001953,396.8039855957031,427.68121337890625,535.95458984375,19.46797752380371,46.44281005859375,127.1759033203125,300.7334289550781,-835.8944492340088,-728.1865234375,0.1899999976158142,0.1899999976158142,0.44999998807907104,45,0.370560970694454,0.6294390293055461,-325.7839660644531,-17.861398696899414,232.2758026123047,0.20528943836688995,1.0725133419036865,10.63038158416748,0.44999998807907104,0.4099999964237213,0.0,0.5061728358268738,0.0,0.7454545497894287,0,0.12322222222222222,candidate-wise sharp and legacy coarse fixed-pool sufficient-event audit; not adaptive CEM or closed-loop guarantee,7ecb71e35b6b64163ddee7b5007e66061d59744ecadffe09f30e3509a515c242
3073,TwoRoom,0.02,tworoom_lewm_noise_0to002_p1_seed3073,/opt/workspace/explorer-env/dataset/ag_data/data/world_model/quentinll/lewm-tworooms/ckpt/tworoom_lewm_noise_0to002_p1_seed3073,/opt/workspace/explorer-env/dataset/ag_data/data/world_model/quentinll/lewm-tworooms/ckpt/tworoom_lewm_noise_0to002_p1_seed3073/tworoom_lewm_noise_0to002_p1_seed3073_epoch_10_object.ckpt,95.0,94.333333,0.08,ok,100,65,9,4.244720458984375,27.536338806152344,44.65077209472656,118.49614715576172,26.263784408569336,56.02528381347656,233.16075134277344,266.3252258300781,385.9130859375,12.769902229309082,60.083404541015625,135.5939178466797,297.92718505859375,-519.8805494308472,-397.05653381347656,0.5,0.5,0.75,75,0.6728265635678274,0.32717343643217256,-75.30646514892578,61.73143005371094,279.2190246582031,0.06914541870355606,0.30916494131088257,2.7605955600738525,0.75,0.15000000596046448,0.0,0.30000001192092896,0.0,0.6000000238418579,0,0.01861111111111111,candidate-wise sharp and legacy coarse fixed-pool sufficient-event audit; not adaptive CEM or closed-loop guarantee,ada480c589583595e7a95f063227ce58747e0fca7859477c9ba477b1786ca133
3073,TwoRoom,0.03,tworoom_lewm_noise_0to003_p1_seed3073,/opt/workspace/explorer-env/dataset/ag_data/data/world_model/quentinll/lewm-tworooms/ckpt/tworoom_lewm_noise_0to003_p1_seed3073,/opt/workspace/explorer-env/dataset/ag_data/data/world_model/quentinll/lewm-tworooms/ckpt/tworoom_lewm_noise_0to003_p1_seed3073/tworoom_lewm_noise_0to003_p1_seed3073_epoch_10_object.ckpt,94.333333,94.333333,0.08,ok,100,65,9,2.8592376708984375,18.719511032104492,32.64201354980469,76.26241302490234,14.060474395751953,45.21031951904297,137.31414794921875,152.4365692138672,232.3439483642578,18.305797576904297,51.886383056640625,125.65946960449219,291.4605712890625,-286.5673408508301,-179.2136688232422,0.5899999737739563,0.5899999737739563,0.8600000143051147,86,0.793406218062001,0.20659378193799904,-13.023919105529785,82.09445190429688,274.28741455078125,0.05815346539020538,0.24774029850959778,1.3690327405929565,0.8600000143051147,0.05000000074505806,0.0,0.12195122241973877,0.0,0.3571428656578064,0,0.0024999999999999996,candidate-wise sharp and legacy coarse fixed-pool sufficient-event audit; not adaptive CEM or closed-loop guarantee,f2f50f05026ec5ab2dd720dd7526e2348f2cf38ba7f2fbd28834fa08e49e2814
3073,TwoRoom,0.04,tworoom_lewm_noise_0to004_p1_seed3073,/opt/workspace/explorer-env/dataset/ag_data/data/world_model/quentinll/lewm-tworooms/ckpt/tworoom_lewm_noise_0to004_p1_seed3073,/opt/workspace/explorer-env/dataset/ag_data/data/world_model/quentinll/lewm-tworooms/ckpt/tworoom_lewm_noise_0to004_p1_seed3073/tworoom_lewm_noise_0to004_p1_seed3073_epoch_10_object.ckpt,95.333333,95.333333,0.08,ok,100,65,9,1.5753402709960938,10.525115966796875,18.00147247314453,45.32768249511719,8.601680755615234,21.2769775390625,74.43164825439453,107.82052612304688,149.73765563964844,9.2753267288208,48.36846160888672,111.09223937988281,292.8846130371094,-206.36572551727295,-104.54881286621094,0.6800000071525574,0.6800000071525574,0.9200000166893005,92,0.8635352304245132,0.1364647695754868,3.8601138591766357,103.34812927246094,287.0627136230469,0.02846013940870762,0.13404512405395508,0.7494525909423828,0.9200000166893005,0.05999999865889549,0.0,0.1875,0.0,0.75,0,0.002399999999999999,candidate-wise sharp and legacy coarse fixed-pool sufficient-event audit; not adaptive CEM or closed-loop guarantee,aa0c59f09b09f63ca3302746a2e0229b0713476acff980709003aff957c98d80
3073,TwoRoom,0.05,tworoom_lewm_noise_0to005_p1_seed3073,/opt/workspace/explorer-env/dataset/ag_data/data/world_model/quentinll/lewm-tworooms/ckpt/tworoom_lewm_noise_0to005_p1_seed3073,/opt/workspace/explorer-env/dataset/ag_data/data/world_model/quentinll/lewm-tworooms/ckpt/tworoom_lewm_noise_0to005_p1_seed3073/tworoom_lewm_noise_0to005_p1_seed3073_epoch_10_object.ckpt,94.333333,94.333333,0.08,ok,100,65,9,1.3846893310546875,7.601325035095215,12.072007179260254,30.838991165161133,6.875336170196533,17.031829833984375,51.109500885009766,79.54717254638672,184.65904235839844,17.212373733520508,55.773963928222656,100.51239013671875,275.2110900878906,-141.88197135925293,-58.58195495605469,0.7699999809265137,0.7699999809265137,0.9300000071525574,93,0.8757398869332069,0.12426011306679308,6.316871643066406,90.55847930908203,268.96533203125,0.02365918457508087,0.11790969967842102,0.4651634693145752,0.9300000071525574,0.029999999329447746,0.0,0.1304347813129425,0.0,0.4285714328289032,0,0.0010499999999999993,candidate-wise sharp and legacy coarse fixed-pool sufficient-event audit; not adaptive CEM or closed-loop guarantee,af84b85f73522b9c08dcefd8d684be5fc464aed808fec13f108f1af55bd946ff
3073,TwoRoom,0.06,tworoom_lewm_noise_0to006_p1_seed3073,/opt/workspace/explorer-env/dataset/ag_data/data/world_model/quentinll/lewm-tworooms/ckpt/tworoom_lewm_noise_0to006_p1_seed3073,/opt/workspace/explorer-env/dataset/ag_data/data/world_model/quentinll/lewm-tworooms/ckpt/tworoom_lewm_noise_0to006_p1_seed3073/tworoom_lewm_noise_0to006_p1_seed3073_epoch_10_object.ckpt,97.666667,97.333333,0.08,ok,100,65,9,1.2013492584228516,6.852214813232422,10.897059440612793,25.26629638671875,5.548319339752197,14.802261352539062,44.64016342163086,51.61761474609375,76.1131820678711,10.11587905883789,43.61424255371094,99.78189086914062,283.53363037109375,-93.11935043334961,-3.453338623046875,0.6899999976158142,0.6899999976158142,0.9300000071525574,93,0.8757398869332069,0.12426011306679308,4.041929721832275,80.73202514648438,266.56103515625,0.02114662155508995,0.1249159574508667,0.6522141695022583,0.9300000071525574,0.019999999552965164,0.0,0.06451612710952759,0.0,0.2857142984867096,0,0.0006999999999999996,candidate-wise sharp and legacy coarse fixed-pool sufficient-event audit; not adaptive CEM or closed-loop guarantee,5fd41e73308ca5cb31041b91b688d5a7035b7a7fc516d71914586d79f5f1ef05
3073,TwoRoom,0.07,tworoom_lewm_noise_0to007_p1_seed3073,/opt/workspace/explorer-env/dataset/ag_data/data/world_model/quentinll/lewm-tworooms/ckpt/tworoom_lewm_noise_0to007_p1_seed3073,/opt/workspace/explorer-env/dataset/ag_data/data/world_model/quentinll/lewm-tworooms/ckpt/tworoom_lewm_noise_0to007_p1_seed3073/tworoom_lewm_noise_0to007_p1_seed3073_epoch_10_object.ckpt,97.333333,96.666667,0.08,ok,100,65,9,1.1078641414642334,6.037205696105957,9.086971282958984,22.54058074951172,4.9597086906433105,13.93094539642334,39.20420837402344,51.06947708129883,110.64900970458984,9.887968063354492,35.53440856933594,98.67401885986328,266.6559753417969,-92.25098609924316,-3.464935302734375,0.7599999904632568,0.7599999904632568,0.9200000166893005,92,0.8635352304245132,0.1364647695754868,4.0678629875183105,90.77052307128906,259.0810241699219,0.0235187616199255,0.08874213695526123,0.7790452837944031,0.9200000166893005,0.03999999910593033,0.0,0.1666666716337204,0.0,0.5,0,0.0015999999999999992,candidate-wise sharp and legacy coarse fixed-pool sufficient-event audit; not adaptive CEM or closed-loop guarantee,f6269cdb3bb91bf6020c8204174b79833b26e1f3f19be8cdcfd9079e7e985e0e
3073,TwoRoom,0.08,tworoom_lewm_noise_0to008_p1_seed3073,/opt/workspace/explorer-env/dataset/ag_data/data/world_model/quentinll/lewm-tworooms/ckpt/tworoom_lewm_noise_0to008_p1_seed3073,/opt/workspace/explorer-env/dataset/ag_data/data/world_model/quentinll/lewm-tworooms/ckpt/tworoom_lewm_noise_0to008_p1_seed3073/tworoom_lewm_noise_0to008_p1_seed3073_epoch_10_object.ckpt,97.0,97.333333,0.08,ok,100,65,9,1.276519775390625,7.1367716789245605,10.42331314086914,24.29118537902832,6.703551769256592,12.449356079101562,48.464439392089844,65.95570373535156,237.8277587890625,11.668798446655273,33.7130012512207,97.7655258178711,256.7704162597656,-120.24260902404785,-34.14588165283203,0.7699999809265137,0.7699999809265137,0.9300000071525574,93,0.8757398869332069,0.12426011306679308,1.3508408069610596,76.89933776855469,246.12811279296875,0.020914021879434586,0.10425247251987457,0.7375169992446899,0.9300000071525574,0.029999999329447746,0.0,0.1304347813129425,0.0,0.4285714328289032,0,0.0010499999999999993,candidate-wise sharp and legacy coarse fixed-pool sufficient-event audit; not adaptive CEM or closed-loop guarantee,421206f8723f5a94e464484033109a4cd5f6997b29cda479bf25618513951b11
3074,TwoRoom,0.0,tworoom_lewm_baseline_seed3074,/opt/workspace/explorer-env/dataset/ag_data/data/world_model/quentinll/lewm-tworooms/ckpt/tworoom_lewm_baseline_seed3074,/opt/workspace/explorer-env/dataset/ag_data/data/world_model/quentinll/lewm-tworooms/ckpt/tworoom_lewm_baseline_seed3074/tworoom_lewm_baseline_seed3074_epoch_10_object.ckpt,95.666667,69.0,0.08,ok,100,65,9,37.278045654296875,174.73468017578125,239.55697631835938,401.9637145996094,132.72021484375,335.75970458984375,548.0504760742188,578.3292846679688,606.9021606445312,10.081398963928223,44.63481140136719,125.84225463867188,295.4427795410156,-1146.5771703720093,-1030.8163146972656,0.05999999865889549,0.05999999865889549,0.07999999821186066,8,0.04566311588237959,0.9543368841176204,-749.892578125,-389.40618896484375,-12.206621170043945,1.149617075920105,3.502523422241211,46.62445831298828,0.07999999821186066,0.8299999833106995,0.0,0.8829787373542786,0.0,0.9021739363670349,0,0.5425555555555556,candidate-wise sharp and legacy coarse fixed-pool sufficient-event audit; not adaptive CEM or closed-loop guarantee,4a536f39666d8b37a27dca953b4892a4a91c0a9c34a001fe145f7089848a7baf
3074,TwoRoom,0.01,tworoom_lewm_noise_0to001_p1_seed3074,/opt/workspace/explorer-env/dataset/ag_data/data/world_model/quentinll/lewm-tworooms/ckpt/tworoom_lewm_noise_0to001_p1_seed3074,/opt/workspace/explorer-env/dataset/ag_data/data/world_model/quentinll/lewm-tworooms/ckpt/tworoom_lewm_noise_0to001_p1_seed3074/tworoom_lewm_noise_0to001_p1_seed3074_epoch_10_object.ckpt,94.666667,90.666667,0.08,ok,100,65,9,13.07843017578125,77.2964096069336,119.80084991455078,240.096923828125,59.895286560058594,160.73773193359375,383.11669921875,414.7372741699219,464.7497863769531,7.8507184982299805,37.45314025878906,139.73736572265625,295.3377990722656,-821.6238298416138,-689.7371826171875,0.1899999976158142,0.1899999976158142,0.4000000059604645,40,0.32307805059096656,0.6769219494090335,-271.7926940917969,-23.909591674804688,153.9047393798828,0.28532886505126953,1.1514065265655518,19.485090255737305,0.4000000059604645,0.49000000953674316,0.0,0.604938268661499,0.0,0.8166666626930237,0,0.1655,candidate-wise sharp and legacy coarse fixed-pool sufficient-event audit; not adaptive CEM or closed-loop guarantee,f6c68d551b399d3eb4fdb79be309b8a1804396dfaf0ecd9e21396229461c3525
3074,TwoRoom,0.02,tworoom_lewm_noise_0to002_p1_seed3074,/opt/workspace/explorer-env/dataset/ag_data/data/world_model/quentinll/lewm-tworooms/ckpt/tworoom_lewm_noise_0to002_p1_seed3074,/opt/workspace/explorer-env/dataset/ag_data/data/world_model/quentinll/lewm-tworooms/ckpt/tworoom_lewm_noise_0to002_p1_seed3074/tworoom_lewm_noise_0to002_p1_seed3074_epoch_10_object.ckpt,97.333333,97.666667,0.08,ok,100,65,9,4.2862548828125,25.297847747802734,44.57958221435547,105.55570983886719,24.35087776184082,66.02650451660156,270.0948181152344,305.4815673828125,431.7054443359375,9.542682647705078,34.21866989135742,149.27371215820312,286.66375732421875,-601.4204521179199,-461.6894226074219,0.46000000834465027,0.46000000834465027,0.7099999785423279,71,0.6306129752103758,0.36938702478962415,-132.724365234375,75.64424133300781,251.4436492919922,0.08757512271404266,0.4330645799636841,6.617763519287109,0.7099999785423279,0.20000000298023224,0.0,0.37037035822868347,0.0,0.6896551847457886,0,0.027688888888888888,candidate-wise sharp and legacy coarse fixed-pool sufficient-event audit; not adaptive CEM or closed-loop guarantee,0cb5dabe23072dee8a6e473185e4eb2919a3bca74c46a085174d502cee627c7f
3074,TwoRoom,0.03,tworoom_lewm_noise_0to003_p1_seed3074,/opt/workspace/explorer-env/dataset/ag_data/data/world_model/quentinll/lewm-tworooms/ckpt/tworoom_lewm_noise_0to003_p1_seed3074,/opt/workspace/explorer-env/dataset/ag_data/data/world_model/quentinll/lewm-tworooms/ckpt/tworoom_lewm_noise_0to003_p1_seed3074/tworoom_lewm_noise_0to003_p1_seed3074_epoch_10_object.ckpt,94.666667,94.0,0.08,ok,100,65,9,2.2804718017578125,14.28587532043457,24.46954345703125,61.12214660644531,12.793486595153809,33.656524658203125,111.24376678466797,171.3722381591797,329.58880615234375,9.015372276306152,34.33406066894531,154.826904296875,297.4418640136719,-333.7291040420532,-187.91757202148438,0.5899999737739563,0.5899999737739563,0.8500000238418579,85,0.7820969631120788,0.21790303688792123,-8.355162620544434,108.25421905517578,290.7154846191406,0.03949863091111183,0.22190400958061218,1.4683233499526978,0.8500000238418579,0.07999999821186066,0.0,0.19512194395065308,0.0,0.5333333611488342,0,0.005666666666666667,candidate-wise sharp and legacy coarse fixed-pool sufficient-event audit; not adaptive CEM or closed-loop guarantee,c0bd53ac97f1840c33b8dfbfad5eace0b14c9d14962e986e73086ec4a993a54e
3074,TwoRoom,0.04,tworoom_lewm_noise_0to004_p1_seed3074,/opt/workspace/explorer-env/dataset/ag_data/data/world_model/quentinll/lewm-tworooms/ckpt/tworoom_lewm_noise_0to004_p1_seed3074,/opt/workspace/explorer-env/dataset/ag_data/data/world_model/quentinll/lewm-tworooms/ckpt/tworoom_lewm_noise_0to004_p1_seed3074/tworoom_lewm_noise_0to004_p1_seed3074_epoch_10_object.ckpt,96.0,95.666667,0.08,ok,100,65,9,1.374359130859375,8.394431114196777,13.979378700256348,37.05471420288086,6.7818284034729,20.986217498779297,77.22795867919922,181.1274871826172,367.93963623046875,5.9745707511901855,22.38711929321289,128.64886474609375,275.6466979980469,-356.2804036140442,-233.60610961914062,0.5899999737739563,0.5899999737739563,0.8199999928474426,82,0.7486477981314302,0.25135220186856977,-8.521749496459961,113.67756652832031,270.8896484375,0.030181793496012688,0.14665335416793823,4.05746603012085,0.8199999928474426,0.07000000029802322,0.0,0.17073170840740204,0.0,0.3888888955116272,0,0.007500000000000001,candidate-wise sharp and legacy coarse fixed-pool sufficient-event audit; not adaptive CEM or closed-loop guarantee,b6ea0f66dc7a57ee786ca935ff2528eca68512d9ad2ecb89a6f9cb793a8944b4
3074,TwoRoom,0.05,tworoom_lewm_noise_0to005_p1_seed3074,/opt/workspace/explorer-env/dataset/ag_data/data/world_model/quentinll/lewm-tworooms/ckpt/tworoom_lewm_noise_0to005_p1_seed3074,/opt/workspace/explorer-env/dataset/ag_data/data/world_model/quentinll/lewm-tworooms/ckpt/tworoom_lewm_noise_0to005_p1_seed3074/tworoom_lewm_noise_0to005_p1_seed3074_epoch_10_object.ckpt,98.0,98.0,0.08,ok,100,65,9,1.5621337890625,9.808636665344238,16.06990623474121,39.835697174072266,8.909382820129395,22.999832153320312,98.08031463623047,214.7435302734375,300.9851989746094,9.156608581542969,35.37644958496094,122.82872009277344,270.8041687011719,-420.33045196533203,-306.65834045410156,0.6700000166893005,0.6700000166893005,0.8500000238418579,85,0.7820969631120788,0.21790303688792123,-12.766925811767578,96.82426452636719,250.9024200439453,0.027571555227041245,0.14204666018486023,1.6316066980361938,0.8500000238418579,0.07000000029802322,0.0,0.21212121844291687,0.0,0.46666666865348816,0,0.005166666666666667,candidate-wise sharp and legacy coarse fixed-pool sufficient-event audit; not adaptive CEM or closed-loop guarantee,ca6a1b63d564a0173ee5317f2e52828aa574c0f47706909665e38416b1ae9e8e
3074,TwoRoom,0.06,tworoom_lewm_noise_0to006_p1_seed3074,/opt/workspace/explorer-env/dataset/ag_data/data/world_model/quentinll/lewm-tworooms/ckpt/tworoom_lewm_noise_0to006_p1_seed3074,/opt/workspace/explorer-env/dataset/ag_data/data/world_model/quentinll/lewm-tworooms/ckpt/tworoom_lewm_noise_0to006_p1_seed3074/tworoom_lewm_noise_0to006_p1_seed3074_epoch_10_object.ckpt,93.666667,93.666667,0.08,ok,100,65,9,1.2776031494140625,6.702422618865967,10.816447257995605,21.325763702392578,5.6762895584106445,14.032585144042969,73.88580322265625,82.19752502441406,228.41259765625,8.687695503234863,37.31153106689453,129.3383026123047,268.74896240234375,-155.70735454559326,-35.05674743652344,0.7400000095367432,0.7400000095367432,0.9399999976158142,94,0.8881590347735402,0.11184096522645981,4.46295166015625,123.369140625,254.1278839111328,0.019335120916366577,0.09354061633348465,0.5049747824668884,0.9399999976158142,0.029999999329447746,0.0,0.11538461595773697,0.0,0.5,0,0.0009000000000000007,candidate-wise sharp and legacy coarse fixed-pool sufficient-event audit; not adaptive CEM or closed-loop guarantee,450f16c764bf8601f83b61fccb0d7ebf035ebe574662566ea1d60e70c0ffb01b
3074,TwoRoom,0.07,tworoom_lewm_noise_0to007_p1_seed3074,/opt/workspace/explorer-env/dataset/ag_data/data/world_model/quentinll/lewm-tworooms/ckpt/tworoom_lewm_noise_0to007_p1_seed3074,/opt/workspace/explorer-env/dataset/ag_data/data/world_model/quentinll/lewm-tworooms/ckpt/tworoom_lewm_noise_0to007_p1_seed3074/tworoom_lewm_noise_0to007_p1_seed3074_epoch_10_object.ckpt,96.0,96.0,0.08,ok,100,65,9,0.8651275634765625,5.360804557800293,8.745882034301758,18.852418899536133,4.837625980377197,13.163993835449219,35.85063934326172,86.52252960205078,150.53721618652344,6.329363822937012,22.622779846191406,112.35612487792969,271.514404296875,-166.71569538116455,-60.688934326171875,0.7200000286102295,0.7200000286102295,0.9200000166893005,92,0.8635352304245132,0.1364647695754868,1.5931110382080078,101.92882537841797,271.02691650390625,0.013797049410641193,0.08594707399606705,0.7310823202133179,0.9200000166893005,0.029999999329447746,0.0,0.1071428582072258,0.0,0.375,0,0.0011999999999999995,candidate-wise sharp and legacy coarse fixed-pool sufficient-event audit; not adaptive CEM or closed-loop guarantee,11a1afba111905ae5a924e3f5446bf009e2762912619f4ffc80ad608143b06e7
3074,TwoRoom,0.08,tworoom_lewm_noise_0to008_p1_seed3074,/opt/workspace/explorer-env/dataset/ag_data/data/world_model/quentinll/lewm-tworooms/ckpt/tworoom_lewm_noise_0to008_p1_seed3074,/opt/workspace/explorer-env/dataset/ag_data/data/world_model/quentinll/lewm-tworooms/ckpt/tworoom_lewm_noise_0to008_p1_seed3074/tworoom_lewm_noise_0to008_p1_seed3074_epoch_10_object.ckpt,96.333333,96.333333,0.08,ok,100,65,9,0.8831329345703125,5.254027366638184,8.259566307067871,21.045608520507812,4.111809730529785,12.70473861694336,43.28033447265625,117.55328369140625,158.67071533203125,8.203890800476074,30.183258056640625,116.21219635009766,269.2962341308594,-226.90267658233643,-118.89437103271484,0.7099999785423279,0.7099999785423279,0.9100000262260437,91,0.8515117505459098,0.14848824945409023,0.36062532663345337,104.9495620727539,263.5762023925781,0.02109983190894127,0.08819998800754547,0.9472503066062927,0.9100000262260437,0.029999999329447746,0.0,0.1034482792019844,0.0,0.3333333432674408,0,0.0013499999999999994,candidate-wise sharp and legacy coarse fixed-pool sufficient-event audit; not adaptive CEM or closed-loop guarantee,3cc9d3f0e63497e746f953a66a6da7bba23e1916661ba5c3348f2b99ef79f6a1
3072,PushT,0.0,pusht_lewm_20260430,/opt/workspace/explorer-env/dataset/ag_data/data/world_model/quentinll/lewm-pusht/ckpt/pusht_lewm_20260430,/opt/workspace/explorer-env/dataset/ag_data/data/world_model/quentinll/lewm-pusht/ckpt/pusht_lewm_20260430/pusht_lewm_20260430_epoch_10_object.ckpt,86.33333333333333,4.333333333333333,0.08,ok,100,65,9,49.43121337890625,157.82810974121094,203.31520080566406,363.17474365234375,110.47575378417969,317.16357421875,429.73223876953125,453.6597595214844,492.7684631347656,6.297548770904541,67.91716003417969,132.4052276611328,274.5866394042969,-901.0219702720642,-774.9142913818359,0.0,0.0,0.019999999552965164,2,0.0066406435950121315,0.9933593564049878,-619.506591796875,-290.68365478515625,-96.8817367553711,1.429160475730896,3.8478481769561768,46.21327590942383,0.019999999552965164,0.9599999785423279,,0.9599999785423279,0.0,0.9795918464660645,0,0.8237777777777777,candidate-wise sharp and legacy coarse fixed-pool sufficient-event audit; not adaptive CEM or closed-loop guarantee,8e64200a2572860504b2c8827a8a01eb905731befe81ae2cb6177c4da7cbbf25
3072,PushT,0.01,pusht_lewm_noise_0to001_p1,/opt/workspace/explorer-env/dataset/ag_data/data/world_model/quentinll/lewm-pusht/ckpt/pusht_lewm_noise_0to001_p1,/opt/workspace/explorer-env/dataset/ag_data/data/world_model/quentinll/lewm-pusht/ckpt/pusht_lewm_noise_0to001_p1/pusht_lewm_noise_0to001_p1_epoch_10_object.ckpt,88.0,51.666666666666664,0.08,ok,100,65,9,20.08263397216797,67.66149139404297,93.98870086669922,188.36447143554688,48.65177917480469,139.60208129882812,303.2209167480469,363.4052429199219,442.4723205566406,5.4846296310424805,65.03655242919922,127.97374725341797,284.0791320800781,-721.3258562088013,-598.8367385864258,0.17000000178813934,0.17000000178813934,0.3700000047683716,37,0.29498849195331245,0.7050115080466876,-258.05914306640625,-50.59212875366211,138.1418914794922,0.4435500204563141,1.3233318328857422,15.236410140991211,0.3700000047683716,0.3799999952316284,0.0,0.45783132314682007,0.0,0.60317462682724,0,0.12539999999999998,candidate-wise sharp and legacy coarse fixed-pool sufficient-event audit; not adaptive CEM or closed-loop guarantee,22d77209c8d2f3242c934b832f8409f509b2c8cfce583f1cd54b5e93226477b5
3072,PushT,0.02,pusht_lewm_noise_0to002_p1,/opt/workspace/explorer-env/dataset/ag_data/data/world_model/quentinll/lewm-pusht/ckpt/pusht_lewm_noise_0to002_p1,/opt/workspace/explorer-env/dataset/ag_data/data/world_model/quentinll/lewm-pusht/ckpt/pusht_lewm_noise_0to002_p1/pusht_lewm_noise_0to002_p1_epoch_10_object.ckpt,88.33333333333333,73.66666666666667,0.08,ok,100,65,9,8.052230834960938,34.65475845336914,50.505435943603516,105.41453552246094,28.583688735961914,81.05752563476562,207.19232177734375,258.1444396972656,376.67169189453125,12.859996795654297,46.675540924072266,147.34671020507812,264.2278137207031,-503.42888259887695,-368.9421691894531,0.3799999952316284,0.3799999952316284,0.6700000166893005,67,0.5890728630443055,0.4109271369556945,-90.98143768310547,45.675750732421875,210.35009765625,0.18221011757850647,0.5844537019729614,3.915233612060547,0.6700000166893005,0.15000000596046448,0.0,0.24193547666072845,0.0,0.4545454680919647,0,0.018755555555555553,candidate-wise sharp and legacy coarse fixed-pool sufficient-event audit; not adaptive CEM or closed-loop guarantee,f488bacdeb822466fd1817a9d37b733d81c279dd815788a1ec3977ea69da69c4
3072,PushT,0.03,pusht_lewm_noise_0to003_p1,/opt/workspace/explorer-env/dataset/ag_data/data/world_model/quentinll/lewm-pusht/ckpt/pusht_lewm_noise_0to003_p1,/opt/workspace/explorer-env/dataset/ag_data/data/world_model/quentinll/lewm-pusht/ckpt/pusht_lewm_noise_0to003_p1/pusht_lewm_noise_0to003_p1_epoch_10_object.ckpt,89.66666666666667,82.0,0.08,ok,100,65,9,5.20819091796875,19.163908004760742,29.848434448242188,67.76937103271484,15.913755416870117,39.548583984375,143.51609802246094,194.872802734375,255.39463806152344,17.45494842529297,60.85638427734375,119.1877212524414,297.0043029785156,-372.29065704345703,-270.5578842163086,0.5699999928474426,0.5699999928474426,0.7599999904632568,76,0.6834958673427909,0.3165041326572091,-31.493892669677734,71.22376251220703,275.0325012207031,0.09020393341779709,0.34805744886398315,2.4363536834716797,0.7599999904632568,0.09000000357627869,0.0,0.20930232107639313,0.0,0.375,0,0.008499999999999999,candidate-wise sharp and legacy coarse fixed-pool sufficient-event audit; not adaptive CEM or closed-loop guarantee,8c921248224e6d13484d45b6b5347e05321dda802bf655f9a96e384bf4645cc3
3072,PushT,0.04,pusht_lewm_noise_0to004_p1,/opt/workspace/explorer-env/dataset/ag_data/data/world_model/quentinll/lewm-pusht/ckpt/pusht_lewm_noise_0to004_p1,/opt/workspace/explorer-env/dataset/ag_data/data/world_model/quentinll/lewm-pusht/ckpt/pusht_lewm_noise_0to004_p1/pusht_lewm_noise_0to004_p1_epoch_10_object.ckpt,89.33333333333333,86.66666666666667,0.08,ok,100,65,9,4.2589874267578125,16.86235809326172,25.443115234375,59.93975830078125,13.86223030090332,35.40666961669922,85.37767028808594,125.66815948486328,164.40016174316406,8.747987747192383,44.274539947509766,126.02963256835938,285.9203796386719,-242.58833122253418,-125.30668640136719,0.5600000023841858,0.5600000023841858,0.8299999833106995,83,0.7597233990511757,0.2402766009488243,-6.48719596862793,66.21235656738281,260.34515380859375,0.0476522333920002,0.33743157982826233,2.1235809326171875,0.8299999833106995,0.07999999821186066,0.0,0.1818181872367859,0.0,0.47058823704719543,0,0.006833333333333334,candidate-wise sharp and legacy coarse fixed-pool sufficient-event audit; not adaptive CEM or closed-loop guarantee,a3f118434c5a8fe58af156a2300504325cb6de3c8979b60dbbfce6c16f3f2ab2
3072,PushT,0.05,pusht_lewm_noise_0to005_p1,/opt/workspace/explorer-env/dataset/ag_data/data/world_model/quentinll/lewm-pusht/ckpt/pusht_lewm_noise_0to005_p1,/opt/workspace/explorer-env/dataset/ag_data/data/world_model/quentinll/lewm-pusht/ckpt/pusht_lewm_noise_0to005_p1/pusht_lewm_noise_0to005_p1_epoch_10_object.ckpt,80.66666666666667,78.33333333333333,0.08,ok,100,65,9,4.11212158203125,18.595041275024414,28.165931701660156,69.09549713134766,15.982773780822754,35.924598693847656,112.60005187988281,152.85101318359375,279.5323181152344,5.435245990753174,47.804752349853516,114.48286437988281,274.09326171875,-300.2667803764343,-191.2191619873047,0.5199999809265137,0.5199999809265137,0.7900000214576721,79,0.7158127511828283,0.2841872488171717,-36.70769119262695,79.07862091064453,244.71737670898438,0.07896315306425095,0.269117534160614,2.3946967124938965,0.7900000214576721,0.05000000074505806,0.0,0.1041666641831398,0.0,0.2380952388048172,0,0.003666666666666666,candidate-wise sharp and legacy coarse fixed-pool sufficient-event audit; not adaptive CEM or closed-loop guarantee,ba9cc9e530adf3da470a0386a7a7044d343d887a36147a5d8dbe88bfd5491549
3072,PushT,0.06,pusht_lewm_noise_0to006_p1,/opt/workspace/explorer-env/dataset/ag_data/data/world_model/quentinll/lewm-pusht/ckpt/pusht_lewm_noise_0to006_p1,/opt/workspace/explorer-env/dataset/ag_data/data/world_model/quentinll/lewm-pusht/ckpt/pusht_lewm_noise_0to006_p1/pusht_lewm_noise_0to006_p1_epoch_10_object.ckpt,89.33333333333333,87.66666666666667,0.08,ok,100,65,9,3.4855804443359375,16.109622955322266,24.740741729736328,65.72164154052734,12.816431999206543,32.673179626464844,78.9104995727539,118.12964630126953,263.7782897949219,4.959318161010742,40.42714309692383,89.45437622070312,278.67059326171875,-231.29997444152832,-146.80491638183594,0.6000000238418579,0.6000000238418579,0.800000011920929,80,0.7266961911903833,0.2733038088096167,-7.8159284591674805,73.39997863769531,267.1224670410156,0.0514020137488842,0.25799134373664856,3.840618133544922,0.800000011920929,0.07999999821186066,0.0,0.20000000298023224,0.0,0.4000000059604645,0,0.007333333333333332,candidate-wise sharp and legacy coarse fixed-pool sufficient-event audit; not adaptive CEM or closed-loop guarantee,8b2256fca0ca0776cf8f42bde8c0e8ec15c340d20c6d23c4ea6b386e06486905
3072,PushT,0.07,pusht_lewm_noise_0to007_p1,/opt/workspace/explorer-env/dataset/ag_data/data/world_model/quentinll/lewm-pusht/ckpt/pusht_lewm_noise_0to007_p1,/opt/workspace/explorer-env/dataset/ag_data/data/world_model/quentinll/lewm-pusht/ckpt/pusht_lewm_noise_0to007_p1/pusht_lewm_noise_0to007_p1_epoch_10_object.ckpt,85.66666666666667,84.0,0.08,ok,100,65,9,2.3017730712890625,10.309741020202637,16.458999633789062,34.306617736816406,8.228826522827148,19.32172393798828,50.49690628051758,98.40662384033203,165.4195098876953,6.616722106933594,42.60799789428711,108.99183654785156,279.5393981933594,-190.19652557373047,-87.8214111328125,0.6700000166893005,0.6700000166893005,0.8600000143051147,86,0.793406218062001,0.20659378193799904,-2.3289077281951904,77.13778686523438,276.968017578125,0.029398113489151,0.1585613191127777,1.1762871742248535,0.8600000143051147,0.019999999552965164,0.0,0.06060606241226196,0.0,0.1428571492433548,0,0.0009999999999999998,candidate-wise sharp and legacy coarse fixed-pool sufficient-event audit; not adaptive CEM or closed-loop guarantee,ab3d57fb83ad8946c75ac3401a88657c6cde9f80813aa9e5fff3d1b83dc615b6
3072,PushT,0.08,pusht_lewm_noise_0to008_p1,/opt/workspace/explorer-env/dataset/ag_data/data/world_model/quentinll/lewm-pusht/ckpt/pusht_lewm_noise_0to008_p1,/opt/workspace/explorer-env/dataset/ag_data/data/world_model/quentinll/lewm-pusht/ckpt/pusht_lewm_noise_0to008_p1/pusht_lewm_noise_0to008_p1_epoch_10_object.ckpt,88.33333333333333,89.0,0.08,ok,100,65,9,2.0777587890625,8.609829902648926,13.229736328125,27.70229721069336,7.275780200958252,15.905380249023438,54.50678253173828,71.11023712158203,110.39311218261719,7.007814407348633,40.76007843017578,122.68595886230469,288.48919677734375,-135.21265983581543,-19.534515380859375,0.6899999976158142,0.6899999976158142,0.8799999952316284,88,0.8163055403243499,0.18369445967565012,-0.6376752257347107,105.728759765625,273.4372863769531,0.03253902494907379,0.12262332439422607,1.0607882738113403,0.8799999952316284,0.029999999329447746,0.0,0.09677419066429138,0.0,0.25,0,0.0021666666666666666,candidate-wise sharp and legacy coarse fixed-pool sufficient-event audit; not adaptive CEM or closed-loop guarantee,6681c42b53d16c5382d783b2482b1c6ef3ce5c82c4d6ef6c4ec050e017bd2522
3073,PushT,0.0,pusht_lewm_baseline_seed3073,/opt/workspace/explorer-env/dataset/ag_data/data/world_model/quentinll/lewm-pusht/ckpt/pusht_lewm_baseline_seed3073,/opt/workspace/explorer-env/dataset/ag_data/data/world_model/quentinll/lewm-pusht/ckpt/pusht_lewm_baseline_seed3073/pusht_lewm_baseline_seed3073_epoch_10_object.ckpt,75.0,2.0,0.08,ok,100,65,9,76.10603332519531,225.36785888671875,285.89764404296875,386.383544921875,161.99874877929688,355.5514221191406,479.8115234375,493.25958251953125,526.3098754882812,8.566888809204102,33.272727966308594,96.91847229003906,256.2157897949219,-977.9522762298584,-889.6006927490234,0.0,0.0,0.0,0,0.0,1.0,-734.6654663085938,-452.706298828125,-201.6446533203125,2.3514342308044434,6.189416885375977,72.97125244140625,0.0,0.9200000166893005,,0.9200000166893005,,0.9200000166893005,0,0.7842222222222223,candidate-wise sharp and legacy coarse fixed-pool sufficient-event audit; not adaptive CEM or closed-loop guarantee,be0bdec81f1cd7ed2404f519924a6440d9b85dbbf1a1556dab996007d6c6d70b
3073,PushT,0.01,pusht_lewm_noise_0to001_p1_seed3073,/opt/workspace/explorer-env/dataset/ag_data/data/world_model/quentinll/lewm-pusht/ckpt/pusht_lewm_noise_0to001_p1_seed3073,/opt/workspace/explorer-env/dataset/ag_data/data/world_model/quentinll/lewm-pusht/ckpt/pusht_lewm_noise_0to001_p1_seed3073/pusht_lewm_noise_0to001_p1_seed3073_epoch_10_object.ckpt,84.666667,21.666667,0.08,ok,100,65,9,23.89862060546875,102.35595703125,147.48590087890625,254.90090942382812,78.33210754394531,192.74395751953125,356.594482421875,439.49664306640625,456.49139404296875,11.320443153381348,42.224525451660156,107.34442138671875,244.78953552246094,-867.6728429794312,-771.6488647460938,0.10999999940395355,0.10999999940395355,0.2199999988079071,22,0.15973857793173502,0.8402614220682649,-432.90753173828125,-126.62979888916016,120.67889404296875,0.515112042427063,2.3274526596069336,14.195038795471191,0.2199999988079071,0.6000000238418579,0.0,0.6741573214530945,0.0,0.7692307829856873,0,0.2716444444444444,candidate-wise sharp and legacy coarse fixed-pool sufficient-event audit; not adaptive CEM or closed-loop guarantee,a77f24029eef1401318bbdb6d7f9002719db257b9ba12902d0e5b6d02e1c03d7
3073,PushT,0.02,pusht_lewm_noise_0to002_p1_seed3073,/opt/workspace/explorer-env/dataset/ag_data/data/world_model/quentinll/lewm-pusht/ckpt/pusht_lewm_noise_0to002_p1_seed3073,/opt/workspace/explorer-env/dataset/ag_data/data/world_model/quentinll/lewm-pusht/ckpt/pusht_lewm_noise_0to002_p1_seed3073/pusht_lewm_noise_0to002_p1_seed3073_epoch_10_object.ckpt,87.0,46.0,0.08,ok,100,65,9,15.132587432861328,61.59479904174805,91.24993896484375,197.12249755859375,48.42300033569336,115.07015228271484,302.15185546875,332.07513427734375,379.6660461425781,9.580422401428223,45.04432678222656,113.12557220458984,271.90753173828125,-654.5698461532593,-551.0246963500977,0.23000000417232513,0.23000000417232513,0.4699999988079071,47,0.3897804285676282,0.6102195714323718,-247.9635467529297,-7.2723798751831055,159.9155731201172,0.2596902549266815,1.079790711402893,9.460269927978516,0.4699999988079071,0.3100000023841858,0.0,0.4025973975658417,0.0,0.5849056839942932,0,0.07946666666666666,candidate-wise sharp and legacy coarse fixed-pool sufficient-event audit; not adaptive CEM or closed-loop guarantee,3b4b145cf198e71ce948533f0dd98ac0bd8eea8590b63f01aa81e443853f5428
3073,PushT,0.03,pusht_lewm_noise_0to003_p1_seed3073,/opt/workspace/explorer-env/dataset/ag_data/data/world_model/quentinll/lewm-pusht/ckpt/pusht_lewm_noise_0to003_p1_seed3073,/opt/workspace/explorer-env/dataset/ag_data/data/world_model/quentinll/lewm-pusht/ckpt/pusht_lewm_noise_0to003_p1_seed3073/pusht_lewm_noise_0to003_p1_seed3073_epoch_10_object.ckpt,89.666667,80.666667,0.08,ok,100,65,9,4.900226593017578,19.640047073364258,28.961105346679688,57.07536315917969,14.975385665893555,44.63671875,101.99483489990234,143.02305603027344,262.4779357910156,15.401809692382812,52.22483825683594,130.01486206054688,286.8553161621094,-270.64430236816406,-156.03125,0.5600000023841858,0.5600000023841858,0.8199999928474426,82,0.7486477981314302,0.25135220186856977,-21.335477828979492,76.25572204589844,260.03570556640625,0.08238750696182251,0.31420713663101196,2.4885566234588623,0.8199999928474426,0.05999999865889549,0.0,0.13636364042758942,0.0,0.3333333432674408,0,0.006,candidate-wise sharp and legacy coarse fixed-pool sufficient-event audit; not adaptive CEM or closed-loop guarantee,9e0067c2b03b53c946f328ce0db9e24ec35c341888d312e6c30618efb5362be6
3073,PushT,0.04,pusht_lewm_noise_0to004_p1_seed3073,/opt/workspace/explorer-env/dataset/ag_data/data/world_model/quentinll/lewm-pusht/ckpt/pusht_lewm_noise_0to004_p1_seed3073,/opt/workspace/explorer-env/dataset/ag_data/data/world_model/quentinll/lewm-pusht/ckpt/pusht_lewm_noise_0to004_p1_seed3073/pusht_lewm_noise_0to004_p1_seed3073_epoch_10_object.ckpt,88.0,86.666667,0.08,ok,100,65,9,3.7189674377441406,13.066922187805176,18.706382751464844,39.73229217529297,12.355629920959473,22.132431030273438,86.89820098876953,131.34193420410156,223.20907592773438,17.669429779052734,50.107269287109375,123.4849853515625,274.5882873535156,-245.0144386291504,-139.19888305664062,0.6899999976158142,0.6899999976158142,0.8700000047683716,87,0.8048062640785283,0.1951937359214717,-2.1813242435455322,98.25884246826172,260.541015625,0.04036824405193329,0.16981135308742523,1.1223746538162231,0.8700000047683716,0.029999999329447746,0.0,0.09677419066429138,0.0,0.23076923191547394,0,0.0014999999999999996,candidate-wise sharp and legacy coarse fixed-pool sufficient-event audit; not adaptive CEM or closed-loop guarantee,f8e4eef1899ba583d290072793984b8c26de182810c9a101016405b3a2f41e64
3073,PushT,0.05,pusht_lewm_noise_0to005_p1_seed3073,/opt/workspace/explorer-env/dataset/ag_data/data/world_model/quentinll/lewm-pusht/ckpt/pusht_lewm_noise_0to005_p1_seed3073,/opt/workspace/explorer-env/dataset/ag_data/data/world_model/quentinll/lewm-pusht/ckpt/pusht_lewm_noise_0to005_p1_seed3073/pusht_lewm_noise_0to005_p1_seed3073_epoch_10_object.ckpt,88.0,85.333333,0.08,ok,100,65,9,2.6263275146484375,9.923480033874512,14.360336303710938,34.86345291137695,7.866181373596191,20.482437133789062,61.14061737060547,67.20034790039062,115.95211029052734,15.241351127624512,41.833595275878906,124.7783432006836,275.1935729980469,-119.15934467315674,-9.622352600097656,0.7200000286102295,0.7200000286102295,0.8999999761581421,90,0.8396444903889078,0.16035550961109224,0.30467334389686584,112.45443725585938,251.50474548339844,0.042131565511226654,0.15137022733688354,0.8080974221229553,0.8999999761581421,0.009999999776482582,0.0,0.0357142873108387,0.0,0.10000000149011612,0,0.0004999999999999999,candidate-wise sharp and legacy coarse fixed-pool sufficient-event audit; not adaptive CEM or closed-loop guarantee,16affa017dbc4dae28c0229e977a96b02a5e801e113b56884cde221b8d2e803a
3073,PushT,0.06,pusht_lewm_noise_0to006_p1_seed3073,/opt/workspace/explorer-env/dataset/ag_data/data/world_model/quentinll/lewm-pusht/ckpt/pusht_lewm_noise_0to006_p1_seed3073,/opt/workspace/explorer-env/dataset/ag_data/data/world_model/quentinll/lewm-pusht/ckpt/pusht_lewm_noise_0to006_p1_seed3073/pusht_lewm_noise_0to006_p1_seed3073_epoch_10_object.ckpt,86.333333,86.333333,0.08,ok,100,65,9,2.4396820068359375,8.924947738647461,13.011306762695312,29.365665435791016,7.485851764678955,16.429237365722656,55.4081916809082,91.53797912597656,156.9553680419922,9.962021827697754,51.409725189208984,129.024658203125,265.5242919921875,-173.11393642425537,-54.051300048828125,0.7400000095367432,0.7400000095367432,0.8600000143051147,86,0.793406218062001,0.20659378193799904,-2.770406484603882,108.62985229492188,258.6865234375,0.037529051303863525,0.13735365867614746,1.372733235359192,0.8600000143051147,0.07000000029802322,0.0,0.26923078298568726,0.0,0.5,0,0.004277777777777778,candidate-wise sharp and legacy coarse fixed-pool sufficient-event audit; not adaptive CEM or closed-loop guarantee,90005c3018a7d0a033080188c852a293db5f21e2f9de112fb5af087352b69eaf
3073,PushT,0.07,pusht_lewm_noise_0to007_p1_seed3073,/opt/workspace/explorer-env/dataset/ag_data/data/world_model/quentinll/lewm-pusht/ckpt/pusht_lewm_noise_0to007_p1_seed3073,/opt/workspace/explorer-env/dataset/ag_data/data/world_model/quentinll/lewm-pusht/ckpt/pusht_lewm_noise_0to007_p1_seed3073/pusht_lewm_noise_0to007_p1_seed3073_epoch_10_object.ckpt,86.0,84.333333,0.08,ok,100,65,9,1.989288330078125,8.43572998046875,12.43793773651123,29.56912612915039,7.459699630737305,14.07391357421875,53.86478805541992,76.0354232788086,129.1222381591797,14.998445510864258,54.226680755615234,126.71157836914062,287.83087158203125,-137.07240104675293,-25.359268188476562,0.7300000190734863,0.7300000190734863,0.9200000166893005,92,0.8635352304245132,0.1364647695754868,1.5475374460220337,99.22999572753906,270.77313232421875,0.03177078813314438,0.10670143365859985,0.8491913080215454,0.9200000166893005,0.009999999776482582,0.0,0.03703703731298447,0.0,0.125,0,0.0003999999999999998,candidate-wise sharp and legacy coarse fixed-pool sufficient-event audit; not adaptive CEM or closed-loop guarantee,59ab57a953c0cdc2fab12c3c66782a8a2ed208611568f80e2b3ee66a74ca441e
3073,PushT,0.08,pusht_lewm_noise_0to008_p1_seed3073,/opt/workspace/explorer-env/dataset/ag_data/data/world_model/quentinll/lewm-pusht/ckpt/pusht_lewm_noise_0to008_p1_seed3073,/opt/workspace/explorer-env/dataset/ag_data/data/world_model/quentinll/lewm-pusht/ckpt/pusht_lewm_noise_0to008_p1_seed3073/pusht_lewm_noise_0to008_p1_seed3073_epoch_10_object.ckpt,84.666667,81.0,0.08,ok,100,65,9,2.2061004638671875,9.13647747039795,13.331265449523926,34.890296936035156,6.752887725830078,17.147964477539062,45.660179138183594,57.88347244262695,77.10679626464844,8.602328300476074,42.7147216796875,130.08981323242188,283.3070068359375,-107.16461658477783,14.322868347167969,0.7900000214576721,0.7900000214576721,0.8899999856948853,89,0.8279141735549224,0.17208582644507764,-0.8909915089607239,95.40262603759766,269.5768127441406,0.03353152424097061,0.13891763985157013,1.0698354244232178,0.8899999856948853,0.009999999776482582,0.0,0.0476190485060215,0.0,0.09090909361839294,0,0.0004999999999999999,candidate-wise sharp and legacy coarse fixed-pool sufficient-event audit; not adaptive CEM or closed-loop guarantee,7544ec042eb38d0609457d67abf48cd9323f69f0e8d53715194c2c2f5c51f65d
3074,PushT,0.0,pusht_lewm_baseline_seed3074,/opt/workspace/explorer-env/dataset/ag_data/data/world_model/quentinll/lewm-pusht/ckpt/pusht_lewm_baseline_seed3074,/opt/workspace/explorer-env/dataset/ag_data/data/world_model/quentinll/lewm-pusht/ckpt/pusht_lewm_baseline_seed3074/pusht_lewm_baseline_seed3074_epoch_10_object.ckpt,84.0,15.333333,0.08,ok,100,65,9,39.07630920410156,128.09579467773438,169.6134033203125,311.7250061035156,85.54157257080078,282.2083435058594,403.9840087890625,439.9559631347656,451.65484619140625,6.738096714019775,42.356895446777344,130.37408447265625,274.45654296875,-873.1738295555115,-749.537841796875,0.019999999552965164,0.019999999552965164,0.029999999329447746,3,0.012051814249279914,0.9879481857507201,-527.9091796875,-259.9635009765625,-54.18662643432617,1.3902747631072998,3.1121416091918945,23.357479095458984,0.029999999329447746,0.8899999856948853,0.0,0.9081632494926453,0.0,0.9175257682800293,0,0.6758888888888889,candidate-wise sharp and legacy coarse fixed-pool sufficient-event audit; not adaptive CEM or closed-loop guarantee,016f5b0fb429c1433ffe51a06736a69e3756665d97f6798939d9850b006c234b
3074,PushT,0.01,pusht_lewm_noise_0to001_p1_seed3074,/opt/workspace/explorer-env/dataset/ag_data/data/world_model/quentinll/lewm-pusht/ckpt/pusht_lewm_noise_0to001_p1_seed3074,/opt/workspace/explorer-env/dataset/ag_data/data/world_model/quentinll/lewm-pusht/ckpt/pusht_lewm_noise_0to001_p1_seed3074/pusht_lewm_noise_0to001_p1_seed3074_epoch_10_object.ckpt,85.0,40.333333,0.08,ok,100,65,9,18.68389892578125,70.03125,100.23756408691406,192.8567352294922,52.00756072998047,154.4217071533203,329.91229248046875,402.701904296875,465.4493103027344,7.787447452545166,53.26884078979492,140.25164794921875,278.17889404296875,-797.6163611412048,-665.1521606445312,0.1599999964237213,0.1599999964237213,0.3799999952316284,38,0.3043173712737556,0.6956826287262444,-309.7134704589844,-42.14103317260742,117.1379165649414,0.46891942620277405,1.4261786937713623,6.7248687744140625,0.3799999952316284,0.3799999952316284,0.0,0.4523809552192688,0.0,0.6129032373428345,0,0.11432222222222221,candidate-wise sharp and legacy coarse fixed-pool sufficient-event audit; not adaptive CEM or closed-loop guarantee,a5a27531199f341428f040fcd0911d93f5f49e72f04b376bc7cea6ba3a1f86f1
3074,PushT,0.02,pusht_lewm_noise_0to002_p1_seed3074,/opt/workspace/explorer-env/dataset/ag_data/data/world_model/quentinll/lewm-pusht/ckpt/pusht_lewm_noise_0to002_p1_seed3074,/opt/workspace/explorer-env/dataset/ag_data/data/world_model/quentinll/lewm-pusht/ckpt/pusht_lewm_noise_0to002_p1_seed3074/pusht_lewm_noise_0to002_p1_seed3074_epoch_10_object.ckpt,86.666667,68.333333,0.08,ok,100,65,9,7.811187744140625,29.557756423950195,43.8951416015625,84.97381591796875,22.581708908081055,66.16561126708984,158.25547790527344,231.49073791503906,323.0676574707031,5.541023254394531,30.751089096069336,130.9490509033203,275.9870300292969,-457.4404525756836,-332.0324249267578,0.4099999964237213,0.4099999964237213,0.6700000166893005,67,0.5890728630443055,0.4109271369556945,-100.8230972290039,57.42539596557617,235.32894897460938,0.18735554814338684,0.4912249445915222,6.646349906921387,0.6700000166893005,0.1899999976158142,0.0,0.32203391194343567,0.0,0.5757575631141663,0,0.02645555555555555,candidate-wise sharp and legacy coarse fixed-pool sufficient-event audit; not adaptive CEM or closed-loop guarantee,ae9458fb3698e72852099012e770ad1c08dd1d67b465759159a2f0b8a73e0e48
3074,PushT,0.03,pusht_lewm_noise_0to003_p1_seed3074,/opt/workspace/explorer-env/dataset/ag_data/data/world_model/quentinll/lewm-pusht/ckpt/pusht_lewm_noise_0to003_p1_seed3074,/opt/workspace/explorer-env/dataset/ag_data/data/world_model/quentinll/lewm-pusht/ckpt/pusht_lewm_noise_0to003_p1_seed3074/pusht_lewm_noise_0to003_p1_seed3074_epoch_10_object.ckpt,89.666667,84.666667,0.08,ok,100,65,9,4.25933837890625,18.114316940307617,26.284509658813477,66.8250961303711,15.051823616027832,31.194168090820312,101.81034088134766,114.75942993164062,254.1673583984375,11.49947452545166,46.312889099121094,143.21255493164062,298.306640625,-218.0193853378296,-86.30630493164062,0.6200000047683716,0.6200000047683716,0.8299999833106995,83,0.7597233990511757,0.2402766009488243,-14.368389129638672,117.85053253173828,260.29742431640625,0.062007248401641846,0.24161285161972046,1.4684616327285767,0.8299999833106995,0.07999999821186066,0.0,0.21052631735801697,0.0,0.47058823704719543,0,0.003999999999999999,candidate-wise sharp and legacy coarse fixed-pool sufficient-event audit; not adaptive CEM or closed-loop guarantee,d7daba682b1db3284725a3539aac4a1ed160839cdd01506eaa2c33b2d24e13ac
3074,PushT,0.04,pusht_lewm_noise_0to004_p1_seed3074,/opt/workspace/explorer-env/dataset/ag_data/data/world_model/quentinll/lewm-pusht/ckpt/pusht_lewm_noise_0to004_p1_seed3074,/opt/workspace/explorer-env/dataset/ag_data/data/world_model/quentinll/lewm-pusht/ckpt/pusht_lewm_noise_0to004_p1_seed3074/pusht_lewm_noise_0to004_p1_seed3074_epoch_10_object.ckpt,90.0,86.333333,0.08,ok,100,65,9,3.2707366943359375,12.116971969604492,17.655364990234375,35.19996643066406,9.740503311157227,24.03338623046875,71.51296997070312,103.53849029541016,134.86932373046875,10.344833374023438,35.871551513671875,133.8551025390625,287.113525390625,-196.73214721679688,-73.22187805175781,0.6700000166893005,0.6700000166893005,0.8799999952316284,88,0.8163055403243499,0.18369445967565012,-0.7853769063949585,104.69332885742188,270.9098205566406,0.05025129392743111,0.18750329315662384,1.432374119758606,0.8799999952316284,0.05000000074505806,0.0,0.1515151560306549,0.0,0.4166666567325592,0,0.0024999999999999996,candidate-wise sharp and legacy coarse fixed-pool sufficient-event audit; not adaptive CEM or closed-loop guarantee,c4c3c0a49f59e15842f2786e6765a1f75f203acdbd8470f5a18e27dee6b04d57
3074,PushT,0.05,pusht_lewm_noise_0to005_p1_seed3074,/opt/workspace/explorer-env/dataset/ag_data/data/world_model/quentinll/lewm-pusht/ckpt/pusht_lewm_noise_0to005_p1_seed3074,/opt/workspace/explorer-env/dataset/ag_data/data/world_model/quentinll/lewm-pusht/ckpt/pusht_lewm_noise_0to005_p1_seed3074/pusht_lewm_noise_0to005_p1_seed3074_epoch_10_object.ckpt,83.333333,79.666667,0.08,ok,100,65,9,3.4203948974609375,15.537548065185547,22.61917495727539,48.11549758911133,13.253808975219727,27.033390045166016,91.8865737915039,111.90691375732422,141.87326049804688,8.438064575195312,40.191707611083984,113.97415924072266,261.0554504394531,-215.37576293945312,-109.83966827392578,0.6000000238418579,0.6000000238418579,0.8700000047683716,87,0.8048062640785283,0.1951937359214717,-1.0502787828445435,87.78964233398438,228.54031372070312,0.04868709295988083,0.2438383549451828,1.303995132446289,0.8700000047683716,0.05999999865889549,0.0,0.15000000596046448,0.0,0.4615384638309479,0,0.002999999999999999,candidate-wise sharp and legacy coarse fixed-pool sufficient-event audit; not adaptive CEM or closed-loop guarantee,49d31e4732820ad6fc0bc3e5784705c7812b41124c2b79fd96864f1da6b0815c
3074,PushT,0.06,pusht_lewm_noise_0to006_p1_seed3074,/opt/workspace/explorer-env/dataset/ag_data/data/world_model/quentinll/lewm-pusht/ckpt/pusht_lewm_noise_0to006_p1_seed3074,/opt/workspace/explorer-env/dataset/ag_data/data/world_model/quentinll/lewm-pusht/ckpt/pusht_lewm_noise_0to006_p1_seed3074/pusht_lewm_noise_0to006_p1_seed3074_epoch_10_object.ckpt,89.0,86.333333,0.08,ok,100,65,9,2.142486572265625,7.878479480743408,11.406346321105957,22.78300666809082,7.010841369628906,15.244399070739746,48.491905212402344,56.83262634277344,71.67843627929688,6.516397476196289,40.45794677734375,137.09481811523438,281.5032043457031,-107.14885520935059,23.4295654296875,0.7300000190734863,0.7300000190734863,0.8700000047683716,87,0.8048062640785283,0.1951937359214717,-1.3648712635040283,119.33738708496094,268.6682434082031,0.03279998525977135,0.11786262691020966,1.6326969861984253,0.8700000047683716,0.05999999865889549,0.0,0.2222222238779068,0.0,0.4615384638309479,0,0.0044444444444444444,candidate-wise sharp and legacy coarse fixed-pool sufficient-event audit; not adaptive CEM or closed-loop guarantee,d864538fb3c8fbb4e4ea218e9a9f58e0273c770c51dc5fe6869b787ee63e43d0
3074,PushT,0.07,pusht_lewm_noise_0to007_p1_seed3074,/opt/workspace/explorer-env/dataset/ag_data/data/world_model/quentinll/lewm-pusht/ckpt/pusht_lewm_noise_0to007_p1_seed3074,/opt/workspace/explorer-env/dataset/ag_data/data/world_model/quentinll/lewm-pusht/ckpt/pusht_lewm_noise_0to007_p1_seed3074/pusht_lewm_noise_0to007_p1_seed3074_epoch_10_object.ckpt,87.666667,83.666667,0.08,ok,100,65,9,2.4694976806640625,9.012240409851074,12.981657028198242,28.95429229736328,7.691634654998779,18.013763427734375,61.4765739440918,84.87057495117188,131.67337036132812,6.76957893371582,39.68434524536133,122.19265747070312,283.1915588378906,-162.97157096862793,-47.548492431640625,0.6700000166893005,0.6700000166893005,0.8700000047683716,87,0.8048062640785283,0.1951937359214717,-2.7254815101623535,109.4203109741211,276.1646728515625,0.03057711012661457,0.12626083195209503,1.1564229726791382,0.8700000047683716,0.05999999865889549,0.0,0.1818181872367859,0.0,0.4615384638309479,0,0.003722222222222222,candidate-wise sharp and legacy coarse fixed-pool sufficient-event audit; not adaptive CEM or closed-loop guarantee,1d0524cb079b7214120879576ded3707dbc086b49e8a7a4f0f8d354b9b0b0877
3074,PushT,0.08,pusht_lewm_noise_0to008_p1_seed3074,/opt/workspace/explorer-env/dataset/ag_data/data/world_model/quentinll/lewm-pusht/ckpt/pusht_lewm_noise_0to008_p1_seed3074,/opt/workspace/explorer-env/dataset/ag_data/data/world_model/quentinll/lewm-pusht/ckpt/pusht_lewm_noise_0to008_p1_seed3074/pusht_lewm_noise_0to008_p1_seed3074_epoch_10_object.ckpt,87.666667,87.333333,0.08,ok,100,65,9,1.93975830078125,7.431936740875244,10.645374298095703,26.153949737548828,6.129720211029053,11.945892333984375,48.86101531982422,70.54804229736328,120.26356506347656,4.935301780700684,43.345306396484375,135.85470581054688,296.8774108886719,-136.16078281402588,-5.2413787841796875,0.75,0.75,0.8799999952316284,88,0.8163055403243499,0.18369445967565012,-0.31278082728385925,117.74430847167969,289.9549255371094,0.025768587365746498,0.09970281273126602,1.119175672531128,0.8799999952316284,0.05000000074505806,0.0,0.20000000298023224,0.0,0.4166666567325592,0,0.0024999999999999996,candidate-wise sharp and legacy coarse fixed-pool sufficient-event audit; not adaptive CEM or closed-loop guarantee,2ac94bcf12e966fefe83dd5352fe759febb50137a5832b93aae0233ef43f4648
3072,Reacher,0.0,reacher_lewm_20260430,/opt/workspace/explorer-env/dataset/ag_data/data/world_model/quentinll/lewm-reacher/ckpt/reacher_lewm_20260430,/opt/workspace/explorer-env/dataset/ag_data/data/world_model/quentinll/lewm-reacher/ckpt/reacher_lewm_20260430/reacher_lewm_20260430_epoch_10_object.ckpt,58.666666666666664,18.333333333333332,0.08,ok,100,65,9,69.67466735839844,204.6867218017578,246.87828063964844,346.44989013671875,140.05775451660156,284.7095947265625,421.6046142578125,445.90447998046875,482.9588928222656,1.874589443206787,6.1625871658325195,14.32754135131836,77.83796691894531,-889.9343705177307,-877.4814186096191,0.009999999776482582,0.009999999776482582,0.05000000074505806,5,0.02454736342580413,0.9754526365741959,-721.0889282226562,-430.0353088378906,-97.58572387695312,2.5325889587402344,25.77902603149414,225.788818359375,0.05000000074505806,0.8799999952316284,0.0,0.8888888955116272,0.0,0.9263157844543457,0,0.6829999999999999,candidate-wise sharp and legacy coarse fixed-pool sufficient-event audit; not adaptive CEM or closed-loop guarantee,3ec7a5b74482c9bfd2a4fa2f107321270f9e507f71909c278afd33f2262fe1a2
3072,Reacher,0.01,reacher_lewm_noise_0to001_p1,/opt/workspace/explorer-env/dataset/ag_data/data/world_model/quentinll/lewm-reacher/ckpt/reacher_lewm_noise_0to001_p1,/opt/workspace/explorer-env/dataset/ag_data/data/world_model/quentinll/lewm-reacher/ckpt/reacher_lewm_noise_0to001_p1/reacher_lewm_noise_0to001_p1_epoch_10_object.ckpt,61.666666666666664,45.666666666666664,0.08,ok,100,65,9,17.299072265625,131.4519500732422,206.63211059570312,314.3612976074219,115.49927520751953,101.9755859375,382.7389831542969,414.6190490722656,433.10498046875,1.5340250730514526,5.997776985168457,15.122566223144531,70.14925384521484,-827.7040730714798,-814.1155319213867,0.05999999865889549,0.05999999865889549,0.23999999463558197,24,0.17719408215004157,0.8228059178499585,-644.7218017578125,-41.076927185058594,15.761380195617676,0.45049992203712463,5.238940238952637,98.79645538330078,0.23999999463558197,0.5400000214576721,0.0,0.5744680762290955,0.0,0.7105262875556946,0,0.24077777777777779,candidate-wise sharp and legacy coarse fixed-pool sufficient-event audit; not adaptive CEM or closed-loop guarantee,0ece2e538254a47bc6b3804a177eed6a85b0fec3bffb2dc6796132f4ac990284
3072,Reacher,0.02,reacher_lewm_noise_0to002_p1,/opt/workspace/explorer-env/dataset/ag_data/data/world_model/quentinll/lewm-reacher/ckpt/reacher_lewm_noise_0to002_p1,/opt/workspace/explorer-env/dataset/ag_data/data/world_model/quentinll/lewm-reacher/ckpt/reacher_lewm_noise_0to002_p1/reacher_lewm_noise_0to002_p1_epoch_10_object.ckpt,85.66666666666667,83.66666666666667,0.08,ok,100,65,9,0.4768218994140625,2.685732364654541,3.917588472366333,7.068061828613281,1.9549899101257324,3.496173858642578,7.921467304229736,8.9895601272583,13.263484001159668,2.1462326049804688,7.041323184967041,17.797019958496094,97.3016128540039,-15.832887649536133,-0.1821002960205078,0.6700000166893005,0.6700000166893005,0.9700000286102295,97,0.927289656713096,0.07271034328690396,1.2643550634384155,14.880267143249512,96.67213439941406,0.015041524544358253,0.07559574395418167,0.377683162689209,0.9700000286102295,0.0,0.0,0.0,0.0,0.0,0,0.0,candidate-wise sharp and legacy coarse fixed-pool sufficient-event audit; not adaptive CEM or closed-loop guarantee,3999c3aab785acead851b882407a5fe988b5c11f98f5335c5b19c2fe417f8ef2
3072,Reacher,0.03,reacher_lewm_noise_0to003_p1,/opt/workspace/explorer-env/dataset/ag_data/data/world_model/quentinll/lewm-reacher/ckpt/reacher_lewm_noise_0to003_p1,/opt/workspace/explorer-env/dataset/ag_data/data/world_model/quentinll/lewm-reacher/ckpt/reacher_lewm_noise_0to003_p1/reacher_lewm_noise_0to003_p1_epoch_10_object.ckpt,78.66666666666667,78.66666666666667,0.08,ok,100,65,9,1.72979736328125,9.381379127502441,13.29104232788086,23.384737014770508,6.517674446105957,12.05072021484375,27.11224365234375,32.226932525634766,43.9166374206543,2.2044243812561035,6.570444107055664,17.439781188964844,73.10404968261719,-62.24944067001343,-47.01408386230469,0.4099999964237213,0.4099999964237213,0.8799999952316284,88,0.8163055403243499,0.18369445967565012,-0.5276213884353638,13.540950775146484,72.03968811035156,0.0379331074655056,0.2580675184726715,1.2619067430496216,0.8799999952316284,0.05999999865889549,0.0,0.10169491171836853,0.0,0.5,0,0.003666666666666666,candidate-wise sharp and legacy coarse fixed-pool sufficient-event audit; not adaptive CEM or closed-loop guarantee,a3bd40fc3b53b2021dca2e65804487fad9abcec7117c119b1ac07767037b5f9f
3072,Reacher,0.04,reacher_lewm_noise_0to004_p1,/opt/workspace/explorer-env/dataset/ag_data/data/world_model/quentinll/lewm-reacher/ckpt/reacher_lewm_noise_0to004_p1,/opt/workspace/explorer-env/dataset/ag_data/data/world_model/quentinll/lewm-reacher/ckpt/reacher_lewm_noise_0to004_p1/reacher_lewm_noise_0to004_p1_epoch_10_object.ckpt,84.0,82.0,0.08,ok,100,65,9,1.4945068359375,6.88970422744751,10.08590030670166,16.62175941467285,4.900882720947266,9.245803833007812,19.458396911621094,22.98042106628418,30.462661743164062,1.2447834014892578,5.873919486999512,16.959808349609375,76.24573516845703,-44.7160587310791,-29.001033782958984,0.44999998807907104,0.44999998807907104,0.8999999761581421,90,0.8396444903889078,0.16035550961109224,0.06664741039276123,13.611328125,72.03728485107422,0.03938160091638565,0.1762024164199829,0.9690198302268982,0.8999999761581421,0.019999999552965164,0.0,0.036363635212183,0.0,0.20000000298023224,0,0.0009999999999999998,candidate-wise sharp and legacy coarse fixed-pool sufficient-event audit; not adaptive CEM or closed-loop guarantee,5ce6b094f659949d408f6611956c4e9725137253e24d894c607ab1120f4e6408
3072,Reacher,0.05,reacher_lewm_noise_0to005_p1,/opt/workspace/explorer-env/dataset/ag_data/data/world_model/quentinll/lewm-reacher/ckpt/reacher_lewm_noise_0to005_p1,/opt/workspace/explorer-env/dataset/ag_data/data/world_model/quentinll/lewm-reacher/ckpt/reacher_lewm_noise_0to005_p1/reacher_lewm_noise_0to005_p1_epoch_10_object.ckpt,70.0,70.0,0.08,ok,100,65,9,0.64166259765625,2.8485381603240967,3.9477360248565674,7.364489555358887,2.1989195346832275,4.294216156005859,9.057598114013672,11.726042747497559,16.252140045166016,1.7679060697555542,4.099160671234131,13.969537734985352,66.083740234375,-21.684179425239563,-9.482547760009766,0.5899999737739563,0.5899999737739563,0.9399999976158142,94,0.8881590347735402,0.11184096522645981,0.7547044157981873,12.43006706237793,61.95027542114258,0.021249379962682724,0.10506469011306763,0.5745119452476501,0.9399999976158142,0.019999999552965164,0.0,0.04878048598766327,0.0,0.3333333432674408,0,0.0006000000000000006,candidate-wise sharp and legacy coarse fixed-pool sufficient-event audit; not adaptive CEM or closed-loop guarantee,2d6035b3233b1124fdd7cbfc8bb459505cf445282514295a2018fc186091b3d1
3072,Reacher,0.06,reacher_lewm_noise_0to006_p1,/opt/workspace/explorer-env/dataset/ag_data/data/world_model/quentinll/lewm-reacher/ckpt/reacher_lewm_noise_0to006_p1,/opt/workspace/explorer-env/dataset/ag_data/data/world_model/quentinll/lewm-reacher/ckpt/reacher_lewm_noise_0to006_p1/reacher_lewm_noise_0to006_p1_epoch_10_object.ckpt,86.0,81.33333333333333,0.08,ok,100,65,9,0.79168701171875,4.377291202545166,6.412997245788574,11.046977996826172,3.3454909324645996,5.658103942871094,13.269805908203125,15.301536560058594,21.290292739868164,2.64857816696167,8.291688919067383,16.460145950317383,63.75823974609375,-27.954494953155518,-14.142927169799805,0.6000000238418579,0.6000000238418579,0.9800000190734863,98,0.9413516316431647,0.05864836835683529,1.5981286764144897,15.588022232055664,62.85149002075195,0.023119037970900536,0.11908765137195587,0.5912472605705261,0.9800000190734863,0.009999999776482582,0.0,0.02500000037252903,0.0,0.5,0,0.00010000000000000009,candidate-wise sharp and legacy coarse fixed-pool sufficient-event audit; not adaptive CEM or closed-loop guarantee,419260c5114047795faca793e2eb784ff820da6ce19b5cb0d3704a2305f89eeb
3072,Reacher,0.07,reacher_lewm_noise_0to007_p1,/opt/workspace/explorer-env/dataset/ag_data/data/world_model/quentinll/lewm-reacher/ckpt/reacher_lewm_noise_0to007_p1,/opt/workspace/explorer-env/dataset/ag_data/data/world_model/quentinll/lewm-reacher/ckpt/reacher_lewm_noise_0to007_p1/reacher_lewm_noise_0to007_p1_epoch_10_object.ckpt,83.66666666666667,84.66666666666667,0.08,ok,100,65,9,0.8356027603149414,4.5962934494018555,6.658697605133057,11.61288070678711,3.523052215576172,5.4377899169921875,14.12528133392334,16.140573501586914,21.212732315063477,1.5705207586288452,7.9821553230285645,16.048185348510742,73.97697448730469,-30.710626244544983,-16.232961654663086,0.6000000238418579,0.6000000238418579,0.9100000262260437,91,0.8515117505459098,0.14848824945409023,0.12676499783992767,14.005594253540039,72.48068237304688,0.02697446197271347,0.10947291553020477,0.9196313619613647,0.9100000262260437,0.029999999329447746,0.0,0.07500000298023224,0.0,0.3333333432674408,0,0.0013499999999999994,candidate-wise sharp and legacy coarse fixed-pool sufficient-event audit; not adaptive CEM or closed-loop guarantee,5d31b38737b6dc36f8782e798e24a189ed0b3ff066f64e8a3cdbaff51ab18c30
3072,Reacher,0.08,reacher_lewm_noise_0to008_p1,/opt/workspace/explorer-env/dataset/ag_data/data/world_model/quentinll/lewm-reacher/ckpt/reacher_lewm_noise_0to008_p1,/opt/workspace/explorer-env/dataset/ag_data/data/world_model/quentinll/lewm-reacher/ckpt/reacher_lewm_noise_0to008_p1/reacher_lewm_noise_0to008_p1_epoch_10_object.ckpt,84.0,82.0,0.08,ok,100,65,9,0.7904548645019531,4.124347686767578,6.239192962646484,10.111845970153809,2.926994562149048,6.002189636230469,11.841957092285156,14.573969841003418,16.516368865966797,1.3698325157165527,7.26084041595459,19.070106506347656,68.47193908691406,-27.778107166290283,-10.07783317565918,0.5899999737739563,0.5899999737739563,0.9700000286102295,97,0.927289656713096,0.07271034328690396,0.4218052923679352,15.509023666381836,66.46733856201172,0.030301809310913086,0.11713878810405731,0.7748385071754456,0.9700000286102295,0.019999999552965164,0.0,0.04878048598766327,0.0,0.6666666865348816,0,0.0003000000000000003,candidate-wise sharp and legacy coarse fixed-pool sufficient-event audit; not adaptive CEM or closed-loop guarantee,de5cce2fbdcb2e9b9db55b6cac89e1e9acaecd66fa46d562f19564adaa571c15
3073,Reacher,0.0,reacher_lewm_baseline_seed3073,/opt/workspace/explorer-env/dataset/ag_data/data/world_model/quentinll/lewm-reacher/ckpt/reacher_lewm_baseline_seed3073,/opt/workspace/explorer-env/dataset/ag_data/data/world_model/quentinll/lewm-reacher/ckpt/reacher_lewm_baseline_seed3073/reacher_lewm_baseline_seed3073_epoch_10_object.ckpt,60.666667,17.666667,0.08,ok,100,65,9,57.39225769042969,214.0220184326172,280.8049011230469,382.3284606933594,145.41360473632812,325.9783630371094,444.11102294921875,480.8067932128906,525.9600830078125,1.0450153350830078,3.790613889694214,14.560986518859863,74.51188659667969,-960.5685710906982,-947.0525999069214,0.0,0.0,0.009999999776482582,1,0.0022340928334547497,0.9977659071665452,-731.6213989257812,-494.760498046875,-49.53362274169922,2.4479095935821533,29.139434814453125,545.2020263671875,0.009999999776482582,0.8399999737739563,,0.8399999737739563,0.0,0.8484848737716675,0,0.6317777777777778,candidate-wise sharp and legacy coarse fixed-pool sufficient-event audit; not adaptive CEM or closed-loop guarantee,71f1d48add14061516630735d6624b6363e4bc7516670625a93e566ee0288b99
3073,Reacher,0.01,reacher_lewm_noise_0to001_p1_seed3073,/opt/workspace/explorer-env/dataset/ag_data/data/world_model/quentinll/lewm-reacher/ckpt/reacher_lewm_noise_0to001_p1_seed3073,/opt/workspace/explorer-env/dataset/ag_data/data/world_model/quentinll/lewm-reacher/ckpt/reacher_lewm_noise_0to001_p1_seed3073/reacher_lewm_noise_0to001_p1_seed3073_epoch_10_object.ckpt,62.0,47.0,0.08,ok,100,65,9,24.602737426757812,149.46803283691406,220.27713012695312,346.8188171386719,118.4217529296875,169.15524291992188,418.96282958984375,448.56085205078125,506.5679931640625,1.3840076923370361,4.294608116149902,17.25708770751953,70.43391418457031,-895.7376964092255,-879.864616394043,0.019999999552965164,0.019999999552965164,0.15000000596046448,15,0.10053686766030076,0.8994631323396992,-689.5382080078125,-125.8943862915039,5.934040546417236,0.7180575132369995,10.378410339355469,335.6107177734375,0.15000000596046448,0.6399999856948853,0.0,0.6530612111091614,0.0,0.7529411911964417,0,0.31905555555555554,candidate-wise sharp and legacy coarse fixed-pool sufficient-event audit; not adaptive CEM or closed-loop guarantee,37b65282c3ac70822c1420400cf3589e0c2c1c6d65bb28972d085c2441cbf5e5
3073,Reacher,0.02,reacher_lewm_noise_0to002_p1_seed3073,/opt/workspace/explorer-env/dataset/ag_data/data/world_model/quentinll/lewm-reacher/ckpt/reacher_lewm_noise_0to002_p1_seed3073,/opt/workspace/explorer-env/dataset/ag_data/data/world_model/quentinll/lewm-reacher/ckpt/reacher_lewm_noise_0to002_p1_seed3073/reacher_lewm_noise_0to002_p1_seed3073_epoch_10_object.ckpt,73.666667,62.666667,0.08,ok,100,65,9,4.84332275390625,26.65523910522461,39.77364730834961,68.68328857421875,20.572431564331055,36.55244445800781,87.73131561279297,98.72315216064453,219.59332275390625,0.79436194896698,5.217140197753906,15.959831237792969,78.22809600830078,-196.65194237232208,-181.4864730834961,0.10999999940395355,0.10999999940395355,0.5899999737739563,59,0.5077672426627459,0.49223275733725413,-19.20763397216797,4.142805099487305,50.689334869384766,0.20983260869979858,0.6486163139343262,6.774470806121826,0.5899999737739563,0.2199999988079071,0.0,0.24719101190567017,0.0,0.5365853905677795,0,0.043555555555555556,candidate-wise sharp and legacy coarse fixed-pool sufficient-event audit; not adaptive CEM or closed-loop guarantee,b875f54494278c189b554485e4cc0c253407c0859d397a262132604723378e77
3073,Reacher,0.03,reacher_lewm_noise_0to003_p1_seed3073,/opt/workspace/explorer-env/dataset/ag_data/data/world_model/quentinll/lewm-reacher/ckpt/reacher_lewm_noise_0to003_p1_seed3073,/opt/workspace/explorer-env/dataset/ag_data/data/world_model/quentinll/lewm-reacher/ckpt/reacher_lewm_noise_0to003_p1_seed3073/reacher_lewm_noise_0to003_p1_seed3073_epoch_10_object.ckpt,76.0,71.0,0.08,ok,100,65,9,2.3880462646484375,12.311274528503418,18.155187606811523,30.224010467529297,9.099905967712402,16.168434143066406,34.87782669067383,39.320648193359375,55.700496673583984,0.8257882595062256,5.919347763061523,17.633190155029297,78.65695190429688,-77.81550812721252,-61.00810623168945,0.33000001311302185,0.33000001311302185,0.800000011920929,80,0.7266961911903833,0.2733038088096167,-1.857965111732483,10.40182876586914,66.72615051269531,0.08490729331970215,0.41289883852005005,2.5316567420959473,0.800000011920929,0.05999999865889549,0.0,0.08955223858356476,0.0,0.30000001192092896,0,0.0063333333333333314,candidate-wise sharp and legacy coarse fixed-pool sufficient-event audit; not adaptive CEM or closed-loop guarantee,932c21996d87b181e4a300183d6f27c958c0bbe36590c18abcb7aca1ef54331b
3073,Reacher,0.04,reacher_lewm_noise_0to004_p1_seed3073,/opt/workspace/explorer-env/dataset/ag_data/data/world_model/quentinll/lewm-reacher/ckpt/reacher_lewm_noise_0to004_p1_seed3073,/opt/workspace/explorer-env/dataset/ag_data/data/world_model/quentinll/lewm-reacher/ckpt/reacher_lewm_noise_0to004_p1_seed3073/reacher_lewm_noise_0to004_p1_seed3073_epoch_10_object.ckpt,81.0,79.666667,0.08,ok,100,65,9,1.3385467529296875,6.480963230133057,9.086928367614746,15.944051742553711,4.589596748352051,8.761466979980469,17.476449966430664,23.340620040893555,27.576406478881836,1.0780702829360962,5.615058898925781,16.246803283691406,72.2967758178711,-45.60316979885101,-30.434436798095703,0.46000000834465027,0.46000000834465027,0.9100000262260437,91,0.8515117505459098,0.14848824945409023,0.3057818114757538,12.262380599975586,65.26436614990234,0.041072044521570206,0.19178614020347595,0.9084123969078064,0.9100000262260437,0.05000000074505806,0.0,0.09259258955717087,0.0,0.5555555820465088,0,0.0022499999999999994,candidate-wise sharp and legacy coarse fixed-pool sufficient-event audit; not adaptive CEM or closed-loop guarantee,d6cf82936cef0eeae1736ca6f1fa2637b00499d5b30a76a68a081c2b403e2d32
3073,Reacher,0.05,reacher_lewm_noise_0to005_p1_seed3073,/opt/workspace/explorer-env/dataset/ag_data/data/world_model/quentinll/lewm-reacher/ckpt/reacher_lewm_noise_0to005_p1_seed3073,/opt/workspace/explorer-env/dataset/ag_data/data/world_model/quentinll/lewm-reacher/ckpt/reacher_lewm_noise_0to005_p1_seed3073/reacher_lewm_noise_0to005_p1_seed3073_epoch_10_object.ckpt,79.333333,80.0,0.08,ok,100,65,9,1.0689010620117188,5.847921848297119,8.610974311828613,15.292888641357422,4.415590286254883,7.489036560058594,16.85596466064453,19.162599563598633,25.94258689880371,0.6990855932235718,5.2297282218933105,16.994056701660156,73.73332214355469,-37.626113533973694,-21.33114242553711,0.5199999809265137,0.5199999809265137,0.8799999952316284,88,0.8163055403243499,0.18369445967565012,-0.2507971227169037,12.917295455932617,68.04163360595703,0.0344395786523819,0.17029860615730286,1.2004140615463257,0.8799999952316284,0.05000000074505806,0.0,0.1041666641831398,0.0,0.4166666567325592,0,0.0031666666666666666,candidate-wise sharp and legacy coarse fixed-pool sufficient-event audit; not adaptive CEM or closed-loop guarantee,09e1cd50a64826c51f870daa2342ad207f8382556ddc8df737e7372af75a68e5
3073,Reacher,0.06,reacher_lewm_noise_0to006_p1_seed3073,/opt/workspace/explorer-env/dataset/ag_data/data/world_model/quentinll/lewm-reacher/ckpt/reacher_lewm_noise_0to006_p1_seed3073,/opt/workspace/explorer-env/dataset/ag_data/data/world_model/quentinll/lewm-reacher/ckpt/reacher_lewm_noise_0to006_p1_seed3073/reacher_lewm_noise_0to006_p1_seed3073_epoch_10_object.ckpt,79.333333,81.666667,0.08,ok,100,65,9,0.8081302642822266,4.646823406219482,6.164434909820557,9.65251636505127,3.209263563156128,5.959033966064453,11.982979774475098,14.20129680633545,16.208932876586914,1.3274774551391602,5.795392036437988,18.150897979736328,80.7533187866211,-27.07511615753174,-10.25169563293457,0.6000000238418579,0.6000000238418579,0.9399999976158142,94,0.8881590347735402,0.11184096522645981,0.14525337517261505,15.382135391235352,75.07106018066406,0.03018953651189804,0.13072311878204346,0.7198705673217773,0.9399999976158142,0.0,0.0,0.0,0.0,0.0,0,0.0,candidate-wise sharp and legacy coarse fixed-pool sufficient-event audit; not adaptive CEM or closed-loop guarantee,d415f82ea4969e352dd7b3de041e275f70180b958e04c489969566d110cb1e9d
3073,Reacher,0.07,reacher_lewm_noise_0to007_p1_seed3073,/opt/workspace/explorer-env/dataset/ag_data/data/world_model/quentinll/lewm-reacher/ckpt/reacher_lewm_noise_0to007_p1_seed3073,/opt/workspace/explorer-env/dataset/ag_data/data/world_model/quentinll/lewm-reacher/ckpt/reacher_lewm_noise_0to007_p1_seed3073/reacher_lewm_noise_0to007_p1_seed3073_epoch_10_object.ckpt,79.0,83.333333,0.08,ok,100,65,9,0.8193817138671875,4.1710357666015625,6.0871992111206055,10.373299598693848,3.073607921600342,5.7945098876953125,12.750544548034668,14.046725273132324,15.845138549804688,1.2153050899505615,5.423164367675781,17.019508361816406,83.25749206542969,-26.878145456314087,-11.073942184448242,0.5799999833106995,0.5799999833106995,0.9399999976158142,94,0.8881590347735402,0.11184096522645981,0.4615260064601898,14.004260063171387,82.3891830444336,0.024801794439554214,0.13092264533042908,0.6801120638847351,0.9399999976158142,0.019999999552965164,0.0,0.0476190485060215,0.0,0.3333333432674408,0,0.0006000000000000006,candidate-wise sharp and legacy coarse fixed-pool sufficient-event audit; not adaptive CEM or closed-loop guarantee,9cc05d91d8393a4292599c13e57a3ec001b60f6f682d606ece11f4f1df51665a
3073,Reacher,0.08,reacher_lewm_noise_0to008_p1_seed3073,/opt/workspace/explorer-env/dataset/ag_data/data/world_model/quentinll/lewm-reacher/ckpt/reacher_lewm_noise_0to008_p1_seed3073,/opt/workspace/explorer-env/dataset/ag_data/data/world_model/quentinll/lewm-reacher/ckpt/reacher_lewm_noise_0to008_p1_seed3073/reacher_lewm_noise_0to008_p1_seed3073_epoch_10_object.ckpt,81.666667,82.333333,0.08,ok,100,65,9,0.7514495849609375,4.001465320587158,6.000372409820557,9.777424812316895,3.017183542251587,5.4737548828125,11.039347648620605,12.02499008178711,15.160750389099121,1.7889219522476196,6.432353973388672,16.175537109375,78.55467987060547,-22.2610582113266,-7.874443054199219,0.6200000047683716,0.6200000047683716,0.9599999785423279,96,0.9138471026288194,0.08615289737118059,0.8741294741630554,14.305487632751465,77.24552917480469,0.023449813947081566,0.11570119112730026,0.5578461289405823,0.9599999785423279,0.009999999776482582,0.0,0.02631578966975212,0.0,0.25,0,0.00020000000000000017,candidate-wise sharp and legacy coarse fixed-pool sufficient-event audit; not adaptive CEM or closed-loop guarantee,33896b3090db8d14c13428f3671e53fcdcf668782146858ab8adb91f88913071
3074,Reacher,0.0,reacher_lewm_baseline_seed3074,/opt/workspace/explorer-env/dataset/ag_data/data/world_model/quentinll/lewm-reacher/ckpt/reacher_lewm_baseline_seed3074,/opt/workspace/explorer-env/dataset/ag_data/data/world_model/quentinll/lewm-reacher/ckpt/reacher_lewm_baseline_seed3074/reacher_lewm_baseline_seed3074_epoch_10_object.ckpt,58.333333,18.666667,0.08,ok,100,65,9,66.28379821777344,219.96646118164062,279.8802795410156,391.8832702636719,142.7694854736328,314.81787109375,451.67681884765625,478.200439453125,517.6758422851562,1.2468414306640625,4.722805023193359,15.60847282409668,98.17330169677734,-955.1540374755859,-940.7924060821533,0.0,0.0,0.009999999776482582,1,0.0022340928334547497,0.9977659071665452,-697.6472778320312,-471.5045471191406,-202.81716918945312,3.5947265625,26.647960662841797,423.0382385253906,0.009999999776482582,0.9200000166893005,,0.9200000166893005,0.0,0.9292929172515869,0,0.7605555555555555,candidate-wise sharp and legacy coarse fixed-pool sufficient-event audit; not adaptive CEM or closed-loop guarantee,09c947950af021000ed468aab1a2a205b305bf55d6ea534b2ef0e0b0cfe366a9
3074,Reacher,0.01,reacher_lewm_noise_0to001_p1_seed3074,/opt/workspace/explorer-env/dataset/ag_data/data/world_model/quentinll/lewm-reacher/ckpt/reacher_lewm_noise_0to001_p1_seed3074,/opt/workspace/explorer-env/dataset/ag_data/data/world_model/quentinll/lewm-reacher/ckpt/reacher_lewm_noise_0to001_p1_seed3074/reacher_lewm_noise_0to001_p1_seed3074_epoch_10_object.ckpt,64.333333,41.0,0.08,ok,100,65,9,18.9627685546875,133.1105499267578,195.81503295898438,309.7590637207031,107.60027313232422,121.91900634765625,369.3249816894531,437.1607971191406,461.4183349609375,1.3622474670410156,4.553948402404785,15.446220397949219,99.9490966796875,-872.9593467712402,-858.875373840332,0.07000000029802322,0.07000000029802322,0.25,25,0.18599792395941467,0.8140020760405853,-581.4110717773438,-61.576663970947266,25.51328468322754,0.41053760051727295,5.206035137176514,155.7166748046875,0.25,0.47999998927116394,0.0,0.5161290168762207,0.0,0.6399999856948853,0,0.23500000000000004,candidate-wise sharp and legacy coarse fixed-pool sufficient-event audit; not adaptive CEM or closed-loop guarantee,e31287158fd6558440dd2669e4a1b94d38d3e0fbafb938d271aadab06b5f68a9
3074,Reacher,0.02,reacher_lewm_noise_0to002_p1_seed3074,/opt/workspace/explorer-env/dataset/ag_data/data/world_model/quentinll/lewm-reacher/ckpt/reacher_lewm_noise_0to002_p1_seed3074,/opt/workspace/explorer-env/dataset/ag_data/data/world_model/quentinll/lewm-reacher/ckpt/reacher_lewm_noise_0to002_p1_seed3074/reacher_lewm_noise_0to002_p1_seed3074_epoch_10_object.ckpt,71.666667,64.666667,0.08,ok,100,65,9,10.117172241210938,80.75440979003906,132.48129272460938,282.6429138183594,91.2399673461914,60.899696350097656,338.2842102050781,379.29833984375,471.5963439941406,1.0548406839370728,4.1436543464660645,16.413232803344727,114.09223937988281,-757.5418390035629,-742.1834468841553,0.11999999731779099,0.11999999731779099,0.4000000059604645,40,0.32307805059096656,0.6769219494090335,-568.6441040039062,-10.290048599243164,59.793209075927734,0.28328460454940796,1.5998976230621338,104.744384765625,0.4000000059604645,0.3799999952316284,0.0,0.4318181872367859,0.0,0.6333333253860474,0,0.12522222222222223,candidate-wise sharp and legacy coarse fixed-pool sufficient-event audit; not adaptive CEM or closed-loop guarantee,6ecc1c93df06a77748d6c3e2c59b2913f48a333dc0dc7804eb9d82be9fecda99
3074,Reacher,0.03,reacher_lewm_noise_0to003_p1_seed3074,/opt/workspace/explorer-env/dataset/ag_data/data/world_model/quentinll/lewm-reacher/ckpt/reacher_lewm_noise_0to003_p1_seed3074,/opt/workspace/explorer-env/dataset/ag_data/data/world_model/quentinll/lewm-reacher/ckpt/reacher_lewm_noise_0to003_p1_seed3074/reacher_lewm_noise_0to003_p1_seed3074_epoch_10_object.ckpt,80.0,80.666667,0.08,ok,100,65,9,2.509735107421875,12.536796569824219,17.733922958374023,32.09403991699219,8.662556648254395,17.68792724609375,35.67643737792969,42.07098388671875,45.71208572387695,1.111830711364746,4.14922571182251,15.73055648803711,116.70063018798828,-83.03013706207275,-68.41141128540039,0.2800000011920929,0.2800000011920929,0.7599999904632568,76,0.6834958673427909,0.3165041326572091,-2.552493095397949,8.351911544799805,104.86636352539062,0.09267988055944443,0.34138384461402893,3.525888681411743,0.7599999904632568,0.10000000149011612,0.0,0.1388888955116272,0.0,0.4166666567325592,0,0.014333333333333333,candidate-wise sharp and legacy coarse fixed-pool sufficient-event audit; not adaptive CEM or closed-loop guarantee,7cd311ccb1446a946458b57bac70779c53d7d9037750a3eaf42d2b5d2ecde906
3074,Reacher,0.04,reacher_lewm_noise_0to004_p1_seed3074,/opt/workspace/explorer-env/dataset/ag_data/data/world_model/quentinll/lewm-reacher/ckpt/reacher_lewm_noise_0to004_p1_seed3074,/opt/workspace/explorer-env/dataset/ag_data/data/world_model/quentinll/lewm-reacher/ckpt/reacher_lewm_noise_0to004_p1_seed3074/reacher_lewm_noise_0to004_p1_seed3074_epoch_10_object.ckpt,80.333333,80.0,0.08,ok,100,65,9,1.47015380859375,7.301599979400635,9.5589017868042,15.723179817199707,4.396141529083252,9.967315673828125,17.0057373046875,19.60527992248535,26.36125946044922,1.1458044052124023,3.739450454711914,15.361003875732422,117.14202880859375,-38.0647554397583,-23.84955596923828,0.4399999976158142,0.4399999976158142,0.8799999952316284,88,0.8163055403243499,0.18369445967565012,-0.1336047649383545,10.926813125610352,107.57421875,0.050495028495788574,0.2490750104188919,1.1083643436431885,0.8799999952316284,0.03999999910593033,0.0,0.0714285746216774,0.0,0.3333333432674408,0,0.0026666666666666666,candidate-wise sharp and legacy coarse fixed-pool sufficient-event audit; not adaptive CEM or closed-loop guarantee,f942a6333910b37e66056a56c1f1be0dcca451e2320d1c24c1dd8417e50baf4a
3074,Reacher,0.05,reacher_lewm_noise_0to005_p1_seed3074,/opt/workspace/explorer-env/dataset/ag_data/data/world_model/quentinll/lewm-reacher/ckpt/reacher_lewm_noise_0to005_p1_seed3074,/opt/workspace/explorer-env/dataset/ag_data/data/world_model/quentinll/lewm-reacher/ckpt/reacher_lewm_noise_0to005_p1_seed3074/reacher_lewm_noise_0to005_p1_seed3074_epoch_10_object.ckpt,80.0,83.333333,0.08,ok,100,65,9,1.03533935546875,5.130960941314697,7.217929363250732,12.701910972595215,3.6144614219665527,7.608863830566406,14.833271980285645,17.281330108642578,25.206390380859375,0.5480755567550659,4.445606231689453,15.435239791870117,120.83129119873047,-34.01458466053009,-19.12742042541504,0.49000000953674316,0.49000000953674316,0.8700000047683716,87,0.8048062640785283,0.1951937359214717,-0.058128830045461655,12.121269226074219,110.10768127441406,0.03923208639025688,0.18305662274360657,1.0932457447052002,0.8700000047683716,0.03999999910593033,0.0,0.0784313753247261,0.0,0.3076923191547394,0,0.0019999999999999996,candidate-wise sharp and legacy coarse fixed-pool sufficient-event audit; not adaptive CEM or closed-loop guarantee,7156be9cb05863bc3c53f452dd49adc0bf3a179b93fbbe06455534c7a5ac9f9b
3074,Reacher,0.06,reacher_lewm_noise_0to006_p1_seed3074,/opt/workspace/explorer-env/dataset/ag_data/data/world_model/quentinll/lewm-reacher/ckpt/reacher_lewm_noise_0to006_p1_seed3074,/opt/workspace/explorer-env/dataset/ag_data/data/world_model/quentinll/lewm-reacher/ckpt/reacher_lewm_noise_0to006_p1_seed3074/reacher_lewm_noise_0to006_p1_seed3074_epoch_10_object.ckpt,81.333333,79.0,0.08,ok,100,65,9,0.9438323974609375,4.898849010467529,7.247851371765137,11.711869239807129,3.320572853088379,6.788806915283203,13.18635368347168,14.463562965393066,20.96539878845215,1.1503733396530151,4.006171226501465,16.96001434326172,116.70663452148438,-27.776752591133118,-11.967111587524414,0.5299999713897705,0.5299999713897705,0.9300000071525574,93,0.8757398869332069,0.12426011306679308,0.06472217291593552,13.692142486572266,109.16072082519531,0.03584112226963043,0.14900633692741394,0.9053292274475098,0.9300000071525574,0.03999999910593033,0.0,0.08510638028383255,0.0,0.5714285969734192,0,0.0013999999999999991,candidate-wise sharp and legacy coarse fixed-pool sufficient-event audit; not adaptive CEM or closed-loop guarantee,778156a23eeefe620191406ea45e7b906289b981c633d6890c07a554c5c5c6a9
3074,Reacher,0.07,reacher_lewm_noise_0to007_p1_seed3074,/opt/workspace/explorer-env/dataset/ag_data/data/world_model/quentinll/lewm-reacher/ckpt/reacher_lewm_noise_0to007_p1_seed3074,/opt/workspace/explorer-env/dataset/ag_data/data/world_model/quentinll/lewm-reacher/ckpt/reacher_lewm_noise_0to007_p1_seed3074/reacher_lewm_noise_0to007_p1_seed3074_epoch_10_object.ckpt,83.666667,82.0,0.08,ok,100,65,9,0.7742919921875,4.110616207122803,5.858325481414795,10.359504699707031,3.1414523124694824,6.065788269042969,12.395230293273926,14.353652000427246,17.978797912597656,0.9507593512535095,3.917616844177246,15.690017700195312,128.59934997558594,-27.756544649600983,-13.01728630065918,0.5600000023841858,0.5600000023841858,0.9100000262260437,91,0.8515117505459098,0.14848824945409023,0.10125195980072021,13.941025733947754,121.08004760742188,0.02244882844388485,0.12325404584407806,0.9554744362831116,0.9100000262260437,0.009999999776482582,0.0,0.022727273404598236,0.0,0.1111111119389534,0,0.0004499999999999999,candidate-wise sharp and legacy coarse fixed-pool sufficient-event audit; not adaptive CEM or closed-loop guarantee,c261ee5a6e2d6547c7d1f31d172f17e110c750e48857d5c423d7b193eba846a3
3074,Reacher,0.08,reacher_lewm_noise_0to008_p1_seed3074,/opt/workspace/explorer-env/dataset/ag_data/data/world_model/quentinll/lewm-reacher/ckpt/reacher_lewm_noise_0to008_p1_seed3074,/opt/workspace/explorer-env/dataset/ag_data/data/world_model/quentinll/lewm-reacher/ckpt/reacher_lewm_noise_0to008_p1_seed3074/reacher_lewm_noise_0to008_p1_seed3074_epoch_10_object.ckpt,78.333333,80.333333,0.08,ok,100,65,9,0.6826171875,3.55625319480896,5.217796802520752,8.886441230773926,2.554288864135742,5.087848663330078,10.289666175842285,12.475241661071777,15.290238380432129,0.8663922548294067,4.65777587890625,16.09724235534668,121.27882385253906,-24.084091067314148,-8.853240966796875,0.6100000143051147,0.6100000143051147,0.9599999785423279,96,0.9138471026288194,0.08615289737118059,0.4663749933242798,14.856142044067383,117.7906265258789,0.023990314453840256,0.10999295115470886,0.558438777923584,0.9599999785423279,0.009999999776482582,0.0,0.025641025975346565,0.0,0.25,0,0.00020000000000000017,candidate-wise sharp and legacy coarse fixed-pool sufficient-event audit; not adaptive CEM or closed-loop guarantee,e69edf677e06926e3d5949a6e24bfbe8a5e1ec23415f408f4a805fbb5e4b9219
3072,Cube,0.0,cube_lewm_20260430,/opt/workspace/explorer-env/dataset/ag_data/data/world_model/quentinll/lewm-cube/ckpt/cube_lewm_20260430,/opt/workspace/explorer-env/dataset/ag_data/data/world_model/quentinll/lewm-cube/ckpt/cube_lewm_20260430/cube_lewm_20260430_epoch_10_object.ckpt,66.66666666666667,47.0,0.08,ok,100,65,9,65.97494506835938,221.79095458984375,291.7662353515625,415.5892639160156,151.91098022460938,377.03497314453125,488.7138366699219,513.830322265625,558.5897827148438,16.480920791625977,31.527545928955078,75.4564208984375,260.8629455566406,-1011.179723739624,-952.2042236328125,0.009999999776482582,0.009999999776482582,0.03999999910593033,4,0.01808240574933985,0.9819175942506602,-847.9927978515625,-550.4528198242188,-151.53671264648438,1.697187900543213,7.5410308837890625,40.18254470825195,0.03999999910593033,0.8999999761581421,0.0,0.9090909361839294,0.0,0.9375,0,0.6889444444444445,candidate-wise sharp and legacy coarse fixed-pool sufficient-event audit; not adaptive CEM or closed-loop guarantee,b02607b296f8084b3bf5412ad8339e56b2378d4340e04d21418bca042963b352
3072,Cube,0.01,cube_lewm_noise_0to001_p1,/opt/workspace/explorer-env/dataset/ag_data/data/world_model/quentinll/lewm-cube/ckpt/cube_lewm_noise_0to001_p1,/opt/workspace/explorer-env/dataset/ag_data/data/world_model/quentinll/lewm-cube/ckpt/cube_lewm_noise_0to001_p1/cube_lewm_noise_0to001_p1_epoch_10_object.ckpt,69.33333333333333,49.0,0.08,ok,100,65,9,39.51031494140625,153.2100372314453,220.91026306152344,338.8084411621094,108.20281219482422,248.80197143554688,410.3009033203125,451.17889404296875,481.8077392578125,16.144479751586914,32.081546783447266,70.84465026855469,241.5832061767578,-886.2133083343506,-831.5131378173828,0.029999999329447746,0.029999999329447746,0.11999999731779099,12,0.0763260081195623,0.9236739918804378,-632.79345703125,-244.2260284423828,1.680870771408081,0.9740737080574036,5.19548225402832,21.15133285522461,0.11999999731779099,0.6700000166893005,0.0,0.6907216310501099,0.0,0.7613636255264282,0,0.3515222222222223,candidate-wise sharp and legacy coarse fixed-pool sufficient-event audit; not adaptive CEM or closed-loop guarantee,9a3688094f3fd78b5e231a9fdd3b3a45660162f2985593345b11f5fe2a75b994
3072,Cube,0.02,cube_lewm_noise_0to002_p1,/opt/workspace/explorer-env/dataset/ag_data/data/world_model/quentinll/lewm-cube/ckpt/cube_lewm_noise_0to002_p1,/opt/workspace/explorer-env/dataset/ag_data/data/world_model/quentinll/lewm-cube/ckpt/cube_lewm_noise_0to002_p1/cube_lewm_noise_0to002_p1_epoch_10_object.ckpt,60.0,58.666666666666664,0.08,ok,100,65,9,0.614593505859375,2.919201374053955,4.096628189086914,7.692671775817871,2.2498199939727783,4.520721435546875,9.780807495117188,12.415888786315918,14.14851188659668,10.116362571716309,19.812864303588867,51.4263916015625,288.63427734375,-14.715415000915527,26.594614028930664,0.8399999737739563,0.8399999737739563,1.0,100,0.9736572792168257,0.026342720783174345,7.759505271911621,48.270782470703125,287.63604736328125,0.010755974799394608,0.053655676543712616,0.17743287980556488,1.0,0.0,0.0,0.0,0.0,,0,0.0,candidate-wise sharp and legacy coarse fixed-pool sufficient-event audit; not adaptive CEM or closed-loop guarantee,de8e88a833dcfbf2a25b310cc1dbd042ea3c89786d25ac9b0a3985bfb7a707d8
3072,Cube,0.03,cube_lewm_noise_0to003_p1,/opt/workspace/explorer-env/dataset/ag_data/data/world_model/quentinll/lewm-cube/ckpt/cube_lewm_noise_0to003_p1,/opt/workspace/explorer-env/dataset/ag_data/data/world_model/quentinll/lewm-cube/ckpt/cube_lewm_noise_0to003_p1/cube_lewm_noise_0to003_p1_epoch_10_object.ckpt,65.0,68.33333333333333,0.08,ok,100,65,9,8.719650268554688,35.221649169921875,48.640499114990234,88.59466552734375,25.747180938720703,53.929359436035156,117.56462860107422,153.15206909179688,179.2024688720703,19.90923309326172,34.088966369628906,76.20523834228516,252.0941925048828,-286.39490509033203,-230.0988998413086,0.36000001430511475,0.36000001430511475,0.7200000286102295,72,0.6411000245908185,0.3588999754091815,-47.13620376586914,41.70293426513672,210.30165100097656,0.13194119930267334,0.48327988386154175,2.5072405338287354,0.7200000286102295,0.05999999865889549,0.0,0.09375,0.0,0.2142857164144516,0,0.009944444444444443,candidate-wise sharp and legacy coarse fixed-pool sufficient-event audit; not adaptive CEM or closed-loop guarantee,6f4342564852c37b8e1f0123f8d345fd158f8268a4ca39edca95c5a4f3278822
3072,Cube,0.04,cube_lewm_noise_0to004_p1,/opt/workspace/explorer-env/dataset/ag_data/data/world_model/quentinll/lewm-cube/ckpt/cube_lewm_noise_0to004_p1,/opt/workspace/explorer-env/dataset/ag_data/data/world_model/quentinll/lewm-cube/ckpt/cube_lewm_noise_0to004_p1/cube_lewm_noise_0to004_p1_epoch_10_object.ckpt,69.0,65.0,0.08,ok,100,65,9,4.603263854980469,18.252948760986328,25.463563919067383,43.4354362487793,13.168426513671875,28.31665802001953,60.36134719848633,68.97307586669922,92.08943939208984,19.89912986755371,34.38412857055664,75.03651428222656,275.492919921875,-118.04702186584473,-62.909637451171875,0.5299999713897705,0.5299999713897705,0.9399999976158142,94,0.8881590347735402,0.11184096522645981,7.165374755859375,52.157501220703125,238.21295166015625,0.06692209839820862,0.22295856475830078,0.7081491351127625,0.9399999976158142,0.009999999776482582,0.0,0.021276595070958138,0.0,0.1666666716337204,0,0.0003000000000000003,candidate-wise sharp and legacy coarse fixed-pool sufficient-event audit; not adaptive CEM or closed-loop guarantee,1c76d103feedab606dfe298e1b2769538ff7c98ec01660d20b6396b90d66974f
3072,Cube,0.05,cube_lewm_noise_0to005_p1,/opt/workspace/explorer-env/dataset/ag_data/data/world_model/quentinll/lewm-cube/ckpt/cube_lewm_noise_0to005_p1,/opt/workspace/explorer-env/dataset/ag_data/data/world_model/quentinll/lewm-cube/ckpt/cube_lewm_noise_0to005_p1/cube_lewm_noise_0to005_p1_epoch_10_object.ckpt,59.333333333333336,60.0,0.08,ok,100,65,9,0.4614105224609375,2.0866281986236572,2.8990097045898438,5.097554683685303,1.478531002998352,3.7919540405273438,6.549134731292725,7.86554479598999,9.527344703674316,8.363150596618652,19.095378875732422,38.03619384765625,257.8359680175781,-7.367938995361328,22.30510425567627,0.8899999856948853,0.8899999856948853,0.9800000190734863,98,0.9413516316431647,0.05864836835683529,7.603146553039551,35.27898025512695,256.9382629394531,0.010469932109117508,0.040384382009506226,0.1393321454524994,0.9800000190734863,0.009999999776482582,0.0,0.09090909361839294,0.0,0.5,0,0.00010000000000000009,candidate-wise sharp and legacy coarse fixed-pool sufficient-event audit; not adaptive CEM or closed-loop guarantee,7fc4828dedb9fab793d3f5f7db782a24535c366b25f146f2f454a2a9beca493e
3072,Cube,0.06,cube_lewm_noise_0to006_p1,/opt/workspace/explorer-env/dataset/ag_data/data/world_model/quentinll/lewm-cube/ckpt/cube_lewm_noise_0to006_p1,/opt/workspace/explorer-env/dataset/ag_data/data/world_model/quentinll/lewm-cube/ckpt/cube_lewm_noise_0to006_p1/cube_lewm_noise_0to006_p1_epoch_10_object.ckpt,66.66666666666667,66.66666666666667,0.08,ok,100,65,9,1.650909423828125,7.0435566902160645,10.195596694946289,16.682092666625977,4.882456302642822,11.311241149902344,21.56049156188965,22.536373138427734,37.92131042480469,23.353965759277344,34.851383209228516,67.28433227539062,269.8919677734375,-21.718780517578125,22.211585998535156,0.8399999737739563,0.8399999737739563,0.9700000286102295,97,0.927289656713096,0.07271034328690396,14.910309791564941,64.28324127197266,266.8321228027344,0.02206271141767502,0.07331456243991852,0.25444111227989197,0.9700000286102295,0.0,0.0,0.0,0.0,0.0,0,0.0,candidate-wise sharp and legacy coarse fixed-pool sufficient-event audit; not adaptive CEM or closed-loop guarantee,b7d17acfb046fdeba6b247111792f206b32b237a78e76c77d267d0ff03a4a490
3072,Cube,0.07,cube_lewm_noise_0to007_p1,/opt/workspace/explorer-env/dataset/ag_data/data/world_model/quentinll/lewm-cube/ckpt/cube_lewm_noise_0to007_p1,/opt/workspace/explorer-env/dataset/ag_data/data/world_model/quentinll/lewm-cube/ckpt/cube_lewm_noise_0to007_p1/cube_lewm_noise_0to007_p1_epoch_10_object.ckpt,67.66666666666667,67.33333333333333,0.08,ok,100,65,9,1.3968048095703125,5.580321311950684,7.6812663078308105,14.185647964477539,3.8111865520477295,9.402420043945312,18.393526077270508,25.004451751708984,28.800559997558594,19.818893432617188,34.84739685058594,80.16496276855469,256.54608154296875,-30.19001007080078,30.15605926513672,0.8500000238418579,0.8500000238418579,0.9900000095367432,99,0.956418226465944,0.04358177353405601,15.212384223937988,77.02243041992188,249.47682189941406,0.022936256602406502,0.06077539920806885,0.2528453469276428,0.9900000095367432,0.0,0.0,0.0,0.0,0.0,0,0.0,candidate-wise sharp and legacy coarse fixed-pool sufficient-event audit; not adaptive CEM or closed-loop guarantee,0f12d13238c16958eee6a752d0605fa2f9cf52f3ddab59f933ba894b083b4324
3072,Cube,0.08,cube_lewm_noise_0to008_p1,/opt/workspace/explorer-env/dataset/ag_data/data/world_model/quentinll/lewm-cube/ckpt/cube_lewm_noise_0to008_p1,/opt/workspace/explorer-env/dataset/ag_data/data/world_model/quentinll/lewm-cube/ckpt/cube_lewm_noise_0to008_p1/cube_lewm_noise_0to008_p1_epoch_10_object.ckpt,62.333333333333336,62.0,0.08,ok,100,65,9,1.140411376953125,4.797040939331055,6.749462127685547,11.914398193359375,3.145587682723999,8.412490844726562,15.684995651245117,19.086400985717773,24.874021530151367,16.473712921142578,30.982521057128906,56.89179611206055,267.0804443359375,-21.69908905029297,18.718994140625,0.8500000238418579,0.8500000238418579,1.0,100,0.9736572792168257,0.026342720783174345,14.268411636352539,50.658294677734375,264.9057922363281,0.017676329240202904,0.05959148705005646,0.2531907856464386,1.0,0.0,0.0,0.0,0.0,,0,0.0,candidate-wise sharp and legacy coarse fixed-pool sufficient-event audit; not adaptive CEM or closed-loop guarantee,4e86a5623d251fc3bd4f2c8e02a2089f2fc74f605d3ccfd48c808867274e6854
3073,Cube,0.0,cube_lewm_baseline_seed3073,/opt/workspace/explorer-env/dataset/ag_data/data/world_model/quentinll/lewm-cube/ckpt/cube_lewm_baseline_seed3073,/opt/workspace/explorer-env/dataset/ag_data/data/world_model/quentinll/lewm-cube/ckpt/cube_lewm_baseline_seed3073/cube_lewm_baseline_seed3073_epoch_10_object.ckpt,65.0,39.0,0.08,ok,100,65,9,64.6773681640625,210.61648559570312,274.13232421875,400.6068115234375,134.916015625,374.87432861328125,477.1629943847656,517.0355834960938,537.6676635742188,15.43248462677002,30.40605926513672,69.60533905029297,222.9964141845703,-1018.6386823654175,-964.4658279418945,0.0,0.0,0.009999999776482582,1,0.0022340928334547497,0.9977659071665452,-843.2449340820312,-517.3605346679688,-192.9200439453125,1.9966766834259033,8.303388595581055,37.949893951416016,0.009999999776482582,0.9100000262260437,,0.9100000262260437,0.0,0.9191918969154358,0,0.7560000000000001,candidate-wise sharp and legacy coarse fixed-pool sufficient-event audit; not adaptive CEM or closed-loop guarantee,7265463b5ab5d630309e6ce01b669068e2810b0d3acc53df705c2fb289cbc80a
3073,Cube,0.01,cube_lewm_noise_0to001_p1_seed3073,/opt/workspace/explorer-env/dataset/ag_data/data/world_model/quentinll/lewm-cube/ckpt/cube_lewm_noise_0to001_p1_seed3073,/opt/workspace/explorer-env/dataset/ag_data/data/world_model/quentinll/lewm-cube/ckpt/cube_lewm_noise_0to001_p1_seed3073/cube_lewm_noise_0to001_p1_seed3073_epoch_10_object.ckpt,65.333333,48.333333,0.08,ok,100,65,9,31.918319702148438,115.40142822265625,159.74449157714844,273.6198425292969,79.56477355957031,204.51991271972656,350.8053894042969,385.8150634765625,414.8092041015625,25.78496742248535,37.50550079345703,73.13166046142578,248.3584442138672,-745.8451595306396,-698.4984664916992,0.05999999865889549,0.05999999865889549,0.2199999988079071,22,0.15973857793173502,0.8402614220682649,-476.42138671875,-121.17835235595703,62.96311950683594,0.660135805606842,2.4703285694122314,12.298778533935547,0.2199999988079071,0.5299999713897705,0.0,0.563829779624939,0.0,0.6794871687889099,0,0.2058888888888889,candidate-wise sharp and legacy coarse fixed-pool sufficient-event audit; not adaptive CEM or closed-loop guarantee,00992847d01f282f8af38e0b84200c22917ea9ab9a730ff99093b230e91a7da4
3073,Cube,0.02,cube_lewm_noise_0to002_p1_seed3073,/opt/workspace/explorer-env/dataset/ag_data/data/world_model/quentinll/lewm-cube/ckpt/cube_lewm_noise_0to002_p1_seed3073,/opt/workspace/explorer-env/dataset/ag_data/data/world_model/quentinll/lewm-cube/ckpt/cube_lewm_noise_0to002_p1_seed3073/cube_lewm_noise_0to002_p1_seed3073_epoch_10_object.ckpt,66.0,59.0,0.08,ok,100,65,9,19.064102172851562,67.68852233886719,91.91081237792969,145.14413452148438,46.57271957397461,113.798095703125,195.8905487060547,203.33799743652344,249.0360565185547,18.13795280456543,37.9691276550293,91.25493621826172,261.3189697265625,-388.53804206848145,-315.42105865478516,0.18000000715255737,0.18000000715255737,0.4699999988079071,47,0.3897804285676282,0.6102195714323718,-162.1694793701172,-12.543328285217285,167.76138305664062,0.27914270758628845,1.152510166168213,4.762615203857422,0.4699999988079071,0.28999999165534973,0.0,0.353658527135849,0.0,0.5471698045730591,0,0.07718888888888889,candidate-wise sharp and legacy coarse fixed-pool sufficient-event audit; not adaptive CEM or closed-loop guarantee,5d00c0c0f3104578ad45736438734100e65f731a3784e1fb228495c602e50d06
3073,Cube,0.03,cube_lewm_noise_0to003_p1_seed3073,/opt/workspace/explorer-env/dataset/ag_data/data/world_model/quentinll/lewm-cube/ckpt/cube_lewm_noise_0to003_p1_seed3073,/opt/workspace/explorer-env/dataset/ag_data/data/world_model/quentinll/lewm-cube/ckpt/cube_lewm_noise_0to003_p1_seed3073/cube_lewm_noise_0to003_p1_seed3073_epoch_10_object.ckpt,66.333333,64.333333,0.08,ok,100,65,9,10.687728881835938,37.94517517089844,51.20827102661133,85.48441314697266,26.526594161987305,64.15702056884766,114.4610824584961,129.4372100830078,157.8215789794922,17.24272346496582,34.31745529174805,71.4161605834961,262.36810302734375,-241.6316967010498,-187.45825958251953,0.3199999928474426,0.3199999928474426,0.6800000071525574,68,0.5993988371260154,0.4006011628739846,-33.48487854003906,22.213104248046875,207.5526580810547,0.18241481482982635,0.6275888681411743,2.00636625289917,0.6800000071525574,0.09000000357627869,0.0,0.13235294818878174,0.0,0.28125,0,0.014377777777777778,candidate-wise sharp and legacy coarse fixed-pool sufficient-event audit; not adaptive CEM or closed-loop guarantee,57cf6550c876d081223b23805cd9c14a813d1d506471b7f23a92c8942a0b780f
3073,Cube,0.04,cube_lewm_noise_0to004_p1_seed3073,/opt/workspace/explorer-env/dataset/ag_data/data/world_model/quentinll/lewm-cube/ckpt/cube_lewm_noise_0to004_p1_seed3073,/opt/workspace/explorer-env/dataset/ag_data/data/world_model/quentinll/lewm-cube/ckpt/cube_lewm_noise_0to004_p1_seed3073/cube_lewm_noise_0to004_p1_seed3073_epoch_10_object.ckpt,68.666667,64.333333,0.08,ok,100,65,9,5.214872360229492,20.900711059570312,29.615318298339844,52.78622055053711,15.875956535339355,32.742218017578125,73.3701400756836,83.07813262939453,99.28751373291016,13.15715503692627,34.39411163330078,57.16033172607422,245.20358276367188,-152.9991102218628,-108.99593353271484,0.5099999904632568,0.5099999904632568,0.8500000238418579,85,0.7820969631120788,0.21790303688792123,-13.885804176330566,40.732269287109375,226.83294677734375,0.05836556479334831,0.2421538531780243,1.8725104331970215,0.8500000238418579,0.05999999865889549,0.0,0.12244898080825806,0.0,0.4000000059604645,0,0.0038333333333333327,candidate-wise sharp and legacy coarse fixed-pool sufficient-event audit; not adaptive CEM or closed-loop guarantee,c57a94136aa036acbb2923f23dc3284eceda4f750b61319a0b8390f0078caa39
3073,Cube,0.05,cube_lewm_noise_0to005_p1_seed3073,/opt/workspace/explorer-env/dataset/ag_data/data/world_model/quentinll/lewm-cube/ckpt/cube_lewm_noise_0to005_p1_seed3073,/opt/workspace/explorer-env/dataset/ag_data/data/world_model/quentinll/lewm-cube/ckpt/cube_lewm_noise_0to005_p1_seed3073/cube_lewm_noise_0to005_p1_seed3073_epoch_10_object.ckpt,67.333333,65.666667,0.08,ok,100,65,9,2.6970291137695312,10.679481506347656,15.356999397277832,26.355920791625977,8.183537483215332,17.83788299560547,35.306304931640625,36.84563064575195,46.50188446044922,15.239070892333984,35.0845947265625,67.17124938964844,249.06341552734375,-58.45219039916992,-6.520011901855469,0.6399999856948853,0.6399999856948853,0.949999988079071,95,0.9008389147209472,0.09916108527905276,6.452420234680176,56.74224090576172,242.18955993652344,0.03476988151669502,0.15249693393707275,0.6435312032699585,0.949999988079071,0.019999999552965164,0.0,0.0555555559694767,0.0,0.4000000059604645,0,0.0005000000000000004,candidate-wise sharp and legacy coarse fixed-pool sufficient-event audit; not adaptive CEM or closed-loop guarantee,3fc995ea5faa322657b562592cf32f6a1ec6973a06a867c64aef150dec53e53d
3073,Cube,0.06,cube_lewm_noise_0to006_p1_seed3073,/opt/workspace/explorer-env/dataset/ag_data/data/world_model/quentinll/lewm-cube/ckpt/cube_lewm_noise_0to006_p1_seed3073,/opt/workspace/explorer-env/dataset/ag_data/data/world_model/quentinll/lewm-cube/ckpt/cube_lewm_noise_0to006_p1_seed3073/cube_lewm_noise_0to006_p1_seed3073_epoch_10_object.ckpt,64.333333,65.666667,0.08,ok,100,65,9,1.5772857666015625,6.7344865798950195,9.237388610839844,17.270492553710938,5.030012607574463,10.550361633300781,23.244285583496094,27.882274627685547,36.3927001953125,16.058523178100586,33.476680755615234,79.59902954101562,254.36575317382812,-39.70602607727051,23.83448028564453,0.7799999713897705,0.7799999713897705,0.9800000190734863,98,0.9413516316431647,0.05864836835683529,11.070428848266602,75.47892761230469,246.7255096435547,0.017754830420017242,0.07122929394245148,0.2745075225830078,0.9800000190734863,0.0,0.0,0.0,0.0,0.0,0,0.0,candidate-wise sharp and legacy coarse fixed-pool sufficient-event audit; not adaptive CEM or closed-loop guarantee,4dce14902f8834f1cb852fc5e7599498dd0edb1328f11e911c79aadaf1fbdb4d
3073,Cube,0.07,cube_lewm_noise_0to007_p1_seed3073,/opt/workspace/explorer-env/dataset/ag_data/data/world_model/quentinll/lewm-cube/ckpt/cube_lewm_noise_0to007_p1_seed3073,/opt/workspace/explorer-env/dataset/ag_data/data/world_model/quentinll/lewm-cube/ckpt/cube_lewm_noise_0to007_p1_seed3073/cube_lewm_noise_0to007_p1_seed3073_epoch_10_object.ckpt,63.666667,64.666667,0.08,ok,100,65,9,1.395843505859375,5.757701873779297,7.982223987579346,13.2140474319458,3.828704357147217,10.067153930664062,17.207595825195312,25.85795783996582,29.503833770751953,19.95704460144043,28.310346603393555,66.91676330566406,257.5364990234375,-31.75887107849121,15.200847625732422,0.8399999737739563,0.8399999737739563,0.9900000095367432,99,0.956418226465944,0.04358177353405601,17.454328536987305,60.34312438964844,255.07858276367188,0.025135906413197517,0.07659095525741577,0.29647165536880493,0.9900000095367432,0.0,0.0,0.0,0.0,0.0,0,0.0,candidate-wise sharp and legacy coarse fixed-pool sufficient-event audit; not adaptive CEM or closed-loop guarantee,28c3eebf07bc9085632c2c51a4f062861c9d3461b830da8e05224c6a6b774606
3073,Cube,0.08,cube_lewm_noise_0to008_p1_seed3073,/opt/workspace/explorer-env/dataset/ag_data/data/world_model/quentinll/lewm-cube/ckpt/cube_lewm_noise_0to008_p1_seed3073,/opt/workspace/explorer-env/dataset/ag_data/data/world_model/quentinll/lewm-cube/ckpt/cube_lewm_noise_0to008_p1_seed3073/cube_lewm_noise_0to008_p1_seed3073_epoch_10_object.ckpt,65.666667,64.666667,0.08,ok,100,65,9,1.2894744873046875,5.241995334625244,7.538537502288818,12.860654830932617,3.832629680633545,8.729042053222656,17.308151245117188,24.491220474243164,27.24799919128418,17.5207576751709,34.442909240722656,70.78492736816406,258.2630310058594,-31.46168327331543,21.802486419677734,0.8199999928474426,0.8199999928474426,0.9900000095367432,99,0.956418226465944,0.04358177353405601,15.733072280883789,67.87094116210938,256.9481201171875,0.019376548007130623,0.06485980749130249,0.20019987225532532,0.9900000095367432,0.0,0.0,0.0,0.0,0.0,0,0.0,candidate-wise sharp and legacy coarse fixed-pool sufficient-event audit; not adaptive CEM or closed-loop guarantee,b623cb54d09df98c4c38c00124249b4449801d55e6d7e7d8900d75dc39466712
3074,Cube,0.0,cube_lewm_baseline_seed3074,/opt/workspace/explorer-env/dataset/ag_data/data/world_model/quentinll/lewm-cube/ckpt/cube_lewm_baseline_seed3074,/opt/workspace/explorer-env/dataset/ag_data/data/world_model/quentinll/lewm-cube/ckpt/cube_lewm_baseline_seed3074/cube_lewm_baseline_seed3074_epoch_10_object.ckpt,64.0,43.333333,0.08,ok,100,65,9,57.10700988769531,189.37692260742188,265.6698303222656,409.70452880859375,128.18038940429688,381.5433349609375,474.8592224121094,500.6476745605469,531.4439697265625,15.198497772216797,33.656837463378906,75.83651733398438,262.05267333984375,-986.096851348877,-925.4588317871094,0.0,0.0,0.0,0,0.0,1.0,-821.1574096679688,-477.13018798828125,-172.4527130126953,1.8153412342071533,6.877945899963379,30.725223541259766,0.0,0.9599999785423279,,0.9599999785423279,,0.9599999785423279,0,0.7997777777777778,candidate-wise sharp and legacy coarse fixed-pool sufficient-event audit; not adaptive CEM or closed-loop guarantee,4749635cad50fb2f9e6174e17e3ba7ca5b2b757cfe1b539f8e376e0c950d7a26
3074,Cube,0.01,cube_lewm_noise_0to001_p1_seed3074,/opt/workspace/explorer-env/dataset/ag_data/data/world_model/quentinll/lewm-cube/ckpt/cube_lewm_noise_0to001_p1_seed3074,/opt/workspace/explorer-env/dataset/ag_data/data/world_model/quentinll/lewm-cube/ckpt/cube_lewm_noise_0to001_p1_seed3074/cube_lewm_noise_0to001_p1_seed3074_epoch_10_object.ckpt,65.666667,49.0,0.08,ok,100,65,9,44.74513244628906,158.74588012695312,212.0403594970703,352.2209777832031,110.33442687988281,310.3519287109375,417.10675048828125,456.83013916015625,500.6457824707031,16.78139877319336,42.36842346191406,86.80256652832031,253.92364501953125,-896.8788795471191,-826.8577117919922,0.05999999865889549,0.05999999865889549,0.07000000029802322,7,0.038394626806736866,0.9616053731932631,-702.8297729492188,-319.39556884765625,-25.500431060791016,1.3710615634918213,4.5782623291015625,21.429712295532227,0.07000000029802322,0.8399999737739563,0.0,0.8936170339584351,0.0,0.9032257795333862,0,0.5871111111111111,candidate-wise sharp and legacy coarse fixed-pool sufficient-event audit; not adaptive CEM or closed-loop guarantee,faeef90d5e29ffb3ae2e11586dcdb5870522dd360211de85c8111a5601056ff6
3074,Cube,0.02,cube_lewm_noise_0to002_p1_seed3074,/opt/workspace/explorer-env/dataset/ag_data/data/world_model/quentinll/lewm-cube/ckpt/cube_lewm_noise_0to002_p1_seed3074,/opt/workspace/explorer-env/dataset/ag_data/data/world_model/quentinll/lewm-cube/ckpt/cube_lewm_noise_0to002_p1_seed3074/cube_lewm_noise_0to002_p1_seed3074_epoch_10_object.ckpt,65.0,52.333333,0.08,ok,100,65,9,24.496337890625,94.89165496826172,131.7183380126953,236.65150451660156,65.25243377685547,155.95632934570312,296.8296813964844,348.4556579589844,429.58941650390625,16.034631729125977,42.533782958984375,78.62335205078125,237.93008422851562,-680.8766841888428,-618.2879638671875,0.09000000357627869,0.09000000357627869,0.23000000417232513,23,0.16844024034878263,0.8315597596512174,-373.9581604003906,-74.30572509765625,88.4854736328125,0.5159855484962463,1.773136854171753,14.025530815124512,0.23000000417232513,0.5400000214576721,0.0,0.593406617641449,0.0,0.701298713684082,0,0.22584444444444443,candidate-wise sharp and legacy coarse fixed-pool sufficient-event audit; not adaptive CEM or closed-loop guarantee,c47d90149eb39356f6126bb0220914972afebe998d5ec0f48405995e81df35f5
3074,Cube,0.03,cube_lewm_noise_0to003_p1_seed3074,/opt/workspace/explorer-env/dataset/ag_data/data/world_model/quentinll/lewm-cube/ckpt/cube_lewm_noise_0to003_p1_seed3074,/opt/workspace/explorer-env/dataset/ag_data/data/world_model/quentinll/lewm-cube/ckpt/cube_lewm_noise_0to003_p1_seed3074/cube_lewm_noise_0to003_p1_seed3074_epoch_10_object.ckpt,62.333333,65.333333,0.08,ok,100,65,9,11.6256103515625,40.62586212158203,57.28657150268555,95.72631072998047,27.529348373413086,71.47630310058594,129.5062255859375,151.30113220214844,200.83473205566406,19.47047996520996,38.807823181152344,76.91668701171875,230.96429443359375,-283.1317844390869,-225.68557739257812,0.25999999046325684,0.25999999046325684,0.6700000166893005,67,0.5890728630443055,0.4109271369556945,-45.76227569580078,24.683990478515625,175.75511169433594,0.20487788319587708,0.6684107184410095,2.4901983737945557,0.6700000166893005,0.15000000596046448,0.0,0.20270270109176636,0.0,0.4545454680919647,0,0.02445555555555555,candidate-wise sharp and legacy coarse fixed-pool sufficient-event audit; not adaptive CEM or closed-loop guarantee,0162b1cdbd88d0b4543c35f07946e1af3e0886d5e7e039a3966324605edf02aa
3074,Cube,0.04,cube_lewm_noise_0to004_p1_seed3074,/opt/workspace/explorer-env/dataset/ag_data/data/world_model/quentinll/lewm-cube/ckpt/cube_lewm_noise_0to004_p1_seed3074,/opt/workspace/explorer-env/dataset/ag_data/data/world_model/quentinll/lewm-cube/ckpt/cube_lewm_noise_0to004_p1_seed3074/cube_lewm_noise_0to004_p1_seed3074_epoch_10_object.ckpt,66.666667,63.0,0.08,ok,100,65,9,5.972072601318359,21.98194122314453,29.40994644165039,51.13878631591797,15.059894561767578,35.704078674316406,62.27792739868164,74.51982116699219,93.85914611816406,13.145172119140625,35.008636474609375,73.10150146484375,252.72390747070312,-135.89447021484375,-75.93814086914062,0.5199999809265137,0.5199999809265137,0.8799999952316284,88,0.8163055403243499,0.18369445967565012,-1.5774704217910767,53.099388122558594,241.22447204589844,0.09129592776298523,0.26082855463027954,1.147526741027832,0.8799999952316284,0.09000000357627869,0.0,0.1875,0.0,0.75,0,0.005166666666666666,candidate-wise sharp and legacy coarse fixed-pool sufficient-event audit; not adaptive CEM or closed-loop guarantee,cc57c629a9ef90c29840cb88b4257c4610336bdbdcbc3f03dfe118399305c856
3074,Cube,0.05,cube_lewm_noise_0to005_p1_seed3074,/opt/workspace/explorer-env/dataset/ag_data/data/world_model/quentinll/lewm-cube/ckpt/cube_lewm_noise_0to005_p1_seed3074,/opt/workspace/explorer-env/dataset/ag_data/data/world_model/quentinll/lewm-cube/ckpt/cube_lewm_noise_0to005_p1_seed3074/cube_lewm_noise_0to005_p1_seed3074_epoch_10_object.ckpt,61.333333,65.0,0.08,ok,100,65,9,2.429840087890625,9.428067207336426,13.195213317871094,24.026853561401367,7.059762477874756,15.589889526367188,31.856895446777344,35.429386138916016,49.19108963012695,15.548829078674316,39.618438720703125,82.08871459960938,246.76950073242188,-55.309943199157715,11.229942321777344,0.7799999713897705,0.7799999713897705,0.9599999785423279,96,0.9138471026288194,0.08615289737118059,10.367674827575684,72.0333480834961,236.3297119140625,0.03507963567972183,0.1137964278459549,0.4656980037689209,0.9599999785423279,0.029999999329447746,0.0,0.13636364042758942,0.0,0.75,0,0.0006000000000000005,candidate-wise sharp and legacy coarse fixed-pool sufficient-event audit; not adaptive CEM or closed-loop guarantee,de9ba83489b3cad12ced5795eec1f3543eccb1d731a2c4c05b2ae6f3b3e634e4
3074,Cube,0.06,cube_lewm_noise_0to006_p1_seed3074,/opt/workspace/explorer-env/dataset/ag_data/data/world_model/quentinll/lewm-cube/ckpt/cube_lewm_noise_0to006_p1_seed3074,/opt/workspace/explorer-env/dataset/ag_data/data/world_model/quentinll/lewm-cube/ckpt/cube_lewm_noise_0to006_p1_seed3074/cube_lewm_noise_0to006_p1_seed3074_epoch_10_object.ckpt,67.0,62.333333,0.08,ok,100,65,9,1.9384231567382812,7.587449550628662,10.742831230163574,20.624034881591797,5.31214714050293,12.83980941772461,28.405948638916016,33.97602462768555,59.304473876953125,12.753764152526855,36.34979248046875,72.65005493164062,253.28982543945312,-55.19828510284424,4.698005676269531,0.800000011920929,0.800000011920929,0.9800000190734863,98,0.9413516316431647,0.05864836835683529,10.904932022094727,66.69416046142578,240.69190979003906,0.03385453298687935,0.09272270649671555,0.3456506133079529,0.9800000190734863,0.009999999776482582,0.0,0.05000000074505806,0.0,0.5,0,0.00010000000000000009,candidate-wise sharp and legacy coarse fixed-pool sufficient-event audit; not adaptive CEM or closed-loop guarantee,83212e3dc44a90d6f03a83e4cf5873257d9f17769e0a0c421ddd23c852c5fc22
3074,Cube,0.07,cube_lewm_noise_0to007_p1_seed3074,/opt/workspace/explorer-env/dataset/ag_data/data/world_model/quentinll/lewm-cube/ckpt/cube_lewm_noise_0to007_p1_seed3074,/opt/workspace/explorer-env/dataset/ag_data/data/world_model/quentinll/lewm-cube/ckpt/cube_lewm_noise_0to007_p1_seed3074/cube_lewm_noise_0to007_p1_seed3074_epoch_10_object.ckpt,62.666667,63.666667,0.08,ok,100,65,9,1.4127044677734375,5.911048412322998,8.398710250854492,15.526695251464844,4.371899604797363,10.024215698242188,20.383054733276367,24.32463264465332,55.425960540771484,17.86650848388672,40.17107009887695,87.48851013183594,263.8992919921875,-30.782756805419922,38.8392448425293,0.8199999928474426,0.8199999928474426,0.9800000190734863,98,0.9413516316431647,0.05864836835683529,14.254083633422852,77.67759704589844,259.65057373046875,0.019407322630286217,0.07230514287948608,0.23227164149284363,0.9800000190734863,0.009999999776482582,0.0,0.0555555559694767,0.0,0.5,0,0.00010000000000000009,candidate-wise sharp and legacy coarse fixed-pool sufficient-event audit; not adaptive CEM or closed-loop guarantee,e8be666dc6335e40b442d1f6a95c383a3633467610243492cfb3465f99087252
3074,Cube,0.08,cube_lewm_noise_0to008_p1_seed3074,/opt/workspace/explorer-env/dataset/ag_data/data/world_model/quentinll/lewm-cube/ckpt/cube_lewm_noise_0to008_p1_seed3074,/opt/workspace/explorer-env/dataset/ag_data/data/world_model/quentinll/lewm-cube/ckpt/cube_lewm_noise_0to008_p1_seed3074/cube_lewm_noise_0to008_p1_seed3074_epoch_10_object.ckpt,57.0,61.0,0.08,ok,100,65,9,1.185638427734375,5.04592752456665,7.087259769439697,12.940398216247559,3.472676992416382,8.969528198242188,20.219825744628906,23.95643424987793,29.188663482666016,7.259579658508301,32.085052490234375,56.24809646606445,265.21142578125,-40.65328884124756,8.335227966308594,0.8199999928474426,0.8199999928474426,0.9599999785423279,96,0.9138471026288194,0.08615289737118059,6.281970977783203,52.88239288330078,262.5914611816406,0.020583774894475937,0.07410652190446854,0.25044751167297363,0.9599999785423279,0.009999999776482582,0.0,0.0555555559694767,0.0,0.25,0,0.00020000000000000017,candidate-wise sharp and legacy coarse fixed-pool sufficient-event audit; not adaptive CEM or closed-loop guarantee,1151853cca089b72e91857d1756bd8f4c49c57a295c54e743fe8959ffc883e5e
