atr_horizon_v2,atr_q90_source,atr_quantile,checkpoint_type,clean_success,clean_transition_scale_q50,horizon,model_family,model_file,model_search_dirs,n_sequences,noise_draw_aggregation,num_noise_draws,pixels_std0.08_success,radius_metric,raw_horizon_radius_quantile,recovery_label,run_path,status,std_key,stress_sigma,subdir,task,training_seed
2.1774539947509766,1.5144974763039856,0.8,base,94.0,14.739784240722656,1,LeWM,/opt/workspace/explorer-env/dataset/ag_data/data/world_model/quentinll/lewm-tworooms/ckpt/tworoom_lewm_20260430/tworoom_lewm_20260430_epoch_10_object.ckpt,['/opt/workspace/explorer-env/dataset/ag_data/data/world_model/quentinll/lewm-tworooms/ckpt/tworoom_lewm_20260430'],16,per_anchor_mean_then_checkpoint_quantile,5,65.66666666666667,horizon_weighted_stacked_l2_v2,15.76148509979248,false,/opt/workspace/explorer-env/dataset/ag_data/data/world_model/quentinll/lewm-tworooms/ckpt/tworoom_lewm_20260430,ok,0.00,0.08,tworoom_lewm_20260430,TwoRoom,3072
3.410346508026123,1.5144974763039856,0.9,base,94.0,14.739784240722656,1,LeWM,/opt/workspace/explorer-env/dataset/ag_data/data/world_model/quentinll/lewm-tworooms/ckpt/tworoom_lewm_20260430/tworoom_lewm_20260430_epoch_10_object.ckpt,['/opt/workspace/explorer-env/dataset/ag_data/data/world_model/quentinll/lewm-tworooms/ckpt/tworoom_lewm_20260430'],16,per_anchor_mean_then_checkpoint_quantile,5,65.66666666666667,horizon_weighted_stacked_l2_v2,18.299331665039062,false,/opt/workspace/explorer-env/dataset/ag_data/data/world_model/quentinll/lewm-tworooms/ckpt/tworoom_lewm_20260430,ok,0.00,0.08,tworoom_lewm_20260430,TwoRoom,3072
3.912729501724243,1.5144974763039856,0.95,base,94.0,14.739784240722656,1,LeWM,/opt/workspace/explorer-env/dataset/ag_data/data/world_model/quentinll/lewm-tworooms/ckpt/tworoom_lewm_20260430/tworoom_lewm_20260430_epoch_10_object.ckpt,['/opt/workspace/explorer-env/dataset/ag_data/data/world_model/quentinll/lewm-tworooms/ckpt/tworoom_lewm_20260430'],16,per_anchor_mean_then_checkpoint_quantile,5,65.66666666666667,horizon_weighted_stacked_l2_v2,19.049518585205078,false,/opt/workspace/explorer-env/dataset/ag_data/data/world_model/quentinll/lewm-tworooms/ckpt/tworoom_lewm_20260430,ok,0.00,0.08,tworoom_lewm_20260430,TwoRoom,3072
1.9338085651397705,1.5144974763039856,0.8,base,94.0,13.717287063598633,2,LeWM,/opt/workspace/explorer-env/dataset/ag_data/data/world_model/quentinll/lewm-tworooms/ckpt/tworoom_lewm_20260430/tworoom_lewm_20260430_epoch_10_object.ckpt,['/opt/workspace/explorer-env/dataset/ag_data/data/world_model/quentinll/lewm-tworooms/ckpt/tworoom_lewm_20260430'],16,per_anchor_mean_then_checkpoint_quantile,5,65.66666666666667,horizon_weighted_stacked_l2_v2,17.328584671020508,false,/opt/workspace/explorer-env/dataset/ag_data/data/world_model/quentinll/lewm-tworooms/ckpt/tworoom_lewm_20260430,ok,0.00,0.08,tworoom_lewm_20260430,TwoRoom,3072
2.0074586868286133,1.5144974763039856,0.9,base,94.0,13.717287063598633,2,LeWM,/opt/workspace/explorer-env/dataset/ag_data/data/world_model/quentinll/lewm-tworooms/ckpt/tworoom_lewm_20260430/tworoom_lewm_20260430_epoch_10_object.ckpt,['/opt/workspace/explorer-env/dataset/ag_data/data/world_model/quentinll/lewm-tworooms/ckpt/tworoom_lewm_20260430'],16,per_anchor_mean_then_checkpoint_quantile,5,65.66666666666667,horizon_weighted_stacked_l2_v2,18.86152458190918,false,/opt/workspace/explorer-env/dataset/ag_data/data/world_model/quentinll/lewm-tworooms/ckpt/tworoom_lewm_20260430,ok,0.00,0.08,tworoom_lewm_20260430,TwoRoom,3072
2.1783668994903564,1.5144974763039856,0.95,base,94.0,13.717287063598633,2,LeWM,/opt/workspace/explorer-env/dataset/ag_data/data/world_model/quentinll/lewm-tworooms/ckpt/tworoom_lewm_20260430/tworoom_lewm_20260430_epoch_10_object.ckpt,['/opt/workspace/explorer-env/dataset/ag_data/data/world_model/quentinll/lewm-tworooms/ckpt/tworoom_lewm_20260430'],16,per_anchor_mean_then_checkpoint_quantile,5,65.66666666666667,horizon_weighted_stacked_l2_v2,19.36177635192871,false,/opt/workspace/explorer-env/dataset/ag_data/data/world_model/quentinll/lewm-tworooms/ckpt/tworoom_lewm_20260430,ok,0.00,0.08,tworoom_lewm_20260430,TwoRoom,3072
2.1189467906951904,1.5144974763039856,0.8,base,94.0,13.606271743774414,4,LeWM,/opt/workspace/explorer-env/dataset/ag_data/data/world_model/quentinll/lewm-tworooms/ckpt/tworoom_lewm_20260430/tworoom_lewm_20260430_epoch_10_object.ckpt,['/opt/workspace/explorer-env/dataset/ag_data/data/world_model/quentinll/lewm-tworooms/ckpt/tworoom_lewm_20260430'],16,per_anchor_mean_then_checkpoint_quantile,5,65.66666666666667,horizon_weighted_stacked_l2_v2,18.03017234802246,false,/opt/workspace/explorer-env/dataset/ag_data/data/world_model/quentinll/lewm-tworooms/ckpt/tworoom_lewm_20260430,ok,0.00,0.08,tworoom_lewm_20260430,TwoRoom,3072
2.171081066131592,1.5144974763039856,0.9,base,94.0,13.606271743774414,4,LeWM,/opt/workspace/explorer-env/dataset/ag_data/data/world_model/quentinll/lewm-tworooms/ckpt/tworoom_lewm_20260430/tworoom_lewm_20260430_epoch_10_object.ckpt,['/opt/workspace/explorer-env/dataset/ag_data/data/world_model/quentinll/lewm-tworooms/ckpt/tworoom_lewm_20260430'],16,per_anchor_mean_then_checkpoint_quantile,5,65.66666666666667,horizon_weighted_stacked_l2_v2,19.172351837158203,false,/opt/workspace/explorer-env/dataset/ag_data/data/world_model/quentinll/lewm-tworooms/ckpt/tworoom_lewm_20260430,ok,0.00,0.08,tworoom_lewm_20260430,TwoRoom,3072
2.2429938316345215,1.5144974763039856,0.95,base,94.0,13.606271743774414,4,LeWM,/opt/workspace/explorer-env/dataset/ag_data/data/world_model/quentinll/lewm-tworooms/ckpt/tworoom_lewm_20260430/tworoom_lewm_20260430_epoch_10_object.ckpt,['/opt/workspace/explorer-env/dataset/ag_data/data/world_model/quentinll/lewm-tworooms/ckpt/tworoom_lewm_20260430'],16,per_anchor_mean_then_checkpoint_quantile,5,65.66666666666667,horizon_weighted_stacked_l2_v2,19.47418212890625,false,/opt/workspace/explorer-env/dataset/ag_data/data/world_model/quentinll/lewm-tworooms/ckpt/tworoom_lewm_20260430,ok,0.00,0.08,tworoom_lewm_20260430,TwoRoom,3072
1.555413007736206,1.5144974763039856,0.8,base,94.0,13.414094924926758,8,LeWM,/opt/workspace/explorer-env/dataset/ag_data/data/world_model/quentinll/lewm-tworooms/ckpt/tworoom_lewm_20260430/tworoom_lewm_20260430_epoch_10_object.ckpt,['/opt/workspace/explorer-env/dataset/ag_data/data/world_model/quentinll/lewm-tworooms/ckpt/tworoom_lewm_20260430'],16,per_anchor_mean_then_checkpoint_quantile,5,65.66666666666667,horizon_weighted_stacked_l2_v2,18.530391693115234,false,/opt/workspace/explorer-env/dataset/ag_data/data/world_model/quentinll/lewm-tworooms/ckpt/tworoom_lewm_20260430,ok,0.00,0.08,tworoom_lewm_20260430,TwoRoom,3072
1.7749521732330322,1.5144974763039856,0.9,base,94.0,13.414094924926758,8,LeWM,/opt/workspace/explorer-env/dataset/ag_data/data/world_model/quentinll/lewm-tworooms/ckpt/tworoom_lewm_20260430/tworoom_lewm_20260430_epoch_10_object.ckpt,['/opt/workspace/explorer-env/dataset/ag_data/data/world_model/quentinll/lewm-tworooms/ckpt/tworoom_lewm_20260430'],16,per_anchor_mean_then_checkpoint_quantile,5,65.66666666666667,horizon_weighted_stacked_l2_v2,18.986373901367188,false,/opt/workspace/explorer-env/dataset/ag_data/data/world_model/quentinll/lewm-tworooms/ckpt/tworoom_lewm_20260430,ok,0.00,0.08,tworoom_lewm_20260430,TwoRoom,3072
1.8595482110977173,1.5144974763039856,0.95,base,94.0,13.414094924926758,8,LeWM,/opt/workspace/explorer-env/dataset/ag_data/data/world_model/quentinll/lewm-tworooms/ckpt/tworoom_lewm_20260430/tworoom_lewm_20260430_epoch_10_object.ckpt,['/opt/workspace/explorer-env/dataset/ag_data/data/world_model/quentinll/lewm-tworooms/ckpt/tworoom_lewm_20260430'],16,per_anchor_mean_then_checkpoint_quantile,5,65.66666666666667,horizon_weighted_stacked_l2_v2,19.44253921508789,false,/opt/workspace/explorer-env/dataset/ag_data/data/world_model/quentinll/lewm-tworooms/ckpt/tworoom_lewm_20260430,ok,0.00,0.08,tworoom_lewm_20260430,TwoRoom,3072
0.9745567440986633,1.0454658513469122,0.8,onset,93.66666666666667,14.554559707641602,1,LeWM,/opt/workspace/explorer-env/dataset/ag_data/data/world_model/quentinll/lewm-tworooms/ckpt/tworoom_lewm_noise_0to001_p1/tworoom_lewm_noise_0to001_p1_epoch_10_object.ckpt,['/opt/workspace/explorer-env/dataset/ag_data/data/world_model/quentinll/lewm-tworooms/ckpt/tworoom_lewm_noise_0to001_p1'],16,per_anchor_mean_then_checkpoint_quantile,5,94.0,horizon_weighted_stacked_l2_v2,8.296873092651367,true,/opt/workspace/explorer-env/dataset/ag_data/data/world_model/quentinll/lewm-tworooms/ckpt/tworoom_lewm_noise_0to001_p1,ok,0.01,0.08,tworoom_lewm_noise_0to001_p1,TwoRoom,3072
1.2393386363983154,1.0454658513469122,0.9,onset,93.66666666666667,14.554559707641602,1,LeWM,/opt/workspace/explorer-env/dataset/ag_data/data/world_model/quentinll/lewm-tworooms/ckpt/tworoom_lewm_noise_0to001_p1/tworoom_lewm_noise_0to001_p1_epoch_10_object.ckpt,['/opt/workspace/explorer-env/dataset/ag_data/data/world_model/quentinll/lewm-tworooms/ckpt/tworoom_lewm_noise_0to001_p1'],16,per_anchor_mean_then_checkpoint_quantile,5,94.0,horizon_weighted_stacked_l2_v2,9.986257553100586,true,/opt/workspace/explorer-env/dataset/ag_data/data/world_model/quentinll/lewm-tworooms/ckpt/tworoom_lewm_noise_0to001_p1,ok,0.01,0.08,tworoom_lewm_noise_0to001_p1,TwoRoom,3072
1.4192521572113037,1.0454658513469122,0.95,onset,93.66666666666667,14.554559707641602,1,LeWM,/opt/workspace/explorer-env/dataset/ag_data/data/world_model/quentinll/lewm-tworooms/ckpt/tworoom_lewm_noise_0to001_p1/tworoom_lewm_noise_0to001_p1_epoch_10_object.ckpt,['/opt/workspace/explorer-env/dataset/ag_data/data/world_model/quentinll/lewm-tworooms/ckpt/tworoom_lewm_noise_0to001_p1'],16,per_anchor_mean_then_checkpoint_quantile,5,94.0,horizon_weighted_stacked_l2_v2,10.313749313354492,true,/opt/workspace/explorer-env/dataset/ag_data/data/world_model/quentinll/lewm-tworooms/ckpt/tworoom_lewm_noise_0to001_p1,ok,0.01,0.08,tworoom_lewm_noise_0to001_p1,TwoRoom,3072
0.6760426163673401,1.0454658513469122,0.8,onset,93.66666666666667,13.741155624389648,2,LeWM,/opt/workspace/explorer-env/dataset/ag_data/data/world_model/quentinll/lewm-tworooms/ckpt/tworoom_lewm_noise_0to001_p1/tworoom_lewm_noise_0to001_p1_epoch_10_object.ckpt,['/opt/workspace/explorer-env/dataset/ag_data/data/world_model/quentinll/lewm-tworooms/ckpt/tworoom_lewm_noise_0to001_p1'],16,per_anchor_mean_then_checkpoint_quantile,5,94.0,horizon_weighted_stacked_l2_v2,8.27178955078125,true,/opt/workspace/explorer-env/dataset/ag_data/data/world_model/quentinll/lewm-tworooms/ckpt/tworoom_lewm_noise_0to001_p1,ok,0.01,0.08,tworoom_lewm_noise_0to001_p1,TwoRoom,3072
0.8209947943687439,1.0454658513469122,0.9,onset,93.66666666666667,13.741155624389648,2,LeWM,/opt/workspace/explorer-env/dataset/ag_data/data/world_model/quentinll/lewm-tworooms/ckpt/tworoom_lewm_noise_0to001_p1/tworoom_lewm_noise_0to001_p1_epoch_10_object.ckpt,['/opt/workspace/explorer-env/dataset/ag_data/data/world_model/quentinll/lewm-tworooms/ckpt/tworoom_lewm_noise_0to001_p1'],16,per_anchor_mean_then_checkpoint_quantile,5,94.0,horizon_weighted_stacked_l2_v2,9.293713569641113,true,/opt/workspace/explorer-env/dataset/ag_data/data/world_model/quentinll/lewm-tworooms/ckpt/tworoom_lewm_noise_0to001_p1,ok,0.01,0.08,tworoom_lewm_noise_0to001_p1,TwoRoom,3072
1.0724854469299316,1.0454658513469122,0.95,onset,93.66666666666667,13.741155624389648,2,LeWM,/opt/workspace/explorer-env/dataset/ag_data/data/world_model/quentinll/lewm-tworooms/ckpt/tworoom_lewm_noise_0to001_p1/tworoom_lewm_noise_0to001_p1_epoch_10_object.ckpt,['/opt/workspace/explorer-env/dataset/ag_data/data/world_model/quentinll/lewm-tworooms/ckpt/tworoom_lewm_noise_0to001_p1'],16,per_anchor_mean_then_checkpoint_quantile,5,94.0,horizon_weighted_stacked_l2_v2,10.170511245727539,true,/opt/workspace/explorer-env/dataset/ag_data/data/world_model/quentinll/lewm-tworooms/ckpt/tworoom_lewm_noise_0to001_p1,ok,0.01,0.08,tworoom_lewm_noise_0to001_p1,TwoRoom,3072
0.9532826542854309,1.0454658513469122,0.8,onset,93.66666666666667,13.410724639892578,4,LeWM,/opt/workspace/explorer-env/dataset/ag_data/data/world_model/quentinll/lewm-tworooms/ckpt/tworoom_lewm_noise_0to001_p1/tworoom_lewm_noise_0to001_p1_epoch_10_object.ckpt,['/opt/workspace/explorer-env/dataset/ag_data/data/world_model/quentinll/lewm-tworooms/ckpt/tworoom_lewm_noise_0to001_p1'],16,per_anchor_mean_then_checkpoint_quantile,5,94.0,horizon_weighted_stacked_l2_v2,8.431467056274414,true,/opt/workspace/explorer-env/dataset/ag_data/data/world_model/quentinll/lewm-tworooms/ckpt/tworoom_lewm_noise_0to001_p1,ok,0.01,0.08,tworoom_lewm_noise_0to001_p1,TwoRoom,3072
1.0453689098358154,1.0454658513469122,0.9,onset,93.66666666666667,13.410724639892578,4,LeWM,/opt/workspace/explorer-env/dataset/ag_data/data/world_model/quentinll/lewm-tworooms/ckpt/tworoom_lewm_noise_0to001_p1/tworoom_lewm_noise_0to001_p1_epoch_10_object.ckpt,['/opt/workspace/explorer-env/dataset/ag_data/data/world_model/quentinll/lewm-tworooms/ckpt/tworoom_lewm_noise_0to001_p1'],16,per_anchor_mean_then_checkpoint_quantile,5,94.0,horizon_weighted_stacked_l2_v2,8.975826263427734,true,/opt/workspace/explorer-env/dataset/ag_data/data/world_model/quentinll/lewm-tworooms/ckpt/tworoom_lewm_noise_0to001_p1,ok,0.01,0.08,tworoom_lewm_noise_0to001_p1,TwoRoom,3072
1.1084650754928589,1.0454658513469122,0.95,onset,93.66666666666667,13.410724639892578,4,LeWM,/opt/workspace/explorer-env/dataset/ag_data/data/world_model/quentinll/lewm-tworooms/ckpt/tworoom_lewm_noise_0to001_p1/tworoom_lewm_noise_0to001_p1_epoch_10_object.ckpt,['/opt/workspace/explorer-env/dataset/ag_data/data/world_model/quentinll/lewm-tworooms/ckpt/tworoom_lewm_noise_0to001_p1'],16,per_anchor_mean_then_checkpoint_quantile,5,94.0,horizon_weighted_stacked_l2_v2,9.810811996459961,true,/opt/workspace/explorer-env/dataset/ag_data/data/world_model/quentinll/lewm-tworooms/ckpt/tworoom_lewm_noise_0to001_p1,ok,0.01,0.08,tworoom_lewm_noise_0to001_p1,TwoRoom,3072
0.6207680106163025,1.0454658513469122,0.8,onset,93.66666666666667,13.933937072753906,8,LeWM,/opt/workspace/explorer-env/dataset/ag_data/data/world_model/quentinll/lewm-tworooms/ckpt/tworoom_lewm_noise_0to001_p1/tworoom_lewm_noise_0to001_p1_epoch_10_object.ckpt,['/opt/workspace/explorer-env/dataset/ag_data/data/world_model/quentinll/lewm-tworooms/ckpt/tworoom_lewm_noise_0to001_p1'],16,per_anchor_mean_then_checkpoint_quantile,5,94.0,horizon_weighted_stacked_l2_v2,9.590426445007324,true,/opt/workspace/explorer-env/dataset/ag_data/data/world_model/quentinll/lewm-tworooms/ckpt/tworoom_lewm_noise_0to001_p1,ok,0.01,0.08,tworoom_lewm_noise_0to001_p1,TwoRoom,3072
0.9004882574081421,1.0454658513469122,0.9,onset,93.66666666666667,13.933937072753906,8,LeWM,/opt/workspace/explorer-env/dataset/ag_data/data/world_model/quentinll/lewm-tworooms/ckpt/tworoom_lewm_noise_0to001_p1/tworoom_lewm_noise_0to001_p1_epoch_10_object.ckpt,['/opt/workspace/explorer-env/dataset/ag_data/data/world_model/quentinll/lewm-tworooms/ckpt/tworoom_lewm_noise_0to001_p1'],16,per_anchor_mean_then_checkpoint_quantile,5,94.0,horizon_weighted_stacked_l2_v2,9.82748031616211,true,/opt/workspace/explorer-env/dataset/ag_data/data/world_model/quentinll/lewm-tworooms/ckpt/tworoom_lewm_noise_0to001_p1,ok,0.01,0.08,tworoom_lewm_noise_0to001_p1,TwoRoom,3072
1.1199634075164795,1.0454658513469122,0.95,onset,93.66666666666667,13.933937072753906,8,LeWM,/opt/workspace/explorer-env/dataset/ag_data/data/world_model/quentinll/lewm-tworooms/ckpt/tworoom_lewm_noise_0to001_p1/tworoom_lewm_noise_0to001_p1_epoch_10_object.ckpt,['/opt/workspace/explorer-env/dataset/ag_data/data/world_model/quentinll/lewm-tworooms/ckpt/tworoom_lewm_noise_0to001_p1'],16,per_anchor_mean_then_checkpoint_quantile,5,94.0,horizon_weighted_stacked_l2_v2,10.002019882202148,true,/opt/workspace/explorer-env/dataset/ag_data/data/world_model/quentinll/lewm-tworooms/ckpt/tworoom_lewm_noise_0to001_p1,ok,0.01,0.08,tworoom_lewm_noise_0to001_p1,TwoRoom,3072
0.10378877073526382,0.09345786316418216,0.8,endpoint,98.33333333333333,13.37933349609375,1,LeWM,/opt/workspace/explorer-env/dataset/ag_data/data/world_model/quentinll/lewm-tworooms/ckpt/tworoom_lewm_noise_0to008_p1/tworoom_lewm_noise_0to008_p1_epoch_10_object.ckpt,['/opt/workspace/explorer-env/dataset/ag_data/data/world_model/quentinll/lewm-tworooms/ckpt/tworoom_lewm_noise_0to008_p1'],16,per_anchor_mean_then_checkpoint_quantile,5,97.66666666666667,horizon_weighted_stacked_l2_v2,0.6661050915718079,true,/opt/workspace/explorer-env/dataset/ag_data/data/world_model/quentinll/lewm-tworooms/ckpt/tworoom_lewm_noise_0to008_p1,ok,0.08,0.08,tworoom_lewm_noise_0to008_p1,TwoRoom,3072
0.13823732733726501,0.09345786316418216,0.9,endpoint,98.33333333333333,13.37933349609375,1,LeWM,/opt/workspace/explorer-env/dataset/ag_data/data/world_model/quentinll/lewm-tworooms/ckpt/tworoom_lewm_noise_0to008_p1/tworoom_lewm_noise_0to008_p1_epoch_10_object.ckpt,['/opt/workspace/explorer-env/dataset/ag_data/data/world_model/quentinll/lewm-tworooms/ckpt/tworoom_lewm_noise_0to008_p1'],16,per_anchor_mean_then_checkpoint_quantile,5,97.66666666666667,horizon_weighted_stacked_l2_v2,0.7452915906906128,true,/opt/workspace/explorer-env/dataset/ag_data/data/world_model/quentinll/lewm-tworooms/ckpt/tworoom_lewm_noise_0to008_p1,ok,0.08,0.08,tworoom_lewm_noise_0to008_p1,TwoRoom,3072
0.14197175204753876,0.09345786316418216,0.95,endpoint,98.33333333333333,13.37933349609375,1,LeWM,/opt/workspace/explorer-env/dataset/ag_data/data/world_model/quentinll/lewm-tworooms/ckpt/tworoom_lewm_noise_0to008_p1/tworoom_lewm_noise_0to008_p1_epoch_10_object.ckpt,['/opt/workspace/explorer-env/dataset/ag_data/data/world_model/quentinll/lewm-tworooms/ckpt/tworoom_lewm_noise_0to008_p1'],16,per_anchor_mean_then_checkpoint_quantile,5,97.66666666666667,horizon_weighted_stacked_l2_v2,0.9242182374000549,true,/opt/workspace/explorer-env/dataset/ag_data/data/world_model/quentinll/lewm-tworooms/ckpt/tworoom_lewm_noise_0to008_p1,ok,0.08,0.08,tworoom_lewm_noise_0to008_p1,TwoRoom,3072
0.07471100240945816,0.09345786316418216,0.8,endpoint,98.33333333333333,12.850898742675781,2,LeWM,/opt/workspace/explorer-env/dataset/ag_data/data/world_model/quentinll/lewm-tworooms/ckpt/tworoom_lewm_noise_0to008_p1/tworoom_lewm_noise_0to008_p1_epoch_10_object.ckpt,['/opt/workspace/explorer-env/dataset/ag_data/data/world_model/quentinll/lewm-tworooms/ckpt/tworoom_lewm_noise_0to008_p1'],16,per_anchor_mean_then_checkpoint_quantile,5,97.66666666666667,horizon_weighted_stacked_l2_v2,0.5834788680076599,true,/opt/workspace/explorer-env/dataset/ag_data/data/world_model/quentinll/lewm-tworooms/ckpt/tworoom_lewm_noise_0to008_p1,ok,0.08,0.08,tworoom_lewm_noise_0to008_p1,TwoRoom,3072
0.09039751440286636,0.09345786316418216,0.9,endpoint,98.33333333333333,12.850898742675781,2,LeWM,/opt/workspace/explorer-env/dataset/ag_data/data/world_model/quentinll/lewm-tworooms/ckpt/tworoom_lewm_noise_0to008_p1/tworoom_lewm_noise_0to008_p1_epoch_10_object.ckpt,['/opt/workspace/explorer-env/dataset/ag_data/data/world_model/quentinll/lewm-tworooms/ckpt/tworoom_lewm_noise_0to008_p1'],16,per_anchor_mean_then_checkpoint_quantile,5,97.66666666666667,horizon_weighted_stacked_l2_v2,0.8382599353790283,true,/opt/workspace/explorer-env/dataset/ag_data/data/world_model/quentinll/lewm-tworooms/ckpt/tworoom_lewm_noise_0to008_p1,ok,0.08,0.08,tworoom_lewm_noise_0to008_p1,TwoRoom,3072
0.09284854680299759,0.09345786316418216,0.95,endpoint,98.33333333333333,12.850898742675781,2,LeWM,/opt/workspace/explorer-env/dataset/ag_data/data/world_model/quentinll/lewm-tworooms/ckpt/tworoom_lewm_noise_0to008_p1/tworoom_lewm_noise_0to008_p1_epoch_10_object.ckpt,['/opt/workspace/explorer-env/dataset/ag_data/data/world_model/quentinll/lewm-tworooms/ckpt/tworoom_lewm_noise_0to008_p1'],16,per_anchor_mean_then_checkpoint_quantile,5,97.66666666666667,horizon_weighted_stacked_l2_v2,1.0604671239852905,true,/opt/workspace/explorer-env/dataset/ag_data/data/world_model/quentinll/lewm-tworooms/ckpt/tworoom_lewm_noise_0to008_p1,ok,0.08,0.08,tworoom_lewm_noise_0to008_p1,TwoRoom,3072
0.09328527003526688,0.09345786316418216,0.8,endpoint,98.33333333333333,12.191370964050293,4,LeWM,/opt/workspace/explorer-env/dataset/ag_data/data/world_model/quentinll/lewm-tworooms/ckpt/tworoom_lewm_noise_0to008_p1/tworoom_lewm_noise_0to008_p1_epoch_10_object.ckpt,['/opt/workspace/explorer-env/dataset/ag_data/data/world_model/quentinll/lewm-tworooms/ckpt/tworoom_lewm_noise_0to008_p1'],16,per_anchor_mean_then_checkpoint_quantile,5,97.66666666666667,horizon_weighted_stacked_l2_v2,0.6468966603279114,true,/opt/workspace/explorer-env/dataset/ag_data/data/world_model/quentinll/lewm-tworooms/ckpt/tworoom_lewm_noise_0to008_p1,ok,0.08,0.08,tworoom_lewm_noise_0to008_p1,TwoRoom,3072
0.09769034385681152,0.09345786316418216,0.9,endpoint,98.33333333333333,12.191370964050293,4,LeWM,/opt/workspace/explorer-env/dataset/ag_data/data/world_model/quentinll/lewm-tworooms/ckpt/tworoom_lewm_noise_0to008_p1/tworoom_lewm_noise_0to008_p1_epoch_10_object.ckpt,['/opt/workspace/explorer-env/dataset/ag_data/data/world_model/quentinll/lewm-tworooms/ckpt/tworoom_lewm_noise_0to008_p1'],16,per_anchor_mean_then_checkpoint_quantile,5,97.66666666666667,horizon_weighted_stacked_l2_v2,0.8583685755729675,true,/opt/workspace/explorer-env/dataset/ag_data/data/world_model/quentinll/lewm-tworooms/ckpt/tworoom_lewm_noise_0to008_p1,ok,0.08,0.08,tworoom_lewm_noise_0to008_p1,TwoRoom,3072
0.09914185851812363,0.09345786316418216,0.95,endpoint,98.33333333333333,12.191370964050293,4,LeWM,/opt/workspace/explorer-env/dataset/ag_data/data/world_model/quentinll/lewm-tworooms/ckpt/tworoom_lewm_noise_0to008_p1/tworoom_lewm_noise_0to008_p1_epoch_10_object.ckpt,['/opt/workspace/explorer-env/dataset/ag_data/data/world_model/quentinll/lewm-tworooms/ckpt/tworoom_lewm_noise_0to008_p1'],16,per_anchor_mean_then_checkpoint_quantile,5,97.66666666666667,horizon_weighted_stacked_l2_v2,1.0779712200164795,true,/opt/workspace/explorer-env/dataset/ag_data/data/world_model/quentinll/lewm-tworooms/ckpt/tworoom_lewm_noise_0to008_p1,ok,0.08,0.08,tworoom_lewm_noise_0to008_p1,TwoRoom,3072
0.06729141622781754,0.09345786316418216,0.8,endpoint,98.33333333333333,13.339247703552246,8,LeWM,/opt/workspace/explorer-env/dataset/ag_data/data/world_model/quentinll/lewm-tworooms/ckpt/tworoom_lewm_noise_0to008_p1/tworoom_lewm_noise_0to008_p1_epoch_10_object.ckpt,['/opt/workspace/explorer-env/dataset/ag_data/data/world_model/quentinll/lewm-tworooms/ckpt/tworoom_lewm_noise_0to008_p1'],16,per_anchor_mean_then_checkpoint_quantile,5,97.66666666666667,horizon_weighted_stacked_l2_v2,0.7835032343864441,true,/opt/workspace/explorer-env/dataset/ag_data/data/world_model/quentinll/lewm-tworooms/ckpt/tworoom_lewm_noise_0to008_p1,ok,0.08,0.08,tworoom_lewm_noise_0to008_p1,TwoRoom,3072
0.09659572690725327,0.09345786316418216,0.9,endpoint,98.33333333333333,13.339247703552246,8,LeWM,/opt/workspace/explorer-env/dataset/ag_data/data/world_model/quentinll/lewm-tworooms/ckpt/tworoom_lewm_noise_0to008_p1/tworoom_lewm_noise_0to008_p1_epoch_10_object.ckpt,['/opt/workspace/explorer-env/dataset/ag_data/data/world_model/quentinll/lewm-tworooms/ckpt/tworoom_lewm_noise_0to008_p1'],16,per_anchor_mean_then_checkpoint_quantile,5,97.66666666666667,horizon_weighted_stacked_l2_v2,0.8653210997581482,true,/opt/workspace/explorer-env/dataset/ag_data/data/world_model/quentinll/lewm-tworooms/ckpt/tworoom_lewm_noise_0to008_p1,ok,0.08,0.08,tworoom_lewm_noise_0to008_p1,TwoRoom,3072
0.10261891037225723,0.09345786316418216,0.95,endpoint,98.33333333333333,13.339247703552246,8,LeWM,/opt/workspace/explorer-env/dataset/ag_data/data/world_model/quentinll/lewm-tworooms/ckpt/tworoom_lewm_noise_0to008_p1/tworoom_lewm_noise_0to008_p1_epoch_10_object.ckpt,['/opt/workspace/explorer-env/dataset/ag_data/data/world_model/quentinll/lewm-tworooms/ckpt/tworoom_lewm_noise_0to008_p1'],16,per_anchor_mean_then_checkpoint_quantile,5,97.66666666666667,horizon_weighted_stacked_l2_v2,0.9439142942428589,true,/opt/workspace/explorer-env/dataset/ag_data/data/world_model/quentinll/lewm-tworooms/ckpt/tworoom_lewm_noise_0to008_p1,ok,0.08,0.08,tworoom_lewm_noise_0to008_p1,TwoRoom,3072
1.6187810897827148,1.5172889279112693,0.8,base,94.333333,15.236787796020508,1,LeWM,/opt/workspace/explorer-env/dataset/ag_data/data/world_model/quentinll/lewm-tworooms/ckpt/tworoom_lewm_baseline_seed3073/tworoom_lewm_baseline_seed3073_epoch_10_object.ckpt,['/opt/workspace/explorer-env/dataset/ag_data/data/world_model/quentinll/lewm-tworooms/ckpt/tworoom_lewm_baseline_seed3073'],16,per_anchor_mean_then_checkpoint_quantile,5,71.666667,horizon_weighted_stacked_l2_v2,16.108163833618164,false,/opt/workspace/explorer-env/dataset/ag_data/data/world_model/quentinll/lewm-tworooms/ckpt/tworoom_lewm_baseline_seed3073,ok,0.00,0.08,tworoom_lewm_baseline_seed3073,TwoRoom,3073
2.3208446502685547,1.5172889279112693,0.9,base,94.333333,15.236787796020508,1,LeWM,/opt/workspace/explorer-env/dataset/ag_data/data/world_model/quentinll/lewm-tworooms/ckpt/tworoom_lewm_baseline_seed3073/tworoom_lewm_baseline_seed3073_epoch_10_object.ckpt,['/opt/workspace/explorer-env/dataset/ag_data/data/world_model/quentinll/lewm-tworooms/ckpt/tworoom_lewm_baseline_seed3073'],16,per_anchor_mean_then_checkpoint_quantile,5,71.666667,horizon_weighted_stacked_l2_v2,16.525001525878906,false,/opt/workspace/explorer-env/dataset/ag_data/data/world_model/quentinll/lewm-tworooms/ckpt/tworoom_lewm_baseline_seed3073,ok,0.00,0.08,tworoom_lewm_baseline_seed3073,TwoRoom,3073
2.874302864074707,1.5172889279112693,0.95,base,94.333333,15.236787796020508,1,LeWM,/opt/workspace/explorer-env/dataset/ag_data/data/world_model/quentinll/lewm-tworooms/ckpt/tworoom_lewm_baseline_seed3073/tworoom_lewm_baseline_seed3073_epoch_10_object.ckpt,['/opt/workspace/explorer-env/dataset/ag_data/data/world_model/quentinll/lewm-tworooms/ckpt/tworoom_lewm_baseline_seed3073'],16,per_anchor_mean_then_checkpoint_quantile,5,71.666667,horizon_weighted_stacked_l2_v2,16.721437454223633,false,/opt/workspace/explorer-env/dataset/ag_data/data/world_model/quentinll/lewm-tworooms/ckpt/tworoom_lewm_baseline_seed3073,ok,0.00,0.08,tworoom_lewm_baseline_seed3073,TwoRoom,3073
1.4029978513717651,1.5172889279112693,0.8,base,94.333333,14.601216316223145,2,LeWM,/opt/workspace/explorer-env/dataset/ag_data/data/world_model/quentinll/lewm-tworooms/ckpt/tworoom_lewm_baseline_seed3073/tworoom_lewm_baseline_seed3073_epoch_10_object.ckpt,['/opt/workspace/explorer-env/dataset/ag_data/data/world_model/quentinll/lewm-tworooms/ckpt/tworoom_lewm_baseline_seed3073'],16,per_anchor_mean_then_checkpoint_quantile,5,71.666667,horizon_weighted_stacked_l2_v2,17.188085556030273,false,/opt/workspace/explorer-env/dataset/ag_data/data/world_model/quentinll/lewm-tworooms/ckpt/tworoom_lewm_baseline_seed3073,ok,0.00,0.08,tworoom_lewm_baseline_seed3073,TwoRoom,3073
2.0380361080169678,1.5172889279112693,0.9,base,94.333333,14.601216316223145,2,LeWM,/opt/workspace/explorer-env/dataset/ag_data/data/world_model/quentinll/lewm-tworooms/ckpt/tworoom_lewm_baseline_seed3073/tworoom_lewm_baseline_seed3073_epoch_10_object.ckpt,['/opt/workspace/explorer-env/dataset/ag_data/data/world_model/quentinll/lewm-tworooms/ckpt/tworoom_lewm_baseline_seed3073'],16,per_anchor_mean_then_checkpoint_quantile,5,71.666667,horizon_weighted_stacked_l2_v2,17.82746124267578,false,/opt/workspace/explorer-env/dataset/ag_data/data/world_model/quentinll/lewm-tworooms/ckpt/tworoom_lewm_baseline_seed3073,ok,0.00,0.08,tworoom_lewm_baseline_seed3073,TwoRoom,3073
2.4378867149353027,1.5172889279112693,0.95,base,94.333333,14.601216316223145,2,LeWM,/opt/workspace/explorer-env/dataset/ag_data/data/world_model/quentinll/lewm-tworooms/ckpt/tworoom_lewm_baseline_seed3073/tworoom_lewm_baseline_seed3073_epoch_10_object.ckpt,['/opt/workspace/explorer-env/dataset/ag_data/data/world_model/quentinll/lewm-tworooms/ckpt/tworoom_lewm_baseline_seed3073'],16,per_anchor_mean_then_checkpoint_quantile,5,71.666667,horizon_weighted_stacked_l2_v2,18.300886154174805,false,/opt/workspace/explorer-env/dataset/ag_data/data/world_model/quentinll/lewm-tworooms/ckpt/tworoom_lewm_baseline_seed3073,ok,0.00,0.08,tworoom_lewm_baseline_seed3073,TwoRoom,3073
1.4754709005355835,1.5172889279112693,0.8,base,94.333333,13.970792770385742,4,LeWM,/opt/workspace/explorer-env/dataset/ag_data/data/world_model/quentinll/lewm-tworooms/ckpt/tworoom_lewm_baseline_seed3073/tworoom_lewm_baseline_seed3073_epoch_10_object.ckpt,['/opt/workspace/explorer-env/dataset/ag_data/data/world_model/quentinll/lewm-tworooms/ckpt/tworoom_lewm_baseline_seed3073'],16,per_anchor_mean_then_checkpoint_quantile,5,71.666667,horizon_weighted_stacked_l2_v2,18.41021156311035,false,/opt/workspace/explorer-env/dataset/ag_data/data/world_model/quentinll/lewm-tworooms/ckpt/tworoom_lewm_baseline_seed3073,ok,0.00,0.08,tworoom_lewm_baseline_seed3073,TwoRoom,3073
1.6841285228729248,1.5172889279112693,0.9,base,94.333333,13.970792770385742,4,LeWM,/opt/workspace/explorer-env/dataset/ag_data/data/world_model/quentinll/lewm-tworooms/ckpt/tworoom_lewm_baseline_seed3073/tworoom_lewm_baseline_seed3073_epoch_10_object.ckpt,['/opt/workspace/explorer-env/dataset/ag_data/data/world_model/quentinll/lewm-tworooms/ckpt/tworoom_lewm_baseline_seed3073'],16,per_anchor_mean_then_checkpoint_quantile,5,71.666667,horizon_weighted_stacked_l2_v2,19.067840576171875,false,/opt/workspace/explorer-env/dataset/ag_data/data/world_model/quentinll/lewm-tworooms/ckpt/tworoom_lewm_baseline_seed3073,ok,0.00,0.08,tworoom_lewm_baseline_seed3073,TwoRoom,3073
1.8626388311386108,1.5172889279112693,0.95,base,94.333333,13.970792770385742,4,LeWM,/opt/workspace/explorer-env/dataset/ag_data/data/world_model/quentinll/lewm-tworooms/ckpt/tworoom_lewm_baseline_seed3073/tworoom_lewm_baseline_seed3073_epoch_10_object.ckpt,['/opt/workspace/explorer-env/dataset/ag_data/data/world_model/quentinll/lewm-tworooms/ckpt/tworoom_lewm_baseline_seed3073'],16,per_anchor_mean_then_checkpoint_quantile,5,71.666667,horizon_weighted_stacked_l2_v2,19.4912052154541,false,/opt/workspace/explorer-env/dataset/ag_data/data/world_model/quentinll/lewm-tworooms/ckpt/tworoom_lewm_baseline_seed3073,ok,0.00,0.08,tworoom_lewm_baseline_seed3073,TwoRoom,3073
1.5612363815307617,1.5172889279112693,0.8,base,94.333333,13.736459732055664,8,LeWM,/opt/workspace/explorer-env/dataset/ag_data/data/world_model/quentinll/lewm-tworooms/ckpt/tworoom_lewm_baseline_seed3073/tworoom_lewm_baseline_seed3073_epoch_10_object.ckpt,['/opt/workspace/explorer-env/dataset/ag_data/data/world_model/quentinll/lewm-tworooms/ckpt/tworoom_lewm_baseline_seed3073'],16,per_anchor_mean_then_checkpoint_quantile,5,71.666667,horizon_weighted_stacked_l2_v2,19.56422996520996,false,/opt/workspace/explorer-env/dataset/ag_data/data/world_model/quentinll/lewm-tworooms/ckpt/tworoom_lewm_baseline_seed3073,ok,0.00,0.08,tworoom_lewm_baseline_seed3073,TwoRoom,3073
1.6870437860488892,1.5172889279112693,0.9,base,94.333333,13.736459732055664,8,LeWM,/opt/workspace/explorer-env/dataset/ag_data/data/world_model/quentinll/lewm-tworooms/ckpt/tworoom_lewm_baseline_seed3073/tworoom_lewm_baseline_seed3073_epoch_10_object.ckpt,['/opt/workspace/explorer-env/dataset/ag_data/data/world_model/quentinll/lewm-tworooms/ckpt/tworoom_lewm_baseline_seed3073'],16,per_anchor_mean_then_checkpoint_quantile,5,71.666667,horizon_weighted_stacked_l2_v2,19.772811889648438,false,/opt/workspace/explorer-env/dataset/ag_data/data/world_model/quentinll/lewm-tworooms/ckpt/tworoom_lewm_baseline_seed3073,ok,0.00,0.08,tworoom_lewm_baseline_seed3073,TwoRoom,3073
1.7766878604888916,1.5172889279112693,0.95,base,94.333333,13.736459732055664,8,LeWM,/opt/workspace/explorer-env/dataset/ag_data/data/world_model/quentinll/lewm-tworooms/ckpt/tworoom_lewm_baseline_seed3073/tworoom_lewm_baseline_seed3073_epoch_10_object.ckpt,['/opt/workspace/explorer-env/dataset/ag_data/data/world_model/quentinll/lewm-tworooms/ckpt/tworoom_lewm_baseline_seed3073'],16,per_anchor_mean_then_checkpoint_quantile,5,71.666667,horizon_weighted_stacked_l2_v2,20.023853302001953,false,/opt/workspace/explorer-env/dataset/ag_data/data/world_model/quentinll/lewm-tworooms/ckpt/tworoom_lewm_baseline_seed3073,ok,0.00,0.08,tworoom_lewm_baseline_seed3073,TwoRoom,3073
0.9794532060623169,1.2074334060413774,0.8,onset,96.333333,14.924480438232422,1,LeWM,/opt/workspace/explorer-env/dataset/ag_data/data/world_model/quentinll/lewm-tworooms/ckpt/tworoom_lewm_noise_0to001_p1_seed3073/tworoom_lewm_noise_0to001_p1_seed3073_epoch_10_object.ckpt,['/opt/workspace/explorer-env/dataset/ag_data/data/world_model/quentinll/lewm-tworooms/ckpt/tworoom_lewm_noise_0to001_p1_seed3073'],16,per_anchor_mean_then_checkpoint_quantile,5,95.666667,horizon_weighted_stacked_l2_v2,8.63099193572998,true,/opt/workspace/explorer-env/dataset/ag_data/data/world_model/quentinll/lewm-tworooms/ckpt/tworoom_lewm_noise_0to001_p1_seed3073,ok,0.01,0.08,tworoom_lewm_noise_0to001_p1_seed3073,TwoRoom,3073
1.2163264751434326,1.2074334060413774,0.9,onset,96.333333,14.924480438232422,1,LeWM,/opt/workspace/explorer-env/dataset/ag_data/data/world_model/quentinll/lewm-tworooms/ckpt/tworoom_lewm_noise_0to001_p1_seed3073/tworoom_lewm_noise_0to001_p1_seed3073_epoch_10_object.ckpt,['/opt/workspace/explorer-env/dataset/ag_data/data/world_model/quentinll/lewm-tworooms/ckpt/tworoom_lewm_noise_0to001_p1_seed3073'],16,per_anchor_mean_then_checkpoint_quantile,5,95.666667,horizon_weighted_stacked_l2_v2,9.50518798828125,true,/opt/workspace/explorer-env/dataset/ag_data/data/world_model/quentinll/lewm-tworooms/ckpt/tworoom_lewm_noise_0to001_p1_seed3073,ok,0.01,0.08,tworoom_lewm_noise_0to001_p1_seed3073,TwoRoom,3073
1.9194071292877197,1.2074334060413774,0.95,onset,96.333333,14.924480438232422,1,LeWM,/opt/workspace/explorer-env/dataset/ag_data/data/world_model/quentinll/lewm-tworooms/ckpt/tworoom_lewm_noise_0to001_p1_seed3073/tworoom_lewm_noise_0to001_p1_seed3073_epoch_10_object.ckpt,['/opt/workspace/explorer-env/dataset/ag_data/data/world_model/quentinll/lewm-tworooms/ckpt/tworoom_lewm_noise_0to001_p1_seed3073'],16,per_anchor_mean_then_checkpoint_quantile,5,95.666667,horizon_weighted_stacked_l2_v2,11.210762977600098,true,/opt/workspace/explorer-env/dataset/ag_data/data/world_model/quentinll/lewm-tworooms/ckpt/tworoom_lewm_noise_0to001_p1_seed3073,ok,0.01,0.08,tworoom_lewm_noise_0to001_p1_seed3073,TwoRoom,3073
0.8164476752281189,1.2074334060413774,0.8,onset,96.333333,13.934450149536133,2,LeWM,/opt/workspace/explorer-env/dataset/ag_data/data/world_model/quentinll/lewm-tworooms/ckpt/tworoom_lewm_noise_0to001_p1_seed3073/tworoom_lewm_noise_0to001_p1_seed3073_epoch_10_object.ckpt,['/opt/workspace/explorer-env/dataset/ag_data/data/world_model/quentinll/lewm-tworooms/ckpt/tworoom_lewm_noise_0to001_p1_seed3073'],16,per_anchor_mean_then_checkpoint_quantile,5,95.666667,horizon_weighted_stacked_l2_v2,9.047798156738281,true,/opt/workspace/explorer-env/dataset/ag_data/data/world_model/quentinll/lewm-tworooms/ckpt/tworoom_lewm_noise_0to001_p1_seed3073,ok,0.01,0.08,tworoom_lewm_noise_0to001_p1_seed3073,TwoRoom,3073
1.3111834526062012,1.2074334060413774,0.9,onset,96.333333,13.934450149536133,2,LeWM,/opt/workspace/explorer-env/dataset/ag_data/data/world_model/quentinll/lewm-tworooms/ckpt/tworoom_lewm_noise_0to001_p1_seed3073/tworoom_lewm_noise_0to001_p1_seed3073_epoch_10_object.ckpt,['/opt/workspace/explorer-env/dataset/ag_data/data/world_model/quentinll/lewm-tworooms/ckpt/tworoom_lewm_noise_0to001_p1_seed3073'],16,per_anchor_mean_then_checkpoint_quantile,5,95.666667,horizon_weighted_stacked_l2_v2,9.933570861816406,true,/opt/workspace/explorer-env/dataset/ag_data/data/world_model/quentinll/lewm-tworooms/ckpt/tworoom_lewm_noise_0to001_p1_seed3073,ok,0.01,0.08,tworoom_lewm_noise_0to001_p1_seed3073,TwoRoom,3073
1.5675396919250488,1.2074334060413774,0.95,onset,96.333333,13.934450149536133,2,LeWM,/opt/workspace/explorer-env/dataset/ag_data/data/world_model/quentinll/lewm-tworooms/ckpt/tworoom_lewm_noise_0to001_p1_seed3073/tworoom_lewm_noise_0to001_p1_seed3073_epoch_10_object.ckpt,['/opt/workspace/explorer-env/dataset/ag_data/data/world_model/quentinll/lewm-tworooms/ckpt/tworoom_lewm_noise_0to001_p1_seed3073'],16,per_anchor_mean_then_checkpoint_quantile,5,95.666667,horizon_weighted_stacked_l2_v2,11.055148124694824,true,/opt/workspace/explorer-env/dataset/ag_data/data/world_model/quentinll/lewm-tworooms/ckpt/tworoom_lewm_noise_0to001_p1_seed3073,ok,0.01,0.08,tworoom_lewm_noise_0to001_p1_seed3073,TwoRoom,3073
0.7999744415283203,1.2074334060413774,0.8,onset,96.333333,13.202600479125977,4,LeWM,/opt/workspace/explorer-env/dataset/ag_data/data/world_model/quentinll/lewm-tworooms/ckpt/tworoom_lewm_noise_0to001_p1_seed3073/tworoom_lewm_noise_0to001_p1_seed3073_epoch_10_object.ckpt,['/opt/workspace/explorer-env/dataset/ag_data/data/world_model/quentinll/lewm-tworooms/ckpt/tworoom_lewm_noise_0to001_p1_seed3073'],16,per_anchor_mean_then_checkpoint_quantile,5,95.666667,horizon_weighted_stacked_l2_v2,10.276823997497559,true,/opt/workspace/explorer-env/dataset/ag_data/data/world_model/quentinll/lewm-tworooms/ckpt/tworoom_lewm_noise_0to001_p1_seed3073,ok,0.01,0.08,tworoom_lewm_noise_0to001_p1_seed3073,TwoRoom,3073
1.1789134740829468,1.2074334060413774,0.9,onset,96.333333,13.202600479125977,4,LeWM,/opt/workspace/explorer-env/dataset/ag_data/data/world_model/quentinll/lewm-tworooms/ckpt/tworoom_lewm_noise_0to001_p1_seed3073/tworoom_lewm_noise_0to001_p1_seed3073_epoch_10_object.ckpt,['/opt/workspace/explorer-env/dataset/ag_data/data/world_model/quentinll/lewm-tworooms/ckpt/tworoom_lewm_noise_0to001_p1_seed3073'],16,per_anchor_mean_then_checkpoint_quantile,5,95.666667,horizon_weighted_stacked_l2_v2,10.809619903564453,true,/opt/workspace/explorer-env/dataset/ag_data/data/world_model/quentinll/lewm-tworooms/ckpt/tworoom_lewm_noise_0to001_p1_seed3073,ok,0.01,0.08,tworoom_lewm_noise_0to001_p1_seed3073,TwoRoom,3073
1.240689754486084,1.2074334060413774,0.95,onset,96.333333,13.202600479125977,4,LeWM,/opt/workspace/explorer-env/dataset/ag_data/data/world_model/quentinll/lewm-tworooms/ckpt/tworoom_lewm_noise_0to001_p1_seed3073/tworoom_lewm_noise_0to001_p1_seed3073_epoch_10_object.ckpt,['/opt/workspace/explorer-env/dataset/ag_data/data/world_model/quentinll/lewm-tworooms/ckpt/tworoom_lewm_noise_0to001_p1_seed3073'],16,per_anchor_mean_then_checkpoint_quantile,5,95.666667,horizon_weighted_stacked_l2_v2,11.930156707763672,true,/opt/workspace/explorer-env/dataset/ag_data/data/world_model/quentinll/lewm-tworooms/ckpt/tworoom_lewm_noise_0to001_p1_seed3073,ok,0.01,0.08,tworoom_lewm_noise_0to001_p1_seed3073,TwoRoom,3073
0.9667472243309021,1.2074334060413774,0.8,onset,96.333333,12.725601196289062,8,LeWM,/opt/workspace/explorer-env/dataset/ag_data/data/world_model/quentinll/lewm-tworooms/ckpt/tworoom_lewm_noise_0to001_p1_seed3073/tworoom_lewm_noise_0to001_p1_seed3073_epoch_10_object.ckpt,['/opt/workspace/explorer-env/dataset/ag_data/data/world_model/quentinll/lewm-tworooms/ckpt/tworoom_lewm_noise_0to001_p1_seed3073'],16,per_anchor_mean_then_checkpoint_quantile,5,95.666667,horizon_weighted_stacked_l2_v2,10.757031440734863,true,/opt/workspace/explorer-env/dataset/ag_data/data/world_model/quentinll/lewm-tworooms/ckpt/tworoom_lewm_noise_0to001_p1_seed3073,ok,0.01,0.08,tworoom_lewm_noise_0to001_p1_seed3073,TwoRoom,3073
1.0635896921157837,1.2074334060413774,0.9,onset,96.333333,12.725601196289062,8,LeWM,/opt/workspace/explorer-env/dataset/ag_data/data/world_model/quentinll/lewm-tworooms/ckpt/tworoom_lewm_noise_0to001_p1_seed3073/tworoom_lewm_noise_0to001_p1_seed3073_epoch_10_object.ckpt,['/opt/workspace/explorer-env/dataset/ag_data/data/world_model/quentinll/lewm-tworooms/ckpt/tworoom_lewm_noise_0to001_p1_seed3073'],16,per_anchor_mean_then_checkpoint_quantile,5,95.666667,horizon_weighted_stacked_l2_v2,12.395111083984375,true,/opt/workspace/explorer-env/dataset/ag_data/data/world_model/quentinll/lewm-tworooms/ckpt/tworoom_lewm_noise_0to001_p1_seed3073,ok,0.01,0.08,tworoom_lewm_noise_0to001_p1_seed3073,TwoRoom,3073
1.2707287073135376,1.2074334060413774,0.95,onset,96.333333,12.725601196289062,8,LeWM,/opt/workspace/explorer-env/dataset/ag_data/data/world_model/quentinll/lewm-tworooms/ckpt/tworoom_lewm_noise_0to001_p1_seed3073/tworoom_lewm_noise_0to001_p1_seed3073_epoch_10_object.ckpt,['/opt/workspace/explorer-env/dataset/ag_data/data/world_model/quentinll/lewm-tworooms/ckpt/tworoom_lewm_noise_0to001_p1_seed3073'],16,per_anchor_mean_then_checkpoint_quantile,5,95.666667,horizon_weighted_stacked_l2_v2,12.79602336883545,true,/opt/workspace/explorer-env/dataset/ag_data/data/world_model/quentinll/lewm-tworooms/ckpt/tworoom_lewm_noise_0to001_p1_seed3073,ok,0.01,0.08,tworoom_lewm_noise_0to001_p1_seed3073,TwoRoom,3073
0.0697064995765686,0.1321221251210847,0.8,endpoint,97.0,13.877668380737305,1,LeWM,/opt/workspace/explorer-env/dataset/ag_data/data/world_model/quentinll/lewm-tworooms/ckpt/tworoom_lewm_noise_0to008_p1_seed3073/tworoom_lewm_noise_0to008_p1_seed3073_epoch_10_object.ckpt,['/opt/workspace/explorer-env/dataset/ag_data/data/world_model/quentinll/lewm-tworooms/ckpt/tworoom_lewm_noise_0to008_p1_seed3073'],16,per_anchor_mean_then_checkpoint_quantile,5,97.333333,horizon_weighted_stacked_l2_v2,0.876629650592804,true,/opt/workspace/explorer-env/dataset/ag_data/data/world_model/quentinll/lewm-tworooms/ckpt/tworoom_lewm_noise_0to008_p1_seed3073,ok,0.08,0.08,tworoom_lewm_noise_0to008_p1_seed3073,TwoRoom,3073
0.11948943138122559,0.1321221251210847,0.9,endpoint,97.0,13.877668380737305,1,LeWM,/opt/workspace/explorer-env/dataset/ag_data/data/world_model/quentinll/lewm-tworooms/ckpt/tworoom_lewm_noise_0to008_p1_seed3073/tworoom_lewm_noise_0to008_p1_seed3073_epoch_10_object.ckpt,['/opt/workspace/explorer-env/dataset/ag_data/data/world_model/quentinll/lewm-tworooms/ckpt/tworoom_lewm_noise_0to008_p1_seed3073'],16,per_anchor_mean_then_checkpoint_quantile,5,97.333333,horizon_weighted_stacked_l2_v2,1.0726373195648193,true,/opt/workspace/explorer-env/dataset/ag_data/data/world_model/quentinll/lewm-tworooms/ckpt/tworoom_lewm_noise_0to008_p1_seed3073,ok,0.08,0.08,tworoom_lewm_noise_0to008_p1_seed3073,TwoRoom,3073
0.1795186996459961,0.1321221251210847,0.95,endpoint,97.0,13.877668380737305,1,LeWM,/opt/workspace/explorer-env/dataset/ag_data/data/world_model/quentinll/lewm-tworooms/ckpt/tworoom_lewm_noise_0to008_p1_seed3073/tworoom_lewm_noise_0to008_p1_seed3073_epoch_10_object.ckpt,['/opt/workspace/explorer-env/dataset/ag_data/data/world_model/quentinll/lewm-tworooms/ckpt/tworoom_lewm_noise_0to008_p1_seed3073'],16,per_anchor_mean_then_checkpoint_quantile,5,97.333333,horizon_weighted_stacked_l2_v2,1.1208879947662354,true,/opt/workspace/explorer-env/dataset/ag_data/data/world_model/quentinll/lewm-tworooms/ckpt/tworoom_lewm_noise_0to008_p1_seed3073,ok,0.08,0.08,tworoom_lewm_noise_0to008_p1_seed3073,TwoRoom,3073
0.06932496279478073,0.1321221251210847,0.8,endpoint,97.0,12.953408241271973,2,LeWM,/opt/workspace/explorer-env/dataset/ag_data/data/world_model/quentinll/lewm-tworooms/ckpt/tworoom_lewm_noise_0to008_p1_seed3073/tworoom_lewm_noise_0to008_p1_seed3073_epoch_10_object.ckpt,['/opt/workspace/explorer-env/dataset/ag_data/data/world_model/quentinll/lewm-tworooms/ckpt/tworoom_lewm_noise_0to008_p1_seed3073'],16,per_anchor_mean_then_checkpoint_quantile,5,97.333333,horizon_weighted_stacked_l2_v2,1.0165427923202515,true,/opt/workspace/explorer-env/dataset/ag_data/data/world_model/quentinll/lewm-tworooms/ckpt/tworoom_lewm_noise_0to008_p1_seed3073,ok,0.08,0.08,tworoom_lewm_noise_0to008_p1_seed3073,TwoRoom,3073
0.08732888847589493,0.1321221251210847,0.9,endpoint,97.0,12.953408241271973,2,LeWM,/opt/workspace/explorer-env/dataset/ag_data/data/world_model/quentinll/lewm-tworooms/ckpt/tworoom_lewm_noise_0to008_p1_seed3073/tworoom_lewm_noise_0to008_p1_seed3073_epoch_10_object.ckpt,['/opt/workspace/explorer-env/dataset/ag_data/data/world_model/quentinll/lewm-tworooms/ckpt/tworoom_lewm_noise_0to008_p1_seed3073'],16,per_anchor_mean_then_checkpoint_quantile,5,97.333333,horizon_weighted_stacked_l2_v2,1.0838161706924438,true,/opt/workspace/explorer-env/dataset/ag_data/data/world_model/quentinll/lewm-tworooms/ckpt/tworoom_lewm_noise_0to008_p1_seed3073,ok,0.08,0.08,tworoom_lewm_noise_0to008_p1_seed3073,TwoRoom,3073
0.11692021042108536,0.1321221251210847,0.95,endpoint,97.0,12.953408241271973,2,LeWM,/opt/workspace/explorer-env/dataset/ag_data/data/world_model/quentinll/lewm-tworooms/ckpt/tworoom_lewm_noise_0to008_p1_seed3073/tworoom_lewm_noise_0to008_p1_seed3073_epoch_10_object.ckpt,['/opt/workspace/explorer-env/dataset/ag_data/data/world_model/quentinll/lewm-tworooms/ckpt/tworoom_lewm_noise_0to008_p1_seed3073'],16,per_anchor_mean_then_checkpoint_quantile,5,97.333333,horizon_weighted_stacked_l2_v2,1.1331112384796143,true,/opt/workspace/explorer-env/dataset/ag_data/data/world_model/quentinll/lewm-tworooms/ckpt/tworoom_lewm_noise_0to008_p1_seed3073,ok,0.08,0.08,tworoom_lewm_noise_0to008_p1_seed3073,TwoRoom,3073
0.07854471355676651,0.1321221251210847,0.8,endpoint,97.0,11.013101577758789,4,LeWM,/opt/workspace/explorer-env/dataset/ag_data/data/world_model/quentinll/lewm-tworooms/ckpt/tworoom_lewm_noise_0to008_p1_seed3073/tworoom_lewm_noise_0to008_p1_seed3073_epoch_10_object.ckpt,['/opt/workspace/explorer-env/dataset/ag_data/data/world_model/quentinll/lewm-tworooms/ckpt/tworoom_lewm_noise_0to008_p1_seed3073'],16,per_anchor_mean_then_checkpoint_quantile,5,97.333333,horizon_weighted_stacked_l2_v2,1.0966060161590576,true,/opt/workspace/explorer-env/dataset/ag_data/data/world_model/quentinll/lewm-tworooms/ckpt/tworoom_lewm_noise_0to008_p1_seed3073,ok,0.08,0.08,tworoom_lewm_noise_0to008_p1_seed3073,TwoRoom,3073
0.10891662538051605,0.1321221251210847,0.9,endpoint,97.0,11.013101577758789,4,LeWM,/opt/workspace/explorer-env/dataset/ag_data/data/world_model/quentinll/lewm-tworooms/ckpt/tworoom_lewm_noise_0to008_p1_seed3073/tworoom_lewm_noise_0to008_p1_seed3073_epoch_10_object.ckpt,['/opt/workspace/explorer-env/dataset/ag_data/data/world_model/quentinll/lewm-tworooms/ckpt/tworoom_lewm_noise_0to008_p1_seed3073'],16,per_anchor_mean_then_checkpoint_quantile,5,97.333333,horizon_weighted_stacked_l2_v2,1.136800765991211,true,/opt/workspace/explorer-env/dataset/ag_data/data/world_model/quentinll/lewm-tworooms/ckpt/tworoom_lewm_noise_0to008_p1_seed3073,ok,0.08,0.08,tworoom_lewm_noise_0to008_p1_seed3073,TwoRoom,3073
0.13924887776374817,0.1321221251210847,0.95,endpoint,97.0,11.013101577758789,4,LeWM,/opt/workspace/explorer-env/dataset/ag_data/data/world_model/quentinll/lewm-tworooms/ckpt/tworoom_lewm_noise_0to008_p1_seed3073/tworoom_lewm_noise_0to008_p1_seed3073_epoch_10_object.ckpt,['/opt/workspace/explorer-env/dataset/ag_data/data/world_model/quentinll/lewm-tworooms/ckpt/tworoom_lewm_noise_0to008_p1_seed3073'],16,per_anchor_mean_then_checkpoint_quantile,5,97.333333,horizon_weighted_stacked_l2_v2,1.4981642961502075,true,/opt/workspace/explorer-env/dataset/ag_data/data/world_model/quentinll/lewm-tworooms/ckpt/tworoom_lewm_noise_0to008_p1_seed3073,ok,0.08,0.08,tworoom_lewm_noise_0to008_p1_seed3073,TwoRoom,3073
0.0896875187754631,0.1321221251210847,0.8,endpoint,97.0,11.142522811889648,8,LeWM,/opt/workspace/explorer-env/dataset/ag_data/data/world_model/quentinll/lewm-tworooms/ckpt/tworoom_lewm_noise_0to008_p1_seed3073/tworoom_lewm_noise_0to008_p1_seed3073_epoch_10_object.ckpt,['/opt/workspace/explorer-env/dataset/ag_data/data/world_model/quentinll/lewm-tworooms/ckpt/tworoom_lewm_noise_0to008_p1_seed3073'],16,per_anchor_mean_then_checkpoint_quantile,5,97.333333,horizon_weighted_stacked_l2_v2,1.0741318464279175,true,/opt/workspace/explorer-env/dataset/ag_data/data/world_model/quentinll/lewm-tworooms/ckpt/tworoom_lewm_noise_0to008_p1_seed3073,ok,0.08,0.08,tworoom_lewm_noise_0to008_p1_seed3073,TwoRoom,3073
0.1041925698518753,0.1321221251210847,0.9,endpoint,97.0,11.142522811889648,8,LeWM,/opt/workspace/explorer-env/dataset/ag_data/data/world_model/quentinll/lewm-tworooms/ckpt/tworoom_lewm_noise_0to008_p1_seed3073/tworoom_lewm_noise_0to008_p1_seed3073_epoch_10_object.ckpt,['/opt/workspace/explorer-env/dataset/ag_data/data/world_model/quentinll/lewm-tworooms/ckpt/tworoom_lewm_noise_0to008_p1_seed3073'],16,per_anchor_mean_then_checkpoint_quantile,5,97.333333,horizon_weighted_stacked_l2_v2,1.2420263290405273,true,/opt/workspace/explorer-env/dataset/ag_data/data/world_model/quentinll/lewm-tworooms/ckpt/tworoom_lewm_noise_0to008_p1_seed3073,ok,0.08,0.08,tworoom_lewm_noise_0to008_p1_seed3073,TwoRoom,3073
0.20501767098903656,0.1321221251210847,0.95,endpoint,97.0,11.142522811889648,8,LeWM,/opt/workspace/explorer-env/dataset/ag_data/data/world_model/quentinll/lewm-tworooms/ckpt/tworoom_lewm_noise_0to008_p1_seed3073/tworoom_lewm_noise_0to008_p1_seed3073_epoch_10_object.ckpt,['/opt/workspace/explorer-env/dataset/ag_data/data/world_model/quentinll/lewm-tworooms/ckpt/tworoom_lewm_noise_0to008_p1_seed3073'],16,per_anchor_mean_then_checkpoint_quantile,5,97.333333,horizon_weighted_stacked_l2_v2,2.6915440559387207,true,/opt/workspace/explorer-env/dataset/ag_data/data/world_model/quentinll/lewm-tworooms/ckpt/tworoom_lewm_noise_0to008_p1_seed3073,ok,0.08,0.08,tworoom_lewm_noise_0to008_p1_seed3073,TwoRoom,3073
1.3446485996246338,1.4947153046014692,0.8,base,95.666667,14.658184051513672,1,LeWM,/opt/workspace/explorer-env/dataset/ag_data/data/world_model/quentinll/lewm-tworooms/ckpt/tworoom_lewm_baseline_seed3074/tworoom_lewm_baseline_seed3074_epoch_10_object.ckpt,['/opt/workspace/explorer-env/dataset/ag_data/data/world_model/quentinll/lewm-tworooms/ckpt/tworoom_lewm_baseline_seed3074'],16,per_anchor_mean_then_checkpoint_quantile,5,69.0,horizon_weighted_stacked_l2_v2,16.93982696533203,false,/opt/workspace/explorer-env/dataset/ag_data/data/world_model/quentinll/lewm-tworooms/ckpt/tworoom_lewm_baseline_seed3074,ok,0.00,0.08,tworoom_lewm_baseline_seed3074,TwoRoom,3074
1.5113089084625244,1.4947153046014692,0.9,base,95.666667,14.658184051513672,1,LeWM,/opt/workspace/explorer-env/dataset/ag_data/data/world_model/quentinll/lewm-tworooms/ckpt/tworoom_lewm_baseline_seed3074/tworoom_lewm_baseline_seed3074_epoch_10_object.ckpt,['/opt/workspace/explorer-env/dataset/ag_data/data/world_model/quentinll/lewm-tworooms/ckpt/tworoom_lewm_baseline_seed3074'],16,per_anchor_mean_then_checkpoint_quantile,5,69.0,horizon_weighted_stacked_l2_v2,17.906291961669922,false,/opt/workspace/explorer-env/dataset/ag_data/data/world_model/quentinll/lewm-tworooms/ckpt/tworoom_lewm_baseline_seed3074,ok,0.00,0.08,tworoom_lewm_baseline_seed3074,TwoRoom,3074
1.7129383087158203,1.4947153046014692,0.95,base,95.666667,14.658184051513672,1,LeWM,/opt/workspace/explorer-env/dataset/ag_data/data/world_model/quentinll/lewm-tworooms/ckpt/tworoom_lewm_baseline_seed3074/tworoom_lewm_baseline_seed3074_epoch_10_object.ckpt,['/opt/workspace/explorer-env/dataset/ag_data/data/world_model/quentinll/lewm-tworooms/ckpt/tworoom_lewm_baseline_seed3074'],16,per_anchor_mean_then_checkpoint_quantile,5,69.0,horizon_weighted_stacked_l2_v2,18.490276336669922,false,/opt/workspace/explorer-env/dataset/ag_data/data/world_model/quentinll/lewm-tworooms/ckpt/tworoom_lewm_baseline_seed3074,ok,0.00,0.08,tworoom_lewm_baseline_seed3074,TwoRoom,3074
1.2573410272598267,1.4947153046014692,0.8,base,95.666667,14.640817642211914,2,LeWM,/opt/workspace/explorer-env/dataset/ag_data/data/world_model/quentinll/lewm-tworooms/ckpt/tworoom_lewm_baseline_seed3074/tworoom_lewm_baseline_seed3074_epoch_10_object.ckpt,['/opt/workspace/explorer-env/dataset/ag_data/data/world_model/quentinll/lewm-tworooms/ckpt/tworoom_lewm_baseline_seed3074'],16,per_anchor_mean_then_checkpoint_quantile,5,69.0,horizon_weighted_stacked_l2_v2,16.8277645111084,false,/opt/workspace/explorer-env/dataset/ag_data/data/world_model/quentinll/lewm-tworooms/ckpt/tworoom_lewm_baseline_seed3074,ok,0.00,0.08,tworoom_lewm_baseline_seed3074,TwoRoom,3074
1.3121211528778076,1.4947153046014692,0.9,base,95.666667,14.640817642211914,2,LeWM,/opt/workspace/explorer-env/dataset/ag_data/data/world_model/quentinll/lewm-tworooms/ckpt/tworoom_lewm_baseline_seed3074/tworoom_lewm_baseline_seed3074_epoch_10_object.ckpt,['/opt/workspace/explorer-env/dataset/ag_data/data/world_model/quentinll/lewm-tworooms/ckpt/tworoom_lewm_baseline_seed3074'],16,per_anchor_mean_then_checkpoint_quantile,5,69.0,horizon_weighted_stacked_l2_v2,18.14818572998047,false,/opt/workspace/explorer-env/dataset/ag_data/data/world_model/quentinll/lewm-tworooms/ckpt/tworoom_lewm_baseline_seed3074,ok,0.00,0.08,tworoom_lewm_baseline_seed3074,TwoRoom,3074
1.3169829845428467,1.4947153046014692,0.95,base,95.666667,14.640817642211914,2,LeWM,/opt/workspace/explorer-env/dataset/ag_data/data/world_model/quentinll/lewm-tworooms/ckpt/tworoom_lewm_baseline_seed3074/tworoom_lewm_baseline_seed3074_epoch_10_object.ckpt,['/opt/workspace/explorer-env/dataset/ag_data/data/world_model/quentinll/lewm-tworooms/ckpt/tworoom_lewm_baseline_seed3074'],16,per_anchor_mean_then_checkpoint_quantile,5,69.0,horizon_weighted_stacked_l2_v2,18.694332122802734,false,/opt/workspace/explorer-env/dataset/ag_data/data/world_model/quentinll/lewm-tworooms/ckpt/tworoom_lewm_baseline_seed3074,ok,0.00,0.08,tworoom_lewm_baseline_seed3074,TwoRoom,3074
1.450109839439392,1.4947153046014692,0.8,base,95.666667,15.01717758178711,4,LeWM,/opt/workspace/explorer-env/dataset/ag_data/data/world_model/quentinll/lewm-tworooms/ckpt/tworoom_lewm_baseline_seed3074/tworoom_lewm_baseline_seed3074_epoch_10_object.ckpt,['/opt/workspace/explorer-env/dataset/ag_data/data/world_model/quentinll/lewm-tworooms/ckpt/tworoom_lewm_baseline_seed3074'],16,per_anchor_mean_then_checkpoint_quantile,5,69.0,horizon_weighted_stacked_l2_v2,17.655344009399414,false,/opt/workspace/explorer-env/dataset/ag_data/data/world_model/quentinll/lewm-tworooms/ckpt/tworoom_lewm_baseline_seed3074,ok,0.00,0.08,tworoom_lewm_baseline_seed3074,TwoRoom,3074
1.903300404548645,1.4947153046014692,0.9,base,95.666667,15.01717758178711,4,LeWM,/opt/workspace/explorer-env/dataset/ag_data/data/world_model/quentinll/lewm-tworooms/ckpt/tworoom_lewm_baseline_seed3074/tworoom_lewm_baseline_seed3074_epoch_10_object.ckpt,['/opt/workspace/explorer-env/dataset/ag_data/data/world_model/quentinll/lewm-tworooms/ckpt/tworoom_lewm_baseline_seed3074'],16,per_anchor_mean_then_checkpoint_quantile,5,69.0,horizon_weighted_stacked_l2_v2,19.03388214111328,false,/opt/workspace/explorer-env/dataset/ag_data/data/world_model/quentinll/lewm-tworooms/ckpt/tworoom_lewm_baseline_seed3074,ok,0.00,0.08,tworoom_lewm_baseline_seed3074,TwoRoom,3074
2.042114734649658,1.4947153046014692,0.95,base,95.666667,15.01717758178711,4,LeWM,/opt/workspace/explorer-env/dataset/ag_data/data/world_model/quentinll/lewm-tworooms/ckpt/tworoom_lewm_baseline_seed3074/tworoom_lewm_baseline_seed3074_epoch_10_object.ckpt,['/opt/workspace/explorer-env/dataset/ag_data/data/world_model/quentinll/lewm-tworooms/ckpt/tworoom_lewm_baseline_seed3074'],16,per_anchor_mean_then_checkpoint_quantile,5,69.0,horizon_weighted_stacked_l2_v2,19.592086791992188,false,/opt/workspace/explorer-env/dataset/ag_data/data/world_model/quentinll/lewm-tworooms/ckpt/tworoom_lewm_baseline_seed3074,ok,0.00,0.08,tworoom_lewm_baseline_seed3074,TwoRoom,3074
1.2466636896133423,1.4947153046014692,0.8,base,95.666667,14.966541290283203,8,LeWM,/opt/workspace/explorer-env/dataset/ag_data/data/world_model/quentinll/lewm-tworooms/ckpt/tworoom_lewm_baseline_seed3074/tworoom_lewm_baseline_seed3074_epoch_10_object.ckpt,['/opt/workspace/explorer-env/dataset/ag_data/data/world_model/quentinll/lewm-tworooms/ckpt/tworoom_lewm_baseline_seed3074'],16,per_anchor_mean_then_checkpoint_quantile,5,69.0,horizon_weighted_stacked_l2_v2,17.773183822631836,false,/opt/workspace/explorer-env/dataset/ag_data/data/world_model/quentinll/lewm-tworooms/ckpt/tworoom_lewm_baseline_seed3074,ok,0.00,0.08,tworoom_lewm_baseline_seed3074,TwoRoom,3074
1.3766725063323975,1.4947153046014692,0.9,base,95.666667,14.966541290283203,8,LeWM,/opt/workspace/explorer-env/dataset/ag_data/data/world_model/quentinll/lewm-tworooms/ckpt/tworoom_lewm_baseline_seed3074/tworoom_lewm_baseline_seed3074_epoch_10_object.ckpt,['/opt/workspace/explorer-env/dataset/ag_data/data/world_model/quentinll/lewm-tworooms/ckpt/tworoom_lewm_baseline_seed3074'],16,per_anchor_mean_then_checkpoint_quantile,5,69.0,horizon_weighted_stacked_l2_v2,19.11416244506836,false,/opt/workspace/explorer-env/dataset/ag_data/data/world_model/quentinll/lewm-tworooms/ckpt/tworoom_lewm_baseline_seed3074,ok,0.00,0.08,tworoom_lewm_baseline_seed3074,TwoRoom,3074
1.5982325077056885,1.4947153046014692,0.95,base,95.666667,14.966541290283203,8,LeWM,/opt/workspace/explorer-env/dataset/ag_data/data/world_model/quentinll/lewm-tworooms/ckpt/tworoom_lewm_baseline_seed3074/tworoom_lewm_baseline_seed3074_epoch_10_object.ckpt,['/opt/workspace/explorer-env/dataset/ag_data/data/world_model/quentinll/lewm-tworooms/ckpt/tworoom_lewm_baseline_seed3074'],16,per_anchor_mean_then_checkpoint_quantile,5,69.0,horizon_weighted_stacked_l2_v2,19.721677780151367,false,/opt/workspace/explorer-env/dataset/ag_data/data/world_model/quentinll/lewm-tworooms/ckpt/tworoom_lewm_baseline_seed3074,ok,0.00,0.08,tworoom_lewm_baseline_seed3074,TwoRoom,3074
0.31493744254112244,0.527574942818781,0.8,onset,97.333333,15.074195861816406,1,LeWM,/opt/workspace/explorer-env/dataset/ag_data/data/world_model/quentinll/lewm-tworooms/ckpt/tworoom_lewm_noise_0to002_p1_seed3074/tworoom_lewm_noise_0to002_p1_seed3074_epoch_10_object.ckpt,['/opt/workspace/explorer-env/dataset/ag_data/data/world_model/quentinll/lewm-tworooms/ckpt/tworoom_lewm_noise_0to002_p1_seed3074'],16,per_anchor_mean_then_checkpoint_quantile,5,97.666667,horizon_weighted_stacked_l2_v2,4.097301483154297,true,/opt/workspace/explorer-env/dataset/ag_data/data/world_model/quentinll/lewm-tworooms/ckpt/tworoom_lewm_noise_0to002_p1_seed3074,ok,0.02,0.08,tworoom_lewm_noise_0to002_p1_seed3074,TwoRoom,3074
0.3731379806995392,0.527574942818781,0.9,onset,97.333333,15.074195861816406,1,LeWM,/opt/workspace/explorer-env/dataset/ag_data/data/world_model/quentinll/lewm-tworooms/ckpt/tworoom_lewm_noise_0to002_p1_seed3074/tworoom_lewm_noise_0to002_p1_seed3074_epoch_10_object.ckpt,['/opt/workspace/explorer-env/dataset/ag_data/data/world_model/quentinll/lewm-tworooms/ckpt/tworoom_lewm_noise_0to002_p1_seed3074'],16,per_anchor_mean_then_checkpoint_quantile,5,97.666667,horizon_weighted_stacked_l2_v2,4.338338851928711,true,/opt/workspace/explorer-env/dataset/ag_data/data/world_model/quentinll/lewm-tworooms/ckpt/tworoom_lewm_noise_0to002_p1_seed3074,ok,0.02,0.08,tworoom_lewm_noise_0to002_p1_seed3074,TwoRoom,3074
0.4338294565677643,0.527574942818781,0.95,onset,97.333333,15.074195861816406,1,LeWM,/opt/workspace/explorer-env/dataset/ag_data/data/world_model/quentinll/lewm-tworooms/ckpt/tworoom_lewm_noise_0to002_p1_seed3074/tworoom_lewm_noise_0to002_p1_seed3074_epoch_10_object.ckpt,['/opt/workspace/explorer-env/dataset/ag_data/data/world_model/quentinll/lewm-tworooms/ckpt/tworoom_lewm_noise_0to002_p1_seed3074'],16,per_anchor_mean_then_checkpoint_quantile,5,97.666667,horizon_weighted_stacked_l2_v2,4.383307456970215,true,/opt/workspace/explorer-env/dataset/ag_data/data/world_model/quentinll/lewm-tworooms/ckpt/tworoom_lewm_noise_0to002_p1_seed3074,ok,0.02,0.08,tworoom_lewm_noise_0to002_p1_seed3074,TwoRoom,3074
0.297330766916275,0.527574942818781,0.8,onset,97.333333,14.466747283935547,2,LeWM,/opt/workspace/explorer-env/dataset/ag_data/data/world_model/quentinll/lewm-tworooms/ckpt/tworoom_lewm_noise_0to002_p1_seed3074/tworoom_lewm_noise_0to002_p1_seed3074_epoch_10_object.ckpt,['/opt/workspace/explorer-env/dataset/ag_data/data/world_model/quentinll/lewm-tworooms/ckpt/tworoom_lewm_noise_0to002_p1_seed3074'],16,per_anchor_mean_then_checkpoint_quantile,5,97.666667,horizon_weighted_stacked_l2_v2,4.036715507507324,true,/opt/workspace/explorer-env/dataset/ag_data/data/world_model/quentinll/lewm-tworooms/ckpt/tworoom_lewm_noise_0to002_p1_seed3074,ok,0.02,0.08,tworoom_lewm_noise_0to002_p1_seed3074,TwoRoom,3074
0.32048991322517395,0.527574942818781,0.9,onset,97.333333,14.466747283935547,2,LeWM,/opt/workspace/explorer-env/dataset/ag_data/data/world_model/quentinll/lewm-tworooms/ckpt/tworoom_lewm_noise_0to002_p1_seed3074/tworoom_lewm_noise_0to002_p1_seed3074_epoch_10_object.ckpt,['/opt/workspace/explorer-env/dataset/ag_data/data/world_model/quentinll/lewm-tworooms/ckpt/tworoom_lewm_noise_0to002_p1_seed3074'],16,per_anchor_mean_then_checkpoint_quantile,5,97.666667,horizon_weighted_stacked_l2_v2,4.276646614074707,true,/opt/workspace/explorer-env/dataset/ag_data/data/world_model/quentinll/lewm-tworooms/ckpt/tworoom_lewm_noise_0to002_p1_seed3074,ok,0.02,0.08,tworoom_lewm_noise_0to002_p1_seed3074,TwoRoom,3074
0.325806200504303,0.527574942818781,0.95,onset,97.333333,14.466747283935547,2,LeWM,/opt/workspace/explorer-env/dataset/ag_data/data/world_model/quentinll/lewm-tworooms/ckpt/tworoom_lewm_noise_0to002_p1_seed3074/tworoom_lewm_noise_0to002_p1_seed3074_epoch_10_object.ckpt,['/opt/workspace/explorer-env/dataset/ag_data/data/world_model/quentinll/lewm-tworooms/ckpt/tworoom_lewm_noise_0to002_p1_seed3074'],16,per_anchor_mean_then_checkpoint_quantile,5,97.666667,horizon_weighted_stacked_l2_v2,4.81448221206665,true,/opt/workspace/explorer-env/dataset/ag_data/data/world_model/quentinll/lewm-tworooms/ckpt/tworoom_lewm_noise_0to002_p1_seed3074,ok,0.02,0.08,tworoom_lewm_noise_0to002_p1_seed3074,TwoRoom,3074
0.34766802191734314,0.527574942818781,0.8,onset,97.333333,13.714285850524902,4,LeWM,/opt/workspace/explorer-env/dataset/ag_data/data/world_model/quentinll/lewm-tworooms/ckpt/tworoom_lewm_noise_0to002_p1_seed3074/tworoom_lewm_noise_0to002_p1_seed3074_epoch_10_object.ckpt,['/opt/workspace/explorer-env/dataset/ag_data/data/world_model/quentinll/lewm-tworooms/ckpt/tworoom_lewm_noise_0to002_p1_seed3074'],16,per_anchor_mean_then_checkpoint_quantile,5,97.666667,horizon_weighted_stacked_l2_v2,4.546077251434326,true,/opt/workspace/explorer-env/dataset/ag_data/data/world_model/quentinll/lewm-tworooms/ckpt/tworoom_lewm_noise_0to002_p1_seed3074,ok,0.02,0.08,tworoom_lewm_noise_0to002_p1_seed3074,TwoRoom,3074
0.39227157831192017,0.527574942818781,0.9,onset,97.333333,13.714285850524902,4,LeWM,/opt/workspace/explorer-env/dataset/ag_data/data/world_model/quentinll/lewm-tworooms/ckpt/tworoom_lewm_noise_0to002_p1_seed3074/tworoom_lewm_noise_0to002_p1_seed3074_epoch_10_object.ckpt,['/opt/workspace/explorer-env/dataset/ag_data/data/world_model/quentinll/lewm-tworooms/ckpt/tworoom_lewm_noise_0to002_p1_seed3074'],16,per_anchor_mean_then_checkpoint_quantile,5,97.666667,horizon_weighted_stacked_l2_v2,5.087831974029541,true,/opt/workspace/explorer-env/dataset/ag_data/data/world_model/quentinll/lewm-tworooms/ckpt/tworoom_lewm_noise_0to002_p1_seed3074,ok,0.02,0.08,tworoom_lewm_noise_0to002_p1_seed3074,TwoRoom,3074
0.45061227679252625,0.527574942818781,0.95,onset,97.333333,13.714285850524902,4,LeWM,/opt/workspace/explorer-env/dataset/ag_data/data/world_model/quentinll/lewm-tworooms/ckpt/tworoom_lewm_noise_0to002_p1_seed3074/tworoom_lewm_noise_0to002_p1_seed3074_epoch_10_object.ckpt,['/opt/workspace/explorer-env/dataset/ag_data/data/world_model/quentinll/lewm-tworooms/ckpt/tworoom_lewm_noise_0to002_p1_seed3074'],16,per_anchor_mean_then_checkpoint_quantile,5,97.666667,horizon_weighted_stacked_l2_v2,5.5529069900512695,true,/opt/workspace/explorer-env/dataset/ag_data/data/world_model/quentinll/lewm-tworooms/ckpt/tworoom_lewm_noise_0to002_p1_seed3074,ok,0.02,0.08,tworoom_lewm_noise_0to002_p1_seed3074,TwoRoom,3074
0.3561318516731262,0.527574942818781,0.8,onset,97.333333,15.09442138671875,8,LeWM,/opt/workspace/explorer-env/dataset/ag_data/data/world_model/quentinll/lewm-tworooms/ckpt/tworoom_lewm_noise_0to002_p1_seed3074/tworoom_lewm_noise_0to002_p1_seed3074_epoch_10_object.ckpt,['/opt/workspace/explorer-env/dataset/ag_data/data/world_model/quentinll/lewm-tworooms/ckpt/tworoom_lewm_noise_0to002_p1_seed3074'],16,per_anchor_mean_then_checkpoint_quantile,5,97.666667,horizon_weighted_stacked_l2_v2,5.307727336883545,true,/opt/workspace/explorer-env/dataset/ag_data/data/world_model/quentinll/lewm-tworooms/ckpt/tworoom_lewm_noise_0to002_p1_seed3074,ok,0.02,0.08,tworoom_lewm_noise_0to002_p1_seed3074,TwoRoom,3074
0.4076627790927887,0.527574942818781,0.9,onset,97.333333,15.09442138671875,8,LeWM,/opt/workspace/explorer-env/dataset/ag_data/data/world_model/quentinll/lewm-tworooms/ckpt/tworoom_lewm_noise_0to002_p1_seed3074/tworoom_lewm_noise_0to002_p1_seed3074_epoch_10_object.ckpt,['/opt/workspace/explorer-env/dataset/ag_data/data/world_model/quentinll/lewm-tworooms/ckpt/tworoom_lewm_noise_0to002_p1_seed3074'],16,per_anchor_mean_then_checkpoint_quantile,5,97.666667,horizon_weighted_stacked_l2_v2,6.759047508239746,true,/opt/workspace/explorer-env/dataset/ag_data/data/world_model/quentinll/lewm-tworooms/ckpt/tworoom_lewm_noise_0to002_p1_seed3074,ok,0.02,0.08,tworoom_lewm_noise_0to002_p1_seed3074,TwoRoom,3074
0.4627838134765625,0.527574942818781,0.95,onset,97.333333,15.09442138671875,8,LeWM,/opt/workspace/explorer-env/dataset/ag_data/data/world_model/quentinll/lewm-tworooms/ckpt/tworoom_lewm_noise_0to002_p1_seed3074/tworoom_lewm_noise_0to002_p1_seed3074_epoch_10_object.ckpt,['/opt/workspace/explorer-env/dataset/ag_data/data/world_model/quentinll/lewm-tworooms/ckpt/tworoom_lewm_noise_0to002_p1_seed3074'],16,per_anchor_mean_then_checkpoint_quantile,5,97.666667,horizon_weighted_stacked_l2_v2,7.528963565826416,true,/opt/workspace/explorer-env/dataset/ag_data/data/world_model/quentinll/lewm-tworooms/ckpt/tworoom_lewm_noise_0to002_p1_seed3074,ok,0.02,0.08,tworoom_lewm_noise_0to002_p1_seed3074,TwoRoom,3074
0.07302285730838776,0.1080286071798046,0.8,endpoint,96.333333,11.938495635986328,1,LeWM,/opt/workspace/explorer-env/dataset/ag_data/data/world_model/quentinll/lewm-tworooms/ckpt/tworoom_lewm_noise_0to008_p1_seed3074/tworoom_lewm_noise_0to008_p1_seed3074_epoch_10_object.ckpt,['/opt/workspace/explorer-env/dataset/ag_data/data/world_model/quentinll/lewm-tworooms/ckpt/tworoom_lewm_noise_0to008_p1_seed3074'],16,per_anchor_mean_then_checkpoint_quantile,5,96.333333,horizon_weighted_stacked_l2_v2,0.7960635423660278,true,/opt/workspace/explorer-env/dataset/ag_data/data/world_model/quentinll/lewm-tworooms/ckpt/tworoom_lewm_noise_0to008_p1_seed3074,ok,0.08,0.08,tworoom_lewm_noise_0to008_p1_seed3074,TwoRoom,3074
0.08426947891712189,0.1080286071798046,0.9,endpoint,96.333333,11.938495635986328,1,LeWM,/opt/workspace/explorer-env/dataset/ag_data/data/world_model/quentinll/lewm-tworooms/ckpt/tworoom_lewm_noise_0to008_p1_seed3074/tworoom_lewm_noise_0to008_p1_seed3074_epoch_10_object.ckpt,['/opt/workspace/explorer-env/dataset/ag_data/data/world_model/quentinll/lewm-tworooms/ckpt/tworoom_lewm_noise_0to008_p1_seed3074'],16,per_anchor_mean_then_checkpoint_quantile,5,96.333333,horizon_weighted_stacked_l2_v2,0.8779593706130981,true,/opt/workspace/explorer-env/dataset/ag_data/data/world_model/quentinll/lewm-tworooms/ckpt/tworoom_lewm_noise_0to008_p1_seed3074,ok,0.08,0.08,tworoom_lewm_noise_0to008_p1_seed3074,TwoRoom,3074
0.09084053337574005,0.1080286071798046,0.95,endpoint,96.333333,11.938495635986328,1,LeWM,/opt/workspace/explorer-env/dataset/ag_data/data/world_model/quentinll/lewm-tworooms/ckpt/tworoom_lewm_noise_0to008_p1_seed3074/tworoom_lewm_noise_0to008_p1_seed3074_epoch_10_object.ckpt,['/opt/workspace/explorer-env/dataset/ag_data/data/world_model/quentinll/lewm-tworooms/ckpt/tworoom_lewm_noise_0to008_p1_seed3074'],16,per_anchor_mean_then_checkpoint_quantile,5,96.333333,horizon_weighted_stacked_l2_v2,0.9571383595466614,true,/opt/workspace/explorer-env/dataset/ag_data/data/world_model/quentinll/lewm-tworooms/ckpt/tworoom_lewm_noise_0to008_p1_seed3074,ok,0.08,0.08,tworoom_lewm_noise_0to008_p1_seed3074,TwoRoom,3074
0.060116078704595566,0.1080286071798046,0.8,endpoint,96.333333,12.752412796020508,2,LeWM,/opt/workspace/explorer-env/dataset/ag_data/data/world_model/quentinll/lewm-tworooms/ckpt/tworoom_lewm_noise_0to008_p1_seed3074/tworoom_lewm_noise_0to008_p1_seed3074_epoch_10_object.ckpt,['/opt/workspace/explorer-env/dataset/ag_data/data/world_model/quentinll/lewm-tworooms/ckpt/tworoom_lewm_noise_0to008_p1_seed3074'],16,per_anchor_mean_then_checkpoint_quantile,5,96.333333,horizon_weighted_stacked_l2_v2,0.7722693681716919,true,/opt/workspace/explorer-env/dataset/ag_data/data/world_model/quentinll/lewm-tworooms/ckpt/tworoom_lewm_noise_0to008_p1_seed3074,ok,0.08,0.08,tworoom_lewm_noise_0to008_p1_seed3074,TwoRoom,3074
0.06841365247964859,0.1080286071798046,0.9,endpoint,96.333333,12.752412796020508,2,LeWM,/opt/workspace/explorer-env/dataset/ag_data/data/world_model/quentinll/lewm-tworooms/ckpt/tworoom_lewm_noise_0to008_p1_seed3074/tworoom_lewm_noise_0to008_p1_seed3074_epoch_10_object.ckpt,['/opt/workspace/explorer-env/dataset/ag_data/data/world_model/quentinll/lewm-tworooms/ckpt/tworoom_lewm_noise_0to008_p1_seed3074'],16,per_anchor_mean_then_checkpoint_quantile,5,96.333333,horizon_weighted_stacked_l2_v2,0.838227391242981,true,/opt/workspace/explorer-env/dataset/ag_data/data/world_model/quentinll/lewm-tworooms/ckpt/tworoom_lewm_noise_0to008_p1_seed3074,ok,0.08,0.08,tworoom_lewm_noise_0to008_p1_seed3074,TwoRoom,3074
0.07430433481931686,0.1080286071798046,0.95,endpoint,96.333333,12.752412796020508,2,LeWM,/opt/workspace/explorer-env/dataset/ag_data/data/world_model/quentinll/lewm-tworooms/ckpt/tworoom_lewm_noise_0to008_p1_seed3074/tworoom_lewm_noise_0to008_p1_seed3074_epoch_10_object.ckpt,['/opt/workspace/explorer-env/dataset/ag_data/data/world_model/quentinll/lewm-tworooms/ckpt/tworoom_lewm_noise_0to008_p1_seed3074'],16,per_anchor_mean_then_checkpoint_quantile,5,96.333333,horizon_weighted_stacked_l2_v2,0.8915140628814697,true,/opt/workspace/explorer-env/dataset/ag_data/data/world_model/quentinll/lewm-tworooms/ckpt/tworoom_lewm_noise_0to008_p1_seed3074,ok,0.08,0.08,tworoom_lewm_noise_0to008_p1_seed3074,TwoRoom,3074
0.07278551161289215,0.1080286071798046,0.8,endpoint,96.333333,13.213027000427246,4,LeWM,/opt/workspace/explorer-env/dataset/ag_data/data/world_model/quentinll/lewm-tworooms/ckpt/tworoom_lewm_noise_0to008_p1_seed3074/tworoom_lewm_noise_0to008_p1_seed3074_epoch_10_object.ckpt,['/opt/workspace/explorer-env/dataset/ag_data/data/world_model/quentinll/lewm-tworooms/ckpt/tworoom_lewm_noise_0to008_p1_seed3074'],16,per_anchor_mean_then_checkpoint_quantile,5,96.333333,horizon_weighted_stacked_l2_v2,0.8488788604736328,true,/opt/workspace/explorer-env/dataset/ag_data/data/world_model/quentinll/lewm-tworooms/ckpt/tworoom_lewm_noise_0to008_p1_seed3074,ok,0.08,0.08,tworoom_lewm_noise_0to008_p1_seed3074,TwoRoom,3074
0.08435038477182388,0.1080286071798046,0.9,endpoint,96.333333,13.213027000427246,4,LeWM,/opt/workspace/explorer-env/dataset/ag_data/data/world_model/quentinll/lewm-tworooms/ckpt/tworoom_lewm_noise_0to008_p1_seed3074/tworoom_lewm_noise_0to008_p1_seed3074_epoch_10_object.ckpt,['/opt/workspace/explorer-env/dataset/ag_data/data/world_model/quentinll/lewm-tworooms/ckpt/tworoom_lewm_noise_0to008_p1_seed3074'],16,per_anchor_mean_then_checkpoint_quantile,5,96.333333,horizon_weighted_stacked_l2_v2,1.0170447826385498,true,/opt/workspace/explorer-env/dataset/ag_data/data/world_model/quentinll/lewm-tworooms/ckpt/tworoom_lewm_noise_0to008_p1_seed3074,ok,0.08,0.08,tworoom_lewm_noise_0to008_p1_seed3074,TwoRoom,3074
0.09304454922676086,0.1080286071798046,0.95,endpoint,96.333333,13.213027000427246,4,LeWM,/opt/workspace/explorer-env/dataset/ag_data/data/world_model/quentinll/lewm-tworooms/ckpt/tworoom_lewm_noise_0to008_p1_seed3074/tworoom_lewm_noise_0to008_p1_seed3074_epoch_10_object.ckpt,['/opt/workspace/explorer-env/dataset/ag_data/data/world_model/quentinll/lewm-tworooms/ckpt/tworoom_lewm_noise_0to008_p1_seed3074'],16,per_anchor_mean_then_checkpoint_quantile,5,96.333333,horizon_weighted_stacked_l2_v2,1.1110520362854004,true,/opt/workspace/explorer-env/dataset/ag_data/data/world_model/quentinll/lewm-tworooms/ckpt/tworoom_lewm_noise_0to008_p1_seed3074,ok,0.08,0.08,tworoom_lewm_noise_0to008_p1_seed3074,TwoRoom,3074
0.09230583906173706,0.1080286071798046,0.8,endpoint,96.333333,14.202028274536133,8,LeWM,/opt/workspace/explorer-env/dataset/ag_data/data/world_model/quentinll/lewm-tworooms/ckpt/tworoom_lewm_noise_0to008_p1_seed3074/tworoom_lewm_noise_0to008_p1_seed3074_epoch_10_object.ckpt,['/opt/workspace/explorer-env/dataset/ag_data/data/world_model/quentinll/lewm-tworooms/ckpt/tworoom_lewm_noise_0to008_p1_seed3074'],16,per_anchor_mean_then_checkpoint_quantile,5,96.333333,horizon_weighted_stacked_l2_v2,1.2363710403442383,true,/opt/workspace/explorer-env/dataset/ag_data/data/world_model/quentinll/lewm-tworooms/ckpt/tworoom_lewm_noise_0to008_p1_seed3074,ok,0.08,0.08,tworoom_lewm_noise_0to008_p1_seed3074,TwoRoom,3074
0.09616106003522873,0.1080286071798046,0.9,endpoint,96.333333,14.202028274536133,8,LeWM,/opt/workspace/explorer-env/dataset/ag_data/data/world_model/quentinll/lewm-tworooms/ckpt/tworoom_lewm_noise_0to008_p1_seed3074/tworoom_lewm_noise_0to008_p1_seed3074_epoch_10_object.ckpt,['/opt/workspace/explorer-env/dataset/ag_data/data/world_model/quentinll/lewm-tworooms/ckpt/tworoom_lewm_noise_0to008_p1_seed3074'],16,per_anchor_mean_then_checkpoint_quantile,5,96.333333,horizon_weighted_stacked_l2_v2,1.3255059719085693,true,/opt/workspace/explorer-env/dataset/ag_data/data/world_model/quentinll/lewm-tworooms/ckpt/tworoom_lewm_noise_0to008_p1_seed3074,ok,0.08,0.08,tworoom_lewm_noise_0to008_p1_seed3074,TwoRoom,3074
0.09833355993032455,0.1080286071798046,0.95,endpoint,96.333333,14.202028274536133,8,LeWM,/opt/workspace/explorer-env/dataset/ag_data/data/world_model/quentinll/lewm-tworooms/ckpt/tworoom_lewm_noise_0to008_p1_seed3074/tworoom_lewm_noise_0to008_p1_seed3074_epoch_10_object.ckpt,['/opt/workspace/explorer-env/dataset/ag_data/data/world_model/quentinll/lewm-tworooms/ckpt/tworoom_lewm_noise_0to008_p1_seed3074'],16,per_anchor_mean_then_checkpoint_quantile,5,96.333333,horizon_weighted_stacked_l2_v2,1.3540966510772705,true,/opt/workspace/explorer-env/dataset/ag_data/data/world_model/quentinll/lewm-tworooms/ckpt/tworoom_lewm_noise_0to008_p1_seed3074,ok,0.08,0.08,tworoom_lewm_noise_0to008_p1_seed3074,TwoRoom,3074
3.1947827339172363,3.4252009231417477,0.8,base,86.33333333333333,6.034140110015869,1,LeWM,/opt/workspace/explorer-env/dataset/ag_data/data/world_model/quentinll/lewm-pusht/ckpt/pusht_lewm_20260430/pusht_lewm_20260430_epoch_10_object.ckpt,['/opt/workspace/explorer-env/dataset/ag_data/data/world_model/quentinll/lewm-pusht/ckpt/pusht_lewm_20260430'],16,per_anchor_mean_then_checkpoint_quantile,5,4.333333333333333,horizon_weighted_stacked_l2_v2,14.6721830368042,false,/opt/workspace/explorer-env/dataset/ag_data/data/world_model/quentinll/lewm-pusht/ckpt/pusht_lewm_20260430,ok,0.00,0.08,pusht_lewm_20260430,PushT,3072
3.3627076148986816,3.4252009231417477,0.9,base,86.33333333333333,6.034140110015869,1,LeWM,/opt/workspace/explorer-env/dataset/ag_data/data/world_model/quentinll/lewm-pusht/ckpt/pusht_lewm_20260430/pusht_lewm_20260430_epoch_10_object.ckpt,['/opt/workspace/explorer-env/dataset/ag_data/data/world_model/quentinll/lewm-pusht/ckpt/pusht_lewm_20260430'],16,per_anchor_mean_then_checkpoint_quantile,5,4.333333333333333,horizon_weighted_stacked_l2_v2,14.801189422607422,false,/opt/workspace/explorer-env/dataset/ag_data/data/world_model/quentinll/lewm-pusht/ckpt/pusht_lewm_20260430,ok,0.00,0.08,pusht_lewm_20260430,PushT,3072
3.6245474815368652,3.4252009231417477,0.95,base,86.33333333333333,6.034140110015869,1,LeWM,/opt/workspace/explorer-env/dataset/ag_data/data/world_model/quentinll/lewm-pusht/ckpt/pusht_lewm_20260430/pusht_lewm_20260430_epoch_10_object.ckpt,['/opt/workspace/explorer-env/dataset/ag_data/data/world_model/quentinll/lewm-pusht/ckpt/pusht_lewm_20260430'],16,per_anchor_mean_then_checkpoint_quantile,5,4.333333333333333,horizon_weighted_stacked_l2_v2,15.681340217590332,false,/opt/workspace/explorer-env/dataset/ag_data/data/world_model/quentinll/lewm-pusht/ckpt/pusht_lewm_20260430,ok,0.00,0.08,pusht_lewm_20260430,PushT,3072
2.685710906982422,3.4252009231417477,0.8,base,86.33333333333333,6.736423015594482,2,LeWM,/opt/workspace/explorer-env/dataset/ag_data/data/world_model/quentinll/lewm-pusht/ckpt/pusht_lewm_20260430/pusht_lewm_20260430_epoch_10_object.ckpt,['/opt/workspace/explorer-env/dataset/ag_data/data/world_model/quentinll/lewm-pusht/ckpt/pusht_lewm_20260430'],16,per_anchor_mean_then_checkpoint_quantile,5,4.333333333333333,horizon_weighted_stacked_l2_v2,15.788214683532715,false,/opt/workspace/explorer-env/dataset/ag_data/data/world_model/quentinll/lewm-pusht/ckpt/pusht_lewm_20260430,ok,0.00,0.08,pusht_lewm_20260430,PushT,3072
3.0075159072875977,3.4252009231417477,0.9,base,86.33333333333333,6.736423015594482,2,LeWM,/opt/workspace/explorer-env/dataset/ag_data/data/world_model/quentinll/lewm-pusht/ckpt/pusht_lewm_20260430/pusht_lewm_20260430_epoch_10_object.ckpt,['/opt/workspace/explorer-env/dataset/ag_data/data/world_model/quentinll/lewm-pusht/ckpt/pusht_lewm_20260430'],16,per_anchor_mean_then_checkpoint_quantile,5,4.333333333333333,horizon_weighted_stacked_l2_v2,16.41259002685547,false,/opt/workspace/explorer-env/dataset/ag_data/data/world_model/quentinll/lewm-pusht/ckpt/pusht_lewm_20260430,ok,0.00,0.08,pusht_lewm_20260430,PushT,3072
3.375494956970215,3.4252009231417477,0.95,base,86.33333333333333,6.736423015594482,2,LeWM,/opt/workspace/explorer-env/dataset/ag_data/data/world_model/quentinll/lewm-pusht/ckpt/pusht_lewm_20260430/pusht_lewm_20260430_epoch_10_object.ckpt,['/opt/workspace/explorer-env/dataset/ag_data/data/world_model/quentinll/lewm-pusht/ckpt/pusht_lewm_20260430'],16,per_anchor_mean_then_checkpoint_quantile,5,4.333333333333333,horizon_weighted_stacked_l2_v2,17.0858211517334,false,/opt/workspace/explorer-env/dataset/ag_data/data/world_model/quentinll/lewm-pusht/ckpt/pusht_lewm_20260430,ok,0.00,0.08,pusht_lewm_20260430,PushT,3072
2.7141220569610596,3.4252009231417477,0.8,base,86.33333333333333,6.717260360717773,4,LeWM,/opt/workspace/explorer-env/dataset/ag_data/data/world_model/quentinll/lewm-pusht/ckpt/pusht_lewm_20260430/pusht_lewm_20260430_epoch_10_object.ckpt,['/opt/workspace/explorer-env/dataset/ag_data/data/world_model/quentinll/lewm-pusht/ckpt/pusht_lewm_20260430'],16,per_anchor_mean_then_checkpoint_quantile,5,4.333333333333333,horizon_weighted_stacked_l2_v2,17.480716705322266,false,/opt/workspace/explorer-env/dataset/ag_data/data/world_model/quentinll/lewm-pusht/ckpt/pusht_lewm_20260430,ok,0.00,0.08,pusht_lewm_20260430,PushT,3072
3.150010585784912,3.4252009231417477,0.9,base,86.33333333333333,6.717260360717773,4,LeWM,/opt/workspace/explorer-env/dataset/ag_data/data/world_model/quentinll/lewm-pusht/ckpt/pusht_lewm_20260430/pusht_lewm_20260430_epoch_10_object.ckpt,['/opt/workspace/explorer-env/dataset/ag_data/data/world_model/quentinll/lewm-pusht/ckpt/pusht_lewm_20260430'],16,per_anchor_mean_then_checkpoint_quantile,5,4.333333333333333,horizon_weighted_stacked_l2_v2,18.335391998291016,false,/opt/workspace/explorer-env/dataset/ag_data/data/world_model/quentinll/lewm-pusht/ckpt/pusht_lewm_20260430,ok,0.00,0.08,pusht_lewm_20260430,PushT,3072
3.2220406532287598,3.4252009231417477,0.95,base,86.33333333333333,6.717260360717773,4,LeWM,/opt/workspace/explorer-env/dataset/ag_data/data/world_model/quentinll/lewm-pusht/ckpt/pusht_lewm_20260430/pusht_lewm_20260430_epoch_10_object.ckpt,['/opt/workspace/explorer-env/dataset/ag_data/data/world_model/quentinll/lewm-pusht/ckpt/pusht_lewm_20260430'],16,per_anchor_mean_then_checkpoint_quantile,5,4.333333333333333,horizon_weighted_stacked_l2_v2,18.748790740966797,false,/opt/workspace/explorer-env/dataset/ag_data/data/world_model/quentinll/lewm-pusht/ckpt/pusht_lewm_20260430,ok,0.00,0.08,pusht_lewm_20260430,PushT,3072
3.120936155319214,3.4252009231417477,0.8,base,86.33333333333333,6.150317668914795,8,LeWM,/opt/workspace/explorer-env/dataset/ag_data/data/world_model/quentinll/lewm-pusht/ckpt/pusht_lewm_20260430/pusht_lewm_20260430_epoch_10_object.ckpt,['/opt/workspace/explorer-env/dataset/ag_data/data/world_model/quentinll/lewm-pusht/ckpt/pusht_lewm_20260430'],16,per_anchor_mean_then_checkpoint_quantile,5,4.333333333333333,horizon_weighted_stacked_l2_v2,18.97523307800293,false,/opt/workspace/explorer-env/dataset/ag_data/data/world_model/quentinll/lewm-pusht/ckpt/pusht_lewm_20260430,ok,0.00,0.08,pusht_lewm_20260430,PushT,3072
3.3393967151641846,3.4252009231417477,0.9,base,86.33333333333333,6.150317668914795,8,LeWM,/opt/workspace/explorer-env/dataset/ag_data/data/world_model/quentinll/lewm-pusht/ckpt/pusht_lewm_20260430/pusht_lewm_20260430_epoch_10_object.ckpt,['/opt/workspace/explorer-env/dataset/ag_data/data/world_model/quentinll/lewm-pusht/ckpt/pusht_lewm_20260430'],16,per_anchor_mean_then_checkpoint_quantile,5,4.333333333333333,horizon_weighted_stacked_l2_v2,19.61811065673828,false,/opt/workspace/explorer-env/dataset/ag_data/data/world_model/quentinll/lewm-pusht/ckpt/pusht_lewm_20260430,ok,0.00,0.08,pusht_lewm_20260430,PushT,3072
3.5617246627807617,3.4252009231417477,0.95,base,86.33333333333333,6.150317668914795,8,LeWM,/opt/workspace/explorer-env/dataset/ag_data/data/world_model/quentinll/lewm-pusht/ckpt/pusht_lewm_20260430/pusht_lewm_20260430_epoch_10_object.ckpt,['/opt/workspace/explorer-env/dataset/ag_data/data/world_model/quentinll/lewm-pusht/ckpt/pusht_lewm_20260430'],16,per_anchor_mean_then_checkpoint_quantile,5,4.333333333333333,horizon_weighted_stacked_l2_v2,19.901077270507812,false,/opt/workspace/explorer-env/dataset/ag_data/data/world_model/quentinll/lewm-pusht/ckpt/pusht_lewm_20260430,ok,0.00,0.08,pusht_lewm_20260430,PushT,3072
0.5353772044181824,1.078168166445085,0.8,onset,88.33333333333333,6.158768653869629,1,LeWM,/opt/workspace/explorer-env/dataset/ag_data/data/world_model/quentinll/lewm-pusht/ckpt/pusht_lewm_noise_0to002_p1/pusht_lewm_noise_0to002_p1_epoch_10_object.ckpt,['/opt/workspace/explorer-env/dataset/ag_data/data/world_model/quentinll/lewm-pusht/ckpt/pusht_lewm_noise_0to002_p1'],16,per_anchor_mean_then_checkpoint_quantile,5,73.66666666666667,horizon_weighted_stacked_l2_v2,2.835491895675659,true,/opt/workspace/explorer-env/dataset/ag_data/data/world_model/quentinll/lewm-pusht/ckpt/pusht_lewm_noise_0to002_p1,ok,0.02,0.08,pusht_lewm_noise_0to002_p1,PushT,3072
0.6344766616821289,1.078168166445085,0.9,onset,88.33333333333333,6.158768653869629,1,LeWM,/opt/workspace/explorer-env/dataset/ag_data/data/world_model/quentinll/lewm-pusht/ckpt/pusht_lewm_noise_0to002_p1/pusht_lewm_noise_0to002_p1_epoch_10_object.ckpt,['/opt/workspace/explorer-env/dataset/ag_data/data/world_model/quentinll/lewm-pusht/ckpt/pusht_lewm_noise_0to002_p1'],16,per_anchor_mean_then_checkpoint_quantile,5,73.66666666666667,horizon_weighted_stacked_l2_v2,3.35622501373291,true,/opt/workspace/explorer-env/dataset/ag_data/data/world_model/quentinll/lewm-pusht/ckpt/pusht_lewm_noise_0to002_p1,ok,0.02,0.08,pusht_lewm_noise_0to002_p1,PushT,3072
0.6856430172920227,1.078168166445085,0.95,onset,88.33333333333333,6.158768653869629,1,LeWM,/opt/workspace/explorer-env/dataset/ag_data/data/world_model/quentinll/lewm-pusht/ckpt/pusht_lewm_noise_0to002_p1/pusht_lewm_noise_0to002_p1_epoch_10_object.ckpt,['/opt/workspace/explorer-env/dataset/ag_data/data/world_model/quentinll/lewm-pusht/ckpt/pusht_lewm_noise_0to002_p1'],16,per_anchor_mean_then_checkpoint_quantile,5,73.66666666666667,horizon_weighted_stacked_l2_v2,3.860199451446533,true,/opt/workspace/explorer-env/dataset/ag_data/data/world_model/quentinll/lewm-pusht/ckpt/pusht_lewm_noise_0to002_p1,ok,0.02,0.08,pusht_lewm_noise_0to002_p1,PushT,3072
0.5454420447349548,1.078168166445085,0.8,onset,88.33333333333333,6.801554203033447,2,LeWM,/opt/workspace/explorer-env/dataset/ag_data/data/world_model/quentinll/lewm-pusht/ckpt/pusht_lewm_noise_0to002_p1/pusht_lewm_noise_0to002_p1_epoch_10_object.ckpt,['/opt/workspace/explorer-env/dataset/ag_data/data/world_model/quentinll/lewm-pusht/ckpt/pusht_lewm_noise_0to002_p1'],16,per_anchor_mean_then_checkpoint_quantile,5,73.66666666666667,horizon_weighted_stacked_l2_v2,3.1579296588897705,true,/opt/workspace/explorer-env/dataset/ag_data/data/world_model/quentinll/lewm-pusht/ckpt/pusht_lewm_noise_0to002_p1,ok,0.02,0.08,pusht_lewm_noise_0to002_p1,PushT,3072
0.6425106525421143,1.078168166445085,0.9,onset,88.33333333333333,6.801554203033447,2,LeWM,/opt/workspace/explorer-env/dataset/ag_data/data/world_model/quentinll/lewm-pusht/ckpt/pusht_lewm_noise_0to002_p1/pusht_lewm_noise_0to002_p1_epoch_10_object.ckpt,['/opt/workspace/explorer-env/dataset/ag_data/data/world_model/quentinll/lewm-pusht/ckpt/pusht_lewm_noise_0to002_p1'],16,per_anchor_mean_then_checkpoint_quantile,5,73.66666666666667,horizon_weighted_stacked_l2_v2,3.6964542865753174,true,/opt/workspace/explorer-env/dataset/ag_data/data/world_model/quentinll/lewm-pusht/ckpt/pusht_lewm_noise_0to002_p1,ok,0.02,0.08,pusht_lewm_noise_0to002_p1,PushT,3072
0.6754629611968994,1.078168166445085,0.95,onset,88.33333333333333,6.801554203033447,2,LeWM,/opt/workspace/explorer-env/dataset/ag_data/data/world_model/quentinll/lewm-pusht/ckpt/pusht_lewm_noise_0to002_p1/pusht_lewm_noise_0to002_p1_epoch_10_object.ckpt,['/opt/workspace/explorer-env/dataset/ag_data/data/world_model/quentinll/lewm-pusht/ckpt/pusht_lewm_noise_0to002_p1'],16,per_anchor_mean_then_checkpoint_quantile,5,73.66666666666667,horizon_weighted_stacked_l2_v2,4.336468696594238,true,/opt/workspace/explorer-env/dataset/ag_data/data/world_model/quentinll/lewm-pusht/ckpt/pusht_lewm_noise_0to002_p1,ok,0.02,0.08,pusht_lewm_noise_0to002_p1,PushT,3072
0.6982762217521667,1.078168166445085,0.8,onset,88.33333333333333,6.71479606628418,4,LeWM,/opt/workspace/explorer-env/dataset/ag_data/data/world_model/quentinll/lewm-pusht/ckpt/pusht_lewm_noise_0to002_p1/pusht_lewm_noise_0to002_p1_epoch_10_object.ckpt,['/opt/workspace/explorer-env/dataset/ag_data/data/world_model/quentinll/lewm-pusht/ckpt/pusht_lewm_noise_0to002_p1'],16,per_anchor_mean_then_checkpoint_quantile,5,73.66666666666667,horizon_weighted_stacked_l2_v2,3.61779522895813,true,/opt/workspace/explorer-env/dataset/ag_data/data/world_model/quentinll/lewm-pusht/ckpt/pusht_lewm_noise_0to002_p1,ok,0.02,0.08,pusht_lewm_noise_0to002_p1,PushT,3072
0.7443333864212036,1.078168166445085,0.9,onset,88.33333333333333,6.71479606628418,4,LeWM,/opt/workspace/explorer-env/dataset/ag_data/data/world_model/quentinll/lewm-pusht/ckpt/pusht_lewm_noise_0to002_p1/pusht_lewm_noise_0to002_p1_epoch_10_object.ckpt,['/opt/workspace/explorer-env/dataset/ag_data/data/world_model/quentinll/lewm-pusht/ckpt/pusht_lewm_noise_0to002_p1'],16,per_anchor_mean_then_checkpoint_quantile,5,73.66666666666667,horizon_weighted_stacked_l2_v2,5.456934452056885,true,/opt/workspace/explorer-env/dataset/ag_data/data/world_model/quentinll/lewm-pusht/ckpt/pusht_lewm_noise_0to002_p1,ok,0.02,0.08,pusht_lewm_noise_0to002_p1,PushT,3072
0.7755385637283325,1.078168166445085,0.95,onset,88.33333333333333,6.71479606628418,4,LeWM,/opt/workspace/explorer-env/dataset/ag_data/data/world_model/quentinll/lewm-pusht/ckpt/pusht_lewm_noise_0to002_p1/pusht_lewm_noise_0to002_p1_epoch_10_object.ckpt,['/opt/workspace/explorer-env/dataset/ag_data/data/world_model/quentinll/lewm-pusht/ckpt/pusht_lewm_noise_0to002_p1'],16,per_anchor_mean_then_checkpoint_quantile,5,73.66666666666667,horizon_weighted_stacked_l2_v2,6.538766860961914,true,/opt/workspace/explorer-env/dataset/ag_data/data/world_model/quentinll/lewm-pusht/ckpt/pusht_lewm_noise_0to002_p1,ok,0.02,0.08,pusht_lewm_noise_0to002_p1,PushT,3072
0.8944944739341736,1.078168166445085,0.8,onset,88.33333333333333,6.142209053039551,8,LeWM,/opt/workspace/explorer-env/dataset/ag_data/data/world_model/quentinll/lewm-pusht/ckpt/pusht_lewm_noise_0to002_p1/pusht_lewm_noise_0to002_p1_epoch_10_object.ckpt,['/opt/workspace/explorer-env/dataset/ag_data/data/world_model/quentinll/lewm-pusht/ckpt/pusht_lewm_noise_0to002_p1'],16,per_anchor_mean_then_checkpoint_quantile,5,73.66666666666667,horizon_weighted_stacked_l2_v2,5.308780670166016,true,/opt/workspace/explorer-env/dataset/ag_data/data/world_model/quentinll/lewm-pusht/ckpt/pusht_lewm_noise_0to002_p1,ok,0.02,0.08,pusht_lewm_noise_0to002_p1,PushT,3072
1.1336653232574463,1.078168166445085,0.9,onset,88.33333333333333,6.142209053039551,8,LeWM,/opt/workspace/explorer-env/dataset/ag_data/data/world_model/quentinll/lewm-pusht/ckpt/pusht_lewm_noise_0to002_p1/pusht_lewm_noise_0to002_p1_epoch_10_object.ckpt,['/opt/workspace/explorer-env/dataset/ag_data/data/world_model/quentinll/lewm-pusht/ckpt/pusht_lewm_noise_0to002_p1'],16,per_anchor_mean_then_checkpoint_quantile,5,73.66666666666667,horizon_weighted_stacked_l2_v2,8.334482192993164,true,/opt/workspace/explorer-env/dataset/ag_data/data/world_model/quentinll/lewm-pusht/ckpt/pusht_lewm_noise_0to002_p1,ok,0.02,0.08,pusht_lewm_noise_0to002_p1,PushT,3072
1.3624334335327148,1.078168166445085,0.95,onset,88.33333333333333,6.142209053039551,8,LeWM,/opt/workspace/explorer-env/dataset/ag_data/data/world_model/quentinll/lewm-pusht/ckpt/pusht_lewm_noise_0to002_p1/pusht_lewm_noise_0to002_p1_epoch_10_object.ckpt,['/opt/workspace/explorer-env/dataset/ag_data/data/world_model/quentinll/lewm-pusht/ckpt/pusht_lewm_noise_0to002_p1'],16,per_anchor_mean_then_checkpoint_quantile,5,73.66666666666667,horizon_weighted_stacked_l2_v2,10.125825881958008,true,/opt/workspace/explorer-env/dataset/ag_data/data/world_model/quentinll/lewm-pusht/ckpt/pusht_lewm_noise_0to002_p1,ok,0.02,0.08,pusht_lewm_noise_0to002_p1,PushT,3072
0.16421791911125183,0.22418129709450388,0.8,endpoint,88.33333333333333,5.775121688842773,1,LeWM,/opt/workspace/explorer-env/dataset/ag_data/data/world_model/quentinll/lewm-pusht/ckpt/pusht_lewm_noise_0to008_p1/pusht_lewm_noise_0to008_p1_epoch_10_object.ckpt,['/opt/workspace/explorer-env/dataset/ag_data/data/world_model/quentinll/lewm-pusht/ckpt/pusht_lewm_noise_0to008_p1'],16,per_anchor_mean_then_checkpoint_quantile,5,89.0,horizon_weighted_stacked_l2_v2,0.686893880367279,true,/opt/workspace/explorer-env/dataset/ag_data/data/world_model/quentinll/lewm-pusht/ckpt/pusht_lewm_noise_0to008_p1,ok,0.08,0.08,pusht_lewm_noise_0to008_p1,PushT,3072
0.21361622214317322,0.22418129709450388,0.9,endpoint,88.33333333333333,5.775121688842773,1,LeWM,/opt/workspace/explorer-env/dataset/ag_data/data/world_model/quentinll/lewm-pusht/ckpt/pusht_lewm_noise_0to008_p1/pusht_lewm_noise_0to008_p1_epoch_10_object.ckpt,['/opt/workspace/explorer-env/dataset/ag_data/data/world_model/quentinll/lewm-pusht/ckpt/pusht_lewm_noise_0to008_p1'],16,per_anchor_mean_then_checkpoint_quantile,5,89.0,horizon_weighted_stacked_l2_v2,0.730451226234436,true,/opt/workspace/explorer-env/dataset/ag_data/data/world_model/quentinll/lewm-pusht/ckpt/pusht_lewm_noise_0to008_p1,ok,0.08,0.08,pusht_lewm_noise_0to008_p1,PushT,3072
0.29356643557548523,0.22418129709450388,0.95,endpoint,88.33333333333333,5.775121688842773,1,LeWM,/opt/workspace/explorer-env/dataset/ag_data/data/world_model/quentinll/lewm-pusht/ckpt/pusht_lewm_noise_0to008_p1/pusht_lewm_noise_0to008_p1_epoch_10_object.ckpt,['/opt/workspace/explorer-env/dataset/ag_data/data/world_model/quentinll/lewm-pusht/ckpt/pusht_lewm_noise_0to008_p1'],16,per_anchor_mean_then_checkpoint_quantile,5,89.0,horizon_weighted_stacked_l2_v2,1.0734493732452393,true,/opt/workspace/explorer-env/dataset/ag_data/data/world_model/quentinll/lewm-pusht/ckpt/pusht_lewm_noise_0to008_p1,ok,0.08,0.08,pusht_lewm_noise_0to008_p1,PushT,3072
0.14953091740608215,0.22418129709450388,0.8,endpoint,88.33333333333333,6.066745758056641,2,LeWM,/opt/workspace/explorer-env/dataset/ag_data/data/world_model/quentinll/lewm-pusht/ckpt/pusht_lewm_noise_0to008_p1/pusht_lewm_noise_0to008_p1_epoch_10_object.ckpt,['/opt/workspace/explorer-env/dataset/ag_data/data/world_model/quentinll/lewm-pusht/ckpt/pusht_lewm_noise_0to008_p1'],16,per_anchor_mean_then_checkpoint_quantile,5,89.0,horizon_weighted_stacked_l2_v2,0.6966736912727356,true,/opt/workspace/explorer-env/dataset/ag_data/data/world_model/quentinll/lewm-pusht/ckpt/pusht_lewm_noise_0to008_p1,ok,0.08,0.08,pusht_lewm_noise_0to008_p1,PushT,3072
0.18070060014724731,0.22418129709450388,0.9,endpoint,88.33333333333333,6.066745758056641,2,LeWM,/opt/workspace/explorer-env/dataset/ag_data/data/world_model/quentinll/lewm-pusht/ckpt/pusht_lewm_noise_0to008_p1/pusht_lewm_noise_0to008_p1_epoch_10_object.ckpt,['/opt/workspace/explorer-env/dataset/ag_data/data/world_model/quentinll/lewm-pusht/ckpt/pusht_lewm_noise_0to008_p1'],16,per_anchor_mean_then_checkpoint_quantile,5,89.0,horizon_weighted_stacked_l2_v2,0.8451858758926392,true,/opt/workspace/explorer-env/dataset/ag_data/data/world_model/quentinll/lewm-pusht/ckpt/pusht_lewm_noise_0to008_p1,ok,0.08,0.08,pusht_lewm_noise_0to008_p1,PushT,3072
0.19957229495048523,0.22418129709450388,0.95,endpoint,88.33333333333333,6.066745758056641,2,LeWM,/opt/workspace/explorer-env/dataset/ag_data/data/world_model/quentinll/lewm-pusht/ckpt/pusht_lewm_noise_0to008_p1/pusht_lewm_noise_0to008_p1_epoch_10_object.ckpt,['/opt/workspace/explorer-env/dataset/ag_data/data/world_model/quentinll/lewm-pusht/ckpt/pusht_lewm_noise_0to008_p1'],16,per_anchor_mean_then_checkpoint_quantile,5,89.0,horizon_weighted_stacked_l2_v2,1.1271271705627441,true,/opt/workspace/explorer-env/dataset/ag_data/data/world_model/quentinll/lewm-pusht/ckpt/pusht_lewm_noise_0to008_p1,ok,0.08,0.08,pusht_lewm_noise_0to008_p1,PushT,3072
0.14544044435024261,0.22418129709450388,0.8,endpoint,88.33333333333333,6.431375503540039,4,LeWM,/opt/workspace/explorer-env/dataset/ag_data/data/world_model/quentinll/lewm-pusht/ckpt/pusht_lewm_noise_0to008_p1/pusht_lewm_noise_0to008_p1_epoch_10_object.ckpt,['/opt/workspace/explorer-env/dataset/ag_data/data/world_model/quentinll/lewm-pusht/ckpt/pusht_lewm_noise_0to008_p1'],16,per_anchor_mean_then_checkpoint_quantile,5,89.0,horizon_weighted_stacked_l2_v2,0.9597612619400024,true,/opt/workspace/explorer-env/dataset/ag_data/data/world_model/quentinll/lewm-pusht/ckpt/pusht_lewm_noise_0to008_p1,ok,0.08,0.08,pusht_lewm_noise_0to008_p1,PushT,3072
0.19361920654773712,0.22418129709450388,0.9,endpoint,88.33333333333333,6.431375503540039,4,LeWM,/opt/workspace/explorer-env/dataset/ag_data/data/world_model/quentinll/lewm-pusht/ckpt/pusht_lewm_noise_0to008_p1/pusht_lewm_noise_0to008_p1_epoch_10_object.ckpt,['/opt/workspace/explorer-env/dataset/ag_data/data/world_model/quentinll/lewm-pusht/ckpt/pusht_lewm_noise_0to008_p1'],16,per_anchor_mean_then_checkpoint_quantile,5,89.0,horizon_weighted_stacked_l2_v2,1.4894521236419678,true,/opt/workspace/explorer-env/dataset/ag_data/data/world_model/quentinll/lewm-pusht/ckpt/pusht_lewm_noise_0to008_p1,ok,0.08,0.08,pusht_lewm_noise_0to008_p1,PushT,3072
0.22427132725715637,0.22418129709450388,0.95,endpoint,88.33333333333333,6.431375503540039,4,LeWM,/opt/workspace/explorer-env/dataset/ag_data/data/world_model/quentinll/lewm-pusht/ckpt/pusht_lewm_noise_0to008_p1/pusht_lewm_noise_0to008_p1_epoch_10_object.ckpt,['/opt/workspace/explorer-env/dataset/ag_data/data/world_model/quentinll/lewm-pusht/ckpt/pusht_lewm_noise_0to008_p1'],16,per_anchor_mean_then_checkpoint_quantile,5,89.0,horizon_weighted_stacked_l2_v2,1.943753957748413,true,/opt/workspace/explorer-env/dataset/ag_data/data/world_model/quentinll/lewm-pusht/ckpt/pusht_lewm_noise_0to008_p1,ok,0.08,0.08,pusht_lewm_noise_0to008_p1,PushT,3072
0.2750277519226074,0.22418129709450388,0.8,endpoint,88.33333333333333,5.69533634185791,8,LeWM,/opt/workspace/explorer-env/dataset/ag_data/data/world_model/quentinll/lewm-pusht/ckpt/pusht_lewm_noise_0to008_p1/pusht_lewm_noise_0to008_p1_epoch_10_object.ckpt,['/opt/workspace/explorer-env/dataset/ag_data/data/world_model/quentinll/lewm-pusht/ckpt/pusht_lewm_noise_0to008_p1'],16,per_anchor_mean_then_checkpoint_quantile,5,89.0,horizon_weighted_stacked_l2_v2,1.3140878677368164,true,/opt/workspace/explorer-env/dataset/ag_data/data/world_model/quentinll/lewm-pusht/ckpt/pusht_lewm_noise_0to008_p1,ok,0.08,0.08,pusht_lewm_noise_0to008_p1,PushT,3072
0.3588097393512726,0.22418129709450388,0.9,endpoint,88.33333333333333,5.69533634185791,8,LeWM,/opt/workspace/explorer-env/dataset/ag_data/data/world_model/quentinll/lewm-pusht/ckpt/pusht_lewm_noise_0to008_p1/pusht_lewm_noise_0to008_p1_epoch_10_object.ckpt,['/opt/workspace/explorer-env/dataset/ag_data/data/world_model/quentinll/lewm-pusht/ckpt/pusht_lewm_noise_0to008_p1'],16,per_anchor_mean_then_checkpoint_quantile,5,89.0,horizon_weighted_stacked_l2_v2,2.341264486312866,true,/opt/workspace/explorer-env/dataset/ag_data/data/world_model/quentinll/lewm-pusht/ckpt/pusht_lewm_noise_0to008_p1,ok,0.08,0.08,pusht_lewm_noise_0to008_p1,PushT,3072
0.48055702447891235,0.22418129709450388,0.95,endpoint,88.33333333333333,5.69533634185791,8,LeWM,/opt/workspace/explorer-env/dataset/ag_data/data/world_model/quentinll/lewm-pusht/ckpt/pusht_lewm_noise_0to008_p1/pusht_lewm_noise_0to008_p1_epoch_10_object.ckpt,['/opt/workspace/explorer-env/dataset/ag_data/data/world_model/quentinll/lewm-pusht/ckpt/pusht_lewm_noise_0to008_p1'],16,per_anchor_mean_then_checkpoint_quantile,5,89.0,horizon_weighted_stacked_l2_v2,3.290241241455078,true,/opt/workspace/explorer-env/dataset/ag_data/data/world_model/quentinll/lewm-pusht/ckpt/pusht_lewm_noise_0to008_p1,ok,0.08,0.08,pusht_lewm_noise_0to008_p1,PushT,3072
5.958694934844971,3.9464090489730728,0.8,base,75.0,4.515857696533203,1,LeWM,/opt/workspace/explorer-env/dataset/ag_data/data/world_model/quentinll/lewm-pusht/ckpt/pusht_lewm_baseline_seed3073/pusht_lewm_baseline_seed3073_epoch_10_object.ckpt,['/opt/workspace/explorer-env/dataset/ag_data/data/world_model/quentinll/lewm-pusht/ckpt/pusht_lewm_baseline_seed3073'],16,per_anchor_mean_then_checkpoint_quantile,5,2.0,horizon_weighted_stacked_l2_v2,17.860950469970703,false,/opt/workspace/explorer-env/dataset/ag_data/data/world_model/quentinll/lewm-pusht/ckpt/pusht_lewm_baseline_seed3073,ok,0.00,0.08,pusht_lewm_baseline_seed3073,PushT,3073
8.258321762084961,3.9464090489730728,0.9,base,75.0,4.515857696533203,1,LeWM,/opt/workspace/explorer-env/dataset/ag_data/data/world_model/quentinll/lewm-pusht/ckpt/pusht_lewm_baseline_seed3073/pusht_lewm_baseline_seed3073_epoch_10_object.ckpt,['/opt/workspace/explorer-env/dataset/ag_data/data/world_model/quentinll/lewm-pusht/ckpt/pusht_lewm_baseline_seed3073'],16,per_anchor_mean_then_checkpoint_quantile,5,2.0,horizon_weighted_stacked_l2_v2,18.355552673339844,false,/opt/workspace/explorer-env/dataset/ag_data/data/world_model/quentinll/lewm-pusht/ckpt/pusht_lewm_baseline_seed3073,ok,0.00,0.08,pusht_lewm_baseline_seed3073,PushT,3073
9.208290100097656,3.9464090489730728,0.95,base,75.0,4.515857696533203,1,LeWM,/opt/workspace/explorer-env/dataset/ag_data/data/world_model/quentinll/lewm-pusht/ckpt/pusht_lewm_baseline_seed3073/pusht_lewm_baseline_seed3073_epoch_10_object.ckpt,['/opt/workspace/explorer-env/dataset/ag_data/data/world_model/quentinll/lewm-pusht/ckpt/pusht_lewm_baseline_seed3073'],16,per_anchor_mean_then_checkpoint_quantile,5,2.0,horizon_weighted_stacked_l2_v2,18.723587036132812,false,/opt/workspace/explorer-env/dataset/ag_data/data/world_model/quentinll/lewm-pusht/ckpt/pusht_lewm_baseline_seed3073,ok,0.00,0.08,pusht_lewm_baseline_seed3073,PushT,3073
5.188639163970947,3.9464090489730728,0.8,base,75.0,4.806107044219971,2,LeWM,/opt/workspace/explorer-env/dataset/ag_data/data/world_model/quentinll/lewm-pusht/ckpt/pusht_lewm_baseline_seed3073/pusht_lewm_baseline_seed3073_epoch_10_object.ckpt,['/opt/workspace/explorer-env/dataset/ag_data/data/world_model/quentinll/lewm-pusht/ckpt/pusht_lewm_baseline_seed3073'],16,per_anchor_mean_then_checkpoint_quantile,5,2.0,horizon_weighted_stacked_l2_v2,18.862550735473633,false,/opt/workspace/explorer-env/dataset/ag_data/data/world_model/quentinll/lewm-pusht/ckpt/pusht_lewm_baseline_seed3073,ok,0.00,0.08,pusht_lewm_baseline_seed3073,PushT,3073
7.225542068481445,3.9464090489730728,0.9,base,75.0,4.806107044219971,2,LeWM,/opt/workspace/explorer-env/dataset/ag_data/data/world_model/quentinll/lewm-pusht/ckpt/pusht_lewm_baseline_seed3073/pusht_lewm_baseline_seed3073_epoch_10_object.ckpt,['/opt/workspace/explorer-env/dataset/ag_data/data/world_model/quentinll/lewm-pusht/ckpt/pusht_lewm_baseline_seed3073'],16,per_anchor_mean_then_checkpoint_quantile,5,2.0,horizon_weighted_stacked_l2_v2,19.30022430419922,false,/opt/workspace/explorer-env/dataset/ag_data/data/world_model/quentinll/lewm-pusht/ckpt/pusht_lewm_baseline_seed3073,ok,0.00,0.08,pusht_lewm_baseline_seed3073,PushT,3073
9.46330738067627,3.9464090489730728,0.95,base,75.0,4.806107044219971,2,LeWM,/opt/workspace/explorer-env/dataset/ag_data/data/world_model/quentinll/lewm-pusht/ckpt/pusht_lewm_baseline_seed3073/pusht_lewm_baseline_seed3073_epoch_10_object.ckpt,['/opt/workspace/explorer-env/dataset/ag_data/data/world_model/quentinll/lewm-pusht/ckpt/pusht_lewm_baseline_seed3073'],16,per_anchor_mean_then_checkpoint_quantile,5,2.0,horizon_weighted_stacked_l2_v2,19.46811866760254,false,/opt/workspace/explorer-env/dataset/ag_data/data/world_model/quentinll/lewm-pusht/ckpt/pusht_lewm_baseline_seed3073,ok,0.00,0.08,pusht_lewm_baseline_seed3073,PushT,3073
3.774529218673706,3.9464090489730728,0.8,base,75.0,5.796797752380371,4,LeWM,/opt/workspace/explorer-env/dataset/ag_data/data/world_model/quentinll/lewm-pusht/ckpt/pusht_lewm_baseline_seed3073/pusht_lewm_baseline_seed3073_epoch_10_object.ckpt,['/opt/workspace/explorer-env/dataset/ag_data/data/world_model/quentinll/lewm-pusht/ckpt/pusht_lewm_baseline_seed3073'],16,per_anchor_mean_then_checkpoint_quantile,5,2.0,horizon_weighted_stacked_l2_v2,19.32662010192871,false,/opt/workspace/explorer-env/dataset/ag_data/data/world_model/quentinll/lewm-pusht/ckpt/pusht_lewm_baseline_seed3073,ok,0.00,0.08,pusht_lewm_baseline_seed3073,PushT,3073
5.590139389038086,3.9464090489730728,0.9,base,75.0,5.796797752380371,4,LeWM,/opt/workspace/explorer-env/dataset/ag_data/data/world_model/quentinll/lewm-pusht/ckpt/pusht_lewm_baseline_seed3073/pusht_lewm_baseline_seed3073_epoch_10_object.ckpt,['/opt/workspace/explorer-env/dataset/ag_data/data/world_model/quentinll/lewm-pusht/ckpt/pusht_lewm_baseline_seed3073'],16,per_anchor_mean_then_checkpoint_quantile,5,2.0,horizon_weighted_stacked_l2_v2,20.01637077331543,false,/opt/workspace/explorer-env/dataset/ag_data/data/world_model/quentinll/lewm-pusht/ckpt/pusht_lewm_baseline_seed3073,ok,0.00,0.08,pusht_lewm_baseline_seed3073,PushT,3073
6.877501487731934,3.9464090489730728,0.95,base,75.0,5.796797752380371,4,LeWM,/opt/workspace/explorer-env/dataset/ag_data/data/world_model/quentinll/lewm-pusht/ckpt/pusht_lewm_baseline_seed3073/pusht_lewm_baseline_seed3073_epoch_10_object.ckpt,['/opt/workspace/explorer-env/dataset/ag_data/data/world_model/quentinll/lewm-pusht/ckpt/pusht_lewm_baseline_seed3073'],16,per_anchor_mean_then_checkpoint_quantile,5,2.0,horizon_weighted_stacked_l2_v2,20.428436279296875,false,/opt/workspace/explorer-env/dataset/ag_data/data/world_model/quentinll/lewm-pusht/ckpt/pusht_lewm_baseline_seed3073,ok,0.00,0.08,pusht_lewm_baseline_seed3073,PushT,3073
4.199028491973877,3.9464090489730728,0.8,base,75.0,5.775238037109375,8,LeWM,/opt/workspace/explorer-env/dataset/ag_data/data/world_model/quentinll/lewm-pusht/ckpt/pusht_lewm_baseline_seed3073/pusht_lewm_baseline_seed3073_epoch_10_object.ckpt,['/opt/workspace/explorer-env/dataset/ag_data/data/world_model/quentinll/lewm-pusht/ckpt/pusht_lewm_baseline_seed3073'],16,per_anchor_mean_then_checkpoint_quantile,5,2.0,horizon_weighted_stacked_l2_v2,19.734045028686523,false,/opt/workspace/explorer-env/dataset/ag_data/data/world_model/quentinll/lewm-pusht/ckpt/pusht_lewm_baseline_seed3073,ok,0.00,0.08,pusht_lewm_baseline_seed3073,PushT,3073
5.02894401550293,3.9464090489730728,0.9,base,75.0,5.775238037109375,8,LeWM,/opt/workspace/explorer-env/dataset/ag_data/data/world_model/quentinll/lewm-pusht/ckpt/pusht_lewm_baseline_seed3073/pusht_lewm_baseline_seed3073_epoch_10_object.ckpt,['/opt/workspace/explorer-env/dataset/ag_data/data/world_model/quentinll/lewm-pusht/ckpt/pusht_lewm_baseline_seed3073'],16,per_anchor_mean_then_checkpoint_quantile,5,2.0,horizon_weighted_stacked_l2_v2,20.249282836914062,false,/opt/workspace/explorer-env/dataset/ag_data/data/world_model/quentinll/lewm-pusht/ckpt/pusht_lewm_baseline_seed3073,ok,0.00,0.08,pusht_lewm_baseline_seed3073,PushT,3073
6.256035804748535,3.9464090489730728,0.95,base,75.0,5.775238037109375,8,LeWM,/opt/workspace/explorer-env/dataset/ag_data/data/world_model/quentinll/lewm-pusht/ckpt/pusht_lewm_baseline_seed3073/pusht_lewm_baseline_seed3073_epoch_10_object.ckpt,['/opt/workspace/explorer-env/dataset/ag_data/data/world_model/quentinll/lewm-pusht/ckpt/pusht_lewm_baseline_seed3073'],16,per_anchor_mean_then_checkpoint_quantile,5,2.0,horizon_weighted_stacked_l2_v2,20.647615432739258,false,/opt/workspace/explorer-env/dataset/ag_data/data/world_model/quentinll/lewm-pusht/ckpt/pusht_lewm_baseline_seed3073,ok,0.00,0.08,pusht_lewm_baseline_seed3073,PushT,3073
0.40259677171707153,0.7399988157138043,0.8,onset,89.666667,5.501662254333496,1,LeWM,/opt/workspace/explorer-env/dataset/ag_data/data/world_model/quentinll/lewm-pusht/ckpt/pusht_lewm_noise_0to003_p1_seed3073/pusht_lewm_noise_0to003_p1_seed3073_epoch_10_object.ckpt,['/opt/workspace/explorer-env/dataset/ag_data/data/world_model/quentinll/lewm-pusht/ckpt/pusht_lewm_noise_0to003_p1_seed3073'],16,per_anchor_mean_then_checkpoint_quantile,5,80.666667,horizon_weighted_stacked_l2_v2,1.6444209814071655,true,/opt/workspace/explorer-env/dataset/ag_data/data/world_model/quentinll/lewm-pusht/ckpt/pusht_lewm_noise_0to003_p1_seed3073,ok,0.03,0.08,pusht_lewm_noise_0to003_p1_seed3073,PushT,3073
0.5171036720275879,0.7399988157138043,0.9,onset,89.666667,5.501662254333496,1,LeWM,/opt/workspace/explorer-env/dataset/ag_data/data/world_model/quentinll/lewm-pusht/ckpt/pusht_lewm_noise_0to003_p1_seed3073/pusht_lewm_noise_0to003_p1_seed3073_epoch_10_object.ckpt,['/opt/workspace/explorer-env/dataset/ag_data/data/world_model/quentinll/lewm-pusht/ckpt/pusht_lewm_noise_0to003_p1_seed3073'],16,per_anchor_mean_then_checkpoint_quantile,5,80.666667,horizon_weighted_stacked_l2_v2,1.7822306156158447,true,/opt/workspace/explorer-env/dataset/ag_data/data/world_model/quentinll/lewm-pusht/ckpt/pusht_lewm_noise_0to003_p1_seed3073,ok,0.03,0.08,pusht_lewm_noise_0to003_p1_seed3073,PushT,3073
0.6002464890480042,0.7399988157138043,0.95,onset,89.666667,5.501662254333496,1,LeWM,/opt/workspace/explorer-env/dataset/ag_data/data/world_model/quentinll/lewm-pusht/ckpt/pusht_lewm_noise_0to003_p1_seed3073/pusht_lewm_noise_0to003_p1_seed3073_epoch_10_object.ckpt,['/opt/workspace/explorer-env/dataset/ag_data/data/world_model/quentinll/lewm-pusht/ckpt/pusht_lewm_noise_0to003_p1_seed3073'],16,per_anchor_mean_then_checkpoint_quantile,5,80.666667,horizon_weighted_stacked_l2_v2,1.8330950736999512,true,/opt/workspace/explorer-env/dataset/ag_data/data/world_model/quentinll/lewm-pusht/ckpt/pusht_lewm_noise_0to003_p1_seed3073,ok,0.03,0.08,pusht_lewm_noise_0to003_p1_seed3073,PushT,3073
0.3067344129085541,0.7399988157138043,0.8,onset,89.666667,5.952173709869385,2,LeWM,/opt/workspace/explorer-env/dataset/ag_data/data/world_model/quentinll/lewm-pusht/ckpt/pusht_lewm_noise_0to003_p1_seed3073/pusht_lewm_noise_0to003_p1_seed3073_epoch_10_object.ckpt,['/opt/workspace/explorer-env/dataset/ag_data/data/world_model/quentinll/lewm-pusht/ckpt/pusht_lewm_noise_0to003_p1_seed3073'],16,per_anchor_mean_then_checkpoint_quantile,5,80.666667,horizon_weighted_stacked_l2_v2,1.6883662939071655,true,/opt/workspace/explorer-env/dataset/ag_data/data/world_model/quentinll/lewm-pusht/ckpt/pusht_lewm_noise_0to003_p1_seed3073,ok,0.03,0.08,pusht_lewm_noise_0to003_p1_seed3073,PushT,3073
0.5202054381370544,0.7399988157138043,0.9,onset,89.666667,5.952173709869385,2,LeWM,/opt/workspace/explorer-env/dataset/ag_data/data/world_model/quentinll/lewm-pusht/ckpt/pusht_lewm_noise_0to003_p1_seed3073/pusht_lewm_noise_0to003_p1_seed3073_epoch_10_object.ckpt,['/opt/workspace/explorer-env/dataset/ag_data/data/world_model/quentinll/lewm-pusht/ckpt/pusht_lewm_noise_0to003_p1_seed3073'],16,per_anchor_mean_then_checkpoint_quantile,5,80.666667,horizon_weighted_stacked_l2_v2,1.7401983737945557,true,/opt/workspace/explorer-env/dataset/ag_data/data/world_model/quentinll/lewm-pusht/ckpt/pusht_lewm_noise_0to003_p1_seed3073,ok,0.03,0.08,pusht_lewm_noise_0to003_p1_seed3073,PushT,3073
0.7374618649482727,0.7399988157138043,0.95,onset,89.666667,5.952173709869385,2,LeWM,/opt/workspace/explorer-env/dataset/ag_data/data/world_model/quentinll/lewm-pusht/ckpt/pusht_lewm_noise_0to003_p1_seed3073/pusht_lewm_noise_0to003_p1_seed3073_epoch_10_object.ckpt,['/opt/workspace/explorer-env/dataset/ag_data/data/world_model/quentinll/lewm-pusht/ckpt/pusht_lewm_noise_0to003_p1_seed3073'],16,per_anchor_mean_then_checkpoint_quantile,5,80.666667,horizon_weighted_stacked_l2_v2,1.7572596073150635,true,/opt/workspace/explorer-env/dataset/ag_data/data/world_model/quentinll/lewm-pusht/ckpt/pusht_lewm_noise_0to003_p1_seed3073,ok,0.03,0.08,pusht_lewm_noise_0to003_p1_seed3073,PushT,3073
0.3165886402130127,0.7399988157138043,0.8,onset,89.666667,6.374492645263672,4,LeWM,/opt/workspace/explorer-env/dataset/ag_data/data/world_model/quentinll/lewm-pusht/ckpt/pusht_lewm_noise_0to003_p1_seed3073/pusht_lewm_noise_0to003_p1_seed3073_epoch_10_object.ckpt,['/opt/workspace/explorer-env/dataset/ag_data/data/world_model/quentinll/lewm-pusht/ckpt/pusht_lewm_noise_0to003_p1_seed3073'],16,per_anchor_mean_then_checkpoint_quantile,5,80.666667,horizon_weighted_stacked_l2_v2,1.6448534727096558,true,/opt/workspace/explorer-env/dataset/ag_data/data/world_model/quentinll/lewm-pusht/ckpt/pusht_lewm_noise_0to003_p1_seed3073,ok,0.03,0.08,pusht_lewm_noise_0to003_p1_seed3073,PushT,3073
0.42309537529945374,0.7399988157138043,0.9,onset,89.666667,6.374492645263672,4,LeWM,/opt/workspace/explorer-env/dataset/ag_data/data/world_model/quentinll/lewm-pusht/ckpt/pusht_lewm_noise_0to003_p1_seed3073/pusht_lewm_noise_0to003_p1_seed3073_epoch_10_object.ckpt,['/opt/workspace/explorer-env/dataset/ag_data/data/world_model/quentinll/lewm-pusht/ckpt/pusht_lewm_noise_0to003_p1_seed3073'],16,per_anchor_mean_then_checkpoint_quantile,5,80.666667,horizon_weighted_stacked_l2_v2,1.7835562229156494,true,/opt/workspace/explorer-env/dataset/ag_data/data/world_model/quentinll/lewm-pusht/ckpt/pusht_lewm_noise_0to003_p1_seed3073,ok,0.03,0.08,pusht_lewm_noise_0to003_p1_seed3073,PushT,3073
0.5711672306060791,0.7399988157138043,0.95,onset,89.666667,6.374492645263672,4,LeWM,/opt/workspace/explorer-env/dataset/ag_data/data/world_model/quentinll/lewm-pusht/ckpt/pusht_lewm_noise_0to003_p1_seed3073/pusht_lewm_noise_0to003_p1_seed3073_epoch_10_object.ckpt,['/opt/workspace/explorer-env/dataset/ag_data/data/world_model/quentinll/lewm-pusht/ckpt/pusht_lewm_noise_0to003_p1_seed3073'],16,per_anchor_mean_then_checkpoint_quantile,5,80.666667,horizon_weighted_stacked_l2_v2,1.8793631792068481,true,/opt/workspace/explorer-env/dataset/ag_data/data/world_model/quentinll/lewm-pusht/ckpt/pusht_lewm_noise_0to003_p1_seed3073,ok,0.03,0.08,pusht_lewm_noise_0to003_p1_seed3073,PushT,3073
0.40058380365371704,0.7399988157138043,0.8,onset,89.666667,6.636920928955078,8,LeWM,/opt/workspace/explorer-env/dataset/ag_data/data/world_model/quentinll/lewm-pusht/ckpt/pusht_lewm_noise_0to003_p1_seed3073/pusht_lewm_noise_0to003_p1_seed3073_epoch_10_object.ckpt,['/opt/workspace/explorer-env/dataset/ag_data/data/world_model/quentinll/lewm-pusht/ckpt/pusht_lewm_noise_0to003_p1_seed3073'],16,per_anchor_mean_then_checkpoint_quantile,5,80.666667,horizon_weighted_stacked_l2_v2,2.115251302719116,true,/opt/workspace/explorer-env/dataset/ag_data/data/world_model/quentinll/lewm-pusht/ckpt/pusht_lewm_noise_0to003_p1_seed3073,ok,0.03,0.08,pusht_lewm_noise_0to003_p1_seed3073,PushT,3073
0.4691202640533447,0.7399988157138043,0.9,onset,89.666667,6.636920928955078,8,LeWM,/opt/workspace/explorer-env/dataset/ag_data/data/world_model/quentinll/lewm-pusht/ckpt/pusht_lewm_noise_0to003_p1_seed3073/pusht_lewm_noise_0to003_p1_seed3073_epoch_10_object.ckpt,['/opt/workspace/explorer-env/dataset/ag_data/data/world_model/quentinll/lewm-pusht/ckpt/pusht_lewm_noise_0to003_p1_seed3073'],16,per_anchor_mean_then_checkpoint_quantile,5,80.666667,horizon_weighted_stacked_l2_v2,2.4759113788604736,true,/opt/workspace/explorer-env/dataset/ag_data/data/world_model/quentinll/lewm-pusht/ckpt/pusht_lewm_noise_0to003_p1_seed3073,ok,0.03,0.08,pusht_lewm_noise_0to003_p1_seed3073,PushT,3073
0.49130454659461975,0.7399988157138043,0.95,onset,89.666667,6.636920928955078,8,LeWM,/opt/workspace/explorer-env/dataset/ag_data/data/world_model/quentinll/lewm-pusht/ckpt/pusht_lewm_noise_0to003_p1_seed3073/pusht_lewm_noise_0to003_p1_seed3073_epoch_10_object.ckpt,['/opt/workspace/explorer-env/dataset/ag_data/data/world_model/quentinll/lewm-pusht/ckpt/pusht_lewm_noise_0to003_p1_seed3073'],16,per_anchor_mean_then_checkpoint_quantile,5,80.666667,horizon_weighted_stacked_l2_v2,2.8197388648986816,true,/opt/workspace/explorer-env/dataset/ag_data/data/world_model/quentinll/lewm-pusht/ckpt/pusht_lewm_noise_0to003_p1_seed3073,ok,0.03,0.08,pusht_lewm_noise_0to003_p1_seed3073,PushT,3073
0.16989243030548096,0.2663277454467475,0.8,endpoint,84.666667,4.903774738311768,1,LeWM,/opt/workspace/explorer-env/dataset/ag_data/data/world_model/quentinll/lewm-pusht/ckpt/pusht_lewm_noise_0to008_p1_seed3073/pusht_lewm_noise_0to008_p1_seed3073_epoch_10_object.ckpt,['/opt/workspace/explorer-env/dataset/ag_data/data/world_model/quentinll/lewm-pusht/ckpt/pusht_lewm_noise_0to008_p1_seed3073'],16,per_anchor_mean_then_checkpoint_quantile,5,81.0,horizon_weighted_stacked_l2_v2,0.6931175589561462,true,/opt/workspace/explorer-env/dataset/ag_data/data/world_model/quentinll/lewm-pusht/ckpt/pusht_lewm_noise_0to008_p1_seed3073,ok,0.08,0.08,pusht_lewm_noise_0to008_p1_seed3073,PushT,3073
0.24630866944789886,0.2663277454467475,0.9,endpoint,84.666667,4.903774738311768,1,LeWM,/opt/workspace/explorer-env/dataset/ag_data/data/world_model/quentinll/lewm-pusht/ckpt/pusht_lewm_noise_0to008_p1_seed3073/pusht_lewm_noise_0to008_p1_seed3073_epoch_10_object.ckpt,['/opt/workspace/explorer-env/dataset/ag_data/data/world_model/quentinll/lewm-pusht/ckpt/pusht_lewm_noise_0to008_p1_seed3073'],16,per_anchor_mean_then_checkpoint_quantile,5,81.0,horizon_weighted_stacked_l2_v2,0.7671441435813904,true,/opt/workspace/explorer-env/dataset/ag_data/data/world_model/quentinll/lewm-pusht/ckpt/pusht_lewm_noise_0to008_p1_seed3073,ok,0.08,0.08,pusht_lewm_noise_0to008_p1_seed3073,PushT,3073
0.2989875078201294,0.2663277454467475,0.95,endpoint,84.666667,4.903774738311768,1,LeWM,/opt/workspace/explorer-env/dataset/ag_data/data/world_model/quentinll/lewm-pusht/ckpt/pusht_lewm_noise_0to008_p1_seed3073/pusht_lewm_noise_0to008_p1_seed3073_epoch_10_object.ckpt,['/opt/workspace/explorer-env/dataset/ag_data/data/world_model/quentinll/lewm-pusht/ckpt/pusht_lewm_noise_0to008_p1_seed3073'],16,per_anchor_mean_then_checkpoint_quantile,5,81.0,horizon_weighted_stacked_l2_v2,0.8334817290306091,true,/opt/workspace/explorer-env/dataset/ag_data/data/world_model/quentinll/lewm-pusht/ckpt/pusht_lewm_noise_0to008_p1_seed3073,ok,0.08,0.08,pusht_lewm_noise_0to008_p1_seed3073,PushT,3073
0.16494853794574738,0.2663277454467475,0.8,endpoint,84.666667,5.23417854309082,2,LeWM,/opt/workspace/explorer-env/dataset/ag_data/data/world_model/quentinll/lewm-pusht/ckpt/pusht_lewm_noise_0to008_p1_seed3073/pusht_lewm_noise_0to008_p1_seed3073_epoch_10_object.ckpt,['/opt/workspace/explorer-env/dataset/ag_data/data/world_model/quentinll/lewm-pusht/ckpt/pusht_lewm_noise_0to008_p1_seed3073'],16,per_anchor_mean_then_checkpoint_quantile,5,81.0,horizon_weighted_stacked_l2_v2,0.6937998533248901,true,/opt/workspace/explorer-env/dataset/ag_data/data/world_model/quentinll/lewm-pusht/ckpt/pusht_lewm_noise_0to008_p1_seed3073,ok,0.08,0.08,pusht_lewm_noise_0to008_p1_seed3073,PushT,3073
0.23674573004245758,0.2663277454467475,0.9,endpoint,84.666667,5.23417854309082,2,LeWM,/opt/workspace/explorer-env/dataset/ag_data/data/world_model/quentinll/lewm-pusht/ckpt/pusht_lewm_noise_0to008_p1_seed3073/pusht_lewm_noise_0to008_p1_seed3073_epoch_10_object.ckpt,['/opt/workspace/explorer-env/dataset/ag_data/data/world_model/quentinll/lewm-pusht/ckpt/pusht_lewm_noise_0to008_p1_seed3073'],16,per_anchor_mean_then_checkpoint_quantile,5,81.0,horizon_weighted_stacked_l2_v2,0.755082368850708,true,/opt/workspace/explorer-env/dataset/ag_data/data/world_model/quentinll/lewm-pusht/ckpt/pusht_lewm_noise_0to008_p1_seed3073,ok,0.08,0.08,pusht_lewm_noise_0to008_p1_seed3073,PushT,3073
0.3375014364719391,0.2663277454467475,0.95,endpoint,84.666667,5.23417854309082,2,LeWM,/opt/workspace/explorer-env/dataset/ag_data/data/world_model/quentinll/lewm-pusht/ckpt/pusht_lewm_noise_0to008_p1_seed3073/pusht_lewm_noise_0to008_p1_seed3073_epoch_10_object.ckpt,['/opt/workspace/explorer-env/dataset/ag_data/data/world_model/quentinll/lewm-pusht/ckpt/pusht_lewm_noise_0to008_p1_seed3073'],16,per_anchor_mean_then_checkpoint_quantile,5,81.0,horizon_weighted_stacked_l2_v2,0.8153406381607056,true,/opt/workspace/explorer-env/dataset/ag_data/data/world_model/quentinll/lewm-pusht/ckpt/pusht_lewm_noise_0to008_p1_seed3073,ok,0.08,0.08,pusht_lewm_noise_0to008_p1_seed3073,PushT,3073
0.1511191874742508,0.2663277454467475,0.8,endpoint,84.666667,5.955801963806152,4,LeWM,/opt/workspace/explorer-env/dataset/ag_data/data/world_model/quentinll/lewm-pusht/ckpt/pusht_lewm_noise_0to008_p1_seed3073/pusht_lewm_noise_0to008_p1_seed3073_epoch_10_object.ckpt,['/opt/workspace/explorer-env/dataset/ag_data/data/world_model/quentinll/lewm-pusht/ckpt/pusht_lewm_noise_0to008_p1_seed3073'],16,per_anchor_mean_then_checkpoint_quantile,5,81.0,horizon_weighted_stacked_l2_v2,0.7414781451225281,true,/opt/workspace/explorer-env/dataset/ag_data/data/world_model/quentinll/lewm-pusht/ckpt/pusht_lewm_noise_0to008_p1_seed3073,ok,0.08,0.08,pusht_lewm_noise_0to008_p1_seed3073,PushT,3073
0.2155337631702423,0.2663277454467475,0.9,endpoint,84.666667,5.955801963806152,4,LeWM,/opt/workspace/explorer-env/dataset/ag_data/data/world_model/quentinll/lewm-pusht/ckpt/pusht_lewm_noise_0to008_p1_seed3073/pusht_lewm_noise_0to008_p1_seed3073_epoch_10_object.ckpt,['/opt/workspace/explorer-env/dataset/ag_data/data/world_model/quentinll/lewm-pusht/ckpt/pusht_lewm_noise_0to008_p1_seed3073'],16,per_anchor_mean_then_checkpoint_quantile,5,81.0,horizon_weighted_stacked_l2_v2,0.8092899322509766,true,/opt/workspace/explorer-env/dataset/ag_data/data/world_model/quentinll/lewm-pusht/ckpt/pusht_lewm_noise_0to008_p1_seed3073,ok,0.08,0.08,pusht_lewm_noise_0to008_p1_seed3073,PushT,3073
0.27503693103790283,0.2663277454467475,0.95,endpoint,84.666667,5.955801963806152,4,LeWM,/opt/workspace/explorer-env/dataset/ag_data/data/world_model/quentinll/lewm-pusht/ckpt/pusht_lewm_noise_0to008_p1_seed3073/pusht_lewm_noise_0to008_p1_seed3073_epoch_10_object.ckpt,['/opt/workspace/explorer-env/dataset/ag_data/data/world_model/quentinll/lewm-pusht/ckpt/pusht_lewm_noise_0to008_p1_seed3073'],16,per_anchor_mean_then_checkpoint_quantile,5,81.0,horizon_weighted_stacked_l2_v2,0.8382663726806641,true,/opt/workspace/explorer-env/dataset/ag_data/data/world_model/quentinll/lewm-pusht/ckpt/pusht_lewm_noise_0to008_p1_seed3073,ok,0.08,0.08,pusht_lewm_noise_0to008_p1_seed3073,PushT,3073
0.16828934848308563,0.2663277454467475,0.8,endpoint,84.666667,6.215798377990723,8,LeWM,/opt/workspace/explorer-env/dataset/ag_data/data/world_model/quentinll/lewm-pusht/ckpt/pusht_lewm_noise_0to008_p1_seed3073/pusht_lewm_noise_0to008_p1_seed3073_epoch_10_object.ckpt,['/opt/workspace/explorer-env/dataset/ag_data/data/world_model/quentinll/lewm-pusht/ckpt/pusht_lewm_noise_0to008_p1_seed3073'],16,per_anchor_mean_then_checkpoint_quantile,5,81.0,horizon_weighted_stacked_l2_v2,1.03312349319458,true,/opt/workspace/explorer-env/dataset/ag_data/data/world_model/quentinll/lewm-pusht/ckpt/pusht_lewm_noise_0to008_p1_seed3073,ok,0.08,0.08,pusht_lewm_noise_0to008_p1_seed3073,PushT,3073
0.18163175880908966,0.2663277454467475,0.9,endpoint,84.666667,6.215798377990723,8,LeWM,/opt/workspace/explorer-env/dataset/ag_data/data/world_model/quentinll/lewm-pusht/ckpt/pusht_lewm_noise_0to008_p1_seed3073/pusht_lewm_noise_0to008_p1_seed3073_epoch_10_object.ckpt,['/opt/workspace/explorer-env/dataset/ag_data/data/world_model/quentinll/lewm-pusht/ckpt/pusht_lewm_noise_0to008_p1_seed3073'],16,per_anchor_mean_then_checkpoint_quantile,5,81.0,horizon_weighted_stacked_l2_v2,1.1574591398239136,true,/opt/workspace/explorer-env/dataset/ag_data/data/world_model/quentinll/lewm-pusht/ckpt/pusht_lewm_noise_0to008_p1_seed3073,ok,0.08,0.08,pusht_lewm_noise_0to008_p1_seed3073,PushT,3073
0.19013787806034088,0.2663277454467475,0.95,endpoint,84.666667,6.215798377990723,8,LeWM,/opt/workspace/explorer-env/dataset/ag_data/data/world_model/quentinll/lewm-pusht/ckpt/pusht_lewm_noise_0to008_p1_seed3073/pusht_lewm_noise_0to008_p1_seed3073_epoch_10_object.ckpt,['/opt/workspace/explorer-env/dataset/ag_data/data/world_model/quentinll/lewm-pusht/ckpt/pusht_lewm_noise_0to008_p1_seed3073'],16,per_anchor_mean_then_checkpoint_quantile,5,81.0,horizon_weighted_stacked_l2_v2,1.2476766109466553,true,/opt/workspace/explorer-env/dataset/ag_data/data/world_model/quentinll/lewm-pusht/ckpt/pusht_lewm_noise_0to008_p1_seed3073,ok,0.08,0.08,pusht_lewm_noise_0to008_p1_seed3073,PushT,3073
2.5030553340911865,3.368840925923857,0.8,base,84.0,4.73482608795166,1,LeWM,/opt/workspace/explorer-env/dataset/ag_data/data/world_model/quentinll/lewm-pusht/ckpt/pusht_lewm_baseline_seed3074/pusht_lewm_baseline_seed3074_epoch_10_object.ckpt,['/opt/workspace/explorer-env/dataset/ag_data/data/world_model/quentinll/lewm-pusht/ckpt/pusht_lewm_baseline_seed3074'],16,per_anchor_mean_then_checkpoint_quantile,5,15.333333,horizon_weighted_stacked_l2_v2,11.125487327575684,false,/opt/workspace/explorer-env/dataset/ag_data/data/world_model/quentinll/lewm-pusht/ckpt/pusht_lewm_baseline_seed3074,ok,0.00,0.08,pusht_lewm_baseline_seed3074,PushT,3074
3.261648178100586,3.368840925923857,0.9,base,84.0,4.73482608795166,1,LeWM,/opt/workspace/explorer-env/dataset/ag_data/data/world_model/quentinll/lewm-pusht/ckpt/pusht_lewm_baseline_seed3074/pusht_lewm_baseline_seed3074_epoch_10_object.ckpt,['/opt/workspace/explorer-env/dataset/ag_data/data/world_model/quentinll/lewm-pusht/ckpt/pusht_lewm_baseline_seed3074'],16,per_anchor_mean_then_checkpoint_quantile,5,15.333333,horizon_weighted_stacked_l2_v2,11.597480773925781,false,/opt/workspace/explorer-env/dataset/ag_data/data/world_model/quentinll/lewm-pusht/ckpt/pusht_lewm_baseline_seed3074,ok,0.00,0.08,pusht_lewm_baseline_seed3074,PushT,3074
5.244382858276367,3.368840925923857,0.95,base,84.0,4.73482608795166,1,LeWM,/opt/workspace/explorer-env/dataset/ag_data/data/world_model/quentinll/lewm-pusht/ckpt/pusht_lewm_baseline_seed3074/pusht_lewm_baseline_seed3074_epoch_10_object.ckpt,['/opt/workspace/explorer-env/dataset/ag_data/data/world_model/quentinll/lewm-pusht/ckpt/pusht_lewm_baseline_seed3074'],16,per_anchor_mean_then_checkpoint_quantile,5,15.333333,horizon_weighted_stacked_l2_v2,11.797433853149414,false,/opt/workspace/explorer-env/dataset/ag_data/data/world_model/quentinll/lewm-pusht/ckpt/pusht_lewm_baseline_seed3074,ok,0.00,0.08,pusht_lewm_baseline_seed3074,PushT,3074
2.114004611968994,3.368840925923857,0.8,base,84.0,5.923144340515137,2,LeWM,/opt/workspace/explorer-env/dataset/ag_data/data/world_model/quentinll/lewm-pusht/ckpt/pusht_lewm_baseline_seed3074/pusht_lewm_baseline_seed3074_epoch_10_object.ckpt,['/opt/workspace/explorer-env/dataset/ag_data/data/world_model/quentinll/lewm-pusht/ckpt/pusht_lewm_baseline_seed3074'],16,per_anchor_mean_then_checkpoint_quantile,5,15.333333,horizon_weighted_stacked_l2_v2,12.033065795898438,false,/opt/workspace/explorer-env/dataset/ag_data/data/world_model/quentinll/lewm-pusht/ckpt/pusht_lewm_baseline_seed3074,ok,0.00,0.08,pusht_lewm_baseline_seed3074,PushT,3074
2.914729118347168,3.368840925923857,0.9,base,84.0,5.923144340515137,2,LeWM,/opt/workspace/explorer-env/dataset/ag_data/data/world_model/quentinll/lewm-pusht/ckpt/pusht_lewm_baseline_seed3074/pusht_lewm_baseline_seed3074_epoch_10_object.ckpt,['/opt/workspace/explorer-env/dataset/ag_data/data/world_model/quentinll/lewm-pusht/ckpt/pusht_lewm_baseline_seed3074'],16,per_anchor_mean_then_checkpoint_quantile,5,15.333333,horizon_weighted_stacked_l2_v2,12.760870933532715,false,/opt/workspace/explorer-env/dataset/ag_data/data/world_model/quentinll/lewm-pusht/ckpt/pusht_lewm_baseline_seed3074,ok,0.00,0.08,pusht_lewm_baseline_seed3074,PushT,3074
4.786663055419922,3.368840925923857,0.95,base,84.0,5.923144340515137,2,LeWM,/opt/workspace/explorer-env/dataset/ag_data/data/world_model/quentinll/lewm-pusht/ckpt/pusht_lewm_baseline_seed3074/pusht_lewm_baseline_seed3074_epoch_10_object.ckpt,['/opt/workspace/explorer-env/dataset/ag_data/data/world_model/quentinll/lewm-pusht/ckpt/pusht_lewm_baseline_seed3074'],16,per_anchor_mean_then_checkpoint_quantile,5,15.333333,horizon_weighted_stacked_l2_v2,13.316200256347656,false,/opt/workspace/explorer-env/dataset/ag_data/data/world_model/quentinll/lewm-pusht/ckpt/pusht_lewm_baseline_seed3074,ok,0.00,0.08,pusht_lewm_baseline_seed3074,PushT,3074
2.96992826461792,3.368840925923857,0.8,base,84.0,5.790246486663818,4,LeWM,/opt/workspace/explorer-env/dataset/ag_data/data/world_model/quentinll/lewm-pusht/ckpt/pusht_lewm_baseline_seed3074/pusht_lewm_baseline_seed3074_epoch_10_object.ckpt,['/opt/workspace/explorer-env/dataset/ag_data/data/world_model/quentinll/lewm-pusht/ckpt/pusht_lewm_baseline_seed3074'],16,per_anchor_mean_then_checkpoint_quantile,5,15.333333,horizon_weighted_stacked_l2_v2,14.44389533996582,false,/opt/workspace/explorer-env/dataset/ag_data/data/world_model/quentinll/lewm-pusht/ckpt/pusht_lewm_baseline_seed3074,ok,0.00,0.08,pusht_lewm_baseline_seed3074,PushT,3074
3.515896797180176,3.368840925923857,0.9,base,84.0,5.790246486663818,4,LeWM,/opt/workspace/explorer-env/dataset/ag_data/data/world_model/quentinll/lewm-pusht/ckpt/pusht_lewm_baseline_seed3074/pusht_lewm_baseline_seed3074_epoch_10_object.ckpt,['/opt/workspace/explorer-env/dataset/ag_data/data/world_model/quentinll/lewm-pusht/ckpt/pusht_lewm_baseline_seed3074'],16,per_anchor_mean_then_checkpoint_quantile,5,15.333333,horizon_weighted_stacked_l2_v2,15.082263946533203,false,/opt/workspace/explorer-env/dataset/ag_data/data/world_model/quentinll/lewm-pusht/ckpt/pusht_lewm_baseline_seed3074,ok,0.00,0.08,pusht_lewm_baseline_seed3074,PushT,3074
4.336066722869873,3.368840925923857,0.95,base,84.0,5.790246486663818,4,LeWM,/opt/workspace/explorer-env/dataset/ag_data/data/world_model/quentinll/lewm-pusht/ckpt/pusht_lewm_baseline_seed3074/pusht_lewm_baseline_seed3074_epoch_10_object.ckpt,['/opt/workspace/explorer-env/dataset/ag_data/data/world_model/quentinll/lewm-pusht/ckpt/pusht_lewm_baseline_seed3074'],16,per_anchor_mean_then_checkpoint_quantile,5,15.333333,horizon_weighted_stacked_l2_v2,15.928888320922852,false,/opt/workspace/explorer-env/dataset/ag_data/data/world_model/quentinll/lewm-pusht/ckpt/pusht_lewm_baseline_seed3074,ok,0.00,0.08,pusht_lewm_baseline_seed3074,PushT,3074
3.603961706161499,3.368840925923857,0.8,base,84.0,5.731276512145996,8,LeWM,/opt/workspace/explorer-env/dataset/ag_data/data/world_model/quentinll/lewm-pusht/ckpt/pusht_lewm_baseline_seed3074/pusht_lewm_baseline_seed3074_epoch_10_object.ckpt,['/opt/workspace/explorer-env/dataset/ag_data/data/world_model/quentinll/lewm-pusht/ckpt/pusht_lewm_baseline_seed3074'],16,per_anchor_mean_then_checkpoint_quantile,5,15.333333,horizon_weighted_stacked_l2_v2,16.56537437438965,false,/opt/workspace/explorer-env/dataset/ag_data/data/world_model/quentinll/lewm-pusht/ckpt/pusht_lewm_baseline_seed3074,ok,0.00,0.08,pusht_lewm_baseline_seed3074,PushT,3074
4.191955089569092,3.368840925923857,0.9,base,84.0,5.731276512145996,8,LeWM,/opt/workspace/explorer-env/dataset/ag_data/data/world_model/quentinll/lewm-pusht/ckpt/pusht_lewm_baseline_seed3074/pusht_lewm_baseline_seed3074_epoch_10_object.ckpt,['/opt/workspace/explorer-env/dataset/ag_data/data/world_model/quentinll/lewm-pusht/ckpt/pusht_lewm_baseline_seed3074'],16,per_anchor_mean_then_checkpoint_quantile,5,15.333333,horizon_weighted_stacked_l2_v2,17.31815528869629,false,/opt/workspace/explorer-env/dataset/ag_data/data/world_model/quentinll/lewm-pusht/ckpt/pusht_lewm_baseline_seed3074,ok,0.00,0.08,pusht_lewm_baseline_seed3074,PushT,3074
4.877453327178955,3.368840925923857,0.95,base,84.0,5.731276512145996,8,LeWM,/opt/workspace/explorer-env/dataset/ag_data/data/world_model/quentinll/lewm-pusht/ckpt/pusht_lewm_baseline_seed3074/pusht_lewm_baseline_seed3074_epoch_10_object.ckpt,['/opt/workspace/explorer-env/dataset/ag_data/data/world_model/quentinll/lewm-pusht/ckpt/pusht_lewm_baseline_seed3074'],16,per_anchor_mean_then_checkpoint_quantile,5,15.333333,horizon_weighted_stacked_l2_v2,18.090238571166992,false,/opt/workspace/explorer-env/dataset/ag_data/data/world_model/quentinll/lewm-pusht/ckpt/pusht_lewm_baseline_seed3074,ok,0.00,0.08,pusht_lewm_baseline_seed3074,PushT,3074
0.4463360011577606,0.6350778064999901,0.8,onset,89.666667,4.529433250427246,1,LeWM,/opt/workspace/explorer-env/dataset/ag_data/data/world_model/quentinll/lewm-pusht/ckpt/pusht_lewm_noise_0to003_p1_seed3074/pusht_lewm_noise_0to003_p1_seed3074_epoch_10_object.ckpt,['/opt/workspace/explorer-env/dataset/ag_data/data/world_model/quentinll/lewm-pusht/ckpt/pusht_lewm_noise_0to003_p1_seed3074'],16,per_anchor_mean_then_checkpoint_quantile,5,84.666667,horizon_weighted_stacked_l2_v2,1.739183783531189,true,/opt/workspace/explorer-env/dataset/ag_data/data/world_model/quentinll/lewm-pusht/ckpt/pusht_lewm_noise_0to003_p1_seed3074,ok,0.03,0.08,pusht_lewm_noise_0to003_p1_seed3074,PushT,3074
0.6287347674369812,0.6350778064999901,0.9,onset,89.666667,4.529433250427246,1,LeWM,/opt/workspace/explorer-env/dataset/ag_data/data/world_model/quentinll/lewm-pusht/ckpt/pusht_lewm_noise_0to003_p1_seed3074/pusht_lewm_noise_0to003_p1_seed3074_epoch_10_object.ckpt,['/opt/workspace/explorer-env/dataset/ag_data/data/world_model/quentinll/lewm-pusht/ckpt/pusht_lewm_noise_0to003_p1_seed3074'],16,per_anchor_mean_then_checkpoint_quantile,5,84.666667,horizon_weighted_stacked_l2_v2,1.962745189666748,true,/opt/workspace/explorer-env/dataset/ag_data/data/world_model/quentinll/lewm-pusht/ckpt/pusht_lewm_noise_0to003_p1_seed3074,ok,0.03,0.08,pusht_lewm_noise_0to003_p1_seed3074,PushT,3074
0.963935375213623,0.6350778064999901,0.95,onset,89.666667,4.529433250427246,1,LeWM,/opt/workspace/explorer-env/dataset/ag_data/data/world_model/quentinll/lewm-pusht/ckpt/pusht_lewm_noise_0to003_p1_seed3074/pusht_lewm_noise_0to003_p1_seed3074_epoch_10_object.ckpt,['/opt/workspace/explorer-env/dataset/ag_data/data/world_model/quentinll/lewm-pusht/ckpt/pusht_lewm_noise_0to003_p1_seed3074'],16,per_anchor_mean_then_checkpoint_quantile,5,84.666667,horizon_weighted_stacked_l2_v2,2.4180946350097656,true,/opt/workspace/explorer-env/dataset/ag_data/data/world_model/quentinll/lewm-pusht/ckpt/pusht_lewm_noise_0to003_p1_seed3074,ok,0.03,0.08,pusht_lewm_noise_0to003_p1_seed3074,PushT,3074
0.3551430404186249,0.6350778064999901,0.8,onset,89.666667,5.816736221313477,2,LeWM,/opt/workspace/explorer-env/dataset/ag_data/data/world_model/quentinll/lewm-pusht/ckpt/pusht_lewm_noise_0to003_p1_seed3074/pusht_lewm_noise_0to003_p1_seed3074_epoch_10_object.ckpt,['/opt/workspace/explorer-env/dataset/ag_data/data/world_model/quentinll/lewm-pusht/ckpt/pusht_lewm_noise_0to003_p1_seed3074'],16,per_anchor_mean_then_checkpoint_quantile,5,84.666667,horizon_weighted_stacked_l2_v2,1.7108004093170166,true,/opt/workspace/explorer-env/dataset/ag_data/data/world_model/quentinll/lewm-pusht/ckpt/pusht_lewm_noise_0to003_p1_seed3074,ok,0.03,0.08,pusht_lewm_noise_0to003_p1_seed3074,PushT,3074
0.5094534754753113,0.6350778064999901,0.9,onset,89.666667,5.816736221313477,2,LeWM,/opt/workspace/explorer-env/dataset/ag_data/data/world_model/quentinll/lewm-pusht/ckpt/pusht_lewm_noise_0to003_p1_seed3074/pusht_lewm_noise_0to003_p1_seed3074_epoch_10_object.ckpt,['/opt/workspace/explorer-env/dataset/ag_data/data/world_model/quentinll/lewm-pusht/ckpt/pusht_lewm_noise_0to003_p1_seed3074'],16,per_anchor_mean_then_checkpoint_quantile,5,84.666667,horizon_weighted_stacked_l2_v2,2.10146427154541,true,/opt/workspace/explorer-env/dataset/ag_data/data/world_model/quentinll/lewm-pusht/ckpt/pusht_lewm_noise_0to003_p1_seed3074,ok,0.03,0.08,pusht_lewm_noise_0to003_p1_seed3074,PushT,3074
0.6928703784942627,0.6350778064999901,0.95,onset,89.666667,5.816736221313477,2,LeWM,/opt/workspace/explorer-env/dataset/ag_data/data/world_model/quentinll/lewm-pusht/ckpt/pusht_lewm_noise_0to003_p1_seed3074/pusht_lewm_noise_0to003_p1_seed3074_epoch_10_object.ckpt,['/opt/workspace/explorer-env/dataset/ag_data/data/world_model/quentinll/lewm-pusht/ckpt/pusht_lewm_noise_0to003_p1_seed3074'],16,per_anchor_mean_then_checkpoint_quantile,5,84.666667,horizon_weighted_stacked_l2_v2,2.303492307662964,true,/opt/workspace/explorer-env/dataset/ag_data/data/world_model/quentinll/lewm-pusht/ckpt/pusht_lewm_noise_0to003_p1_seed3074,ok,0.03,0.08,pusht_lewm_noise_0to003_p1_seed3074,PushT,3074
0.4344409108161926,0.6350778064999901,0.8,onset,89.666667,6.049107074737549,4,LeWM,/opt/workspace/explorer-env/dataset/ag_data/data/world_model/quentinll/lewm-pusht/ckpt/pusht_lewm_noise_0to003_p1_seed3074/pusht_lewm_noise_0to003_p1_seed3074_epoch_10_object.ckpt,['/opt/workspace/explorer-env/dataset/ag_data/data/world_model/quentinll/lewm-pusht/ckpt/pusht_lewm_noise_0to003_p1_seed3074'],16,per_anchor_mean_then_checkpoint_quantile,5,84.666667,horizon_weighted_stacked_l2_v2,1.656807541847229,true,/opt/workspace/explorer-env/dataset/ag_data/data/world_model/quentinll/lewm-pusht/ckpt/pusht_lewm_noise_0to003_p1_seed3074,ok,0.03,0.08,pusht_lewm_noise_0to003_p1_seed3074,PushT,3074
0.5208411812782288,0.6350778064999901,0.9,onset,89.666667,6.049107074737549,4,LeWM,/opt/workspace/explorer-env/dataset/ag_data/data/world_model/quentinll/lewm-pusht/ckpt/pusht_lewm_noise_0to003_p1_seed3074/pusht_lewm_noise_0to003_p1_seed3074_epoch_10_object.ckpt,['/opt/workspace/explorer-env/dataset/ag_data/data/world_model/quentinll/lewm-pusht/ckpt/pusht_lewm_noise_0to003_p1_seed3074'],16,per_anchor_mean_then_checkpoint_quantile,5,84.666667,horizon_weighted_stacked_l2_v2,2.6177992820739746,true,/opt/workspace/explorer-env/dataset/ag_data/data/world_model/quentinll/lewm-pusht/ckpt/pusht_lewm_noise_0to003_p1_seed3074,ok,0.03,0.08,pusht_lewm_noise_0to003_p1_seed3074,PushT,3074
0.6409375667572021,0.6350778064999901,0.95,onset,89.666667,6.049107074737549,4,LeWM,/opt/workspace/explorer-env/dataset/ag_data/data/world_model/quentinll/lewm-pusht/ckpt/pusht_lewm_noise_0to003_p1_seed3074/pusht_lewm_noise_0to003_p1_seed3074_epoch_10_object.ckpt,['/opt/workspace/explorer-env/dataset/ag_data/data/world_model/quentinll/lewm-pusht/ckpt/pusht_lewm_noise_0to003_p1_seed3074'],16,per_anchor_mean_then_checkpoint_quantile,5,84.666667,horizon_weighted_stacked_l2_v2,2.8700826168060303,true,/opt/workspace/explorer-env/dataset/ag_data/data/world_model/quentinll/lewm-pusht/ckpt/pusht_lewm_noise_0to003_p1_seed3074,ok,0.03,0.08,pusht_lewm_noise_0to003_p1_seed3074,PushT,3074
0.5581291913986206,0.6350778064999901,0.8,onset,89.666667,5.8949055671691895,8,LeWM,/opt/workspace/explorer-env/dataset/ag_data/data/world_model/quentinll/lewm-pusht/ckpt/pusht_lewm_noise_0to003_p1_seed3074/pusht_lewm_noise_0to003_p1_seed3074_epoch_10_object.ckpt,['/opt/workspace/explorer-env/dataset/ag_data/data/world_model/quentinll/lewm-pusht/ckpt/pusht_lewm_noise_0to003_p1_seed3074'],16,per_anchor_mean_then_checkpoint_quantile,5,84.666667,horizon_weighted_stacked_l2_v2,1.8951059579849243,true,/opt/workspace/explorer-env/dataset/ag_data/data/world_model/quentinll/lewm-pusht/ckpt/pusht_lewm_noise_0to003_p1_seed3074,ok,0.03,0.08,pusht_lewm_noise_0to003_p1_seed3074,PushT,3074
0.7543742656707764,0.6350778064999901,0.9,onset,89.666667,5.8949055671691895,8,LeWM,/opt/workspace/explorer-env/dataset/ag_data/data/world_model/quentinll/lewm-pusht/ckpt/pusht_lewm_noise_0to003_p1_seed3074/pusht_lewm_noise_0to003_p1_seed3074_epoch_10_object.ckpt,['/opt/workspace/explorer-env/dataset/ag_data/data/world_model/quentinll/lewm-pusht/ckpt/pusht_lewm_noise_0to003_p1_seed3074'],16,per_anchor_mean_then_checkpoint_quantile,5,84.666667,horizon_weighted_stacked_l2_v2,3.7753336429595947,true,/opt/workspace/explorer-env/dataset/ag_data/data/world_model/quentinll/lewm-pusht/ckpt/pusht_lewm_noise_0to003_p1_seed3074,ok,0.03,0.08,pusht_lewm_noise_0to003_p1_seed3074,PushT,3074
0.7907407283782959,0.6350778064999901,0.95,onset,89.666667,5.8949055671691895,8,LeWM,/opt/workspace/explorer-env/dataset/ag_data/data/world_model/quentinll/lewm-pusht/ckpt/pusht_lewm_noise_0to003_p1_seed3074/pusht_lewm_noise_0to003_p1_seed3074_epoch_10_object.ckpt,['/opt/workspace/explorer-env/dataset/ag_data/data/world_model/quentinll/lewm-pusht/ckpt/pusht_lewm_noise_0to003_p1_seed3074'],16,per_anchor_mean_then_checkpoint_quantile,5,84.666667,horizon_weighted_stacked_l2_v2,5.010951042175293,true,/opt/workspace/explorer-env/dataset/ag_data/data/world_model/quentinll/lewm-pusht/ckpt/pusht_lewm_noise_0to003_p1_seed3074,ok,0.03,0.08,pusht_lewm_noise_0to003_p1_seed3074,PushT,3074
0.19617319107055664,0.24924560008746618,0.8,endpoint,87.666667,4.263007164001465,1,LeWM,/opt/workspace/explorer-env/dataset/ag_data/data/world_model/quentinll/lewm-pusht/ckpt/pusht_lewm_noise_0to008_p1_seed3074/pusht_lewm_noise_0to008_p1_seed3074_epoch_10_object.ckpt,['/opt/workspace/explorer-env/dataset/ag_data/data/world_model/quentinll/lewm-pusht/ckpt/pusht_lewm_noise_0to008_p1_seed3074'],16,per_anchor_mean_then_checkpoint_quantile,5,87.333333,horizon_weighted_stacked_l2_v2,0.7405426502227783,true,/opt/workspace/explorer-env/dataset/ag_data/data/world_model/quentinll/lewm-pusht/ckpt/pusht_lewm_noise_0to008_p1_seed3074,ok,0.08,0.08,pusht_lewm_noise_0to008_p1_seed3074,PushT,3074
0.21093256771564484,0.24924560008746618,0.9,endpoint,87.666667,4.263007164001465,1,LeWM,/opt/workspace/explorer-env/dataset/ag_data/data/world_model/quentinll/lewm-pusht/ckpt/pusht_lewm_noise_0to008_p1_seed3074/pusht_lewm_noise_0to008_p1_seed3074_epoch_10_object.ckpt,['/opt/workspace/explorer-env/dataset/ag_data/data/world_model/quentinll/lewm-pusht/ckpt/pusht_lewm_noise_0to008_p1_seed3074'],16,per_anchor_mean_then_checkpoint_quantile,5,87.333333,horizon_weighted_stacked_l2_v2,0.8339220285415649,true,/opt/workspace/explorer-env/dataset/ag_data/data/world_model/quentinll/lewm-pusht/ckpt/pusht_lewm_noise_0to008_p1_seed3074,ok,0.08,0.08,pusht_lewm_noise_0to008_p1_seed3074,PushT,3074
0.4433854818344116,0.24924560008746618,0.95,endpoint,87.666667,4.263007164001465,1,LeWM,/opt/workspace/explorer-env/dataset/ag_data/data/world_model/quentinll/lewm-pusht/ckpt/pusht_lewm_noise_0to008_p1_seed3074/pusht_lewm_noise_0to008_p1_seed3074_epoch_10_object.ckpt,['/opt/workspace/explorer-env/dataset/ag_data/data/world_model/quentinll/lewm-pusht/ckpt/pusht_lewm_noise_0to008_p1_seed3074'],16,per_anchor_mean_then_checkpoint_quantile,5,87.333333,horizon_weighted_stacked_l2_v2,0.8528809547424316,true,/opt/workspace/explorer-env/dataset/ag_data/data/world_model/quentinll/lewm-pusht/ckpt/pusht_lewm_noise_0to008_p1_seed3074,ok,0.08,0.08,pusht_lewm_noise_0to008_p1_seed3074,PushT,3074
0.1326644867658615,0.24924560008746618,0.8,endpoint,87.666667,5.802184581756592,2,LeWM,/opt/workspace/explorer-env/dataset/ag_data/data/world_model/quentinll/lewm-pusht/ckpt/pusht_lewm_noise_0to008_p1_seed3074/pusht_lewm_noise_0to008_p1_seed3074_epoch_10_object.ckpt,['/opt/workspace/explorer-env/dataset/ag_data/data/world_model/quentinll/lewm-pusht/ckpt/pusht_lewm_noise_0to008_p1_seed3074'],16,per_anchor_mean_then_checkpoint_quantile,5,87.333333,horizon_weighted_stacked_l2_v2,0.7207443118095398,true,/opt/workspace/explorer-env/dataset/ag_data/data/world_model/quentinll/lewm-pusht/ckpt/pusht_lewm_noise_0to008_p1_seed3074,ok,0.08,0.08,pusht_lewm_noise_0to008_p1_seed3074,PushT,3074
0.21219205856323242,0.24924560008746618,0.9,endpoint,87.666667,5.802184581756592,2,LeWM,/opt/workspace/explorer-env/dataset/ag_data/data/world_model/quentinll/lewm-pusht/ckpt/pusht_lewm_noise_0to008_p1_seed3074/pusht_lewm_noise_0to008_p1_seed3074_epoch_10_object.ckpt,['/opt/workspace/explorer-env/dataset/ag_data/data/world_model/quentinll/lewm-pusht/ckpt/pusht_lewm_noise_0to008_p1_seed3074'],16,per_anchor_mean_then_checkpoint_quantile,5,87.333333,horizon_weighted_stacked_l2_v2,0.8171795606613159,true,/opt/workspace/explorer-env/dataset/ag_data/data/world_model/quentinll/lewm-pusht/ckpt/pusht_lewm_noise_0to008_p1_seed3074,ok,0.08,0.08,pusht_lewm_noise_0to008_p1_seed3074,PushT,3074
0.4111506938934326,0.24924560008746618,0.95,endpoint,87.666667,5.802184581756592,2,LeWM,/opt/workspace/explorer-env/dataset/ag_data/data/world_model/quentinll/lewm-pusht/ckpt/pusht_lewm_noise_0to008_p1_seed3074/pusht_lewm_noise_0to008_p1_seed3074_epoch_10_object.ckpt,['/opt/workspace/explorer-env/dataset/ag_data/data/world_model/quentinll/lewm-pusht/ckpt/pusht_lewm_noise_0to008_p1_seed3074'],16,per_anchor_mean_then_checkpoint_quantile,5,87.333333,horizon_weighted_stacked_l2_v2,0.8811514973640442,true,/opt/workspace/explorer-env/dataset/ag_data/data/world_model/quentinll/lewm-pusht/ckpt/pusht_lewm_noise_0to008_p1_seed3074,ok,0.08,0.08,pusht_lewm_noise_0to008_p1_seed3074,PushT,3074
0.1960163563489914,0.24924560008746618,0.8,endpoint,87.666667,6.176639080047607,4,LeWM,/opt/workspace/explorer-env/dataset/ag_data/data/world_model/quentinll/lewm-pusht/ckpt/pusht_lewm_noise_0to008_p1_seed3074/pusht_lewm_noise_0to008_p1_seed3074_epoch_10_object.ckpt,['/opt/workspace/explorer-env/dataset/ag_data/data/world_model/quentinll/lewm-pusht/ckpt/pusht_lewm_noise_0to008_p1_seed3074'],16,per_anchor_mean_then_checkpoint_quantile,5,87.333333,horizon_weighted_stacked_l2_v2,0.8997549414634705,true,/opt/workspace/explorer-env/dataset/ag_data/data/world_model/quentinll/lewm-pusht/ckpt/pusht_lewm_noise_0to008_p1_seed3074,ok,0.08,0.08,pusht_lewm_noise_0to008_p1_seed3074,PushT,3074
0.2271863967180252,0.24924560008746618,0.9,endpoint,87.666667,6.176639080047607,4,LeWM,/opt/workspace/explorer-env/dataset/ag_data/data/world_model/quentinll/lewm-pusht/ckpt/pusht_lewm_noise_0to008_p1_seed3074/pusht_lewm_noise_0to008_p1_seed3074_epoch_10_object.ckpt,['/opt/workspace/explorer-env/dataset/ag_data/data/world_model/quentinll/lewm-pusht/ckpt/pusht_lewm_noise_0to008_p1_seed3074'],16,per_anchor_mean_then_checkpoint_quantile,5,87.333333,horizon_weighted_stacked_l2_v2,0.9044525623321533,true,/opt/workspace/explorer-env/dataset/ag_data/data/world_model/quentinll/lewm-pusht/ckpt/pusht_lewm_noise_0to008_p1_seed3074,ok,0.08,0.08,pusht_lewm_noise_0to008_p1_seed3074,PushT,3074
0.3380679488182068,0.24924560008746618,0.95,endpoint,87.666667,6.176639080047607,4,LeWM,/opt/workspace/explorer-env/dataset/ag_data/data/world_model/quentinll/lewm-pusht/ckpt/pusht_lewm_noise_0to008_p1_seed3074/pusht_lewm_noise_0to008_p1_seed3074_epoch_10_object.ckpt,['/opt/workspace/explorer-env/dataset/ag_data/data/world_model/quentinll/lewm-pusht/ckpt/pusht_lewm_noise_0to008_p1_seed3074'],16,per_anchor_mean_then_checkpoint_quantile,5,87.333333,horizon_weighted_stacked_l2_v2,0.9096633195877075,true,/opt/workspace/explorer-env/dataset/ag_data/data/world_model/quentinll/lewm-pusht/ckpt/pusht_lewm_noise_0to008_p1_seed3074,ok,0.08,0.08,pusht_lewm_noise_0to008_p1_seed3074,PushT,3074
0.26659584045410156,0.24924560008746618,0.8,endpoint,87.666667,5.747018337249756,8,LeWM,/opt/workspace/explorer-env/dataset/ag_data/data/world_model/quentinll/lewm-pusht/ckpt/pusht_lewm_noise_0to008_p1_seed3074/pusht_lewm_noise_0to008_p1_seed3074_epoch_10_object.ckpt,['/opt/workspace/explorer-env/dataset/ag_data/data/world_model/quentinll/lewm-pusht/ckpt/pusht_lewm_noise_0to008_p1_seed3074'],16,per_anchor_mean_then_checkpoint_quantile,5,87.333333,horizon_weighted_stacked_l2_v2,1.2935054302215576,true,/opt/workspace/explorer-env/dataset/ag_data/data/world_model/quentinll/lewm-pusht/ckpt/pusht_lewm_noise_0to008_p1_seed3074,ok,0.08,0.08,pusht_lewm_noise_0to008_p1_seed3074,PushT,3074
0.3648998737335205,0.24924560008746618,0.9,endpoint,87.666667,5.747018337249756,8,LeWM,/opt/workspace/explorer-env/dataset/ag_data/data/world_model/quentinll/lewm-pusht/ckpt/pusht_lewm_noise_0to008_p1_seed3074/pusht_lewm_noise_0to008_p1_seed3074_epoch_10_object.ckpt,['/opt/workspace/explorer-env/dataset/ag_data/data/world_model/quentinll/lewm-pusht/ckpt/pusht_lewm_noise_0to008_p1_seed3074'],16,per_anchor_mean_then_checkpoint_quantile,5,87.333333,horizon_weighted_stacked_l2_v2,1.8074595928192139,true,/opt/workspace/explorer-env/dataset/ag_data/data/world_model/quentinll/lewm-pusht/ckpt/pusht_lewm_noise_0to008_p1_seed3074,ok,0.08,0.08,pusht_lewm_noise_0to008_p1_seed3074,PushT,3074
0.4298017919063568,0.24924560008746618,0.95,endpoint,87.666667,5.747018337249756,8,LeWM,/opt/workspace/explorer-env/dataset/ag_data/data/world_model/quentinll/lewm-pusht/ckpt/pusht_lewm_noise_0to008_p1_seed3074/pusht_lewm_noise_0to008_p1_seed3074_epoch_10_object.ckpt,['/opt/workspace/explorer-env/dataset/ag_data/data/world_model/quentinll/lewm-pusht/ckpt/pusht_lewm_noise_0to008_p1_seed3074'],16,per_anchor_mean_then_checkpoint_quantile,5,87.333333,horizon_weighted_stacked_l2_v2,2.091217517852783,true,/opt/workspace/explorer-env/dataset/ag_data/data/world_model/quentinll/lewm-pusht/ckpt/pusht_lewm_noise_0to008_p1_seed3074,ok,0.08,0.08,pusht_lewm_noise_0to008_p1_seed3074,PushT,3074
2.0578250885009766,2.612153470267934,0.8,base,58.666666666666664,8.723489761352539,1,LeWM,/opt/workspace/explorer-env/dataset/ag_data/data/world_model/quentinll/lewm-reacher/ckpt/reacher_lewm_20260430/reacher_lewm_20260430_epoch_10_object.ckpt,['/opt/workspace/explorer-env/dataset/ag_data/data/world_model/quentinll/lewm-reacher/ckpt/reacher_lewm_20260430'],16,per_anchor_mean_then_checkpoint_quantile,5,18.333333333333332,horizon_weighted_stacked_l2_v2,16.3206844329834,false,/opt/workspace/explorer-env/dataset/ag_data/data/world_model/quentinll/lewm-reacher/ckpt/reacher_lewm_20260430,ok,0.00,0.08,reacher_lewm_20260430,Reacher,3072
2.223128318786621,2.612153470267934,0.9,base,58.666666666666664,8.723489761352539,1,LeWM,/opt/workspace/explorer-env/dataset/ag_data/data/world_model/quentinll/lewm-reacher/ckpt/reacher_lewm_20260430/reacher_lewm_20260430_epoch_10_object.ckpt,['/opt/workspace/explorer-env/dataset/ag_data/data/world_model/quentinll/lewm-reacher/ckpt/reacher_lewm_20260430'],16,per_anchor_mean_then_checkpoint_quantile,5,18.333333333333332,horizon_weighted_stacked_l2_v2,17.756912231445312,false,/opt/workspace/explorer-env/dataset/ag_data/data/world_model/quentinll/lewm-reacher/ckpt/reacher_lewm_20260430,ok,0.00,0.08,reacher_lewm_20260430,Reacher,3072
2.629986524581909,2.612153470267934,0.95,base,58.666666666666664,8.723489761352539,1,LeWM,/opt/workspace/explorer-env/dataset/ag_data/data/world_model/quentinll/lewm-reacher/ckpt/reacher_lewm_20260430/reacher_lewm_20260430_epoch_10_object.ckpt,['/opt/workspace/explorer-env/dataset/ag_data/data/world_model/quentinll/lewm-reacher/ckpt/reacher_lewm_20260430'],16,per_anchor_mean_then_checkpoint_quantile,5,18.333333333333332,horizon_weighted_stacked_l2_v2,18.389711380004883,false,/opt/workspace/explorer-env/dataset/ag_data/data/world_model/quentinll/lewm-reacher/ckpt/reacher_lewm_20260430,ok,0.00,0.08,reacher_lewm_20260430,Reacher,3072
2.165483236312866,2.612153470267934,0.8,base,58.666666666666664,7.997208595275879,2,LeWM,/opt/workspace/explorer-env/dataset/ag_data/data/world_model/quentinll/lewm-reacher/ckpt/reacher_lewm_20260430/reacher_lewm_20260430_epoch_10_object.ckpt,['/opt/workspace/explorer-env/dataset/ag_data/data/world_model/quentinll/lewm-reacher/ckpt/reacher_lewm_20260430'],16,per_anchor_mean_then_checkpoint_quantile,5,18.333333333333332,horizon_weighted_stacked_l2_v2,15.837661743164062,false,/opt/workspace/explorer-env/dataset/ag_data/data/world_model/quentinll/lewm-reacher/ckpt/reacher_lewm_20260430,ok,0.00,0.08,reacher_lewm_20260430,Reacher,3072
2.3943405151367188,2.612153470267934,0.9,base,58.666666666666664,7.997208595275879,2,LeWM,/opt/workspace/explorer-env/dataset/ag_data/data/world_model/quentinll/lewm-reacher/ckpt/reacher_lewm_20260430/reacher_lewm_20260430_epoch_10_object.ckpt,['/opt/workspace/explorer-env/dataset/ag_data/data/world_model/quentinll/lewm-reacher/ckpt/reacher_lewm_20260430'],16,per_anchor_mean_then_checkpoint_quantile,5,18.333333333333332,horizon_weighted_stacked_l2_v2,17.313182830810547,false,/opt/workspace/explorer-env/dataset/ag_data/data/world_model/quentinll/lewm-reacher/ckpt/reacher_lewm_20260430,ok,0.00,0.08,reacher_lewm_20260430,Reacher,3072
2.550640106201172,2.612153470267934,0.95,base,58.666666666666664,7.997208595275879,2,LeWM,/opt/workspace/explorer-env/dataset/ag_data/data/world_model/quentinll/lewm-reacher/ckpt/reacher_lewm_20260430/reacher_lewm_20260430_epoch_10_object.ckpt,['/opt/workspace/explorer-env/dataset/ag_data/data/world_model/quentinll/lewm-reacher/ckpt/reacher_lewm_20260430'],16,per_anchor_mean_then_checkpoint_quantile,5,18.333333333333332,horizon_weighted_stacked_l2_v2,17.837196350097656,false,/opt/workspace/explorer-env/dataset/ag_data/data/world_model/quentinll/lewm-reacher/ckpt/reacher_lewm_20260430,ok,0.00,0.08,reacher_lewm_20260430,Reacher,3072
2.022874593734741,2.612153470267934,0.8,base,58.666666666666664,7.96691370010376,4,LeWM,/opt/workspace/explorer-env/dataset/ag_data/data/world_model/quentinll/lewm-reacher/ckpt/reacher_lewm_20260430/reacher_lewm_20260430_epoch_10_object.ckpt,['/opt/workspace/explorer-env/dataset/ag_data/data/world_model/quentinll/lewm-reacher/ckpt/reacher_lewm_20260430'],16,per_anchor_mean_then_checkpoint_quantile,5,18.333333333333332,horizon_weighted_stacked_l2_v2,14.932565689086914,false,/opt/workspace/explorer-env/dataset/ag_data/data/world_model/quentinll/lewm-reacher/ckpt/reacher_lewm_20260430,ok,0.00,0.08,reacher_lewm_20260430,Reacher,3072
2.272754192352295,2.612153470267934,0.9,base,58.666666666666664,7.96691370010376,4,LeWM,/opt/workspace/explorer-env/dataset/ag_data/data/world_model/quentinll/lewm-reacher/ckpt/reacher_lewm_20260430/reacher_lewm_20260430_epoch_10_object.ckpt,['/opt/workspace/explorer-env/dataset/ag_data/data/world_model/quentinll/lewm-reacher/ckpt/reacher_lewm_20260430'],16,per_anchor_mean_then_checkpoint_quantile,5,18.333333333333332,horizon_weighted_stacked_l2_v2,16.640701293945312,false,/opt/workspace/explorer-env/dataset/ag_data/data/world_model/quentinll/lewm-reacher/ckpt/reacher_lewm_20260430,ok,0.00,0.08,reacher_lewm_20260430,Reacher,3072
2.594754219055176,2.612153470267934,0.95,base,58.666666666666664,7.96691370010376,4,LeWM,/opt/workspace/explorer-env/dataset/ag_data/data/world_model/quentinll/lewm-reacher/ckpt/reacher_lewm_20260430/reacher_lewm_20260430_epoch_10_object.ckpt,['/opt/workspace/explorer-env/dataset/ag_data/data/world_model/quentinll/lewm-reacher/ckpt/reacher_lewm_20260430'],16,per_anchor_mean_then_checkpoint_quantile,5,18.333333333333332,horizon_weighted_stacked_l2_v2,17.35567855834961,false,/opt/workspace/explorer-env/dataset/ag_data/data/world_model/quentinll/lewm-reacher/ckpt/reacher_lewm_20260430,ok,0.00,0.08,reacher_lewm_20260430,Reacher,3072
2.28246808052063,2.612153470267934,0.8,base,58.666666666666664,7.192756652832031,8,LeWM,/opt/workspace/explorer-env/dataset/ag_data/data/world_model/quentinll/lewm-reacher/ckpt/reacher_lewm_20260430/reacher_lewm_20260430_epoch_10_object.ckpt,['/opt/workspace/explorer-env/dataset/ag_data/data/world_model/quentinll/lewm-reacher/ckpt/reacher_lewm_20260430'],16,per_anchor_mean_then_checkpoint_quantile,5,18.333333333333332,horizon_weighted_stacked_l2_v2,15.631848335266113,false,/opt/workspace/explorer-env/dataset/ag_data/data/world_model/quentinll/lewm-reacher/ckpt/reacher_lewm_20260430,ok,0.00,0.08,reacher_lewm_20260430,Reacher,3072
2.363497495651245,2.612153470267934,0.9,base,58.666666666666664,7.192756652832031,8,LeWM,/opt/workspace/explorer-env/dataset/ag_data/data/world_model/quentinll/lewm-reacher/ckpt/reacher_lewm_20260430/reacher_lewm_20260430_epoch_10_object.ckpt,['/opt/workspace/explorer-env/dataset/ag_data/data/world_model/quentinll/lewm-reacher/ckpt/reacher_lewm_20260430'],16,per_anchor_mean_then_checkpoint_quantile,5,18.333333333333332,horizon_weighted_stacked_l2_v2,16.730052947998047,false,/opt/workspace/explorer-env/dataset/ag_data/data/world_model/quentinll/lewm-reacher/ckpt/reacher_lewm_20260430,ok,0.00,0.08,reacher_lewm_20260430,Reacher,3072
2.4176690578460693,2.612153470267934,0.95,base,58.666666666666664,7.192756652832031,8,LeWM,/opt/workspace/explorer-env/dataset/ag_data/data/world_model/quentinll/lewm-reacher/ckpt/reacher_lewm_20260430/reacher_lewm_20260430_epoch_10_object.ckpt,['/opt/workspace/explorer-env/dataset/ag_data/data/world_model/quentinll/lewm-reacher/ckpt/reacher_lewm_20260430'],16,per_anchor_mean_then_checkpoint_quantile,5,18.333333333333332,horizon_weighted_stacked_l2_v2,17.547029495239258,false,/opt/workspace/explorer-env/dataset/ag_data/data/world_model/quentinll/lewm-reacher/ckpt/reacher_lewm_20260430,ok,0.00,0.08,reacher_lewm_20260430,Reacher,3072
0.04198925197124481,0.06478999624693388,0.8,onset,85.66666666666667,8.731399536132812,1,LeWM,/opt/workspace/explorer-env/dataset/ag_data/data/world_model/quentinll/lewm-reacher/ckpt/reacher_lewm_noise_0to002_p1/reacher_lewm_noise_0to002_p1_epoch_10_object.ckpt,['/opt/workspace/explorer-env/dataset/ag_data/data/world_model/quentinll/lewm-reacher/ckpt/reacher_lewm_noise_0to002_p1'],16,per_anchor_mean_then_checkpoint_quantile,5,83.66666666666667,horizon_weighted_stacked_l2_v2,0.3065010607242584,true,/opt/workspace/explorer-env/dataset/ag_data/data/world_model/quentinll/lewm-reacher/ckpt/reacher_lewm_noise_0to002_p1,ok,0.02,0.08,reacher_lewm_noise_0to002_p1,Reacher,3072
0.04799596592783928,0.06478999624693388,0.9,onset,85.66666666666667,8.731399536132812,1,LeWM,/opt/workspace/explorer-env/dataset/ag_data/data/world_model/quentinll/lewm-reacher/ckpt/reacher_lewm_noise_0to002_p1/reacher_lewm_noise_0to002_p1_epoch_10_object.ckpt,['/opt/workspace/explorer-env/dataset/ag_data/data/world_model/quentinll/lewm-reacher/ckpt/reacher_lewm_noise_0to002_p1'],16,per_anchor_mean_then_checkpoint_quantile,5,83.66666666666667,horizon_weighted_stacked_l2_v2,0.32861778140068054,true,/opt/workspace/explorer-env/dataset/ag_data/data/world_model/quentinll/lewm-reacher/ckpt/reacher_lewm_noise_0to002_p1,ok,0.02,0.08,reacher_lewm_noise_0to002_p1,Reacher,3072
0.05298229306936264,0.06478999624693388,0.95,onset,85.66666666666667,8.731399536132812,1,LeWM,/opt/workspace/explorer-env/dataset/ag_data/data/world_model/quentinll/lewm-reacher/ckpt/reacher_lewm_noise_0to002_p1/reacher_lewm_noise_0to002_p1_epoch_10_object.ckpt,['/opt/workspace/explorer-env/dataset/ag_data/data/world_model/quentinll/lewm-reacher/ckpt/reacher_lewm_noise_0to002_p1'],16,per_anchor_mean_then_checkpoint_quantile,5,83.66666666666667,horizon_weighted_stacked_l2_v2,0.371328204870224,true,/opt/workspace/explorer-env/dataset/ag_data/data/world_model/quentinll/lewm-reacher/ckpt/reacher_lewm_noise_0to002_p1,ok,0.02,0.08,reacher_lewm_noise_0to002_p1,Reacher,3072
0.040711306035518646,0.06478999624693388,0.8,onset,85.66666666666667,8.25246810913086,2,LeWM,/opt/workspace/explorer-env/dataset/ag_data/data/world_model/quentinll/lewm-reacher/ckpt/reacher_lewm_noise_0to002_p1/reacher_lewm_noise_0to002_p1_epoch_10_object.ckpt,['/opt/workspace/explorer-env/dataset/ag_data/data/world_model/quentinll/lewm-reacher/ckpt/reacher_lewm_noise_0to002_p1'],16,per_anchor_mean_then_checkpoint_quantile,5,83.66666666666667,horizon_weighted_stacked_l2_v2,0.30993351340293884,true,/opt/workspace/explorer-env/dataset/ag_data/data/world_model/quentinll/lewm-reacher/ckpt/reacher_lewm_noise_0to002_p1,ok,0.02,0.08,reacher_lewm_noise_0to002_p1,Reacher,3072
0.043358780443668365,0.06478999624693388,0.9,onset,85.66666666666667,8.25246810913086,2,LeWM,/opt/workspace/explorer-env/dataset/ag_data/data/world_model/quentinll/lewm-reacher/ckpt/reacher_lewm_noise_0to002_p1/reacher_lewm_noise_0to002_p1_epoch_10_object.ckpt,['/opt/workspace/explorer-env/dataset/ag_data/data/world_model/quentinll/lewm-reacher/ckpt/reacher_lewm_noise_0to002_p1'],16,per_anchor_mean_then_checkpoint_quantile,5,83.66666666666667,horizon_weighted_stacked_l2_v2,0.3306252360343933,true,/opt/workspace/explorer-env/dataset/ag_data/data/world_model/quentinll/lewm-reacher/ckpt/reacher_lewm_noise_0to002_p1,ok,0.02,0.08,reacher_lewm_noise_0to002_p1,Reacher,3072
0.04433130472898483,0.06478999624693388,0.95,onset,85.66666666666667,8.25246810913086,2,LeWM,/opt/workspace/explorer-env/dataset/ag_data/data/world_model/quentinll/lewm-reacher/ckpt/reacher_lewm_noise_0to002_p1/reacher_lewm_noise_0to002_p1_epoch_10_object.ckpt,['/opt/workspace/explorer-env/dataset/ag_data/data/world_model/quentinll/lewm-reacher/ckpt/reacher_lewm_noise_0to002_p1'],16,per_anchor_mean_then_checkpoint_quantile,5,83.66666666666667,horizon_weighted_stacked_l2_v2,0.36853447556495667,true,/opt/workspace/explorer-env/dataset/ag_data/data/world_model/quentinll/lewm-reacher/ckpt/reacher_lewm_noise_0to002_p1,ok,0.02,0.08,reacher_lewm_noise_0to002_p1,Reacher,3072
0.040973953902721405,0.06478999624693388,0.8,onset,85.66666666666667,7.978396892547607,4,LeWM,/opt/workspace/explorer-env/dataset/ag_data/data/world_model/quentinll/lewm-reacher/ckpt/reacher_lewm_noise_0to002_p1/reacher_lewm_noise_0to002_p1_epoch_10_object.ckpt,['/opt/workspace/explorer-env/dataset/ag_data/data/world_model/quentinll/lewm-reacher/ckpt/reacher_lewm_noise_0to002_p1'],16,per_anchor_mean_then_checkpoint_quantile,5,83.66666666666667,horizon_weighted_stacked_l2_v2,0.30273398756980896,true,/opt/workspace/explorer-env/dataset/ag_data/data/world_model/quentinll/lewm-reacher/ckpt/reacher_lewm_noise_0to002_p1,ok,0.02,0.08,reacher_lewm_noise_0to002_p1,Reacher,3072
0.04240463674068451,0.06478999624693388,0.9,onset,85.66666666666667,7.978396892547607,4,LeWM,/opt/workspace/explorer-env/dataset/ag_data/data/world_model/quentinll/lewm-reacher/ckpt/reacher_lewm_noise_0to002_p1/reacher_lewm_noise_0to002_p1_epoch_10_object.ckpt,['/opt/workspace/explorer-env/dataset/ag_data/data/world_model/quentinll/lewm-reacher/ckpt/reacher_lewm_noise_0to002_p1'],16,per_anchor_mean_then_checkpoint_quantile,5,83.66666666666667,horizon_weighted_stacked_l2_v2,0.32870733737945557,true,/opt/workspace/explorer-env/dataset/ag_data/data/world_model/quentinll/lewm-reacher/ckpt/reacher_lewm_noise_0to002_p1,ok,0.02,0.08,reacher_lewm_noise_0to002_p1,Reacher,3072
0.045995257794857025,0.06478999624693388,0.95,onset,85.66666666666667,7.978396892547607,4,LeWM,/opt/workspace/explorer-env/dataset/ag_data/data/world_model/quentinll/lewm-reacher/ckpt/reacher_lewm_noise_0to002_p1/reacher_lewm_noise_0to002_p1_epoch_10_object.ckpt,['/opt/workspace/explorer-env/dataset/ag_data/data/world_model/quentinll/lewm-reacher/ckpt/reacher_lewm_noise_0to002_p1'],16,per_anchor_mean_then_checkpoint_quantile,5,83.66666666666667,horizon_weighted_stacked_l2_v2,0.3592682480812073,true,/opt/workspace/explorer-env/dataset/ag_data/data/world_model/quentinll/lewm-reacher/ckpt/reacher_lewm_noise_0to002_p1,ok,0.02,0.08,reacher_lewm_noise_0to002_p1,Reacher,3072
0.043179530650377274,0.06478999624693388,0.8,onset,85.66666666666667,7.407132148742676,8,LeWM,/opt/workspace/explorer-env/dataset/ag_data/data/world_model/quentinll/lewm-reacher/ckpt/reacher_lewm_noise_0to002_p1/reacher_lewm_noise_0to002_p1_epoch_10_object.ckpt,['/opt/workspace/explorer-env/dataset/ag_data/data/world_model/quentinll/lewm-reacher/ckpt/reacher_lewm_noise_0to002_p1'],16,per_anchor_mean_then_checkpoint_quantile,5,83.66666666666667,horizon_weighted_stacked_l2_v2,0.29392656683921814,true,/opt/workspace/explorer-env/dataset/ag_data/data/world_model/quentinll/lewm-reacher/ckpt/reacher_lewm_noise_0to002_p1,ok,0.02,0.08,reacher_lewm_noise_0to002_p1,Reacher,3072
0.04529872164130211,0.06478999624693388,0.9,onset,85.66666666666667,7.407132148742676,8,LeWM,/opt/workspace/explorer-env/dataset/ag_data/data/world_model/quentinll/lewm-reacher/ckpt/reacher_lewm_noise_0to002_p1/reacher_lewm_noise_0to002_p1_epoch_10_object.ckpt,['/opt/workspace/explorer-env/dataset/ag_data/data/world_model/quentinll/lewm-reacher/ckpt/reacher_lewm_noise_0to002_p1'],16,per_anchor_mean_then_checkpoint_quantile,5,83.66666666666667,horizon_weighted_stacked_l2_v2,0.3203054368495941,true,/opt/workspace/explorer-env/dataset/ag_data/data/world_model/quentinll/lewm-reacher/ckpt/reacher_lewm_noise_0to002_p1,ok,0.02,0.08,reacher_lewm_noise_0to002_p1,Reacher,3072
0.052554674446582794,0.06478999624693388,0.95,onset,85.66666666666667,7.407132148742676,8,LeWM,/opt/workspace/explorer-env/dataset/ag_data/data/world_model/quentinll/lewm-reacher/ckpt/reacher_lewm_noise_0to002_p1/reacher_lewm_noise_0to002_p1_epoch_10_object.ckpt,['/opt/workspace/explorer-env/dataset/ag_data/data/world_model/quentinll/lewm-reacher/ckpt/reacher_lewm_noise_0to002_p1'],16,per_anchor_mean_then_checkpoint_quantile,5,83.66666666666667,horizon_weighted_stacked_l2_v2,0.3566599190235138,true,/opt/workspace/explorer-env/dataset/ag_data/data/world_model/quentinll/lewm-reacher/ckpt/reacher_lewm_noise_0to002_p1,ok,0.02,0.08,reacher_lewm_noise_0to002_p1,Reacher,3072
0.05594489723443985,0.08880907729496679,0.8,endpoint,84.0,8.349515914916992,1,LeWM,/opt/workspace/explorer-env/dataset/ag_data/data/world_model/quentinll/lewm-reacher/ckpt/reacher_lewm_noise_0to008_p1/reacher_lewm_noise_0to008_p1_epoch_10_object.ckpt,['/opt/workspace/explorer-env/dataset/ag_data/data/world_model/quentinll/lewm-reacher/ckpt/reacher_lewm_noise_0to008_p1'],16,per_anchor_mean_then_checkpoint_quantile,5,82.0,horizon_weighted_stacked_l2_v2,0.38864874839782715,true,/opt/workspace/explorer-env/dataset/ag_data/data/world_model/quentinll/lewm-reacher/ckpt/reacher_lewm_noise_0to008_p1,ok,0.08,0.08,reacher_lewm_noise_0to008_p1,Reacher,3072
0.06438393890857697,0.08880907729496679,0.9,endpoint,84.0,8.349515914916992,1,LeWM,/opt/workspace/explorer-env/dataset/ag_data/data/world_model/quentinll/lewm-reacher/ckpt/reacher_lewm_noise_0to008_p1/reacher_lewm_noise_0to008_p1_epoch_10_object.ckpt,['/opt/workspace/explorer-env/dataset/ag_data/data/world_model/quentinll/lewm-reacher/ckpt/reacher_lewm_noise_0to008_p1'],16,per_anchor_mean_then_checkpoint_quantile,5,82.0,horizon_weighted_stacked_l2_v2,0.42982497811317444,true,/opt/workspace/explorer-env/dataset/ag_data/data/world_model/quentinll/lewm-reacher/ckpt/reacher_lewm_noise_0to008_p1,ok,0.08,0.08,reacher_lewm_noise_0to008_p1,Reacher,3072
0.06566783040761948,0.08880907729496679,0.95,endpoint,84.0,8.349515914916992,1,LeWM,/opt/workspace/explorer-env/dataset/ag_data/data/world_model/quentinll/lewm-reacher/ckpt/reacher_lewm_noise_0to008_p1/reacher_lewm_noise_0to008_p1_epoch_10_object.ckpt,['/opt/workspace/explorer-env/dataset/ag_data/data/world_model/quentinll/lewm-reacher/ckpt/reacher_lewm_noise_0to008_p1'],16,per_anchor_mean_then_checkpoint_quantile,5,82.0,horizon_weighted_stacked_l2_v2,0.44890689849853516,true,/opt/workspace/explorer-env/dataset/ag_data/data/world_model/quentinll/lewm-reacher/ckpt/reacher_lewm_noise_0to008_p1,ok,0.08,0.08,reacher_lewm_noise_0to008_p1,Reacher,3072
0.04983384534716606,0.08880907729496679,0.8,endpoint,84.0,8.786701202392578,2,LeWM,/opt/workspace/explorer-env/dataset/ag_data/data/world_model/quentinll/lewm-reacher/ckpt/reacher_lewm_noise_0to008_p1/reacher_lewm_noise_0to008_p1_epoch_10_object.ckpt,['/opt/workspace/explorer-env/dataset/ag_data/data/world_model/quentinll/lewm-reacher/ckpt/reacher_lewm_noise_0to008_p1'],16,per_anchor_mean_then_checkpoint_quantile,5,82.0,horizon_weighted_stacked_l2_v2,0.38389307260513306,true,/opt/workspace/explorer-env/dataset/ag_data/data/world_model/quentinll/lewm-reacher/ckpt/reacher_lewm_noise_0to008_p1,ok,0.08,0.08,reacher_lewm_noise_0to008_p1,Reacher,3072
0.06283491849899292,0.08880907729496679,0.9,endpoint,84.0,8.786701202392578,2,LeWM,/opt/workspace/explorer-env/dataset/ag_data/data/world_model/quentinll/lewm-reacher/ckpt/reacher_lewm_noise_0to008_p1/reacher_lewm_noise_0to008_p1_epoch_10_object.ckpt,['/opt/workspace/explorer-env/dataset/ag_data/data/world_model/quentinll/lewm-reacher/ckpt/reacher_lewm_noise_0to008_p1'],16,per_anchor_mean_then_checkpoint_quantile,5,82.0,horizon_weighted_stacked_l2_v2,0.4067835211753845,true,/opt/workspace/explorer-env/dataset/ag_data/data/world_model/quentinll/lewm-reacher/ckpt/reacher_lewm_noise_0to008_p1,ok,0.08,0.08,reacher_lewm_noise_0to008_p1,Reacher,3072
0.06891049444675446,0.08880907729496679,0.95,endpoint,84.0,8.786701202392578,2,LeWM,/opt/workspace/explorer-env/dataset/ag_data/data/world_model/quentinll/lewm-reacher/ckpt/reacher_lewm_noise_0to008_p1/reacher_lewm_noise_0to008_p1_epoch_10_object.ckpt,['/opt/workspace/explorer-env/dataset/ag_data/data/world_model/quentinll/lewm-reacher/ckpt/reacher_lewm_noise_0to008_p1'],16,per_anchor_mean_then_checkpoint_quantile,5,82.0,horizon_weighted_stacked_l2_v2,0.4306136965751648,true,/opt/workspace/explorer-env/dataset/ag_data/data/world_model/quentinll/lewm-reacher/ckpt/reacher_lewm_noise_0to008_p1,ok,0.08,0.08,reacher_lewm_noise_0to008_p1,Reacher,3072
0.04903491213917732,0.08880907729496679,0.8,endpoint,84.0,8.07893180847168,4,LeWM,/opt/workspace/explorer-env/dataset/ag_data/data/world_model/quentinll/lewm-reacher/ckpt/reacher_lewm_noise_0to008_p1/reacher_lewm_noise_0to008_p1_epoch_10_object.ckpt,['/opt/workspace/explorer-env/dataset/ag_data/data/world_model/quentinll/lewm-reacher/ckpt/reacher_lewm_noise_0to008_p1'],16,per_anchor_mean_then_checkpoint_quantile,5,82.0,horizon_weighted_stacked_l2_v2,0.38471686840057373,true,/opt/workspace/explorer-env/dataset/ag_data/data/world_model/quentinll/lewm-reacher/ckpt/reacher_lewm_noise_0to008_p1,ok,0.08,0.08,reacher_lewm_noise_0to008_p1,Reacher,3072
0.062627874314785,0.08880907729496679,0.9,endpoint,84.0,8.07893180847168,4,LeWM,/opt/workspace/explorer-env/dataset/ag_data/data/world_model/quentinll/lewm-reacher/ckpt/reacher_lewm_noise_0to008_p1/reacher_lewm_noise_0to008_p1_epoch_10_object.ckpt,['/opt/workspace/explorer-env/dataset/ag_data/data/world_model/quentinll/lewm-reacher/ckpt/reacher_lewm_noise_0to008_p1'],16,per_anchor_mean_then_checkpoint_quantile,5,82.0,horizon_weighted_stacked_l2_v2,0.39957308769226074,true,/opt/workspace/explorer-env/dataset/ag_data/data/world_model/quentinll/lewm-reacher/ckpt/reacher_lewm_noise_0to008_p1,ok,0.08,0.08,reacher_lewm_noise_0to008_p1,Reacher,3072
0.06981335580348969,0.08880907729496679,0.95,endpoint,84.0,8.07893180847168,4,LeWM,/opt/workspace/explorer-env/dataset/ag_data/data/world_model/quentinll/lewm-reacher/ckpt/reacher_lewm_noise_0to008_p1/reacher_lewm_noise_0to008_p1_epoch_10_object.ckpt,['/opt/workspace/explorer-env/dataset/ag_data/data/world_model/quentinll/lewm-reacher/ckpt/reacher_lewm_noise_0to008_p1'],16,per_anchor_mean_then_checkpoint_quantile,5,82.0,horizon_weighted_stacked_l2_v2,0.424650639295578,true,/opt/workspace/explorer-env/dataset/ag_data/data/world_model/quentinll/lewm-reacher/ckpt/reacher_lewm_noise_0to008_p1,ok,0.08,0.08,reacher_lewm_noise_0to008_p1,Reacher,3072
0.04606121778488159,0.08880907729496679,0.8,endpoint,84.0,7.635215759277344,8,LeWM,/opt/workspace/explorer-env/dataset/ag_data/data/world_model/quentinll/lewm-reacher/ckpt/reacher_lewm_noise_0to008_p1/reacher_lewm_noise_0to008_p1_epoch_10_object.ckpt,['/opt/workspace/explorer-env/dataset/ag_data/data/world_model/quentinll/lewm-reacher/ckpt/reacher_lewm_noise_0to008_p1'],16,per_anchor_mean_then_checkpoint_quantile,5,82.0,horizon_weighted_stacked_l2_v2,0.3801710605621338,true,/opt/workspace/explorer-env/dataset/ag_data/data/world_model/quentinll/lewm-reacher/ckpt/reacher_lewm_noise_0to008_p1,ok,0.08,0.08,reacher_lewm_noise_0to008_p1,Reacher,3072
0.06861504167318344,0.08880907729496679,0.9,endpoint,84.0,7.635215759277344,8,LeWM,/opt/workspace/explorer-env/dataset/ag_data/data/world_model/quentinll/lewm-reacher/ckpt/reacher_lewm_noise_0to008_p1/reacher_lewm_noise_0to008_p1_epoch_10_object.ckpt,['/opt/workspace/explorer-env/dataset/ag_data/data/world_model/quentinll/lewm-reacher/ckpt/reacher_lewm_noise_0to008_p1'],16,per_anchor_mean_then_checkpoint_quantile,5,82.0,horizon_weighted_stacked_l2_v2,0.3989827632904053,true,/opt/workspace/explorer-env/dataset/ag_data/data/world_model/quentinll/lewm-reacher/ckpt/reacher_lewm_noise_0to008_p1,ok,0.08,0.08,reacher_lewm_noise_0to008_p1,Reacher,3072
0.07565032690763474,0.08880907729496679,0.95,endpoint,84.0,7.635215759277344,8,LeWM,/opt/workspace/explorer-env/dataset/ag_data/data/world_model/quentinll/lewm-reacher/ckpt/reacher_lewm_noise_0to008_p1/reacher_lewm_noise_0to008_p1_epoch_10_object.ckpt,['/opt/workspace/explorer-env/dataset/ag_data/data/world_model/quentinll/lewm-reacher/ckpt/reacher_lewm_noise_0to008_p1'],16,per_anchor_mean_then_checkpoint_quantile,5,82.0,horizon_weighted_stacked_l2_v2,0.41260361671447754,true,/opt/workspace/explorer-env/dataset/ag_data/data/world_model/quentinll/lewm-reacher/ckpt/reacher_lewm_noise_0to008_p1,ok,0.08,0.08,reacher_lewm_noise_0to008_p1,Reacher,3072
6.574170112609863,2.693261122041363,0.8,base,60.666667,6.392403602600098,1,LeWM,/opt/workspace/explorer-env/dataset/ag_data/data/world_model/quentinll/lewm-reacher/ckpt/reacher_lewm_baseline_seed3073/reacher_lewm_baseline_seed3073_epoch_10_object.ckpt,['/opt/workspace/explorer-env/dataset/ag_data/data/world_model/quentinll/lewm-reacher/ckpt/reacher_lewm_baseline_seed3073'],16,per_anchor_mean_then_checkpoint_quantile,5,17.666667,horizon_weighted_stacked_l2_v2,18.659887313842773,false,/opt/workspace/explorer-env/dataset/ag_data/data/world_model/quentinll/lewm-reacher/ckpt/reacher_lewm_baseline_seed3073,ok,0.00,0.08,reacher_lewm_baseline_seed3073,Reacher,3073
7.4662017822265625,2.693261122041363,0.9,base,60.666667,6.392403602600098,1,LeWM,/opt/workspace/explorer-env/dataset/ag_data/data/world_model/quentinll/lewm-reacher/ckpt/reacher_lewm_baseline_seed3073/reacher_lewm_baseline_seed3073_epoch_10_object.ckpt,['/opt/workspace/explorer-env/dataset/ag_data/data/world_model/quentinll/lewm-reacher/ckpt/reacher_lewm_baseline_seed3073'],16,per_anchor_mean_then_checkpoint_quantile,5,17.666667,horizon_weighted_stacked_l2_v2,18.80322265625,false,/opt/workspace/explorer-env/dataset/ag_data/data/world_model/quentinll/lewm-reacher/ckpt/reacher_lewm_baseline_seed3073,ok,0.00,0.08,reacher_lewm_baseline_seed3073,Reacher,3073
8.700060844421387,2.693261122041363,0.95,base,60.666667,6.392403602600098,1,LeWM,/opt/workspace/explorer-env/dataset/ag_data/data/world_model/quentinll/lewm-reacher/ckpt/reacher_lewm_baseline_seed3073/reacher_lewm_baseline_seed3073_epoch_10_object.ckpt,['/opt/workspace/explorer-env/dataset/ag_data/data/world_model/quentinll/lewm-reacher/ckpt/reacher_lewm_baseline_seed3073'],16,per_anchor_mean_then_checkpoint_quantile,5,17.666667,horizon_weighted_stacked_l2_v2,19.111278533935547,false,/opt/workspace/explorer-env/dataset/ag_data/data/world_model/quentinll/lewm-reacher/ckpt/reacher_lewm_baseline_seed3073,ok,0.00,0.08,reacher_lewm_baseline_seed3073,Reacher,3073
3.2156612873077393,2.693261122041363,0.8,base,60.666667,6.406561374664307,2,LeWM,/opt/workspace/explorer-env/dataset/ag_data/data/world_model/quentinll/lewm-reacher/ckpt/reacher_lewm_baseline_seed3073/reacher_lewm_baseline_seed3073_epoch_10_object.ckpt,['/opt/workspace/explorer-env/dataset/ag_data/data/world_model/quentinll/lewm-reacher/ckpt/reacher_lewm_baseline_seed3073'],16,per_anchor_mean_then_checkpoint_quantile,5,17.666667,horizon_weighted_stacked_l2_v2,18.5869140625,false,/opt/workspace/explorer-env/dataset/ag_data/data/world_model/quentinll/lewm-reacher/ckpt/reacher_lewm_baseline_seed3073,ok,0.00,0.08,reacher_lewm_baseline_seed3073,Reacher,3073
3.5212302207946777,2.693261122041363,0.9,base,60.666667,6.406561374664307,2,LeWM,/opt/workspace/explorer-env/dataset/ag_data/data/world_model/quentinll/lewm-reacher/ckpt/reacher_lewm_baseline_seed3073/reacher_lewm_baseline_seed3073_epoch_10_object.ckpt,['/opt/workspace/explorer-env/dataset/ag_data/data/world_model/quentinll/lewm-reacher/ckpt/reacher_lewm_baseline_seed3073'],16,per_anchor_mean_then_checkpoint_quantile,5,17.666667,horizon_weighted_stacked_l2_v2,18.903244018554688,false,/opt/workspace/explorer-env/dataset/ag_data/data/world_model/quentinll/lewm-reacher/ckpt/reacher_lewm_baseline_seed3073,ok,0.00,0.08,reacher_lewm_baseline_seed3073,Reacher,3073
4.784659385681152,2.693261122041363,0.95,base,60.666667,6.406561374664307,2,LeWM,/opt/workspace/explorer-env/dataset/ag_data/data/world_model/quentinll/lewm-reacher/ckpt/reacher_lewm_baseline_seed3073/reacher_lewm_baseline_seed3073_epoch_10_object.ckpt,['/opt/workspace/explorer-env/dataset/ag_data/data/world_model/quentinll/lewm-reacher/ckpt/reacher_lewm_baseline_seed3073'],16,per_anchor_mean_then_checkpoint_quantile,5,17.666667,horizon_weighted_stacked_l2_v2,19.062755584716797,false,/opt/workspace/explorer-env/dataset/ag_data/data/world_model/quentinll/lewm-reacher/ckpt/reacher_lewm_baseline_seed3073,ok,0.00,0.08,reacher_lewm_baseline_seed3073,Reacher,3073
3.3228070735931396,2.693261122041363,0.8,base,60.666667,6.830142974853516,4,LeWM,/opt/workspace/explorer-env/dataset/ag_data/data/world_model/quentinll/lewm-reacher/ckpt/reacher_lewm_baseline_seed3073/reacher_lewm_baseline_seed3073_epoch_10_object.ckpt,['/opt/workspace/explorer-env/dataset/ag_data/data/world_model/quentinll/lewm-reacher/ckpt/reacher_lewm_baseline_seed3073'],16,per_anchor_mean_then_checkpoint_quantile,5,17.666667,horizon_weighted_stacked_l2_v2,18.95228385925293,false,/opt/workspace/explorer-env/dataset/ag_data/data/world_model/quentinll/lewm-reacher/ckpt/reacher_lewm_baseline_seed3073,ok,0.00,0.08,reacher_lewm_baseline_seed3073,Reacher,3073
3.887078285217285,2.693261122041363,0.9,base,60.666667,6.830142974853516,4,LeWM,/opt/workspace/explorer-env/dataset/ag_data/data/world_model/quentinll/lewm-reacher/ckpt/reacher_lewm_baseline_seed3073/reacher_lewm_baseline_seed3073_epoch_10_object.ckpt,['/opt/workspace/explorer-env/dataset/ag_data/data/world_model/quentinll/lewm-reacher/ckpt/reacher_lewm_baseline_seed3073'],16,per_anchor_mean_then_checkpoint_quantile,5,17.666667,horizon_weighted_stacked_l2_v2,19.304950714111328,false,/opt/workspace/explorer-env/dataset/ag_data/data/world_model/quentinll/lewm-reacher/ckpt/reacher_lewm_baseline_seed3073,ok,0.00,0.08,reacher_lewm_baseline_seed3073,Reacher,3073
4.559879302978516,2.693261122041363,0.95,base,60.666667,6.830142974853516,4,LeWM,/opt/workspace/explorer-env/dataset/ag_data/data/world_model/quentinll/lewm-reacher/ckpt/reacher_lewm_baseline_seed3073/reacher_lewm_baseline_seed3073_epoch_10_object.ckpt,['/opt/workspace/explorer-env/dataset/ag_data/data/world_model/quentinll/lewm-reacher/ckpt/reacher_lewm_baseline_seed3073'],16,per_anchor_mean_then_checkpoint_quantile,5,17.666667,horizon_weighted_stacked_l2_v2,19.3798828125,false,/opt/workspace/explorer-env/dataset/ag_data/data/world_model/quentinll/lewm-reacher/ckpt/reacher_lewm_baseline_seed3073,ok,0.00,0.08,reacher_lewm_baseline_seed3073,Reacher,3073
2.732191801071167,2.693261122041363,0.8,base,60.666667,7.314600944519043,8,LeWM,/opt/workspace/explorer-env/dataset/ag_data/data/world_model/quentinll/lewm-reacher/ckpt/reacher_lewm_baseline_seed3073/reacher_lewm_baseline_seed3073_epoch_10_object.ckpt,['/opt/workspace/explorer-env/dataset/ag_data/data/world_model/quentinll/lewm-reacher/ckpt/reacher_lewm_baseline_seed3073'],16,per_anchor_mean_then_checkpoint_quantile,5,17.666667,horizon_weighted_stacked_l2_v2,18.969898223876953,false,/opt/workspace/explorer-env/dataset/ag_data/data/world_model/quentinll/lewm-reacher/ckpt/reacher_lewm_baseline_seed3073,ok,0.00,0.08,reacher_lewm_baseline_seed3073,Reacher,3073
3.2694284915924072,2.693261122041363,0.9,base,60.666667,7.314600944519043,8,LeWM,/opt/workspace/explorer-env/dataset/ag_data/data/world_model/quentinll/lewm-reacher/ckpt/reacher_lewm_baseline_seed3073/reacher_lewm_baseline_seed3073_epoch_10_object.ckpt,['/opt/workspace/explorer-env/dataset/ag_data/data/world_model/quentinll/lewm-reacher/ckpt/reacher_lewm_baseline_seed3073'],16,per_anchor_mean_then_checkpoint_quantile,5,17.666667,horizon_weighted_stacked_l2_v2,19.9014892578125,false,/opt/workspace/explorer-env/dataset/ag_data/data/world_model/quentinll/lewm-reacher/ckpt/reacher_lewm_baseline_seed3073,ok,0.00,0.08,reacher_lewm_baseline_seed3073,Reacher,3073
3.4885945320129395,2.693261122041363,0.95,base,60.666667,7.314600944519043,8,LeWM,/opt/workspace/explorer-env/dataset/ag_data/data/world_model/quentinll/lewm-reacher/ckpt/reacher_lewm_baseline_seed3073/reacher_lewm_baseline_seed3073_epoch_10_object.ckpt,['/opt/workspace/explorer-env/dataset/ag_data/data/world_model/quentinll/lewm-reacher/ckpt/reacher_lewm_baseline_seed3073'],16,per_anchor_mean_then_checkpoint_quantile,5,17.666667,horizon_weighted_stacked_l2_v2,20.037817001342773,false,/opt/workspace/explorer-env/dataset/ag_data/data/world_model/quentinll/lewm-reacher/ckpt/reacher_lewm_baseline_seed3073,ok,0.00,0.08,reacher_lewm_baseline_seed3073,Reacher,3073
0.4243480861186981,0.23340795508553996,0.8,onset,76.0,6.2097063064575195,1,LeWM,/opt/workspace/explorer-env/dataset/ag_data/data/world_model/quentinll/lewm-reacher/ckpt/reacher_lewm_noise_0to003_p1_seed3073/reacher_lewm_noise_0to003_p1_seed3073_epoch_10_object.ckpt,['/opt/workspace/explorer-env/dataset/ag_data/data/world_model/quentinll/lewm-reacher/ckpt/reacher_lewm_noise_0to003_p1_seed3073'],16,per_anchor_mean_then_checkpoint_quantile,5,71.0,horizon_weighted_stacked_l2_v2,1.7380447387695312,true,/opt/workspace/explorer-env/dataset/ag_data/data/world_model/quentinll/lewm-reacher/ckpt/reacher_lewm_noise_0to003_p1_seed3073,ok,0.03,0.08,reacher_lewm_noise_0to003_p1_seed3073,Reacher,3073
0.5267674326896667,0.23340795508553996,0.9,onset,76.0,6.2097063064575195,1,LeWM,/opt/workspace/explorer-env/dataset/ag_data/data/world_model/quentinll/lewm-reacher/ckpt/reacher_lewm_noise_0to003_p1_seed3073/reacher_lewm_noise_0to003_p1_seed3073_epoch_10_object.ckpt,['/opt/workspace/explorer-env/dataset/ag_data/data/world_model/quentinll/lewm-reacher/ckpt/reacher_lewm_noise_0to003_p1_seed3073'],16,per_anchor_mean_then_checkpoint_quantile,5,71.0,horizon_weighted_stacked_l2_v2,1.8792381286621094,true,/opt/workspace/explorer-env/dataset/ag_data/data/world_model/quentinll/lewm-reacher/ckpt/reacher_lewm_noise_0to003_p1_seed3073,ok,0.03,0.08,reacher_lewm_noise_0to003_p1_seed3073,Reacher,3073
0.6631156206130981,0.23340795508553996,0.95,onset,76.0,6.2097063064575195,1,LeWM,/opt/workspace/explorer-env/dataset/ag_data/data/world_model/quentinll/lewm-reacher/ckpt/reacher_lewm_noise_0to003_p1_seed3073/reacher_lewm_noise_0to003_p1_seed3073_epoch_10_object.ckpt,['/opt/workspace/explorer-env/dataset/ag_data/data/world_model/quentinll/lewm-reacher/ckpt/reacher_lewm_noise_0to003_p1_seed3073'],16,per_anchor_mean_then_checkpoint_quantile,5,71.0,horizon_weighted_stacked_l2_v2,2.0277295112609863,true,/opt/workspace/explorer-env/dataset/ag_data/data/world_model/quentinll/lewm-reacher/ckpt/reacher_lewm_noise_0to003_p1_seed3073,ok,0.03,0.08,reacher_lewm_noise_0to003_p1_seed3073,Reacher,3073
0.24781470000743866,0.23340795508553996,0.8,onset,76.0,6.558206081390381,2,LeWM,/opt/workspace/explorer-env/dataset/ag_data/data/world_model/quentinll/lewm-reacher/ckpt/reacher_lewm_noise_0to003_p1_seed3073/reacher_lewm_noise_0to003_p1_seed3073_epoch_10_object.ckpt,['/opt/workspace/explorer-env/dataset/ag_data/data/world_model/quentinll/lewm-reacher/ckpt/reacher_lewm_noise_0to003_p1_seed3073'],16,per_anchor_mean_then_checkpoint_quantile,5,71.0,horizon_weighted_stacked_l2_v2,1.4692039489746094,true,/opt/workspace/explorer-env/dataset/ag_data/data/world_model/quentinll/lewm-reacher/ckpt/reacher_lewm_noise_0to003_p1_seed3073,ok,0.03,0.08,reacher_lewm_noise_0to003_p1_seed3073,Reacher,3073
0.31078457832336426,0.23340795508553996,0.9,onset,76.0,6.558206081390381,2,LeWM,/opt/workspace/explorer-env/dataset/ag_data/data/world_model/quentinll/lewm-reacher/ckpt/reacher_lewm_noise_0to003_p1_seed3073/reacher_lewm_noise_0to003_p1_seed3073_epoch_10_object.ckpt,['/opt/workspace/explorer-env/dataset/ag_data/data/world_model/quentinll/lewm-reacher/ckpt/reacher_lewm_noise_0to003_p1_seed3073'],16,per_anchor_mean_then_checkpoint_quantile,5,71.0,horizon_weighted_stacked_l2_v2,1.7301156520843506,true,/opt/workspace/explorer-env/dataset/ag_data/data/world_model/quentinll/lewm-reacher/ckpt/reacher_lewm_noise_0to003_p1_seed3073,ok,0.03,0.08,reacher_lewm_noise_0to003_p1_seed3073,Reacher,3073
0.4309472441673279,0.23340795508553996,0.95,onset,76.0,6.558206081390381,2,LeWM,/opt/workspace/explorer-env/dataset/ag_data/data/world_model/quentinll/lewm-reacher/ckpt/reacher_lewm_noise_0to003_p1_seed3073/reacher_lewm_noise_0to003_p1_seed3073_epoch_10_object.ckpt,['/opt/workspace/explorer-env/dataset/ag_data/data/world_model/quentinll/lewm-reacher/ckpt/reacher_lewm_noise_0to003_p1_seed3073'],16,per_anchor_mean_then_checkpoint_quantile,5,71.0,horizon_weighted_stacked_l2_v2,1.82500159740448,true,/opt/workspace/explorer-env/dataset/ag_data/data/world_model/quentinll/lewm-reacher/ckpt/reacher_lewm_noise_0to003_p1_seed3073,ok,0.03,0.08,reacher_lewm_noise_0to003_p1_seed3073,Reacher,3073
0.21655665338039398,0.23340795508553996,0.8,onset,76.0,6.88078498840332,4,LeWM,/opt/workspace/explorer-env/dataset/ag_data/data/world_model/quentinll/lewm-reacher/ckpt/reacher_lewm_noise_0to003_p1_seed3073/reacher_lewm_noise_0to003_p1_seed3073_epoch_10_object.ckpt,['/opt/workspace/explorer-env/dataset/ag_data/data/world_model/quentinll/lewm-reacher/ckpt/reacher_lewm_noise_0to003_p1_seed3073'],16,per_anchor_mean_then_checkpoint_quantile,5,71.0,horizon_weighted_stacked_l2_v2,1.3738658428192139,true,/opt/workspace/explorer-env/dataset/ag_data/data/world_model/quentinll/lewm-reacher/ckpt/reacher_lewm_noise_0to003_p1_seed3073,ok,0.03,0.08,reacher_lewm_noise_0to003_p1_seed3073,Reacher,3073
0.30199936032295227,0.23340795508553996,0.9,onset,76.0,6.88078498840332,4,LeWM,/opt/workspace/explorer-env/dataset/ag_data/data/world_model/quentinll/lewm-reacher/ckpt/reacher_lewm_noise_0to003_p1_seed3073/reacher_lewm_noise_0to003_p1_seed3073_epoch_10_object.ckpt,['/opt/workspace/explorer-env/dataset/ag_data/data/world_model/quentinll/lewm-reacher/ckpt/reacher_lewm_noise_0to003_p1_seed3073'],16,per_anchor_mean_then_checkpoint_quantile,5,71.0,horizon_weighted_stacked_l2_v2,1.4904065132141113,true,/opt/workspace/explorer-env/dataset/ag_data/data/world_model/quentinll/lewm-reacher/ckpt/reacher_lewm_noise_0to003_p1_seed3073,ok,0.03,0.08,reacher_lewm_noise_0to003_p1_seed3073,Reacher,3073
0.3597375452518463,0.23340795508553996,0.95,onset,76.0,6.88078498840332,4,LeWM,/opt/workspace/explorer-env/dataset/ag_data/data/world_model/quentinll/lewm-reacher/ckpt/reacher_lewm_noise_0to003_p1_seed3073/reacher_lewm_noise_0to003_p1_seed3073_epoch_10_object.ckpt,['/opt/workspace/explorer-env/dataset/ag_data/data/world_model/quentinll/lewm-reacher/ckpt/reacher_lewm_noise_0to003_p1_seed3073'],16,per_anchor_mean_then_checkpoint_quantile,5,71.0,horizon_weighted_stacked_l2_v2,1.594933271408081,true,/opt/workspace/explorer-env/dataset/ag_data/data/world_model/quentinll/lewm-reacher/ckpt/reacher_lewm_noise_0to003_p1_seed3073,ok,0.03,0.08,reacher_lewm_noise_0to003_p1_seed3073,Reacher,3073
0.18982629477977753,0.23340795508553996,0.8,onset,76.0,7.154518127441406,8,LeWM,/opt/workspace/explorer-env/dataset/ag_data/data/world_model/quentinll/lewm-reacher/ckpt/reacher_lewm_noise_0to003_p1_seed3073/reacher_lewm_noise_0to003_p1_seed3073_epoch_10_object.ckpt,['/opt/workspace/explorer-env/dataset/ag_data/data/world_model/quentinll/lewm-reacher/ckpt/reacher_lewm_noise_0to003_p1_seed3073'],16,per_anchor_mean_then_checkpoint_quantile,5,71.0,horizon_weighted_stacked_l2_v2,1.236331582069397,true,/opt/workspace/explorer-env/dataset/ag_data/data/world_model/quentinll/lewm-reacher/ckpt/reacher_lewm_noise_0to003_p1_seed3073,ok,0.03,0.08,reacher_lewm_noise_0to003_p1_seed3073,Reacher,3073
0.19427482783794403,0.23340795508553996,0.9,onset,76.0,7.154518127441406,8,LeWM,/opt/workspace/explorer-env/dataset/ag_data/data/world_model/quentinll/lewm-reacher/ckpt/reacher_lewm_noise_0to003_p1_seed3073/reacher_lewm_noise_0to003_p1_seed3073_epoch_10_object.ckpt,['/opt/workspace/explorer-env/dataset/ag_data/data/world_model/quentinll/lewm-reacher/ckpt/reacher_lewm_noise_0to003_p1_seed3073'],16,per_anchor_mean_then_checkpoint_quantile,5,71.0,horizon_weighted_stacked_l2_v2,1.33290433883667,true,/opt/workspace/explorer-env/dataset/ag_data/data/world_model/quentinll/lewm-reacher/ckpt/reacher_lewm_noise_0to003_p1_seed3073,ok,0.03,0.08,reacher_lewm_noise_0to003_p1_seed3073,Reacher,3073
0.20684850215911865,0.23340795508553996,0.95,onset,76.0,7.154518127441406,8,LeWM,/opt/workspace/explorer-env/dataset/ag_data/data/world_model/quentinll/lewm-reacher/ckpt/reacher_lewm_noise_0to003_p1_seed3073/reacher_lewm_noise_0to003_p1_seed3073_epoch_10_object.ckpt,['/opt/workspace/explorer-env/dataset/ag_data/data/world_model/quentinll/lewm-reacher/ckpt/reacher_lewm_noise_0to003_p1_seed3073'],16,per_anchor_mean_then_checkpoint_quantile,5,71.0,horizon_weighted_stacked_l2_v2,1.429673671722412,true,/opt/workspace/explorer-env/dataset/ag_data/data/world_model/quentinll/lewm-reacher/ckpt/reacher_lewm_noise_0to003_p1_seed3073,ok,0.03,0.08,reacher_lewm_noise_0to003_p1_seed3073,Reacher,3073
0.09696885198354721,0.07983325670074502,0.8,endpoint,81.666667,6.213831901550293,1,LeWM,/opt/workspace/explorer-env/dataset/ag_data/data/world_model/quentinll/lewm-reacher/ckpt/reacher_lewm_noise_0to008_p1_seed3073/reacher_lewm_noise_0to008_p1_seed3073_epoch_10_object.ckpt,['/opt/workspace/explorer-env/dataset/ag_data/data/world_model/quentinll/lewm-reacher/ckpt/reacher_lewm_noise_0to008_p1_seed3073'],16,per_anchor_mean_then_checkpoint_quantile,5,82.333333,horizon_weighted_stacked_l2_v2,0.39860430359840393,true,/opt/workspace/explorer-env/dataset/ag_data/data/world_model/quentinll/lewm-reacher/ckpt/reacher_lewm_noise_0to008_p1_seed3073,ok,0.08,0.08,reacher_lewm_noise_0to008_p1_seed3073,Reacher,3073
0.13104286789894104,0.07983325670074502,0.9,endpoint,81.666667,6.213831901550293,1,LeWM,/opt/workspace/explorer-env/dataset/ag_data/data/world_model/quentinll/lewm-reacher/ckpt/reacher_lewm_noise_0to008_p1_seed3073/reacher_lewm_noise_0to008_p1_seed3073_epoch_10_object.ckpt,['/opt/workspace/explorer-env/dataset/ag_data/data/world_model/quentinll/lewm-reacher/ckpt/reacher_lewm_noise_0to008_p1_seed3073'],16,per_anchor_mean_then_checkpoint_quantile,5,82.333333,horizon_weighted_stacked_l2_v2,0.4789355397224426,true,/opt/workspace/explorer-env/dataset/ag_data/data/world_model/quentinll/lewm-reacher/ckpt/reacher_lewm_noise_0to008_p1_seed3073,ok,0.08,0.08,reacher_lewm_noise_0to008_p1_seed3073,Reacher,3073
0.19259728491306305,0.07983325670074502,0.95,endpoint,81.666667,6.213831901550293,1,LeWM,/opt/workspace/explorer-env/dataset/ag_data/data/world_model/quentinll/lewm-reacher/ckpt/reacher_lewm_noise_0to008_p1_seed3073/reacher_lewm_noise_0to008_p1_seed3073_epoch_10_object.ckpt,['/opt/workspace/explorer-env/dataset/ag_data/data/world_model/quentinll/lewm-reacher/ckpt/reacher_lewm_noise_0to008_p1_seed3073'],16,per_anchor_mean_then_checkpoint_quantile,5,82.333333,horizon_weighted_stacked_l2_v2,0.5556554794311523,true,/opt/workspace/explorer-env/dataset/ag_data/data/world_model/quentinll/lewm-reacher/ckpt/reacher_lewm_noise_0to008_p1_seed3073,ok,0.08,0.08,reacher_lewm_noise_0to008_p1_seed3073,Reacher,3073
0.06579655408859253,0.07983325670074502,0.8,endpoint,81.666667,6.913463115692139,2,LeWM,/opt/workspace/explorer-env/dataset/ag_data/data/world_model/quentinll/lewm-reacher/ckpt/reacher_lewm_noise_0to008_p1_seed3073/reacher_lewm_noise_0to008_p1_seed3073_epoch_10_object.ckpt,['/opt/workspace/explorer-env/dataset/ag_data/data/world_model/quentinll/lewm-reacher/ckpt/reacher_lewm_noise_0to008_p1_seed3073'],16,per_anchor_mean_then_checkpoint_quantile,5,82.333333,horizon_weighted_stacked_l2_v2,0.3767266273498535,true,/opt/workspace/explorer-env/dataset/ag_data/data/world_model/quentinll/lewm-reacher/ckpt/reacher_lewm_noise_0to008_p1_seed3073,ok,0.08,0.08,reacher_lewm_noise_0to008_p1_seed3073,Reacher,3073
0.07245981693267822,0.07983325670074502,0.9,endpoint,81.666667,6.913463115692139,2,LeWM,/opt/workspace/explorer-env/dataset/ag_data/data/world_model/quentinll/lewm-reacher/ckpt/reacher_lewm_noise_0to008_p1_seed3073/reacher_lewm_noise_0to008_p1_seed3073_epoch_10_object.ckpt,['/opt/workspace/explorer-env/dataset/ag_data/data/world_model/quentinll/lewm-reacher/ckpt/reacher_lewm_noise_0to008_p1_seed3073'],16,per_anchor_mean_then_checkpoint_quantile,5,82.333333,horizon_weighted_stacked_l2_v2,0.46084877848625183,true,/opt/workspace/explorer-env/dataset/ag_data/data/world_model/quentinll/lewm-reacher/ckpt/reacher_lewm_noise_0to008_p1_seed3073,ok,0.08,0.08,reacher_lewm_noise_0to008_p1_seed3073,Reacher,3073
0.13022656738758087,0.07983325670074502,0.95,endpoint,81.666667,6.913463115692139,2,LeWM,/opt/workspace/explorer-env/dataset/ag_data/data/world_model/quentinll/lewm-reacher/ckpt/reacher_lewm_noise_0to008_p1_seed3073/reacher_lewm_noise_0to008_p1_seed3073_epoch_10_object.ckpt,['/opt/workspace/explorer-env/dataset/ag_data/data/world_model/quentinll/lewm-reacher/ckpt/reacher_lewm_noise_0to008_p1_seed3073'],16,per_anchor_mean_then_checkpoint_quantile,5,82.333333,horizon_weighted_stacked_l2_v2,0.5280280709266663,true,/opt/workspace/explorer-env/dataset/ag_data/data/world_model/quentinll/lewm-reacher/ckpt/reacher_lewm_noise_0to008_p1_seed3073,ok,0.08,0.08,reacher_lewm_noise_0to008_p1_seed3073,Reacher,3073
0.07208748161792755,0.07983325670074502,0.8,endpoint,81.666667,6.8868408203125,4,LeWM,/opt/workspace/explorer-env/dataset/ag_data/data/world_model/quentinll/lewm-reacher/ckpt/reacher_lewm_noise_0to008_p1_seed3073/reacher_lewm_noise_0to008_p1_seed3073_epoch_10_object.ckpt,['/opt/workspace/explorer-env/dataset/ag_data/data/world_model/quentinll/lewm-reacher/ckpt/reacher_lewm_noise_0to008_p1_seed3073'],16,per_anchor_mean_then_checkpoint_quantile,5,82.333333,horizon_weighted_stacked_l2_v2,0.390537828207016,true,/opt/workspace/explorer-env/dataset/ag_data/data/world_model/quentinll/lewm-reacher/ckpt/reacher_lewm_noise_0to008_p1_seed3073,ok,0.08,0.08,reacher_lewm_noise_0to008_p1_seed3073,Reacher,3073
0.10413980484008789,0.07983325670074502,0.9,endpoint,81.666667,6.8868408203125,4,LeWM,/opt/workspace/explorer-env/dataset/ag_data/data/world_model/quentinll/lewm-reacher/ckpt/reacher_lewm_noise_0to008_p1_seed3073/reacher_lewm_noise_0to008_p1_seed3073_epoch_10_object.ckpt,['/opt/workspace/explorer-env/dataset/ag_data/data/world_model/quentinll/lewm-reacher/ckpt/reacher_lewm_noise_0to008_p1_seed3073'],16,per_anchor_mean_then_checkpoint_quantile,5,82.333333,horizon_weighted_stacked_l2_v2,0.4374261498451233,true,/opt/workspace/explorer-env/dataset/ag_data/data/world_model/quentinll/lewm-reacher/ckpt/reacher_lewm_noise_0to008_p1_seed3073,ok,0.08,0.08,reacher_lewm_noise_0to008_p1_seed3073,Reacher,3073
0.13736313581466675,0.07983325670074502,0.95,endpoint,81.666667,6.8868408203125,4,LeWM,/opt/workspace/explorer-env/dataset/ag_data/data/world_model/quentinll/lewm-reacher/ckpt/reacher_lewm_noise_0to008_p1_seed3073/reacher_lewm_noise_0to008_p1_seed3073_epoch_10_object.ckpt,['/opt/workspace/explorer-env/dataset/ag_data/data/world_model/quentinll/lewm-reacher/ckpt/reacher_lewm_noise_0to008_p1_seed3073'],16,per_anchor_mean_then_checkpoint_quantile,5,82.333333,horizon_weighted_stacked_l2_v2,0.4981459081172943,true,/opt/workspace/explorer-env/dataset/ag_data/data/world_model/quentinll/lewm-reacher/ckpt/reacher_lewm_noise_0to008_p1_seed3073,ok,0.08,0.08,reacher_lewm_noise_0to008_p1_seed3073,Reacher,3073
0.04260977730154991,0.07983325670074502,0.8,endpoint,81.666667,7.365381240844727,8,LeWM,/opt/workspace/explorer-env/dataset/ag_data/data/world_model/quentinll/lewm-reacher/ckpt/reacher_lewm_noise_0to008_p1_seed3073/reacher_lewm_noise_0to008_p1_seed3073_epoch_10_object.ckpt,['/opt/workspace/explorer-env/dataset/ag_data/data/world_model/quentinll/lewm-reacher/ckpt/reacher_lewm_noise_0to008_p1_seed3073'],16,per_anchor_mean_then_checkpoint_quantile,5,82.333333,horizon_weighted_stacked_l2_v2,0.39923420548439026,true,/opt/workspace/explorer-env/dataset/ag_data/data/world_model/quentinll/lewm-reacher/ckpt/reacher_lewm_noise_0to008_p1_seed3073,ok,0.08,0.08,reacher_lewm_noise_0to008_p1_seed3073,Reacher,3073
0.06532661616802216,0.07983325670074502,0.9,endpoint,81.666667,7.365381240844727,8,LeWM,/opt/workspace/explorer-env/dataset/ag_data/data/world_model/quentinll/lewm-reacher/ckpt/reacher_lewm_noise_0to008_p1_seed3073/reacher_lewm_noise_0to008_p1_seed3073_epoch_10_object.ckpt,['/opt/workspace/explorer-env/dataset/ag_data/data/world_model/quentinll/lewm-reacher/ckpt/reacher_lewm_noise_0to008_p1_seed3073'],16,per_anchor_mean_then_checkpoint_quantile,5,82.333333,horizon_weighted_stacked_l2_v2,0.424418568611145,true,/opt/workspace/explorer-env/dataset/ag_data/data/world_model/quentinll/lewm-reacher/ckpt/reacher_lewm_noise_0to008_p1_seed3073,ok,0.08,0.08,reacher_lewm_noise_0to008_p1_seed3073,Reacher,3073
0.07466190308332443,0.07983325670074502,0.95,endpoint,81.666667,7.365381240844727,8,LeWM,/opt/workspace/explorer-env/dataset/ag_data/data/world_model/quentinll/lewm-reacher/ckpt/reacher_lewm_noise_0to008_p1_seed3073/reacher_lewm_noise_0to008_p1_seed3073_epoch_10_object.ckpt,['/opt/workspace/explorer-env/dataset/ag_data/data/world_model/quentinll/lewm-reacher/ckpt/reacher_lewm_noise_0to008_p1_seed3073'],16,per_anchor_mean_then_checkpoint_quantile,5,82.333333,horizon_weighted_stacked_l2_v2,0.4928331971168518,true,/opt/workspace/explorer-env/dataset/ag_data/data/world_model/quentinll/lewm-reacher/ckpt/reacher_lewm_noise_0to008_p1_seed3073,ok,0.08,0.08,reacher_lewm_noise_0to008_p1_seed3073,Reacher,3073
3.0265297889709473,2.5791641540531067,0.8,base,58.333333,7.019735336303711,1,LeWM,/opt/workspace/explorer-env/dataset/ag_data/data/world_model/quentinll/lewm-reacher/ckpt/reacher_lewm_baseline_seed3074/reacher_lewm_baseline_seed3074_epoch_10_object.ckpt,['/opt/workspace/explorer-env/dataset/ag_data/data/world_model/quentinll/lewm-reacher/ckpt/reacher_lewm_baseline_seed3074'],16,per_anchor_mean_then_checkpoint_quantile,5,18.666667,horizon_weighted_stacked_l2_v2,17.331274032592773,false,/opt/workspace/explorer-env/dataset/ag_data/data/world_model/quentinll/lewm-reacher/ckpt/reacher_lewm_baseline_seed3074,ok,0.00,0.08,reacher_lewm_baseline_seed3074,Reacher,3074
5.31527042388916,2.5791641540531067,0.9,base,58.333333,7.019735336303711,1,LeWM,/opt/workspace/explorer-env/dataset/ag_data/data/world_model/quentinll/lewm-reacher/ckpt/reacher_lewm_baseline_seed3074/reacher_lewm_baseline_seed3074_epoch_10_object.ckpt,['/opt/workspace/explorer-env/dataset/ag_data/data/world_model/quentinll/lewm-reacher/ckpt/reacher_lewm_baseline_seed3074'],16,per_anchor_mean_then_checkpoint_quantile,5,18.666667,horizon_weighted_stacked_l2_v2,17.876630783081055,false,/opt/workspace/explorer-env/dataset/ag_data/data/world_model/quentinll/lewm-reacher/ckpt/reacher_lewm_baseline_seed3074,ok,0.00,0.08,reacher_lewm_baseline_seed3074,Reacher,3074
7.437165260314941,2.5791641540531067,0.95,base,58.333333,7.019735336303711,1,LeWM,/opt/workspace/explorer-env/dataset/ag_data/data/world_model/quentinll/lewm-reacher/ckpt/reacher_lewm_baseline_seed3074/reacher_lewm_baseline_seed3074_epoch_10_object.ckpt,['/opt/workspace/explorer-env/dataset/ag_data/data/world_model/quentinll/lewm-reacher/ckpt/reacher_lewm_baseline_seed3074'],16,per_anchor_mean_then_checkpoint_quantile,5,18.666667,horizon_weighted_stacked_l2_v2,18.049880981445312,false,/opt/workspace/explorer-env/dataset/ag_data/data/world_model/quentinll/lewm-reacher/ckpt/reacher_lewm_baseline_seed3074,ok,0.00,0.08,reacher_lewm_baseline_seed3074,Reacher,3074
2.3268215656280518,2.5791641540531067,0.8,base,58.333333,7.418034553527832,2,LeWM,/opt/workspace/explorer-env/dataset/ag_data/data/world_model/quentinll/lewm-reacher/ckpt/reacher_lewm_baseline_seed3074/reacher_lewm_baseline_seed3074_epoch_10_object.ckpt,['/opt/workspace/explorer-env/dataset/ag_data/data/world_model/quentinll/lewm-reacher/ckpt/reacher_lewm_baseline_seed3074'],16,per_anchor_mean_then_checkpoint_quantile,5,18.666667,horizon_weighted_stacked_l2_v2,16.455707550048828,false,/opt/workspace/explorer-env/dataset/ag_data/data/world_model/quentinll/lewm-reacher/ckpt/reacher_lewm_baseline_seed3074,ok,0.00,0.08,reacher_lewm_baseline_seed3074,Reacher,3074
2.454796314239502,2.5791641540531067,0.9,base,58.333333,7.418034553527832,2,LeWM,/opt/workspace/explorer-env/dataset/ag_data/data/world_model/quentinll/lewm-reacher/ckpt/reacher_lewm_baseline_seed3074/reacher_lewm_baseline_seed3074_epoch_10_object.ckpt,['/opt/workspace/explorer-env/dataset/ag_data/data/world_model/quentinll/lewm-reacher/ckpt/reacher_lewm_baseline_seed3074'],16,per_anchor_mean_then_checkpoint_quantile,5,18.666667,horizon_weighted_stacked_l2_v2,17.220361709594727,false,/opt/workspace/explorer-env/dataset/ag_data/data/world_model/quentinll/lewm-reacher/ckpt/reacher_lewm_baseline_seed3074,ok,0.00,0.08,reacher_lewm_baseline_seed3074,Reacher,3074
2.7806429862976074,2.5791641540531067,0.95,base,58.333333,7.418034553527832,2,LeWM,/opt/workspace/explorer-env/dataset/ag_data/data/world_model/quentinll/lewm-reacher/ckpt/reacher_lewm_baseline_seed3074/reacher_lewm_baseline_seed3074_epoch_10_object.ckpt,['/opt/workspace/explorer-env/dataset/ag_data/data/world_model/quentinll/lewm-reacher/ckpt/reacher_lewm_baseline_seed3074'],16,per_anchor_mean_then_checkpoint_quantile,5,18.666667,horizon_weighted_stacked_l2_v2,17.36603546142578,false,/opt/workspace/explorer-env/dataset/ag_data/data/world_model/quentinll/lewm-reacher/ckpt/reacher_lewm_baseline_seed3074,ok,0.00,0.08,reacher_lewm_baseline_seed3074,Reacher,3074
2.4481937885284424,2.5791641540531067,0.8,base,58.333333,7.961205005645752,4,LeWM,/opt/workspace/explorer-env/dataset/ag_data/data/world_model/quentinll/lewm-reacher/ckpt/reacher_lewm_baseline_seed3074/reacher_lewm_baseline_seed3074_epoch_10_object.ckpt,['/opt/workspace/explorer-env/dataset/ag_data/data/world_model/quentinll/lewm-reacher/ckpt/reacher_lewm_baseline_seed3074'],16,per_anchor_mean_then_checkpoint_quantile,5,18.666667,horizon_weighted_stacked_l2_v2,15.992939949035645,false,/opt/workspace/explorer-env/dataset/ag_data/data/world_model/quentinll/lewm-reacher/ckpt/reacher_lewm_baseline_seed3074,ok,0.00,0.08,reacher_lewm_baseline_seed3074,Reacher,3074
2.690399646759033,2.5791641540531067,0.9,base,58.333333,7.961205005645752,4,LeWM,/opt/workspace/explorer-env/dataset/ag_data/data/world_model/quentinll/lewm-reacher/ckpt/reacher_lewm_baseline_seed3074/reacher_lewm_baseline_seed3074_epoch_10_object.ckpt,['/opt/workspace/explorer-env/dataset/ag_data/data/world_model/quentinll/lewm-reacher/ckpt/reacher_lewm_baseline_seed3074'],16,per_anchor_mean_then_checkpoint_quantile,5,18.666667,horizon_weighted_stacked_l2_v2,17.388391494750977,false,/opt/workspace/explorer-env/dataset/ag_data/data/world_model/quentinll/lewm-reacher/ckpt/reacher_lewm_baseline_seed3074,ok,0.00,0.08,reacher_lewm_baseline_seed3074,Reacher,3074
2.909081220626831,2.5791641540531067,0.95,base,58.333333,7.961205005645752,4,LeWM,/opt/workspace/explorer-env/dataset/ag_data/data/world_model/quentinll/lewm-reacher/ckpt/reacher_lewm_baseline_seed3074/reacher_lewm_baseline_seed3074_epoch_10_object.ckpt,['/opt/workspace/explorer-env/dataset/ag_data/data/world_model/quentinll/lewm-reacher/ckpt/reacher_lewm_baseline_seed3074'],16,per_anchor_mean_then_checkpoint_quantile,5,18.666667,horizon_weighted_stacked_l2_v2,17.563209533691406,false,/opt/workspace/explorer-env/dataset/ag_data/data/world_model/quentinll/lewm-reacher/ckpt/reacher_lewm_baseline_seed3074,ok,0.00,0.08,reacher_lewm_baseline_seed3074,Reacher,3074
2.3441789150238037,2.5791641540531067,0.8,base,58.333333,7.231584548950195,8,LeWM,/opt/workspace/explorer-env/dataset/ag_data/data/world_model/quentinll/lewm-reacher/ckpt/reacher_lewm_baseline_seed3074/reacher_lewm_baseline_seed3074_epoch_10_object.ckpt,['/opt/workspace/explorer-env/dataset/ag_data/data/world_model/quentinll/lewm-reacher/ckpt/reacher_lewm_baseline_seed3074'],16,per_anchor_mean_then_checkpoint_quantile,5,18.666667,horizon_weighted_stacked_l2_v2,16.76527976989746,false,/opt/workspace/explorer-env/dataset/ag_data/data/world_model/quentinll/lewm-reacher/ckpt/reacher_lewm_baseline_seed3074,ok,0.00,0.08,reacher_lewm_baseline_seed3074,Reacher,3074
2.875213146209717,2.5791641540531067,0.9,base,58.333333,7.231584548950195,8,LeWM,/opt/workspace/explorer-env/dataset/ag_data/data/world_model/quentinll/lewm-reacher/ckpt/reacher_lewm_baseline_seed3074/reacher_lewm_baseline_seed3074_epoch_10_object.ckpt,['/opt/workspace/explorer-env/dataset/ag_data/data/world_model/quentinll/lewm-reacher/ckpt/reacher_lewm_baseline_seed3074'],16,per_anchor_mean_then_checkpoint_quantile,5,18.666667,horizon_weighted_stacked_l2_v2,17.87594223022461,false,/opt/workspace/explorer-env/dataset/ag_data/data/world_model/quentinll/lewm-reacher/ckpt/reacher_lewm_baseline_seed3074,ok,0.00,0.08,reacher_lewm_baseline_seed3074,Reacher,3074
3.1121456623077393,2.5791641540531067,0.95,base,58.333333,7.231584548950195,8,LeWM,/opt/workspace/explorer-env/dataset/ag_data/data/world_model/quentinll/lewm-reacher/ckpt/reacher_lewm_baseline_seed3074/reacher_lewm_baseline_seed3074_epoch_10_object.ckpt,['/opt/workspace/explorer-env/dataset/ag_data/data/world_model/quentinll/lewm-reacher/ckpt/reacher_lewm_baseline_seed3074'],16,per_anchor_mean_then_checkpoint_quantile,5,18.666667,horizon_weighted_stacked_l2_v2,18.12869644165039,false,/opt/workspace/explorer-env/dataset/ag_data/data/world_model/quentinll/lewm-reacher/ckpt/reacher_lewm_baseline_seed3074,ok,0.00,0.08,reacher_lewm_baseline_seed3074,Reacher,3074
0.31644195318222046,0.28342804287613466,0.8,onset,80.0,6.850834846496582,1,LeWM,/opt/workspace/explorer-env/dataset/ag_data/data/world_model/quentinll/lewm-reacher/ckpt/reacher_lewm_noise_0to003_p1_seed3074/reacher_lewm_noise_0to003_p1_seed3074_epoch_10_object.ckpt,['/opt/workspace/explorer-env/dataset/ag_data/data/world_model/quentinll/lewm-reacher/ckpt/reacher_lewm_noise_0to003_p1_seed3074'],16,per_anchor_mean_then_checkpoint_quantile,5,80.666667,horizon_weighted_stacked_l2_v2,2.088290214538574,true,/opt/workspace/explorer-env/dataset/ag_data/data/world_model/quentinll/lewm-reacher/ckpt/reacher_lewm_noise_0to003_p1_seed3074,ok,0.03,0.08,reacher_lewm_noise_0to003_p1_seed3074,Reacher,3074
0.6128799319267273,0.28342804287613466,0.9,onset,80.0,6.850834846496582,1,LeWM,/opt/workspace/explorer-env/dataset/ag_data/data/world_model/quentinll/lewm-reacher/ckpt/reacher_lewm_noise_0to003_p1_seed3074/reacher_lewm_noise_0to003_p1_seed3074_epoch_10_object.ckpt,['/opt/workspace/explorer-env/dataset/ag_data/data/world_model/quentinll/lewm-reacher/ckpt/reacher_lewm_noise_0to003_p1_seed3074'],16,per_anchor_mean_then_checkpoint_quantile,5,80.666667,horizon_weighted_stacked_l2_v2,2.4209625720977783,true,/opt/workspace/explorer-env/dataset/ag_data/data/world_model/quentinll/lewm-reacher/ckpt/reacher_lewm_noise_0to003_p1_seed3074,ok,0.03,0.08,reacher_lewm_noise_0to003_p1_seed3074,Reacher,3074
0.9069109559059143,0.28342804287613466,0.95,onset,80.0,6.850834846496582,1,LeWM,/opt/workspace/explorer-env/dataset/ag_data/data/world_model/quentinll/lewm-reacher/ckpt/reacher_lewm_noise_0to003_p1_seed3074/reacher_lewm_noise_0to003_p1_seed3074_epoch_10_object.ckpt,['/opt/workspace/explorer-env/dataset/ag_data/data/world_model/quentinll/lewm-reacher/ckpt/reacher_lewm_noise_0to003_p1_seed3074'],16,per_anchor_mean_then_checkpoint_quantile,5,80.666667,horizon_weighted_stacked_l2_v2,2.468258857727051,true,/opt/workspace/explorer-env/dataset/ag_data/data/world_model/quentinll/lewm-reacher/ckpt/reacher_lewm_noise_0to003_p1_seed3074,ok,0.03,0.08,reacher_lewm_noise_0to003_p1_seed3074,Reacher,3074
0.2493826001882553,0.28342804287613466,0.8,onset,80.0,7.875343322753906,2,LeWM,/opt/workspace/explorer-env/dataset/ag_data/data/world_model/quentinll/lewm-reacher/ckpt/reacher_lewm_noise_0to003_p1_seed3074/reacher_lewm_noise_0to003_p1_seed3074_epoch_10_object.ckpt,['/opt/workspace/explorer-env/dataset/ag_data/data/world_model/quentinll/lewm-reacher/ckpt/reacher_lewm_noise_0to003_p1_seed3074'],16,per_anchor_mean_then_checkpoint_quantile,5,80.666667,horizon_weighted_stacked_l2_v2,1.8047665357589722,true,/opt/workspace/explorer-env/dataset/ag_data/data/world_model/quentinll/lewm-reacher/ckpt/reacher_lewm_noise_0to003_p1_seed3074,ok,0.03,0.08,reacher_lewm_noise_0to003_p1_seed3074,Reacher,3074
0.2851923108100891,0.28342804287613466,0.9,onset,80.0,7.875343322753906,2,LeWM,/opt/workspace/explorer-env/dataset/ag_data/data/world_model/quentinll/lewm-reacher/ckpt/reacher_lewm_noise_0to003_p1_seed3074/reacher_lewm_noise_0to003_p1_seed3074_epoch_10_object.ckpt,['/opt/workspace/explorer-env/dataset/ag_data/data/world_model/quentinll/lewm-reacher/ckpt/reacher_lewm_noise_0to003_p1_seed3074'],16,per_anchor_mean_then_checkpoint_quantile,5,80.666667,horizon_weighted_stacked_l2_v2,2.238471508026123,true,/opt/workspace/explorer-env/dataset/ag_data/data/world_model/quentinll/lewm-reacher/ckpt/reacher_lewm_noise_0to003_p1_seed3074,ok,0.03,0.08,reacher_lewm_noise_0to003_p1_seed3074,Reacher,3074
0.31895872950553894,0.28342804287613466,0.95,onset,80.0,7.875343322753906,2,LeWM,/opt/workspace/explorer-env/dataset/ag_data/data/world_model/quentinll/lewm-reacher/ckpt/reacher_lewm_noise_0to003_p1_seed3074/reacher_lewm_noise_0to003_p1_seed3074_epoch_10_object.ckpt,['/opt/workspace/explorer-env/dataset/ag_data/data/world_model/quentinll/lewm-reacher/ckpt/reacher_lewm_noise_0to003_p1_seed3074'],16,per_anchor_mean_then_checkpoint_quantile,5,80.666667,horizon_weighted_stacked_l2_v2,2.422151803970337,true,/opt/workspace/explorer-env/dataset/ag_data/data/world_model/quentinll/lewm-reacher/ckpt/reacher_lewm_noise_0to003_p1_seed3074,ok,0.03,0.08,reacher_lewm_noise_0to003_p1_seed3074,Reacher,3074
0.2086937427520752,0.28342804287613466,0.8,onset,80.0,8.286819458007812,4,LeWM,/opt/workspace/explorer-env/dataset/ag_data/data/world_model/quentinll/lewm-reacher/ckpt/reacher_lewm_noise_0to003_p1_seed3074/reacher_lewm_noise_0to003_p1_seed3074_epoch_10_object.ckpt,['/opt/workspace/explorer-env/dataset/ag_data/data/world_model/quentinll/lewm-reacher/ckpt/reacher_lewm_noise_0to003_p1_seed3074'],16,per_anchor_mean_then_checkpoint_quantile,5,80.666667,horizon_weighted_stacked_l2_v2,1.6211540699005127,true,/opt/workspace/explorer-env/dataset/ag_data/data/world_model/quentinll/lewm-reacher/ckpt/reacher_lewm_noise_0to003_p1_seed3074,ok,0.03,0.08,reacher_lewm_noise_0to003_p1_seed3074,Reacher,3074
0.23920026421546936,0.28342804287613466,0.9,onset,80.0,8.286819458007812,4,LeWM,/opt/workspace/explorer-env/dataset/ag_data/data/world_model/quentinll/lewm-reacher/ckpt/reacher_lewm_noise_0to003_p1_seed3074/reacher_lewm_noise_0to003_p1_seed3074_epoch_10_object.ckpt,['/opt/workspace/explorer-env/dataset/ag_data/data/world_model/quentinll/lewm-reacher/ckpt/reacher_lewm_noise_0to003_p1_seed3074'],16,per_anchor_mean_then_checkpoint_quantile,5,80.666667,horizon_weighted_stacked_l2_v2,1.9430084228515625,true,/opt/workspace/explorer-env/dataset/ag_data/data/world_model/quentinll/lewm-reacher/ckpt/reacher_lewm_noise_0to003_p1_seed3074,ok,0.03,0.08,reacher_lewm_noise_0to003_p1_seed3074,Reacher,3074
0.26194119453430176,0.28342804287613466,0.95,onset,80.0,8.286819458007812,4,LeWM,/opt/workspace/explorer-env/dataset/ag_data/data/world_model/quentinll/lewm-reacher/ckpt/reacher_lewm_noise_0to003_p1_seed3074/reacher_lewm_noise_0to003_p1_seed3074_epoch_10_object.ckpt,['/opt/workspace/explorer-env/dataset/ag_data/data/world_model/quentinll/lewm-reacher/ckpt/reacher_lewm_noise_0to003_p1_seed3074'],16,per_anchor_mean_then_checkpoint_quantile,5,80.666667,horizon_weighted_stacked_l2_v2,2.129002809524536,true,/opt/workspace/explorer-env/dataset/ag_data/data/world_model/quentinll/lewm-reacher/ckpt/reacher_lewm_noise_0to003_p1_seed3074,ok,0.03,0.08,reacher_lewm_noise_0to003_p1_seed3074,Reacher,3074
0.16926676034927368,0.28342804287613466,0.8,onset,80.0,7.535459995269775,8,LeWM,/opt/workspace/explorer-env/dataset/ag_data/data/world_model/quentinll/lewm-reacher/ckpt/reacher_lewm_noise_0to003_p1_seed3074/reacher_lewm_noise_0to003_p1_seed3074_epoch_10_object.ckpt,['/opt/workspace/explorer-env/dataset/ag_data/data/world_model/quentinll/lewm-reacher/ckpt/reacher_lewm_noise_0to003_p1_seed3074'],16,per_anchor_mean_then_checkpoint_quantile,5,80.666667,horizon_weighted_stacked_l2_v2,1.3906054496765137,true,/opt/workspace/explorer-env/dataset/ag_data/data/world_model/quentinll/lewm-reacher/ckpt/reacher_lewm_noise_0to003_p1_seed3074,ok,0.03,0.08,reacher_lewm_noise_0to003_p1_seed3074,Reacher,3074
0.21525216102600098,0.28342804287613466,0.9,onset,80.0,7.535459995269775,8,LeWM,/opt/workspace/explorer-env/dataset/ag_data/data/world_model/quentinll/lewm-reacher/ckpt/reacher_lewm_noise_0to003_p1_seed3074/reacher_lewm_noise_0to003_p1_seed3074_epoch_10_object.ckpt,['/opt/workspace/explorer-env/dataset/ag_data/data/world_model/quentinll/lewm-reacher/ckpt/reacher_lewm_noise_0to003_p1_seed3074'],16,per_anchor_mean_then_checkpoint_quantile,5,80.666667,horizon_weighted_stacked_l2_v2,1.5997247695922852,true,/opt/workspace/explorer-env/dataset/ag_data/data/world_model/quentinll/lewm-reacher/ckpt/reacher_lewm_noise_0to003_p1_seed3074,ok,0.03,0.08,reacher_lewm_noise_0to003_p1_seed3074,Reacher,3074
0.25861242413520813,0.28342804287613466,0.95,onset,80.0,7.535459995269775,8,LeWM,/opt/workspace/explorer-env/dataset/ag_data/data/world_model/quentinll/lewm-reacher/ckpt/reacher_lewm_noise_0to003_p1_seed3074/reacher_lewm_noise_0to003_p1_seed3074_epoch_10_object.ckpt,['/opt/workspace/explorer-env/dataset/ag_data/data/world_model/quentinll/lewm-reacher/ckpt/reacher_lewm_noise_0to003_p1_seed3074'],16,per_anchor_mean_then_checkpoint_quantile,5,80.666667,horizon_weighted_stacked_l2_v2,1.7800545692443848,true,/opt/workspace/explorer-env/dataset/ag_data/data/world_model/quentinll/lewm-reacher/ckpt/reacher_lewm_noise_0to003_p1_seed3074,ok,0.03,0.08,reacher_lewm_noise_0to003_p1_seed3074,Reacher,3074
0.07922724634408951,0.07801434049559372,0.8,endpoint,78.333333,6.712577819824219,1,LeWM,/opt/workspace/explorer-env/dataset/ag_data/data/world_model/quentinll/lewm-reacher/ckpt/reacher_lewm_noise_0to008_p1_seed3074/reacher_lewm_noise_0to008_p1_seed3074_epoch_10_object.ckpt,['/opt/workspace/explorer-env/dataset/ag_data/data/world_model/quentinll/lewm-reacher/ckpt/reacher_lewm_noise_0to008_p1_seed3074'],16,per_anchor_mean_then_checkpoint_quantile,5,80.333333,horizon_weighted_stacked_l2_v2,0.4756309688091278,true,/opt/workspace/explorer-env/dataset/ag_data/data/world_model/quentinll/lewm-reacher/ckpt/reacher_lewm_noise_0to008_p1_seed3074,ok,0.08,0.08,reacher_lewm_noise_0to008_p1_seed3074,Reacher,3074
0.15794610977172852,0.07801434049559372,0.9,endpoint,78.333333,6.712577819824219,1,LeWM,/opt/workspace/explorer-env/dataset/ag_data/data/world_model/quentinll/lewm-reacher/ckpt/reacher_lewm_noise_0to008_p1_seed3074/reacher_lewm_noise_0to008_p1_seed3074_epoch_10_object.ckpt,['/opt/workspace/explorer-env/dataset/ag_data/data/world_model/quentinll/lewm-reacher/ckpt/reacher_lewm_noise_0to008_p1_seed3074'],16,per_anchor_mean_then_checkpoint_quantile,5,80.333333,horizon_weighted_stacked_l2_v2,0.5310856103897095,true,/opt/workspace/explorer-env/dataset/ag_data/data/world_model/quentinll/lewm-reacher/ckpt/reacher_lewm_noise_0to008_p1_seed3074,ok,0.08,0.08,reacher_lewm_noise_0to008_p1_seed3074,Reacher,3074
0.23907914757728577,0.07801434049559372,0.95,endpoint,78.333333,6.712577819824219,1,LeWM,/opt/workspace/explorer-env/dataset/ag_data/data/world_model/quentinll/lewm-reacher/ckpt/reacher_lewm_noise_0to008_p1_seed3074/reacher_lewm_noise_0to008_p1_seed3074_epoch_10_object.ckpt,['/opt/workspace/explorer-env/dataset/ag_data/data/world_model/quentinll/lewm-reacher/ckpt/reacher_lewm_noise_0to008_p1_seed3074'],16,per_anchor_mean_then_checkpoint_quantile,5,80.333333,horizon_weighted_stacked_l2_v2,0.5705788135528564,true,/opt/workspace/explorer-env/dataset/ag_data/data/world_model/quentinll/lewm-reacher/ckpt/reacher_lewm_noise_0to008_p1_seed3074,ok,0.08,0.08,reacher_lewm_noise_0to008_p1_seed3074,Reacher,3074
0.07033354789018631,0.07801434049559372,0.8,endpoint,78.333333,7.7921929359436035,2,LeWM,/opt/workspace/explorer-env/dataset/ag_data/data/world_model/quentinll/lewm-reacher/ckpt/reacher_lewm_noise_0to008_p1_seed3074/reacher_lewm_noise_0to008_p1_seed3074_epoch_10_object.ckpt,['/opt/workspace/explorer-env/dataset/ag_data/data/world_model/quentinll/lewm-reacher/ckpt/reacher_lewm_noise_0to008_p1_seed3074'],16,per_anchor_mean_then_checkpoint_quantile,5,80.333333,horizon_weighted_stacked_l2_v2,0.45279794931411743,true,/opt/workspace/explorer-env/dataset/ag_data/data/world_model/quentinll/lewm-reacher/ckpt/reacher_lewm_noise_0to008_p1_seed3074,ok,0.08,0.08,reacher_lewm_noise_0to008_p1_seed3074,Reacher,3074
0.07619472593069077,0.07801434049559372,0.9,endpoint,78.333333,7.7921929359436035,2,LeWM,/opt/workspace/explorer-env/dataset/ag_data/data/world_model/quentinll/lewm-reacher/ckpt/reacher_lewm_noise_0to008_p1_seed3074/reacher_lewm_noise_0to008_p1_seed3074_epoch_10_object.ckpt,['/opt/workspace/explorer-env/dataset/ag_data/data/world_model/quentinll/lewm-reacher/ckpt/reacher_lewm_noise_0to008_p1_seed3074'],16,per_anchor_mean_then_checkpoint_quantile,5,80.333333,horizon_weighted_stacked_l2_v2,0.4869231581687927,true,/opt/workspace/explorer-env/dataset/ag_data/data/world_model/quentinll/lewm-reacher/ckpt/reacher_lewm_noise_0to008_p1_seed3074,ok,0.08,0.08,reacher_lewm_noise_0to008_p1_seed3074,Reacher,3074
0.08380649983882904,0.07801434049559372,0.95,endpoint,78.333333,7.7921929359436035,2,LeWM,/opt/workspace/explorer-env/dataset/ag_data/data/world_model/quentinll/lewm-reacher/ckpt/reacher_lewm_noise_0to008_p1_seed3074/reacher_lewm_noise_0to008_p1_seed3074_epoch_10_object.ckpt,['/opt/workspace/explorer-env/dataset/ag_data/data/world_model/quentinll/lewm-reacher/ckpt/reacher_lewm_noise_0to008_p1_seed3074'],16,per_anchor_mean_then_checkpoint_quantile,5,80.333333,horizon_weighted_stacked_l2_v2,0.551668643951416,true,/opt/workspace/explorer-env/dataset/ag_data/data/world_model/quentinll/lewm-reacher/ckpt/reacher_lewm_noise_0to008_p1_seed3074,ok,0.08,0.08,reacher_lewm_noise_0to008_p1_seed3074,Reacher,3074
0.06448004394769669,0.07801434049559372,0.8,endpoint,78.333333,8.170242309570312,4,LeWM,/opt/workspace/explorer-env/dataset/ag_data/data/world_model/quentinll/lewm-reacher/ckpt/reacher_lewm_noise_0to008_p1_seed3074/reacher_lewm_noise_0to008_p1_seed3074_epoch_10_object.ckpt,['/opt/workspace/explorer-env/dataset/ag_data/data/world_model/quentinll/lewm-reacher/ckpt/reacher_lewm_noise_0to008_p1_seed3074'],16,per_anchor_mean_then_checkpoint_quantile,5,80.333333,horizon_weighted_stacked_l2_v2,0.45695629715919495,true,/opt/workspace/explorer-env/dataset/ag_data/data/world_model/quentinll/lewm-reacher/ckpt/reacher_lewm_noise_0to008_p1_seed3074,ok,0.08,0.08,reacher_lewm_noise_0to008_p1_seed3074,Reacher,3074
0.07192541658878326,0.07801434049559372,0.9,endpoint,78.333333,8.170242309570312,4,LeWM,/opt/workspace/explorer-env/dataset/ag_data/data/world_model/quentinll/lewm-reacher/ckpt/reacher_lewm_noise_0to008_p1_seed3074/reacher_lewm_noise_0to008_p1_seed3074_epoch_10_object.ckpt,['/opt/workspace/explorer-env/dataset/ag_data/data/world_model/quentinll/lewm-reacher/ckpt/reacher_lewm_noise_0to008_p1_seed3074'],16,per_anchor_mean_then_checkpoint_quantile,5,80.333333,horizon_weighted_stacked_l2_v2,0.48198074102401733,true,/opt/workspace/explorer-env/dataset/ag_data/data/world_model/quentinll/lewm-reacher/ckpt/reacher_lewm_noise_0to008_p1_seed3074,ok,0.08,0.08,reacher_lewm_noise_0to008_p1_seed3074,Reacher,3074
0.07331569492816925,0.07801434049559372,0.95,endpoint,78.333333,8.170242309570312,4,LeWM,/opt/workspace/explorer-env/dataset/ag_data/data/world_model/quentinll/lewm-reacher/ckpt/reacher_lewm_noise_0to008_p1_seed3074/reacher_lewm_noise_0to008_p1_seed3074_epoch_10_object.ckpt,['/opt/workspace/explorer-env/dataset/ag_data/data/world_model/quentinll/lewm-reacher/ckpt/reacher_lewm_noise_0to008_p1_seed3074'],16,per_anchor_mean_then_checkpoint_quantile,5,80.333333,horizon_weighted_stacked_l2_v2,0.5144977569580078,true,/opt/workspace/explorer-env/dataset/ag_data/data/world_model/quentinll/lewm-reacher/ckpt/reacher_lewm_noise_0to008_p1_seed3074,ok,0.08,0.08,reacher_lewm_noise_0to008_p1_seed3074,Reacher,3074
0.06081089377403259,0.07801434049559372,0.8,endpoint,78.333333,7.495573997497559,8,LeWM,/opt/workspace/explorer-env/dataset/ag_data/data/world_model/quentinll/lewm-reacher/ckpt/reacher_lewm_noise_0to008_p1_seed3074/reacher_lewm_noise_0to008_p1_seed3074_epoch_10_object.ckpt,['/opt/workspace/explorer-env/dataset/ag_data/data/world_model/quentinll/lewm-reacher/ckpt/reacher_lewm_noise_0to008_p1_seed3074'],16,per_anchor_mean_then_checkpoint_quantile,5,80.333333,horizon_weighted_stacked_l2_v2,0.44018611311912537,true,/opt/workspace/explorer-env/dataset/ag_data/data/world_model/quentinll/lewm-reacher/ckpt/reacher_lewm_noise_0to008_p1_seed3074,ok,0.08,0.08,reacher_lewm_noise_0to008_p1_seed3074,Reacher,3074
0.08099620789289474,0.07801434049559372,0.9,endpoint,78.333333,7.495573997497559,8,LeWM,/opt/workspace/explorer-env/dataset/ag_data/data/world_model/quentinll/lewm-reacher/ckpt/reacher_lewm_noise_0to008_p1_seed3074/reacher_lewm_noise_0to008_p1_seed3074_epoch_10_object.ckpt,['/opt/workspace/explorer-env/dataset/ag_data/data/world_model/quentinll/lewm-reacher/ckpt/reacher_lewm_noise_0to008_p1_seed3074'],16,per_anchor_mean_then_checkpoint_quantile,5,80.333333,horizon_weighted_stacked_l2_v2,0.45627427101135254,true,/opt/workspace/explorer-env/dataset/ag_data/data/world_model/quentinll/lewm-reacher/ckpt/reacher_lewm_noise_0to008_p1_seed3074,ok,0.08,0.08,reacher_lewm_noise_0to008_p1_seed3074,Reacher,3074
0.09182090312242508,0.07801434049559372,0.95,endpoint,78.333333,7.495573997497559,8,LeWM,/opt/workspace/explorer-env/dataset/ag_data/data/world_model/quentinll/lewm-reacher/ckpt/reacher_lewm_noise_0to008_p1_seed3074/reacher_lewm_noise_0to008_p1_seed3074_epoch_10_object.ckpt,['/opt/workspace/explorer-env/dataset/ag_data/data/world_model/quentinll/lewm-reacher/ckpt/reacher_lewm_noise_0to008_p1_seed3074'],16,per_anchor_mean_then_checkpoint_quantile,5,80.333333,horizon_weighted_stacked_l2_v2,0.4775274991989136,true,/opt/workspace/explorer-env/dataset/ag_data/data/world_model/quentinll/lewm-reacher/ckpt/reacher_lewm_noise_0to008_p1_seed3074,ok,0.08,0.08,reacher_lewm_noise_0to008_p1_seed3074,Reacher,3074
5.215756893157959,2.2742336070066784,0.8,base,66.66666666666667,10.322486877441406,1,LeWM,/opt/workspace/explorer-env/dataset/ag_data/data/world_model/quentinll/lewm-cube/ckpt/cube_lewm_20260430/cube_lewm_20260430_epoch_10_object.ckpt,['/opt/workspace/explorer-env/dataset/ag_data/data/world_model/quentinll/lewm-cube/ckpt/cube_lewm_20260430'],16,per_anchor_mean_then_checkpoint_quantile,5,47.0,horizon_weighted_stacked_l2_v2,19.62009620666504,false,/opt/workspace/explorer-env/dataset/ag_data/data/world_model/quentinll/lewm-cube/ckpt/cube_lewm_20260430,ok,0.00,0.08,cube_lewm_20260430,Cube,3072
8.262520790100098,2.2742336070066784,0.9,base,66.66666666666667,10.322486877441406,1,LeWM,/opt/workspace/explorer-env/dataset/ag_data/data/world_model/quentinll/lewm-cube/ckpt/cube_lewm_20260430/cube_lewm_20260430_epoch_10_object.ckpt,['/opt/workspace/explorer-env/dataset/ag_data/data/world_model/quentinll/lewm-cube/ckpt/cube_lewm_20260430'],16,per_anchor_mean_then_checkpoint_quantile,5,47.0,horizon_weighted_stacked_l2_v2,20.686758041381836,false,/opt/workspace/explorer-env/dataset/ag_data/data/world_model/quentinll/lewm-cube/ckpt/cube_lewm_20260430,ok,0.00,0.08,cube_lewm_20260430,Cube,3072
12.144902229309082,2.2742336070066784,0.95,base,66.66666666666667,10.322486877441406,1,LeWM,/opt/workspace/explorer-env/dataset/ag_data/data/world_model/quentinll/lewm-cube/ckpt/cube_lewm_20260430/cube_lewm_20260430_epoch_10_object.ckpt,['/opt/workspace/explorer-env/dataset/ag_data/data/world_model/quentinll/lewm-cube/ckpt/cube_lewm_20260430'],16,per_anchor_mean_then_checkpoint_quantile,5,47.0,horizon_weighted_stacked_l2_v2,22.050155639648438,false,/opt/workspace/explorer-env/dataset/ag_data/data/world_model/quentinll/lewm-cube/ckpt/cube_lewm_20260430,ok,0.00,0.08,cube_lewm_20260430,Cube,3072
3.693371295928955,2.2742336070066784,0.8,base,66.66666666666667,9.390125274658203,2,LeWM,/opt/workspace/explorer-env/dataset/ag_data/data/world_model/quentinll/lewm-cube/ckpt/cube_lewm_20260430/cube_lewm_20260430_epoch_10_object.ckpt,['/opt/workspace/explorer-env/dataset/ag_data/data/world_model/quentinll/lewm-cube/ckpt/cube_lewm_20260430'],16,per_anchor_mean_then_checkpoint_quantile,5,47.0,horizon_weighted_stacked_l2_v2,19.651851654052734,false,/opt/workspace/explorer-env/dataset/ag_data/data/world_model/quentinll/lewm-cube/ckpt/cube_lewm_20260430,ok,0.00,0.08,cube_lewm_20260430,Cube,3072
6.291903018951416,2.2742336070066784,0.9,base,66.66666666666667,9.390125274658203,2,LeWM,/opt/workspace/explorer-env/dataset/ag_data/data/world_model/quentinll/lewm-cube/ckpt/cube_lewm_20260430/cube_lewm_20260430_epoch_10_object.ckpt,['/opt/workspace/explorer-env/dataset/ag_data/data/world_model/quentinll/lewm-cube/ckpt/cube_lewm_20260430'],16,per_anchor_mean_then_checkpoint_quantile,5,47.0,horizon_weighted_stacked_l2_v2,21.596588134765625,false,/opt/workspace/explorer-env/dataset/ag_data/data/world_model/quentinll/lewm-cube/ckpt/cube_lewm_20260430,ok,0.00,0.08,cube_lewm_20260430,Cube,3072
7.9009809494018555,2.2742336070066784,0.95,base,66.66666666666667,9.390125274658203,2,LeWM,/opt/workspace/explorer-env/dataset/ag_data/data/world_model/quentinll/lewm-cube/ckpt/cube_lewm_20260430/cube_lewm_20260430_epoch_10_object.ckpt,['/opt/workspace/explorer-env/dataset/ag_data/data/world_model/quentinll/lewm-cube/ckpt/cube_lewm_20260430'],16,per_anchor_mean_then_checkpoint_quantile,5,47.0,horizon_weighted_stacked_l2_v2,22.6521053314209,false,/opt/workspace/explorer-env/dataset/ag_data/data/world_model/quentinll/lewm-cube/ckpt/cube_lewm_20260430,ok,0.00,0.08,cube_lewm_20260430,Cube,3072
2.8001840114593506,2.2742336070066784,0.8,base,66.66666666666667,8.123208045959473,4,LeWM,/opt/workspace/explorer-env/dataset/ag_data/data/world_model/quentinll/lewm-cube/ckpt/cube_lewm_20260430/cube_lewm_20260430_epoch_10_object.ckpt,['/opt/workspace/explorer-env/dataset/ag_data/data/world_model/quentinll/lewm-cube/ckpt/cube_lewm_20260430'],16,per_anchor_mean_then_checkpoint_quantile,5,47.0,horizon_weighted_stacked_l2_v2,19.32684898376465,false,/opt/workspace/explorer-env/dataset/ag_data/data/world_model/quentinll/lewm-cube/ckpt/cube_lewm_20260430,ok,0.00,0.08,cube_lewm_20260430,Cube,3072
3.4993205070495605,2.2742336070066784,0.9,base,66.66666666666667,8.123208045959473,4,LeWM,/opt/workspace/explorer-env/dataset/ag_data/data/world_model/quentinll/lewm-cube/ckpt/cube_lewm_20260430/cube_lewm_20260430_epoch_10_object.ckpt,['/opt/workspace/explorer-env/dataset/ag_data/data/world_model/quentinll/lewm-cube/ckpt/cube_lewm_20260430'],16,per_anchor_mean_then_checkpoint_quantile,5,47.0,horizon_weighted_stacked_l2_v2,22.14960479736328,false,/opt/workspace/explorer-env/dataset/ag_data/data/world_model/quentinll/lewm-cube/ckpt/cube_lewm_20260430,ok,0.00,0.08,cube_lewm_20260430,Cube,3072
4.027365207672119,2.2742336070066784,0.95,base,66.66666666666667,8.123208045959473,4,LeWM,/opt/workspace/explorer-env/dataset/ag_data/data/world_model/quentinll/lewm-cube/ckpt/cube_lewm_20260430/cube_lewm_20260430_epoch_10_object.ckpt,['/opt/workspace/explorer-env/dataset/ag_data/data/world_model/quentinll/lewm-cube/ckpt/cube_lewm_20260430'],16,per_anchor_mean_then_checkpoint_quantile,5,47.0,horizon_weighted_stacked_l2_v2,22.815492630004883,false,/opt/workspace/explorer-env/dataset/ag_data/data/world_model/quentinll/lewm-cube/ckpt/cube_lewm_20260430,ok,0.00,0.08,cube_lewm_20260430,Cube,3072
2.329503297805786,2.2742336070066784,0.8,base,66.66666666666667,10.40527629852295,8,LeWM,/opt/workspace/explorer-env/dataset/ag_data/data/world_model/quentinll/lewm-cube/ckpt/cube_lewm_20260430/cube_lewm_20260430_epoch_10_object.ckpt,['/opt/workspace/explorer-env/dataset/ag_data/data/world_model/quentinll/lewm-cube/ckpt/cube_lewm_20260430'],16,per_anchor_mean_then_checkpoint_quantile,5,47.0,horizon_weighted_stacked_l2_v2,20.041696548461914,false,/opt/workspace/explorer-env/dataset/ag_data/data/world_model/quentinll/lewm-cube/ckpt/cube_lewm_20260430,ok,0.00,0.08,cube_lewm_20260430,Cube,3072
2.4933700561523438,2.2742336070066784,0.9,base,66.66666666666667,10.40527629852295,8,LeWM,/opt/workspace/explorer-env/dataset/ag_data/data/world_model/quentinll/lewm-cube/ckpt/cube_lewm_20260430/cube_lewm_20260430_epoch_10_object.ckpt,['/opt/workspace/explorer-env/dataset/ag_data/data/world_model/quentinll/lewm-cube/ckpt/cube_lewm_20260430'],16,per_anchor_mean_then_checkpoint_quantile,5,47.0,horizon_weighted_stacked_l2_v2,21.10201072692871,false,/opt/workspace/explorer-env/dataset/ag_data/data/world_model/quentinll/lewm-cube/ckpt/cube_lewm_20260430,ok,0.00,0.08,cube_lewm_20260430,Cube,3072
2.7092506885528564,2.2742336070066784,0.95,base,66.66666666666667,10.40527629852295,8,LeWM,/opt/workspace/explorer-env/dataset/ag_data/data/world_model/quentinll/lewm-cube/ckpt/cube_lewm_20260430/cube_lewm_20260430_epoch_10_object.ckpt,['/opt/workspace/explorer-env/dataset/ag_data/data/world_model/quentinll/lewm-cube/ckpt/cube_lewm_20260430'],16,per_anchor_mean_then_checkpoint_quantile,5,47.0,horizon_weighted_stacked_l2_v2,21.414710998535156,false,/opt/workspace/explorer-env/dataset/ag_data/data/world_model/quentinll/lewm-cube/ckpt/cube_lewm_20260430,ok,0.00,0.08,cube_lewm_20260430,Cube,3072
1.04753839969635,0.7240019399862586,0.8,onset,65.0,10.035673141479492,1,LeWM,/opt/workspace/explorer-env/dataset/ag_data/data/world_model/quentinll/lewm-cube/ckpt/cube_lewm_noise_0to003_p1/cube_lewm_noise_0to003_p1_epoch_10_object.ckpt,['/opt/workspace/explorer-env/dataset/ag_data/data/world_model/quentinll/lewm-cube/ckpt/cube_lewm_noise_0to003_p1'],16,per_anchor_mean_then_checkpoint_quantile,5,68.33333333333333,horizon_weighted_stacked_l2_v2,5.066514015197754,true,/opt/workspace/explorer-env/dataset/ag_data/data/world_model/quentinll/lewm-cube/ckpt/cube_lewm_noise_0to003_p1,ok,0.03,0.08,cube_lewm_noise_0to003_p1,Cube,3072
1.5855416059494019,0.7240019399862586,0.9,onset,65.0,10.035673141479492,1,LeWM,/opt/workspace/explorer-env/dataset/ag_data/data/world_model/quentinll/lewm-cube/ckpt/cube_lewm_noise_0to003_p1/cube_lewm_noise_0to003_p1_epoch_10_object.ckpt,['/opt/workspace/explorer-env/dataset/ag_data/data/world_model/quentinll/lewm-cube/ckpt/cube_lewm_noise_0to003_p1'],16,per_anchor_mean_then_checkpoint_quantile,5,68.33333333333333,horizon_weighted_stacked_l2_v2,5.766496181488037,true,/opt/workspace/explorer-env/dataset/ag_data/data/world_model/quentinll/lewm-cube/ckpt/cube_lewm_noise_0to003_p1,ok,0.03,0.08,cube_lewm_noise_0to003_p1,Cube,3072
1.9445829391479492,0.7240019399862586,0.95,onset,65.0,10.035673141479492,1,LeWM,/opt/workspace/explorer-env/dataset/ag_data/data/world_model/quentinll/lewm-cube/ckpt/cube_lewm_noise_0to003_p1/cube_lewm_noise_0to003_p1_epoch_10_object.ckpt,['/opt/workspace/explorer-env/dataset/ag_data/data/world_model/quentinll/lewm-cube/ckpt/cube_lewm_noise_0to003_p1'],16,per_anchor_mean_then_checkpoint_quantile,5,68.33333333333333,horizon_weighted_stacked_l2_v2,6.20032262802124,true,/opt/workspace/explorer-env/dataset/ag_data/data/world_model/quentinll/lewm-cube/ckpt/cube_lewm_noise_0to003_p1,ok,0.03,0.08,cube_lewm_noise_0to003_p1,Cube,3072
0.7331107258796692,0.7240019399862586,0.8,onset,65.0,9.263484954833984,2,LeWM,/opt/workspace/explorer-env/dataset/ag_data/data/world_model/quentinll/lewm-cube/ckpt/cube_lewm_noise_0to003_p1/cube_lewm_noise_0to003_p1_epoch_10_object.ckpt,['/opt/workspace/explorer-env/dataset/ag_data/data/world_model/quentinll/lewm-cube/ckpt/cube_lewm_noise_0to003_p1'],16,per_anchor_mean_then_checkpoint_quantile,5,68.33333333333333,horizon_weighted_stacked_l2_v2,4.9125494956970215,true,/opt/workspace/explorer-env/dataset/ag_data/data/world_model/quentinll/lewm-cube/ckpt/cube_lewm_noise_0to003_p1,ok,0.03,0.08,cube_lewm_noise_0to003_p1,Cube,3072
1.054918885231018,0.7240019399862586,0.9,onset,65.0,9.263484954833984,2,LeWM,/opt/workspace/explorer-env/dataset/ag_data/data/world_model/quentinll/lewm-cube/ckpt/cube_lewm_noise_0to003_p1/cube_lewm_noise_0to003_p1_epoch_10_object.ckpt,['/opt/workspace/explorer-env/dataset/ag_data/data/world_model/quentinll/lewm-cube/ckpt/cube_lewm_noise_0to003_p1'],16,per_anchor_mean_then_checkpoint_quantile,5,68.33333333333333,horizon_weighted_stacked_l2_v2,5.815494537353516,true,/opt/workspace/explorer-env/dataset/ag_data/data/world_model/quentinll/lewm-cube/ckpt/cube_lewm_noise_0to003_p1,ok,0.03,0.08,cube_lewm_noise_0to003_p1,Cube,3072
1.5436153411865234,0.7240019399862586,0.95,onset,65.0,9.263484954833984,2,LeWM,/opt/workspace/explorer-env/dataset/ag_data/data/world_model/quentinll/lewm-cube/ckpt/cube_lewm_noise_0to003_p1/cube_lewm_noise_0to003_p1_epoch_10_object.ckpt,['/opt/workspace/explorer-env/dataset/ag_data/data/world_model/quentinll/lewm-cube/ckpt/cube_lewm_noise_0to003_p1'],16,per_anchor_mean_then_checkpoint_quantile,5,68.33333333333333,horizon_weighted_stacked_l2_v2,5.938417911529541,true,/opt/workspace/explorer-env/dataset/ag_data/data/world_model/quentinll/lewm-cube/ckpt/cube_lewm_noise_0to003_p1,ok,0.03,0.08,cube_lewm_noise_0to003_p1,Cube,3072
0.714259922504425,0.7240019399862586,0.8,onset,65.0,7.532374382019043,4,LeWM,/opt/workspace/explorer-env/dataset/ag_data/data/world_model/quentinll/lewm-cube/ckpt/cube_lewm_noise_0to003_p1/cube_lewm_noise_0to003_p1_epoch_10_object.ckpt,['/opt/workspace/explorer-env/dataset/ag_data/data/world_model/quentinll/lewm-cube/ckpt/cube_lewm_noise_0to003_p1'],16,per_anchor_mean_then_checkpoint_quantile,5,68.33333333333333,horizon_weighted_stacked_l2_v2,5.009801387786865,true,/opt/workspace/explorer-env/dataset/ag_data/data/world_model/quentinll/lewm-cube/ckpt/cube_lewm_noise_0to003_p1,ok,0.03,0.08,cube_lewm_noise_0to003_p1,Cube,3072
0.9092757701873779,0.7240019399862586,0.9,onset,65.0,7.532374382019043,4,LeWM,/opt/workspace/explorer-env/dataset/ag_data/data/world_model/quentinll/lewm-cube/ckpt/cube_lewm_noise_0to003_p1/cube_lewm_noise_0to003_p1_epoch_10_object.ckpt,['/opt/workspace/explorer-env/dataset/ag_data/data/world_model/quentinll/lewm-cube/ckpt/cube_lewm_noise_0to003_p1'],16,per_anchor_mean_then_checkpoint_quantile,5,68.33333333333333,horizon_weighted_stacked_l2_v2,5.839193820953369,true,/opt/workspace/explorer-env/dataset/ag_data/data/world_model/quentinll/lewm-cube/ckpt/cube_lewm_noise_0to003_p1,ok,0.03,0.08,cube_lewm_noise_0to003_p1,Cube,3072
0.9338811039924622,0.7240019399862586,0.95,onset,65.0,7.532374382019043,4,LeWM,/opt/workspace/explorer-env/dataset/ag_data/data/world_model/quentinll/lewm-cube/ckpt/cube_lewm_noise_0to003_p1/cube_lewm_noise_0to003_p1_epoch_10_object.ckpt,['/opt/workspace/explorer-env/dataset/ag_data/data/world_model/quentinll/lewm-cube/ckpt/cube_lewm_noise_0to003_p1'],16,per_anchor_mean_then_checkpoint_quantile,5,68.33333333333333,horizon_weighted_stacked_l2_v2,6.334519386291504,true,/opt/workspace/explorer-env/dataset/ag_data/data/world_model/quentinll/lewm-cube/ckpt/cube_lewm_noise_0to003_p1,ok,0.03,0.08,cube_lewm_noise_0to003_p1,Cube,3072
0.5713586211204529,0.7240019399862586,0.8,onset,65.0,9.672515869140625,8,LeWM,/opt/workspace/explorer-env/dataset/ag_data/data/world_model/quentinll/lewm-cube/ckpt/cube_lewm_noise_0to003_p1/cube_lewm_noise_0to003_p1_epoch_10_object.ckpt,['/opt/workspace/explorer-env/dataset/ag_data/data/world_model/quentinll/lewm-cube/ckpt/cube_lewm_noise_0to003_p1'],16,per_anchor_mean_then_checkpoint_quantile,5,68.33333333333333,horizon_weighted_stacked_l2_v2,5.360270977020264,true,/opt/workspace/explorer-env/dataset/ag_data/data/world_model/quentinll/lewm-cube/ckpt/cube_lewm_noise_0to003_p1,ok,0.03,0.08,cube_lewm_noise_0to003_p1,Cube,3072
0.759917140007019,0.7240019399862586,0.9,onset,65.0,9.672515869140625,8,LeWM,/opt/workspace/explorer-env/dataset/ag_data/data/world_model/quentinll/lewm-cube/ckpt/cube_lewm_noise_0to003_p1/cube_lewm_noise_0to003_p1_epoch_10_object.ckpt,['/opt/workspace/explorer-env/dataset/ag_data/data/world_model/quentinll/lewm-cube/ckpt/cube_lewm_noise_0to003_p1'],16,per_anchor_mean_then_checkpoint_quantile,5,68.33333333333333,horizon_weighted_stacked_l2_v2,6.602283000946045,true,/opt/workspace/explorer-env/dataset/ag_data/data/world_model/quentinll/lewm-cube/ckpt/cube_lewm_noise_0to003_p1,ok,0.03,0.08,cube_lewm_noise_0to003_p1,Cube,3072
0.8844616413116455,0.7240019399862586,0.95,onset,65.0,9.672515869140625,8,LeWM,/opt/workspace/explorer-env/dataset/ag_data/data/world_model/quentinll/lewm-cube/ckpt/cube_lewm_noise_0to003_p1/cube_lewm_noise_0to003_p1_epoch_10_object.ckpt,['/opt/workspace/explorer-env/dataset/ag_data/data/world_model/quentinll/lewm-cube/ckpt/cube_lewm_noise_0to003_p1'],16,per_anchor_mean_then_checkpoint_quantile,5,68.33333333333333,horizon_weighted_stacked_l2_v2,7.483366012573242,true,/opt/workspace/explorer-env/dataset/ag_data/data/world_model/quentinll/lewm-cube/ckpt/cube_lewm_noise_0to003_p1,ok,0.03,0.08,cube_lewm_noise_0to003_p1,Cube,3072
0.18378984928131104,0.09119283847319774,0.8,endpoint,62.333333333333336,9.975427627563477,1,LeWM,/opt/workspace/explorer-env/dataset/ag_data/data/world_model/quentinll/lewm-cube/ckpt/cube_lewm_noise_0to008_p1/cube_lewm_noise_0to008_p1_epoch_10_object.ckpt,['/opt/workspace/explorer-env/dataset/ag_data/data/world_model/quentinll/lewm-cube/ckpt/cube_lewm_noise_0to008_p1'],16,per_anchor_mean_then_checkpoint_quantile,5,62.0,horizon_weighted_stacked_l2_v2,0.742310106754303,false,/opt/workspace/explorer-env/dataset/ag_data/data/world_model/quentinll/lewm-cube/ckpt/cube_lewm_noise_0to008_p1,ok,0.08,0.08,cube_lewm_noise_0to008_p1,Cube,3072
0.27865493297576904,0.09119283847319774,0.9,endpoint,62.333333333333336,9.975427627563477,1,LeWM,/opt/workspace/explorer-env/dataset/ag_data/data/world_model/quentinll/lewm-cube/ckpt/cube_lewm_noise_0to008_p1/cube_lewm_noise_0to008_p1_epoch_10_object.ckpt,['/opt/workspace/explorer-env/dataset/ag_data/data/world_model/quentinll/lewm-cube/ckpt/cube_lewm_noise_0to008_p1'],16,per_anchor_mean_then_checkpoint_quantile,5,62.0,horizon_weighted_stacked_l2_v2,0.7653517723083496,false,/opt/workspace/explorer-env/dataset/ag_data/data/world_model/quentinll/lewm-cube/ckpt/cube_lewm_noise_0to008_p1,ok,0.08,0.08,cube_lewm_noise_0to008_p1,Cube,3072
0.3561782240867615,0.09119283847319774,0.95,endpoint,62.333333333333336,9.975427627563477,1,LeWM,/opt/workspace/explorer-env/dataset/ag_data/data/world_model/quentinll/lewm-cube/ckpt/cube_lewm_noise_0to008_p1/cube_lewm_noise_0to008_p1_epoch_10_object.ckpt,['/opt/workspace/explorer-env/dataset/ag_data/data/world_model/quentinll/lewm-cube/ckpt/cube_lewm_noise_0to008_p1'],16,per_anchor_mean_then_checkpoint_quantile,5,62.0,horizon_weighted_stacked_l2_v2,0.7983880639076233,false,/opt/workspace/explorer-env/dataset/ag_data/data/world_model/quentinll/lewm-cube/ckpt/cube_lewm_noise_0to008_p1,ok,0.08,0.08,cube_lewm_noise_0to008_p1,Cube,3072
0.11290746182203293,0.09119283847319774,0.8,endpoint,62.333333333333336,9.189325332641602,2,LeWM,/opt/workspace/explorer-env/dataset/ag_data/data/world_model/quentinll/lewm-cube/ckpt/cube_lewm_noise_0to008_p1/cube_lewm_noise_0to008_p1_epoch_10_object.ckpt,['/opt/workspace/explorer-env/dataset/ag_data/data/world_model/quentinll/lewm-cube/ckpt/cube_lewm_noise_0to008_p1'],16,per_anchor_mean_then_checkpoint_quantile,5,62.0,horizon_weighted_stacked_l2_v2,0.7136111259460449,false,/opt/workspace/explorer-env/dataset/ag_data/data/world_model/quentinll/lewm-cube/ckpt/cube_lewm_noise_0to008_p1,ok,0.08,0.08,cube_lewm_noise_0to008_p1,Cube,3072
0.19781394302845,0.09119283847319774,0.9,endpoint,62.333333333333336,9.189325332641602,2,LeWM,/opt/workspace/explorer-env/dataset/ag_data/data/world_model/quentinll/lewm-cube/ckpt/cube_lewm_noise_0to008_p1/cube_lewm_noise_0to008_p1_epoch_10_object.ckpt,['/opt/workspace/explorer-env/dataset/ag_data/data/world_model/quentinll/lewm-cube/ckpt/cube_lewm_noise_0to008_p1'],16,per_anchor_mean_then_checkpoint_quantile,5,62.0,horizon_weighted_stacked_l2_v2,0.7411395311355591,false,/opt/workspace/explorer-env/dataset/ag_data/data/world_model/quentinll/lewm-cube/ckpt/cube_lewm_noise_0to008_p1,ok,0.08,0.08,cube_lewm_noise_0to008_p1,Cube,3072
0.2896360456943512,0.09119283847319774,0.95,endpoint,62.333333333333336,9.189325332641602,2,LeWM,/opt/workspace/explorer-env/dataset/ag_data/data/world_model/quentinll/lewm-cube/ckpt/cube_lewm_noise_0to008_p1/cube_lewm_noise_0to008_p1_epoch_10_object.ckpt,['/opt/workspace/explorer-env/dataset/ag_data/data/world_model/quentinll/lewm-cube/ckpt/cube_lewm_noise_0to008_p1'],16,per_anchor_mean_then_checkpoint_quantile,5,62.0,horizon_weighted_stacked_l2_v2,0.7838906049728394,false,/opt/workspace/explorer-env/dataset/ag_data/data/world_model/quentinll/lewm-cube/ckpt/cube_lewm_noise_0to008_p1,ok,0.08,0.08,cube_lewm_noise_0to008_p1,Cube,3072
0.09731023758649826,0.09119283847319774,0.8,endpoint,62.333333333333336,7.923909664154053,4,LeWM,/opt/workspace/explorer-env/dataset/ag_data/data/world_model/quentinll/lewm-cube/ckpt/cube_lewm_noise_0to008_p1/cube_lewm_noise_0to008_p1_epoch_10_object.ckpt,['/opt/workspace/explorer-env/dataset/ag_data/data/world_model/quentinll/lewm-cube/ckpt/cube_lewm_noise_0to008_p1'],16,per_anchor_mean_then_checkpoint_quantile,5,62.0,horizon_weighted_stacked_l2_v2,0.7184407114982605,false,/opt/workspace/explorer-env/dataset/ag_data/data/world_model/quentinll/lewm-cube/ckpt/cube_lewm_noise_0to008_p1,ok,0.08,0.08,cube_lewm_noise_0to008_p1,Cube,3072
0.09856903553009033,0.09119283847319774,0.9,endpoint,62.333333333333336,7.923909664154053,4,LeWM,/opt/workspace/explorer-env/dataset/ag_data/data/world_model/quentinll/lewm-cube/ckpt/cube_lewm_noise_0to008_p1/cube_lewm_noise_0to008_p1_epoch_10_object.ckpt,['/opt/workspace/explorer-env/dataset/ag_data/data/world_model/quentinll/lewm-cube/ckpt/cube_lewm_noise_0to008_p1'],16,per_anchor_mean_then_checkpoint_quantile,5,62.0,horizon_weighted_stacked_l2_v2,0.7409887313842773,false,/opt/workspace/explorer-env/dataset/ag_data/data/world_model/quentinll/lewm-cube/ckpt/cube_lewm_noise_0to008_p1,ok,0.08,0.08,cube_lewm_noise_0to008_p1,Cube,3072
0.10283790528774261,0.09119283847319774,0.95,endpoint,62.333333333333336,7.923909664154053,4,LeWM,/opt/workspace/explorer-env/dataset/ag_data/data/world_model/quentinll/lewm-cube/ckpt/cube_lewm_noise_0to008_p1/cube_lewm_noise_0to008_p1_epoch_10_object.ckpt,['/opt/workspace/explorer-env/dataset/ag_data/data/world_model/quentinll/lewm-cube/ckpt/cube_lewm_noise_0to008_p1'],16,per_anchor_mean_then_checkpoint_quantile,5,62.0,horizon_weighted_stacked_l2_v2,0.7656108140945435,false,/opt/workspace/explorer-env/dataset/ag_data/data/world_model/quentinll/lewm-cube/ckpt/cube_lewm_noise_0to008_p1,ok,0.08,0.08,cube_lewm_noise_0to008_p1,Cube,3072
0.06728535145521164,0.09119283847319774,0.8,endpoint,62.333333333333336,10.586772918701172,8,LeWM,/opt/workspace/explorer-env/dataset/ag_data/data/world_model/quentinll/lewm-cube/ckpt/cube_lewm_noise_0to008_p1/cube_lewm_noise_0to008_p1_epoch_10_object.ckpt,['/opt/workspace/explorer-env/dataset/ag_data/data/world_model/quentinll/lewm-cube/ckpt/cube_lewm_noise_0to008_p1'],16,per_anchor_mean_then_checkpoint_quantile,5,62.0,horizon_weighted_stacked_l2_v2,0.638476550579071,false,/opt/workspace/explorer-env/dataset/ag_data/data/world_model/quentinll/lewm-cube/ckpt/cube_lewm_noise_0to008_p1,ok,0.08,0.08,cube_lewm_noise_0to008_p1,Cube,3072
0.0814419686794281,0.09119283847319774,0.9,endpoint,62.333333333333336,10.586772918701172,8,LeWM,/opt/workspace/explorer-env/dataset/ag_data/data/world_model/quentinll/lewm-cube/ckpt/cube_lewm_noise_0to008_p1/cube_lewm_noise_0to008_p1_epoch_10_object.ckpt,['/opt/workspace/explorer-env/dataset/ag_data/data/world_model/quentinll/lewm-cube/ckpt/cube_lewm_noise_0to008_p1'],16,per_anchor_mean_then_checkpoint_quantile,5,62.0,horizon_weighted_stacked_l2_v2,0.773982048034668,false,/opt/workspace/explorer-env/dataset/ag_data/data/world_model/quentinll/lewm-cube/ckpt/cube_lewm_noise_0to008_p1,ok,0.08,0.08,cube_lewm_noise_0to008_p1,Cube,3072
0.08660641312599182,0.09119283847319774,0.95,endpoint,62.333333333333336,10.586772918701172,8,LeWM,/opt/workspace/explorer-env/dataset/ag_data/data/world_model/quentinll/lewm-cube/ckpt/cube_lewm_noise_0to008_p1/cube_lewm_noise_0to008_p1_epoch_10_object.ckpt,['/opt/workspace/explorer-env/dataset/ag_data/data/world_model/quentinll/lewm-cube/ckpt/cube_lewm_noise_0to008_p1'],16,per_anchor_mean_then_checkpoint_quantile,5,62.0,horizon_weighted_stacked_l2_v2,0.8021613359451294,false,/opt/workspace/explorer-env/dataset/ag_data/data/world_model/quentinll/lewm-cube/ckpt/cube_lewm_noise_0to008_p1,ok,0.08,0.08,cube_lewm_noise_0to008_p1,Cube,3072
2.1909852027893066,2.3036574016869658,0.8,base,65.0,11.690452575683594,1,LeWM,/opt/workspace/explorer-env/dataset/ag_data/data/world_model/quentinll/lewm-cube/ckpt/cube_lewm_baseline_seed3073/cube_lewm_baseline_seed3073_epoch_10_object.ckpt,['/opt/workspace/explorer-env/dataset/ag_data/data/world_model/quentinll/lewm-cube/ckpt/cube_lewm_baseline_seed3073'],16,per_anchor_mean_then_checkpoint_quantile,5,39.0,horizon_weighted_stacked_l2_v2,19.779481887817383,false,/opt/workspace/explorer-env/dataset/ag_data/data/world_model/quentinll/lewm-cube/ckpt/cube_lewm_baseline_seed3073,ok,0.00,0.08,cube_lewm_baseline_seed3073,Cube,3073
3.742900848388672,2.3036574016869658,0.9,base,65.0,11.690452575683594,1,LeWM,/opt/workspace/explorer-env/dataset/ag_data/data/world_model/quentinll/lewm-cube/ckpt/cube_lewm_baseline_seed3073/cube_lewm_baseline_seed3073_epoch_10_object.ckpt,['/opt/workspace/explorer-env/dataset/ag_data/data/world_model/quentinll/lewm-cube/ckpt/cube_lewm_baseline_seed3073'],16,per_anchor_mean_then_checkpoint_quantile,5,39.0,horizon_weighted_stacked_l2_v2,20.11851692199707,false,/opt/workspace/explorer-env/dataset/ag_data/data/world_model/quentinll/lewm-cube/ckpt/cube_lewm_baseline_seed3073,ok,0.00,0.08,cube_lewm_baseline_seed3073,Cube,3073
5.184467315673828,2.3036574016869658,0.95,base,65.0,11.690452575683594,1,LeWM,/opt/workspace/explorer-env/dataset/ag_data/data/world_model/quentinll/lewm-cube/ckpt/cube_lewm_baseline_seed3073/cube_lewm_baseline_seed3073_epoch_10_object.ckpt,['/opt/workspace/explorer-env/dataset/ag_data/data/world_model/quentinll/lewm-cube/ckpt/cube_lewm_baseline_seed3073'],16,per_anchor_mean_then_checkpoint_quantile,5,39.0,horizon_weighted_stacked_l2_v2,20.47495460510254,false,/opt/workspace/explorer-env/dataset/ag_data/data/world_model/quentinll/lewm-cube/ckpt/cube_lewm_baseline_seed3073,ok,0.00,0.08,cube_lewm_baseline_seed3073,Cube,3073
2.1436755657196045,2.3036574016869658,0.8,base,65.0,11.340436935424805,2,LeWM,/opt/workspace/explorer-env/dataset/ag_data/data/world_model/quentinll/lewm-cube/ckpt/cube_lewm_baseline_seed3073/cube_lewm_baseline_seed3073_epoch_10_object.ckpt,['/opt/workspace/explorer-env/dataset/ag_data/data/world_model/quentinll/lewm-cube/ckpt/cube_lewm_baseline_seed3073'],16,per_anchor_mean_then_checkpoint_quantile,5,39.0,horizon_weighted_stacked_l2_v2,19.473270416259766,false,/opt/workspace/explorer-env/dataset/ag_data/data/world_model/quentinll/lewm-cube/ckpt/cube_lewm_baseline_seed3073,ok,0.00,0.08,cube_lewm_baseline_seed3073,Cube,3073
2.3398380279541016,2.3036574016869658,0.9,base,65.0,11.340436935424805,2,LeWM,/opt/workspace/explorer-env/dataset/ag_data/data/world_model/quentinll/lewm-cube/ckpt/cube_lewm_baseline_seed3073/cube_lewm_baseline_seed3073_epoch_10_object.ckpt,['/opt/workspace/explorer-env/dataset/ag_data/data/world_model/quentinll/lewm-cube/ckpt/cube_lewm_baseline_seed3073'],16,per_anchor_mean_then_checkpoint_quantile,5,39.0,horizon_weighted_stacked_l2_v2,20.5367431640625,false,/opt/workspace/explorer-env/dataset/ag_data/data/world_model/quentinll/lewm-cube/ckpt/cube_lewm_baseline_seed3073,ok,0.00,0.08,cube_lewm_baseline_seed3073,Cube,3073
2.564525604248047,2.3036574016869658,0.95,base,65.0,11.340436935424805,2,LeWM,/opt/workspace/explorer-env/dataset/ag_data/data/world_model/quentinll/lewm-cube/ckpt/cube_lewm_baseline_seed3073/cube_lewm_baseline_seed3073_epoch_10_object.ckpt,['/opt/workspace/explorer-env/dataset/ag_data/data/world_model/quentinll/lewm-cube/ckpt/cube_lewm_baseline_seed3073'],16,per_anchor_mean_then_checkpoint_quantile,5,39.0,horizon_weighted_stacked_l2_v2,20.968591690063477,false,/opt/workspace/explorer-env/dataset/ag_data/data/world_model/quentinll/lewm-cube/ckpt/cube_lewm_baseline_seed3073,ok,0.00,0.08,cube_lewm_baseline_seed3073,Cube,3073
2.3941290378570557,2.3036574016869658,0.8,base,65.0,10.38086986541748,4,LeWM,/opt/workspace/explorer-env/dataset/ag_data/data/world_model/quentinll/lewm-cube/ckpt/cube_lewm_baseline_seed3073/cube_lewm_baseline_seed3073_epoch_10_object.ckpt,['/opt/workspace/explorer-env/dataset/ag_data/data/world_model/quentinll/lewm-cube/ckpt/cube_lewm_baseline_seed3073'],16,per_anchor_mean_then_checkpoint_quantile,5,39.0,horizon_weighted_stacked_l2_v2,20.518232345581055,false,/opt/workspace/explorer-env/dataset/ag_data/data/world_model/quentinll/lewm-cube/ckpt/cube_lewm_baseline_seed3073,ok,0.00,0.08,cube_lewm_baseline_seed3073,Cube,3073
2.7034730911254883,2.3036574016869658,0.9,base,65.0,10.38086986541748,4,LeWM,/opt/workspace/explorer-env/dataset/ag_data/data/world_model/quentinll/lewm-cube/ckpt/cube_lewm_baseline_seed3073/cube_lewm_baseline_seed3073_epoch_10_object.ckpt,['/opt/workspace/explorer-env/dataset/ag_data/data/world_model/quentinll/lewm-cube/ckpt/cube_lewm_baseline_seed3073'],16,per_anchor_mean_then_checkpoint_quantile,5,39.0,horizon_weighted_stacked_l2_v2,21.00701332092285,false,/opt/workspace/explorer-env/dataset/ag_data/data/world_model/quentinll/lewm-cube/ckpt/cube_lewm_baseline_seed3073,ok,0.00,0.08,cube_lewm_baseline_seed3073,Cube,3073
2.886441230773926,2.3036574016869658,0.95,base,65.0,10.38086986541748,4,LeWM,/opt/workspace/explorer-env/dataset/ag_data/data/world_model/quentinll/lewm-cube/ckpt/cube_lewm_baseline_seed3073/cube_lewm_baseline_seed3073_epoch_10_object.ckpt,['/opt/workspace/explorer-env/dataset/ag_data/data/world_model/quentinll/lewm-cube/ckpt/cube_lewm_baseline_seed3073'],16,per_anchor_mean_then_checkpoint_quantile,5,39.0,horizon_weighted_stacked_l2_v2,21.219419479370117,false,/opt/workspace/explorer-env/dataset/ag_data/data/world_model/quentinll/lewm-cube/ckpt/cube_lewm_baseline_seed3073,ok,0.00,0.08,cube_lewm_baseline_seed3073,Cube,3073
2.273015260696411,2.3036574016869658,0.8,base,65.0,10.185945510864258,8,LeWM,/opt/workspace/explorer-env/dataset/ag_data/data/world_model/quentinll/lewm-cube/ckpt/cube_lewm_baseline_seed3073/cube_lewm_baseline_seed3073_epoch_10_object.ckpt,['/opt/workspace/explorer-env/dataset/ag_data/data/world_model/quentinll/lewm-cube/ckpt/cube_lewm_baseline_seed3073'],16,per_anchor_mean_then_checkpoint_quantile,5,39.0,horizon_weighted_stacked_l2_v2,20.433734893798828,false,/opt/workspace/explorer-env/dataset/ag_data/data/world_model/quentinll/lewm-cube/ckpt/cube_lewm_baseline_seed3073,ok,0.00,0.08,cube_lewm_baseline_seed3073,Cube,3073
2.3764595985412598,2.3036574016869658,0.9,base,65.0,10.185945510864258,8,LeWM,/opt/workspace/explorer-env/dataset/ag_data/data/world_model/quentinll/lewm-cube/ckpt/cube_lewm_baseline_seed3073/cube_lewm_baseline_seed3073_epoch_10_object.ckpt,['/opt/workspace/explorer-env/dataset/ag_data/data/world_model/quentinll/lewm-cube/ckpt/cube_lewm_baseline_seed3073'],16,per_anchor_mean_then_checkpoint_quantile,5,39.0,horizon_weighted_stacked_l2_v2,20.716594696044922,false,/opt/workspace/explorer-env/dataset/ag_data/data/world_model/quentinll/lewm-cube/ckpt/cube_lewm_baseline_seed3073,ok,0.00,0.08,cube_lewm_baseline_seed3073,Cube,3073
2.603355646133423,2.3036574016869658,0.95,base,65.0,10.185945510864258,8,LeWM,/opt/workspace/explorer-env/dataset/ag_data/data/world_model/quentinll/lewm-cube/ckpt/cube_lewm_baseline_seed3073/cube_lewm_baseline_seed3073_epoch_10_object.ckpt,['/opt/workspace/explorer-env/dataset/ag_data/data/world_model/quentinll/lewm-cube/ckpt/cube_lewm_baseline_seed3073'],16,per_anchor_mean_then_checkpoint_quantile,5,39.0,horizon_weighted_stacked_l2_v2,20.81560707092285,false,/opt/workspace/explorer-env/dataset/ag_data/data/world_model/quentinll/lewm-cube/ckpt/cube_lewm_baseline_seed3073,ok,0.00,0.08,cube_lewm_baseline_seed3073,Cube,3073
0.6382831931114197,0.6640239554413109,0.8,onset,66.333333,12.108336448669434,1,LeWM,/opt/workspace/explorer-env/dataset/ag_data/data/world_model/quentinll/lewm-cube/ckpt/cube_lewm_noise_0to003_p1_seed3073/cube_lewm_noise_0to003_p1_seed3073_epoch_10_object.ckpt,['/opt/workspace/explorer-env/dataset/ag_data/data/world_model/quentinll/lewm-cube/ckpt/cube_lewm_noise_0to003_p1_seed3073'],16,per_anchor_mean_then_checkpoint_quantile,5,64.333333,horizon_weighted_stacked_l2_v2,6.072850227355957,true,/opt/workspace/explorer-env/dataset/ag_data/data/world_model/quentinll/lewm-cube/ckpt/cube_lewm_noise_0to003_p1_seed3073,ok,0.03,0.08,cube_lewm_noise_0to003_p1_seed3073,Cube,3073
1.157821536064148,0.6640239554413109,0.9,onset,66.333333,12.108336448669434,1,LeWM,/opt/workspace/explorer-env/dataset/ag_data/data/world_model/quentinll/lewm-cube/ckpt/cube_lewm_noise_0to003_p1_seed3073/cube_lewm_noise_0to003_p1_seed3073_epoch_10_object.ckpt,['/opt/workspace/explorer-env/dataset/ag_data/data/world_model/quentinll/lewm-cube/ckpt/cube_lewm_noise_0to003_p1_seed3073'],16,per_anchor_mean_then_checkpoint_quantile,5,64.333333,horizon_weighted_stacked_l2_v2,6.6591877937316895,true,/opt/workspace/explorer-env/dataset/ag_data/data/world_model/quentinll/lewm-cube/ckpt/cube_lewm_noise_0to003_p1_seed3073,ok,0.03,0.08,cube_lewm_noise_0to003_p1_seed3073,Cube,3073
1.6327900886535645,0.6640239554413109,0.95,onset,66.333333,12.108336448669434,1,LeWM,/opt/workspace/explorer-env/dataset/ag_data/data/world_model/quentinll/lewm-cube/ckpt/cube_lewm_noise_0to003_p1_seed3073/cube_lewm_noise_0to003_p1_seed3073_epoch_10_object.ckpt,['/opt/workspace/explorer-env/dataset/ag_data/data/world_model/quentinll/lewm-cube/ckpt/cube_lewm_noise_0to003_p1_seed3073'],16,per_anchor_mean_then_checkpoint_quantile,5,64.333333,horizon_weighted_stacked_l2_v2,7.255035877227783,true,/opt/workspace/explorer-env/dataset/ag_data/data/world_model/quentinll/lewm-cube/ckpt/cube_lewm_noise_0to003_p1_seed3073,ok,0.03,0.08,cube_lewm_noise_0to003_p1_seed3073,Cube,3073
0.5651790499687195,0.6640239554413109,0.8,onset,66.333333,11.00485610961914,2,LeWM,/opt/workspace/explorer-env/dataset/ag_data/data/world_model/quentinll/lewm-cube/ckpt/cube_lewm_noise_0to003_p1_seed3073/cube_lewm_noise_0to003_p1_seed3073_epoch_10_object.ckpt,['/opt/workspace/explorer-env/dataset/ag_data/data/world_model/quentinll/lewm-cube/ckpt/cube_lewm_noise_0to003_p1_seed3073'],16,per_anchor_mean_then_checkpoint_quantile,5,64.333333,horizon_weighted_stacked_l2_v2,5.614401340484619,true,/opt/workspace/explorer-env/dataset/ag_data/data/world_model/quentinll/lewm-cube/ckpt/cube_lewm_noise_0to003_p1_seed3073,ok,0.03,0.08,cube_lewm_noise_0to003_p1_seed3073,Cube,3073
0.6253155469894409,0.6640239554413109,0.9,onset,66.333333,11.00485610961914,2,LeWM,/opt/workspace/explorer-env/dataset/ag_data/data/world_model/quentinll/lewm-cube/ckpt/cube_lewm_noise_0to003_p1_seed3073/cube_lewm_noise_0to003_p1_seed3073_epoch_10_object.ckpt,['/opt/workspace/explorer-env/dataset/ag_data/data/world_model/quentinll/lewm-cube/ckpt/cube_lewm_noise_0to003_p1_seed3073'],16,per_anchor_mean_then_checkpoint_quantile,5,64.333333,horizon_weighted_stacked_l2_v2,6.891722679138184,true,/opt/workspace/explorer-env/dataset/ag_data/data/world_model/quentinll/lewm-cube/ckpt/cube_lewm_noise_0to003_p1_seed3073,ok,0.03,0.08,cube_lewm_noise_0to003_p1_seed3073,Cube,3073
0.7785558700561523,0.6640239554413109,0.95,onset,66.333333,11.00485610961914,2,LeWM,/opt/workspace/explorer-env/dataset/ag_data/data/world_model/quentinll/lewm-cube/ckpt/cube_lewm_noise_0to003_p1_seed3073/cube_lewm_noise_0to003_p1_seed3073_epoch_10_object.ckpt,['/opt/workspace/explorer-env/dataset/ag_data/data/world_model/quentinll/lewm-cube/ckpt/cube_lewm_noise_0to003_p1_seed3073'],16,per_anchor_mean_then_checkpoint_quantile,5,64.333333,horizon_weighted_stacked_l2_v2,8.254335403442383,true,/opt/workspace/explorer-env/dataset/ag_data/data/world_model/quentinll/lewm-cube/ckpt/cube_lewm_noise_0to003_p1_seed3073,ok,0.03,0.08,cube_lewm_noise_0to003_p1_seed3073,Cube,3073
0.7198373675346375,0.6640239554413109,0.8,onset,66.333333,10.773897171020508,4,LeWM,/opt/workspace/explorer-env/dataset/ag_data/data/world_model/quentinll/lewm-cube/ckpt/cube_lewm_noise_0to003_p1_seed3073/cube_lewm_noise_0to003_p1_seed3073_epoch_10_object.ckpt,['/opt/workspace/explorer-env/dataset/ag_data/data/world_model/quentinll/lewm-cube/ckpt/cube_lewm_noise_0to003_p1_seed3073'],16,per_anchor_mean_then_checkpoint_quantile,5,64.333333,horizon_weighted_stacked_l2_v2,5.48293924331665,true,/opt/workspace/explorer-env/dataset/ag_data/data/world_model/quentinll/lewm-cube/ckpt/cube_lewm_noise_0to003_p1_seed3073,ok,0.03,0.08,cube_lewm_noise_0to003_p1_seed3073,Cube,3073
0.7748258113861084,0.6640239554413109,0.9,onset,66.333333,10.773897171020508,4,LeWM,/opt/workspace/explorer-env/dataset/ag_data/data/world_model/quentinll/lewm-cube/ckpt/cube_lewm_noise_0to003_p1_seed3073/cube_lewm_noise_0to003_p1_seed3073_epoch_10_object.ckpt,['/opt/workspace/explorer-env/dataset/ag_data/data/world_model/quentinll/lewm-cube/ckpt/cube_lewm_noise_0to003_p1_seed3073'],16,per_anchor_mean_then_checkpoint_quantile,5,64.333333,horizon_weighted_stacked_l2_v2,6.886416435241699,true,/opt/workspace/explorer-env/dataset/ag_data/data/world_model/quentinll/lewm-cube/ckpt/cube_lewm_noise_0to003_p1_seed3073,ok,0.03,0.08,cube_lewm_noise_0to003_p1_seed3073,Cube,3073
0.8283952474594116,0.6640239554413109,0.95,onset,66.333333,10.773897171020508,4,LeWM,/opt/workspace/explorer-env/dataset/ag_data/data/world_model/quentinll/lewm-cube/ckpt/cube_lewm_noise_0to003_p1_seed3073/cube_lewm_noise_0to003_p1_seed3073_epoch_10_object.ckpt,['/opt/workspace/explorer-env/dataset/ag_data/data/world_model/quentinll/lewm-cube/ckpt/cube_lewm_noise_0to003_p1_seed3073'],16,per_anchor_mean_then_checkpoint_quantile,5,64.333333,horizon_weighted_stacked_l2_v2,8.425514221191406,true,/opt/workspace/explorer-env/dataset/ag_data/data/world_model/quentinll/lewm-cube/ckpt/cube_lewm_noise_0to003_p1_seed3073,ok,0.03,0.08,cube_lewm_noise_0to003_p1_seed3073,Cube,3073
0.5583219528198242,0.6640239554413109,0.8,onset,66.333333,10.427667617797852,8,LeWM,/opt/workspace/explorer-env/dataset/ag_data/data/world_model/quentinll/lewm-cube/ckpt/cube_lewm_noise_0to003_p1_seed3073/cube_lewm_noise_0to003_p1_seed3073_epoch_10_object.ckpt,['/opt/workspace/explorer-env/dataset/ag_data/data/world_model/quentinll/lewm-cube/ckpt/cube_lewm_noise_0to003_p1_seed3073'],16,per_anchor_mean_then_checkpoint_quantile,5,64.333333,horizon_weighted_stacked_l2_v2,5.357512474060059,true,/opt/workspace/explorer-env/dataset/ag_data/data/world_model/quentinll/lewm-cube/ckpt/cube_lewm_noise_0to003_p1_seed3073,ok,0.03,0.08,cube_lewm_noise_0to003_p1_seed3073,Cube,3073
0.6773194074630737,0.6640239554413109,0.9,onset,66.333333,10.427667617797852,8,LeWM,/opt/workspace/explorer-env/dataset/ag_data/data/world_model/quentinll/lewm-cube/ckpt/cube_lewm_noise_0to003_p1_seed3073/cube_lewm_noise_0to003_p1_seed3073_epoch_10_object.ckpt,['/opt/workspace/explorer-env/dataset/ag_data/data/world_model/quentinll/lewm-cube/ckpt/cube_lewm_noise_0to003_p1_seed3073'],16,per_anchor_mean_then_checkpoint_quantile,5,64.333333,horizon_weighted_stacked_l2_v2,6.71683406829834,true,/opt/workspace/explorer-env/dataset/ag_data/data/world_model/quentinll/lewm-cube/ckpt/cube_lewm_noise_0to003_p1_seed3073,ok,0.03,0.08,cube_lewm_noise_0to003_p1_seed3073,Cube,3073
0.8133268356323242,0.6640239554413109,0.95,onset,66.333333,10.427667617797852,8,LeWM,/opt/workspace/explorer-env/dataset/ag_data/data/world_model/quentinll/lewm-cube/ckpt/cube_lewm_noise_0to003_p1_seed3073/cube_lewm_noise_0to003_p1_seed3073_epoch_10_object.ckpt,['/opt/workspace/explorer-env/dataset/ag_data/data/world_model/quentinll/lewm-cube/ckpt/cube_lewm_noise_0to003_p1_seed3073'],16,per_anchor_mean_then_checkpoint_quantile,5,64.333333,horizon_weighted_stacked_l2_v2,7.977826118469238,true,/opt/workspace/explorer-env/dataset/ag_data/data/world_model/quentinll/lewm-cube/ckpt/cube_lewm_noise_0to003_p1_seed3073,ok,0.03,0.08,cube_lewm_noise_0to003_p1_seed3073,Cube,3073
0.0814666822552681,0.10161935750323704,0.8,endpoint,65.666667,11.585115432739258,1,LeWM,/opt/workspace/explorer-env/dataset/ag_data/data/world_model/quentinll/lewm-cube/ckpt/cube_lewm_noise_0to008_p1_seed3073/cube_lewm_noise_0to008_p1_seed3073_epoch_10_object.ckpt,['/opt/workspace/explorer-env/dataset/ag_data/data/world_model/quentinll/lewm-cube/ckpt/cube_lewm_noise_0to008_p1_seed3073'],16,per_anchor_mean_then_checkpoint_quantile,5,64.666667,horizon_weighted_stacked_l2_v2,0.7088027596473694,true,/opt/workspace/explorer-env/dataset/ag_data/data/world_model/quentinll/lewm-cube/ckpt/cube_lewm_noise_0to008_p1_seed3073,ok,0.08,0.08,cube_lewm_noise_0to008_p1_seed3073,Cube,3073
0.12338940799236298,0.10161935750323704,0.9,endpoint,65.666667,11.585115432739258,1,LeWM,/opt/workspace/explorer-env/dataset/ag_data/data/world_model/quentinll/lewm-cube/ckpt/cube_lewm_noise_0to008_p1_seed3073/cube_lewm_noise_0to008_p1_seed3073_epoch_10_object.ckpt,['/opt/workspace/explorer-env/dataset/ag_data/data/world_model/quentinll/lewm-cube/ckpt/cube_lewm_noise_0to008_p1_seed3073'],16,per_anchor_mean_then_checkpoint_quantile,5,64.666667,horizon_weighted_stacked_l2_v2,0.7315139770507812,true,/opt/workspace/explorer-env/dataset/ag_data/data/world_model/quentinll/lewm-cube/ckpt/cube_lewm_noise_0to008_p1_seed3073,ok,0.08,0.08,cube_lewm_noise_0to008_p1_seed3073,Cube,3073
0.17714418470859528,0.10161935750323704,0.95,endpoint,65.666667,11.585115432739258,1,LeWM,/opt/workspace/explorer-env/dataset/ag_data/data/world_model/quentinll/lewm-cube/ckpt/cube_lewm_noise_0to008_p1_seed3073/cube_lewm_noise_0to008_p1_seed3073_epoch_10_object.ckpt,['/opt/workspace/explorer-env/dataset/ag_data/data/world_model/quentinll/lewm-cube/ckpt/cube_lewm_noise_0to008_p1_seed3073'],16,per_anchor_mean_then_checkpoint_quantile,5,64.666667,horizon_weighted_stacked_l2_v2,0.7954128980636597,true,/opt/workspace/explorer-env/dataset/ag_data/data/world_model/quentinll/lewm-cube/ckpt/cube_lewm_noise_0to008_p1_seed3073,ok,0.08,0.08,cube_lewm_noise_0to008_p1_seed3073,Cube,3073
0.09961773455142975,0.10161935750323704,0.8,endpoint,65.666667,11.32958984375,2,LeWM,/opt/workspace/explorer-env/dataset/ag_data/data/world_model/quentinll/lewm-cube/ckpt/cube_lewm_noise_0to008_p1_seed3073/cube_lewm_noise_0to008_p1_seed3073_epoch_10_object.ckpt,['/opt/workspace/explorer-env/dataset/ag_data/data/world_model/quentinll/lewm-cube/ckpt/cube_lewm_noise_0to008_p1_seed3073'],16,per_anchor_mean_then_checkpoint_quantile,5,64.666667,horizon_weighted_stacked_l2_v2,0.736808180809021,true,/opt/workspace/explorer-env/dataset/ag_data/data/world_model/quentinll/lewm-cube/ckpt/cube_lewm_noise_0to008_p1_seed3073,ok,0.08,0.08,cube_lewm_noise_0to008_p1_seed3073,Cube,3073
0.10147362947463989,0.10161935750323704,0.9,endpoint,65.666667,11.32958984375,2,LeWM,/opt/workspace/explorer-env/dataset/ag_data/data/world_model/quentinll/lewm-cube/ckpt/cube_lewm_noise_0to008_p1_seed3073/cube_lewm_noise_0to008_p1_seed3073_epoch_10_object.ckpt,['/opt/workspace/explorer-env/dataset/ag_data/data/world_model/quentinll/lewm-cube/ckpt/cube_lewm_noise_0to008_p1_seed3073'],16,per_anchor_mean_then_checkpoint_quantile,5,64.666667,horizon_weighted_stacked_l2_v2,0.8249353170394897,true,/opt/workspace/explorer-env/dataset/ag_data/data/world_model/quentinll/lewm-cube/ckpt/cube_lewm_noise_0to008_p1_seed3073,ok,0.08,0.08,cube_lewm_noise_0to008_p1_seed3073,Cube,3073
0.10389966517686844,0.10161935750323704,0.95,endpoint,65.666667,11.32958984375,2,LeWM,/opt/workspace/explorer-env/dataset/ag_data/data/world_model/quentinll/lewm-cube/ckpt/cube_lewm_noise_0to008_p1_seed3073/cube_lewm_noise_0to008_p1_seed3073_epoch_10_object.ckpt,['/opt/workspace/explorer-env/dataset/ag_data/data/world_model/quentinll/lewm-cube/ckpt/cube_lewm_noise_0to008_p1_seed3073'],16,per_anchor_mean_then_checkpoint_quantile,5,64.666667,horizon_weighted_stacked_l2_v2,0.9063647389411926,true,/opt/workspace/explorer-env/dataset/ag_data/data/world_model/quentinll/lewm-cube/ckpt/cube_lewm_noise_0to008_p1_seed3073,ok,0.08,0.08,cube_lewm_noise_0to008_p1_seed3073,Cube,3073
0.08296015113592148,0.10161935750323704,0.8,endpoint,65.666667,10.009523391723633,4,LeWM,/opt/workspace/explorer-env/dataset/ag_data/data/world_model/quentinll/lewm-cube/ckpt/cube_lewm_noise_0to008_p1_seed3073/cube_lewm_noise_0to008_p1_seed3073_epoch_10_object.ckpt,['/opt/workspace/explorer-env/dataset/ag_data/data/world_model/quentinll/lewm-cube/ckpt/cube_lewm_noise_0to008_p1_seed3073'],16,per_anchor_mean_then_checkpoint_quantile,5,64.666667,horizon_weighted_stacked_l2_v2,0.8126444220542908,true,/opt/workspace/explorer-env/dataset/ag_data/data/world_model/quentinll/lewm-cube/ckpt/cube_lewm_noise_0to008_p1_seed3073,ok,0.08,0.08,cube_lewm_noise_0to008_p1_seed3073,Cube,3073
0.10330557823181152,0.10161935750323704,0.9,endpoint,65.666667,10.009523391723633,4,LeWM,/opt/workspace/explorer-env/dataset/ag_data/data/world_model/quentinll/lewm-cube/ckpt/cube_lewm_noise_0to008_p1_seed3073/cube_lewm_noise_0to008_p1_seed3073_epoch_10_object.ckpt,['/opt/workspace/explorer-env/dataset/ag_data/data/world_model/quentinll/lewm-cube/ckpt/cube_lewm_noise_0to008_p1_seed3073'],16,per_anchor_mean_then_checkpoint_quantile,5,64.666667,horizon_weighted_stacked_l2_v2,0.9608210325241089,true,/opt/workspace/explorer-env/dataset/ag_data/data/world_model/quentinll/lewm-cube/ckpt/cube_lewm_noise_0to008_p1_seed3073,ok,0.08,0.08,cube_lewm_noise_0to008_p1_seed3073,Cube,3073
0.13189509510993958,0.10161935750323704,0.95,endpoint,65.666667,10.009523391723633,4,LeWM,/opt/workspace/explorer-env/dataset/ag_data/data/world_model/quentinll/lewm-cube/ckpt/cube_lewm_noise_0to008_p1_seed3073/cube_lewm_noise_0to008_p1_seed3073_epoch_10_object.ckpt,['/opt/workspace/explorer-env/dataset/ag_data/data/world_model/quentinll/lewm-cube/ckpt/cube_lewm_noise_0to008_p1_seed3073'],16,per_anchor_mean_then_checkpoint_quantile,5,64.666667,horizon_weighted_stacked_l2_v2,0.995867133140564,true,/opt/workspace/explorer-env/dataset/ag_data/data/world_model/quentinll/lewm-cube/ckpt/cube_lewm_noise_0to008_p1_seed3073,ok,0.08,0.08,cube_lewm_noise_0to008_p1_seed3073,Cube,3073
0.06892039626836777,0.10161935750323704,0.8,endpoint,65.666667,9.903786659240723,8,LeWM,/opt/workspace/explorer-env/dataset/ag_data/data/world_model/quentinll/lewm-cube/ckpt/cube_lewm_noise_0to008_p1_seed3073/cube_lewm_noise_0to008_p1_seed3073_epoch_10_object.ckpt,['/opt/workspace/explorer-env/dataset/ag_data/data/world_model/quentinll/lewm-cube/ckpt/cube_lewm_noise_0to008_p1_seed3073'],16,per_anchor_mean_then_checkpoint_quantile,5,64.666667,horizon_weighted_stacked_l2_v2,0.7501044273376465,true,/opt/workspace/explorer-env/dataset/ag_data/data/world_model/quentinll/lewm-cube/ckpt/cube_lewm_noise_0to008_p1_seed3073,ok,0.08,0.08,cube_lewm_noise_0to008_p1_seed3073,Cube,3073
0.09557366371154785,0.10161935750323704,0.9,endpoint,65.666667,9.903786659240723,8,LeWM,/opt/workspace/explorer-env/dataset/ag_data/data/world_model/quentinll/lewm-cube/ckpt/cube_lewm_noise_0to008_p1_seed3073/cube_lewm_noise_0to008_p1_seed3073_epoch_10_object.ckpt,['/opt/workspace/explorer-env/dataset/ag_data/data/world_model/quentinll/lewm-cube/ckpt/cube_lewm_noise_0to008_p1_seed3073'],16,per_anchor_mean_then_checkpoint_quantile,5,64.666667,horizon_weighted_stacked_l2_v2,0.8513920903205872,true,/opt/workspace/explorer-env/dataset/ag_data/data/world_model/quentinll/lewm-cube/ckpt/cube_lewm_noise_0to008_p1_seed3073,ok,0.08,0.08,cube_lewm_noise_0to008_p1_seed3073,Cube,3073
0.1191510558128357,0.10161935750323704,0.95,endpoint,65.666667,9.903786659240723,8,LeWM,/opt/workspace/explorer-env/dataset/ag_data/data/world_model/quentinll/lewm-cube/ckpt/cube_lewm_noise_0to008_p1_seed3073/cube_lewm_noise_0to008_p1_seed3073_epoch_10_object.ckpt,['/opt/workspace/explorer-env/dataset/ag_data/data/world_model/quentinll/lewm-cube/ckpt/cube_lewm_noise_0to008_p1_seed3073'],16,per_anchor_mean_then_checkpoint_quantile,5,64.666667,horizon_weighted_stacked_l2_v2,0.9002003073692322,true,/opt/workspace/explorer-env/dataset/ag_data/data/world_model/quentinll/lewm-cube/ckpt/cube_lewm_noise_0to008_p1_seed3073,ok,0.08,0.08,cube_lewm_noise_0to008_p1_seed3073,Cube,3073
5.556721210479736,2.3820318136256216,0.8,base,64.0,8.478981971740723,1,LeWM,/opt/workspace/explorer-env/dataset/ag_data/data/world_model/quentinll/lewm-cube/ckpt/cube_lewm_baseline_seed3074/cube_lewm_baseline_seed3074_epoch_10_object.ckpt,['/opt/workspace/explorer-env/dataset/ag_data/data/world_model/quentinll/lewm-cube/ckpt/cube_lewm_baseline_seed3074'],16,per_anchor_mean_then_checkpoint_quantile,5,43.333333,horizon_weighted_stacked_l2_v2,18.828739166259766,false,/opt/workspace/explorer-env/dataset/ag_data/data/world_model/quentinll/lewm-cube/ckpt/cube_lewm_baseline_seed3074,ok,0.00,0.08,cube_lewm_baseline_seed3074,Cube,3074
6.908393859863281,2.3820318136256216,0.9,base,64.0,8.478981971740723,1,LeWM,/opt/workspace/explorer-env/dataset/ag_data/data/world_model/quentinll/lewm-cube/ckpt/cube_lewm_baseline_seed3074/cube_lewm_baseline_seed3074_epoch_10_object.ckpt,['/opt/workspace/explorer-env/dataset/ag_data/data/world_model/quentinll/lewm-cube/ckpt/cube_lewm_baseline_seed3074'],16,per_anchor_mean_then_checkpoint_quantile,5,43.333333,horizon_weighted_stacked_l2_v2,19.604642868041992,false,/opt/workspace/explorer-env/dataset/ag_data/data/world_model/quentinll/lewm-cube/ckpt/cube_lewm_baseline_seed3074,ok,0.00,0.08,cube_lewm_baseline_seed3074,Cube,3074
8.306309700012207,2.3820318136256216,0.95,base,64.0,8.478981971740723,1,LeWM,/opt/workspace/explorer-env/dataset/ag_data/data/world_model/quentinll/lewm-cube/ckpt/cube_lewm_baseline_seed3074/cube_lewm_baseline_seed3074_epoch_10_object.ckpt,['/opt/workspace/explorer-env/dataset/ag_data/data/world_model/quentinll/lewm-cube/ckpt/cube_lewm_baseline_seed3074'],16,per_anchor_mean_then_checkpoint_quantile,5,43.333333,horizon_weighted_stacked_l2_v2,20.00611686706543,false,/opt/workspace/explorer-env/dataset/ag_data/data/world_model/quentinll/lewm-cube/ckpt/cube_lewm_baseline_seed3074,ok,0.00,0.08,cube_lewm_baseline_seed3074,Cube,3074
3.504192352294922,2.3820318136256216,0.8,base,64.0,8.856100082397461,2,LeWM,/opt/workspace/explorer-env/dataset/ag_data/data/world_model/quentinll/lewm-cube/ckpt/cube_lewm_baseline_seed3074/cube_lewm_baseline_seed3074_epoch_10_object.ckpt,['/opt/workspace/explorer-env/dataset/ag_data/data/world_model/quentinll/lewm-cube/ckpt/cube_lewm_baseline_seed3074'],16,per_anchor_mean_then_checkpoint_quantile,5,43.333333,horizon_weighted_stacked_l2_v2,18.987245559692383,false,/opt/workspace/explorer-env/dataset/ag_data/data/world_model/quentinll/lewm-cube/ckpt/cube_lewm_baseline_seed3074,ok,0.00,0.08,cube_lewm_baseline_seed3074,Cube,3074
4.115216255187988,2.3820318136256216,0.9,base,64.0,8.856100082397461,2,LeWM,/opt/workspace/explorer-env/dataset/ag_data/data/world_model/quentinll/lewm-cube/ckpt/cube_lewm_baseline_seed3074/cube_lewm_baseline_seed3074_epoch_10_object.ckpt,['/opt/workspace/explorer-env/dataset/ag_data/data/world_model/quentinll/lewm-cube/ckpt/cube_lewm_baseline_seed3074'],16,per_anchor_mean_then_checkpoint_quantile,5,43.333333,horizon_weighted_stacked_l2_v2,19.72756004333496,false,/opt/workspace/explorer-env/dataset/ag_data/data/world_model/quentinll/lewm-cube/ckpt/cube_lewm_baseline_seed3074,ok,0.00,0.08,cube_lewm_baseline_seed3074,Cube,3074
4.705812931060791,2.3820318136256216,0.95,base,64.0,8.856100082397461,2,LeWM,/opt/workspace/explorer-env/dataset/ag_data/data/world_model/quentinll/lewm-cube/ckpt/cube_lewm_baseline_seed3074/cube_lewm_baseline_seed3074_epoch_10_object.ckpt,['/opt/workspace/explorer-env/dataset/ag_data/data/world_model/quentinll/lewm-cube/ckpt/cube_lewm_baseline_seed3074'],16,per_anchor_mean_then_checkpoint_quantile,5,43.333333,horizon_weighted_stacked_l2_v2,20.512964248657227,false,/opt/workspace/explorer-env/dataset/ag_data/data/world_model/quentinll/lewm-cube/ckpt/cube_lewm_baseline_seed3074,ok,0.00,0.08,cube_lewm_baseline_seed3074,Cube,3074
2.131612777709961,2.3820318136256216,0.8,base,64.0,9.559983253479004,4,LeWM,/opt/workspace/explorer-env/dataset/ag_data/data/world_model/quentinll/lewm-cube/ckpt/cube_lewm_baseline_seed3074/cube_lewm_baseline_seed3074_epoch_10_object.ckpt,['/opt/workspace/explorer-env/dataset/ag_data/data/world_model/quentinll/lewm-cube/ckpt/cube_lewm_baseline_seed3074'],16,per_anchor_mean_then_checkpoint_quantile,5,43.333333,horizon_weighted_stacked_l2_v2,19.48434829711914,false,/opt/workspace/explorer-env/dataset/ag_data/data/world_model/quentinll/lewm-cube/ckpt/cube_lewm_baseline_seed3074,ok,0.00,0.08,cube_lewm_baseline_seed3074,Cube,3074
2.7054855823516846,2.3820318136256216,0.9,base,64.0,9.559983253479004,4,LeWM,/opt/workspace/explorer-env/dataset/ag_data/data/world_model/quentinll/lewm-cube/ckpt/cube_lewm_baseline_seed3074/cube_lewm_baseline_seed3074_epoch_10_object.ckpt,['/opt/workspace/explorer-env/dataset/ag_data/data/world_model/quentinll/lewm-cube/ckpt/cube_lewm_baseline_seed3074'],16,per_anchor_mean_then_checkpoint_quantile,5,43.333333,horizon_weighted_stacked_l2_v2,20.154293060302734,false,/opt/workspace/explorer-env/dataset/ag_data/data/world_model/quentinll/lewm-cube/ckpt/cube_lewm_baseline_seed3074,ok,0.00,0.08,cube_lewm_baseline_seed3074,Cube,3074
2.9666285514831543,2.3820318136256216,0.95,base,64.0,9.559983253479004,4,LeWM,/opt/workspace/explorer-env/dataset/ag_data/data/world_model/quentinll/lewm-cube/ckpt/cube_lewm_baseline_seed3074/cube_lewm_baseline_seed3074_epoch_10_object.ckpt,['/opt/workspace/explorer-env/dataset/ag_data/data/world_model/quentinll/lewm-cube/ckpt/cube_lewm_baseline_seed3074'],16,per_anchor_mean_then_checkpoint_quantile,5,43.333333,horizon_weighted_stacked_l2_v2,20.7379093170166,false,/opt/workspace/explorer-env/dataset/ag_data/data/world_model/quentinll/lewm-cube/ckpt/cube_lewm_baseline_seed3074,ok,0.00,0.08,cube_lewm_baseline_seed3074,Cube,3074
2.098129987716675,2.3820318136256216,0.8,base,64.0,9.559715270996094,8,LeWM,/opt/workspace/explorer-env/dataset/ag_data/data/world_model/quentinll/lewm-cube/ckpt/cube_lewm_baseline_seed3074/cube_lewm_baseline_seed3074_epoch_10_object.ckpt,['/opt/workspace/explorer-env/dataset/ag_data/data/world_model/quentinll/lewm-cube/ckpt/cube_lewm_baseline_seed3074'],16,per_anchor_mean_then_checkpoint_quantile,5,43.333333,horizon_weighted_stacked_l2_v2,20.32868003845215,false,/opt/workspace/explorer-env/dataset/ag_data/data/world_model/quentinll/lewm-cube/ckpt/cube_lewm_baseline_seed3074,ok,0.00,0.08,cube_lewm_baseline_seed3074,Cube,3074
2.4974184036254883,2.3820318136256216,0.9,base,64.0,9.559715270996094,8,LeWM,/opt/workspace/explorer-env/dataset/ag_data/data/world_model/quentinll/lewm-cube/ckpt/cube_lewm_baseline_seed3074/cube_lewm_baseline_seed3074_epoch_10_object.ckpt,['/opt/workspace/explorer-env/dataset/ag_data/data/world_model/quentinll/lewm-cube/ckpt/cube_lewm_baseline_seed3074'],16,per_anchor_mean_then_checkpoint_quantile,5,43.333333,horizon_weighted_stacked_l2_v2,20.72088623046875,false,/opt/workspace/explorer-env/dataset/ag_data/data/world_model/quentinll/lewm-cube/ckpt/cube_lewm_baseline_seed3074,ok,0.00,0.08,cube_lewm_baseline_seed3074,Cube,3074
2.6551218032836914,2.3820318136256216,0.95,base,64.0,9.559715270996094,8,LeWM,/opt/workspace/explorer-env/dataset/ag_data/data/world_model/quentinll/lewm-cube/ckpt/cube_lewm_baseline_seed3074/cube_lewm_baseline_seed3074_epoch_10_object.ckpt,['/opt/workspace/explorer-env/dataset/ag_data/data/world_model/quentinll/lewm-cube/ckpt/cube_lewm_baseline_seed3074'],16,per_anchor_mean_then_checkpoint_quantile,5,43.333333,horizon_weighted_stacked_l2_v2,21.072338104248047,false,/opt/workspace/explorer-env/dataset/ag_data/data/world_model/quentinll/lewm-cube/ckpt/cube_lewm_baseline_seed3074,ok,0.00,0.08,cube_lewm_baseline_seed3074,Cube,3074
1.4315738677978516,0.7462273498721302,0.8,onset,62.333333,9.316040992736816,1,LeWM,/opt/workspace/explorer-env/dataset/ag_data/data/world_model/quentinll/lewm-cube/ckpt/cube_lewm_noise_0to003_p1_seed3074/cube_lewm_noise_0to003_p1_seed3074_epoch_10_object.ckpt,['/opt/workspace/explorer-env/dataset/ag_data/data/world_model/quentinll/lewm-cube/ckpt/cube_lewm_noise_0to003_p1_seed3074'],16,per_anchor_mean_then_checkpoint_quantile,5,65.333333,horizon_weighted_stacked_l2_v2,6.27455472946167,true,/opt/workspace/explorer-env/dataset/ag_data/data/world_model/quentinll/lewm-cube/ckpt/cube_lewm_noise_0to003_p1_seed3074,ok,0.03,0.08,cube_lewm_noise_0to003_p1_seed3074,Cube,3074
1.7843520641326904,0.7462273498721302,0.9,onset,62.333333,9.316040992736816,1,LeWM,/opt/workspace/explorer-env/dataset/ag_data/data/world_model/quentinll/lewm-cube/ckpt/cube_lewm_noise_0to003_p1_seed3074/cube_lewm_noise_0to003_p1_seed3074_epoch_10_object.ckpt,['/opt/workspace/explorer-env/dataset/ag_data/data/world_model/quentinll/lewm-cube/ckpt/cube_lewm_noise_0to003_p1_seed3074'],16,per_anchor_mean_then_checkpoint_quantile,5,65.333333,horizon_weighted_stacked_l2_v2,6.903079986572266,true,/opt/workspace/explorer-env/dataset/ag_data/data/world_model/quentinll/lewm-cube/ckpt/cube_lewm_noise_0to003_p1_seed3074,ok,0.03,0.08,cube_lewm_noise_0to003_p1_seed3074,Cube,3074
2.310457706451416,0.7462273498721302,0.95,onset,62.333333,9.316040992736816,1,LeWM,/opt/workspace/explorer-env/dataset/ag_data/data/world_model/quentinll/lewm-cube/ckpt/cube_lewm_noise_0to003_p1_seed3074/cube_lewm_noise_0to003_p1_seed3074_epoch_10_object.ckpt,['/opt/workspace/explorer-env/dataset/ag_data/data/world_model/quentinll/lewm-cube/ckpt/cube_lewm_noise_0to003_p1_seed3074'],16,per_anchor_mean_then_checkpoint_quantile,5,65.333333,horizon_weighted_stacked_l2_v2,7.046802520751953,true,/opt/workspace/explorer-env/dataset/ag_data/data/world_model/quentinll/lewm-cube/ckpt/cube_lewm_noise_0to003_p1_seed3074,ok,0.03,0.08,cube_lewm_noise_0to003_p1_seed3074,Cube,3074
0.983189582824707,0.7462273498721302,0.8,onset,62.333333,9.807685852050781,2,LeWM,/opt/workspace/explorer-env/dataset/ag_data/data/world_model/quentinll/lewm-cube/ckpt/cube_lewm_noise_0to003_p1_seed3074/cube_lewm_noise_0to003_p1_seed3074_epoch_10_object.ckpt,['/opt/workspace/explorer-env/dataset/ag_data/data/world_model/quentinll/lewm-cube/ckpt/cube_lewm_noise_0to003_p1_seed3074'],16,per_anchor_mean_then_checkpoint_quantile,5,65.333333,horizon_weighted_stacked_l2_v2,6.5023345947265625,true,/opt/workspace/explorer-env/dataset/ag_data/data/world_model/quentinll/lewm-cube/ckpt/cube_lewm_noise_0to003_p1_seed3074,ok,0.03,0.08,cube_lewm_noise_0to003_p1_seed3074,Cube,3074
1.1862635612487793,0.7462273498721302,0.9,onset,62.333333,9.807685852050781,2,LeWM,/opt/workspace/explorer-env/dataset/ag_data/data/world_model/quentinll/lewm-cube/ckpt/cube_lewm_noise_0to003_p1_seed3074/cube_lewm_noise_0to003_p1_seed3074_epoch_10_object.ckpt,['/opt/workspace/explorer-env/dataset/ag_data/data/world_model/quentinll/lewm-cube/ckpt/cube_lewm_noise_0to003_p1_seed3074'],16,per_anchor_mean_then_checkpoint_quantile,5,65.333333,horizon_weighted_stacked_l2_v2,6.8357038497924805,true,/opt/workspace/explorer-env/dataset/ag_data/data/world_model/quentinll/lewm-cube/ckpt/cube_lewm_noise_0to003_p1_seed3074,ok,0.03,0.08,cube_lewm_noise_0to003_p1_seed3074,Cube,3074
1.3487868309020996,0.7462273498721302,0.95,onset,62.333333,9.807685852050781,2,LeWM,/opt/workspace/explorer-env/dataset/ag_data/data/world_model/quentinll/lewm-cube/ckpt/cube_lewm_noise_0to003_p1_seed3074/cube_lewm_noise_0to003_p1_seed3074_epoch_10_object.ckpt,['/opt/workspace/explorer-env/dataset/ag_data/data/world_model/quentinll/lewm-cube/ckpt/cube_lewm_noise_0to003_p1_seed3074'],16,per_anchor_mean_then_checkpoint_quantile,5,65.333333,horizon_weighted_stacked_l2_v2,7.1260576248168945,true,/opt/workspace/explorer-env/dataset/ag_data/data/world_model/quentinll/lewm-cube/ckpt/cube_lewm_noise_0to003_p1_seed3074,ok,0.03,0.08,cube_lewm_noise_0to003_p1_seed3074,Cube,3074
0.6554564833641052,0.7462273498721302,0.8,onset,62.333333,10.591766357421875,4,LeWM,/opt/workspace/explorer-env/dataset/ag_data/data/world_model/quentinll/lewm-cube/ckpt/cube_lewm_noise_0to003_p1_seed3074/cube_lewm_noise_0to003_p1_seed3074_epoch_10_object.ckpt,['/opt/workspace/explorer-env/dataset/ag_data/data/world_model/quentinll/lewm-cube/ckpt/cube_lewm_noise_0to003_p1_seed3074'],16,per_anchor_mean_then_checkpoint_quantile,5,65.333333,horizon_weighted_stacked_l2_v2,6.320230007171631,true,/opt/workspace/explorer-env/dataset/ag_data/data/world_model/quentinll/lewm-cube/ckpt/cube_lewm_noise_0to003_p1_seed3074,ok,0.03,0.08,cube_lewm_noise_0to003_p1_seed3074,Cube,3074
0.7355595231056213,0.7462273498721302,0.9,onset,62.333333,10.591766357421875,4,LeWM,/opt/workspace/explorer-env/dataset/ag_data/data/world_model/quentinll/lewm-cube/ckpt/cube_lewm_noise_0to003_p1_seed3074/cube_lewm_noise_0to003_p1_seed3074_epoch_10_object.ckpt,['/opt/workspace/explorer-env/dataset/ag_data/data/world_model/quentinll/lewm-cube/ckpt/cube_lewm_noise_0to003_p1_seed3074'],16,per_anchor_mean_then_checkpoint_quantile,5,65.333333,horizon_weighted_stacked_l2_v2,6.696669101715088,true,/opt/workspace/explorer-env/dataset/ag_data/data/world_model/quentinll/lewm-cube/ckpt/cube_lewm_noise_0to003_p1_seed3074,ok,0.03,0.08,cube_lewm_noise_0to003_p1_seed3074,Cube,3074
0.8120774030685425,0.7462273498721302,0.95,onset,62.333333,10.591766357421875,4,LeWM,/opt/workspace/explorer-env/dataset/ag_data/data/world_model/quentinll/lewm-cube/ckpt/cube_lewm_noise_0to003_p1_seed3074/cube_lewm_noise_0to003_p1_seed3074_epoch_10_object.ckpt,['/opt/workspace/explorer-env/dataset/ag_data/data/world_model/quentinll/lewm-cube/ckpt/cube_lewm_noise_0to003_p1_seed3074'],16,per_anchor_mean_then_checkpoint_quantile,5,65.333333,horizon_weighted_stacked_l2_v2,7.009036064147949,true,/opt/workspace/explorer-env/dataset/ag_data/data/world_model/quentinll/lewm-cube/ckpt/cube_lewm_noise_0to003_p1_seed3074,ok,0.03,0.08,cube_lewm_noise_0to003_p1_seed3074,Cube,3074
0.5883044600486755,0.7462273498721302,0.8,onset,62.333333,10.371685028076172,8,LeWM,/opt/workspace/explorer-env/dataset/ag_data/data/world_model/quentinll/lewm-cube/ckpt/cube_lewm_noise_0to003_p1_seed3074/cube_lewm_noise_0to003_p1_seed3074_epoch_10_object.ckpt,['/opt/workspace/explorer-env/dataset/ag_data/data/world_model/quentinll/lewm-cube/ckpt/cube_lewm_noise_0to003_p1_seed3074'],16,per_anchor_mean_then_checkpoint_quantile,5,65.333333,horizon_weighted_stacked_l2_v2,6.4969987869262695,true,/opt/workspace/explorer-env/dataset/ag_data/data/world_model/quentinll/lewm-cube/ckpt/cube_lewm_noise_0to003_p1_seed3074,ok,0.03,0.08,cube_lewm_noise_0to003_p1_seed3074,Cube,3074
0.6266190409660339,0.7462273498721302,0.9,onset,62.333333,10.371685028076172,8,LeWM,/opt/workspace/explorer-env/dataset/ag_data/data/world_model/quentinll/lewm-cube/ckpt/cube_lewm_noise_0to003_p1_seed3074/cube_lewm_noise_0to003_p1_seed3074_epoch_10_object.ckpt,['/opt/workspace/explorer-env/dataset/ag_data/data/world_model/quentinll/lewm-cube/ckpt/cube_lewm_noise_0to003_p1_seed3074'],16,per_anchor_mean_then_checkpoint_quantile,5,65.333333,horizon_weighted_stacked_l2_v2,6.599002838134766,true,/opt/workspace/explorer-env/dataset/ag_data/data/world_model/quentinll/lewm-cube/ckpt/cube_lewm_noise_0to003_p1_seed3074,ok,0.03,0.08,cube_lewm_noise_0to003_p1_seed3074,Cube,3074
0.6407535076141357,0.7462273498721302,0.95,onset,62.333333,10.371685028076172,8,LeWM,/opt/workspace/explorer-env/dataset/ag_data/data/world_model/quentinll/lewm-cube/ckpt/cube_lewm_noise_0to003_p1_seed3074/cube_lewm_noise_0to003_p1_seed3074_epoch_10_object.ckpt,['/opt/workspace/explorer-env/dataset/ag_data/data/world_model/quentinll/lewm-cube/ckpt/cube_lewm_noise_0to003_p1_seed3074'],16,per_anchor_mean_then_checkpoint_quantile,5,65.333333,horizon_weighted_stacked_l2_v2,6.845466613769531,true,/opt/workspace/explorer-env/dataset/ag_data/data/world_model/quentinll/lewm-cube/ckpt/cube_lewm_noise_0to003_p1_seed3074,ok,0.03,0.08,cube_lewm_noise_0to003_p1_seed3074,Cube,3074
0.18359608948230743,0.107951619452755,0.8,endpoint,57.0,9.42984676361084,1,LeWM,/opt/workspace/explorer-env/dataset/ag_data/data/world_model/quentinll/lewm-cube/ckpt/cube_lewm_noise_0to008_p1_seed3074/cube_lewm_noise_0to008_p1_seed3074_epoch_10_object.ckpt,['/opt/workspace/explorer-env/dataset/ag_data/data/world_model/quentinll/lewm-cube/ckpt/cube_lewm_noise_0to008_p1_seed3074'],16,per_anchor_mean_then_checkpoint_quantile,5,61.0,horizon_weighted_stacked_l2_v2,0.6701639890670776,false,/opt/workspace/explorer-env/dataset/ag_data/data/world_model/quentinll/lewm-cube/ckpt/cube_lewm_noise_0to008_p1_seed3074,ok,0.08,0.08,cube_lewm_noise_0to008_p1_seed3074,Cube,3074
0.25419360399246216,0.107951619452755,0.9,endpoint,57.0,9.42984676361084,1,LeWM,/opt/workspace/explorer-env/dataset/ag_data/data/world_model/quentinll/lewm-cube/ckpt/cube_lewm_noise_0to008_p1_seed3074/cube_lewm_noise_0to008_p1_seed3074_epoch_10_object.ckpt,['/opt/workspace/explorer-env/dataset/ag_data/data/world_model/quentinll/lewm-cube/ckpt/cube_lewm_noise_0to008_p1_seed3074'],16,per_anchor_mean_then_checkpoint_quantile,5,61.0,horizon_weighted_stacked_l2_v2,0.703889012336731,false,/opt/workspace/explorer-env/dataset/ag_data/data/world_model/quentinll/lewm-cube/ckpt/cube_lewm_noise_0to008_p1_seed3074,ok,0.08,0.08,cube_lewm_noise_0to008_p1_seed3074,Cube,3074
0.3136064410209656,0.107951619452755,0.95,endpoint,57.0,9.42984676361084,1,LeWM,/opt/workspace/explorer-env/dataset/ag_data/data/world_model/quentinll/lewm-cube/ckpt/cube_lewm_noise_0to008_p1_seed3074/cube_lewm_noise_0to008_p1_seed3074_epoch_10_object.ckpt,['/opt/workspace/explorer-env/dataset/ag_data/data/world_model/quentinll/lewm-cube/ckpt/cube_lewm_noise_0to008_p1_seed3074'],16,per_anchor_mean_then_checkpoint_quantile,5,61.0,horizon_weighted_stacked_l2_v2,0.7408456206321716,false,/opt/workspace/explorer-env/dataset/ag_data/data/world_model/quentinll/lewm-cube/ckpt/cube_lewm_noise_0to008_p1_seed3074,ok,0.08,0.08,cube_lewm_noise_0to008_p1_seed3074,Cube,3074
0.11418866366147995,0.107951619452755,0.8,endpoint,57.0,9.447478294372559,2,LeWM,/opt/workspace/explorer-env/dataset/ag_data/data/world_model/quentinll/lewm-cube/ckpt/cube_lewm_noise_0to008_p1_seed3074/cube_lewm_noise_0to008_p1_seed3074_epoch_10_object.ckpt,['/opt/workspace/explorer-env/dataset/ag_data/data/world_model/quentinll/lewm-cube/ckpt/cube_lewm_noise_0to008_p1_seed3074'],16,per_anchor_mean_then_checkpoint_quantile,5,61.0,horizon_weighted_stacked_l2_v2,0.6753174662590027,false,/opt/workspace/explorer-env/dataset/ag_data/data/world_model/quentinll/lewm-cube/ckpt/cube_lewm_noise_0to008_p1_seed3074,ok,0.08,0.08,cube_lewm_noise_0to008_p1_seed3074,Cube,3074
0.14279180765151978,0.107951619452755,0.9,endpoint,57.0,9.447478294372559,2,LeWM,/opt/workspace/explorer-env/dataset/ag_data/data/world_model/quentinll/lewm-cube/ckpt/cube_lewm_noise_0to008_p1_seed3074/cube_lewm_noise_0to008_p1_seed3074_epoch_10_object.ckpt,['/opt/workspace/explorer-env/dataset/ag_data/data/world_model/quentinll/lewm-cube/ckpt/cube_lewm_noise_0to008_p1_seed3074'],16,per_anchor_mean_then_checkpoint_quantile,5,61.0,horizon_weighted_stacked_l2_v2,0.8038929104804993,false,/opt/workspace/explorer-env/dataset/ag_data/data/world_model/quentinll/lewm-cube/ckpt/cube_lewm_noise_0to008_p1_seed3074,ok,0.08,0.08,cube_lewm_noise_0to008_p1_seed3074,Cube,3074
0.1647077053785324,0.107951619452755,0.95,endpoint,57.0,9.447478294372559,2,LeWM,/opt/workspace/explorer-env/dataset/ag_data/data/world_model/quentinll/lewm-cube/ckpt/cube_lewm_noise_0to008_p1_seed3074/cube_lewm_noise_0to008_p1_seed3074_epoch_10_object.ckpt,['/opt/workspace/explorer-env/dataset/ag_data/data/world_model/quentinll/lewm-cube/ckpt/cube_lewm_noise_0to008_p1_seed3074'],16,per_anchor_mean_then_checkpoint_quantile,5,61.0,horizon_weighted_stacked_l2_v2,0.8154824376106262,false,/opt/workspace/explorer-env/dataset/ag_data/data/world_model/quentinll/lewm-cube/ckpt/cube_lewm_noise_0to008_p1_seed3074,ok,0.08,0.08,cube_lewm_noise_0to008_p1_seed3074,Cube,3074
0.08615275472402573,0.107951619452755,0.8,endpoint,57.0,10.09734058380127,4,LeWM,/opt/workspace/explorer-env/dataset/ag_data/data/world_model/quentinll/lewm-cube/ckpt/cube_lewm_noise_0to008_p1_seed3074/cube_lewm_noise_0to008_p1_seed3074_epoch_10_object.ckpt,['/opt/workspace/explorer-env/dataset/ag_data/data/world_model/quentinll/lewm-cube/ckpt/cube_lewm_noise_0to008_p1_seed3074'],16,per_anchor_mean_then_checkpoint_quantile,5,61.0,horizon_weighted_stacked_l2_v2,0.7254638671875,false,/opt/workspace/explorer-env/dataset/ag_data/data/world_model/quentinll/lewm-cube/ckpt/cube_lewm_noise_0to008_p1_seed3074,ok,0.08,0.08,cube_lewm_noise_0to008_p1_seed3074,Cube,3074
0.08760300278663635,0.107951619452755,0.9,endpoint,57.0,10.09734058380127,4,LeWM,/opt/workspace/explorer-env/dataset/ag_data/data/world_model/quentinll/lewm-cube/ckpt/cube_lewm_noise_0to008_p1_seed3074/cube_lewm_noise_0to008_p1_seed3074_epoch_10_object.ckpt,['/opt/workspace/explorer-env/dataset/ag_data/data/world_model/quentinll/lewm-cube/ckpt/cube_lewm_noise_0to008_p1_seed3074'],16,per_anchor_mean_then_checkpoint_quantile,5,61.0,horizon_weighted_stacked_l2_v2,0.8642047643661499,false,/opt/workspace/explorer-env/dataset/ag_data/data/world_model/quentinll/lewm-cube/ckpt/cube_lewm_noise_0to008_p1_seed3074,ok,0.08,0.08,cube_lewm_noise_0to008_p1_seed3074,Cube,3074
0.08844894170761108,0.107951619452755,0.95,endpoint,57.0,10.09734058380127,4,LeWM,/opt/workspace/explorer-env/dataset/ag_data/data/world_model/quentinll/lewm-cube/ckpt/cube_lewm_noise_0to008_p1_seed3074/cube_lewm_noise_0to008_p1_seed3074_epoch_10_object.ckpt,['/opt/workspace/explorer-env/dataset/ag_data/data/world_model/quentinll/lewm-cube/ckpt/cube_lewm_noise_0to008_p1_seed3074'],16,per_anchor_mean_then_checkpoint_quantile,5,61.0,horizon_weighted_stacked_l2_v2,0.9848470091819763,false,/opt/workspace/explorer-env/dataset/ag_data/data/world_model/quentinll/lewm-cube/ckpt/cube_lewm_noise_0to008_p1_seed3074,ok,0.08,0.08,cube_lewm_noise_0to008_p1_seed3074,Cube,3074
0.07615445554256439,0.107951619452755,0.8,endpoint,57.0,10.039523124694824,8,LeWM,/opt/workspace/explorer-env/dataset/ag_data/data/world_model/quentinll/lewm-cube/ckpt/cube_lewm_noise_0to008_p1_seed3074/cube_lewm_noise_0to008_p1_seed3074_epoch_10_object.ckpt,['/opt/workspace/explorer-env/dataset/ag_data/data/world_model/quentinll/lewm-cube/ckpt/cube_lewm_noise_0to008_p1_seed3074'],16,per_anchor_mean_then_checkpoint_quantile,5,61.0,horizon_weighted_stacked_l2_v2,0.724888801574707,false,/opt/workspace/explorer-env/dataset/ag_data/data/world_model/quentinll/lewm-cube/ckpt/cube_lewm_noise_0to008_p1_seed3074,ok,0.08,0.08,cube_lewm_noise_0to008_p1_seed3074,Cube,3074
0.09568829834461212,0.107951619452755,0.9,endpoint,57.0,10.039523124694824,8,LeWM,/opt/workspace/explorer-env/dataset/ag_data/data/world_model/quentinll/lewm-cube/ckpt/cube_lewm_noise_0to008_p1_seed3074/cube_lewm_noise_0to008_p1_seed3074_epoch_10_object.ckpt,['/opt/workspace/explorer-env/dataset/ag_data/data/world_model/quentinll/lewm-cube/ckpt/cube_lewm_noise_0to008_p1_seed3074'],16,per_anchor_mean_then_checkpoint_quantile,5,61.0,horizon_weighted_stacked_l2_v2,0.8494797348976135,false,/opt/workspace/explorer-env/dataset/ag_data/data/world_model/quentinll/lewm-cube/ckpt/cube_lewm_noise_0to008_p1_seed3074,ok,0.08,0.08,cube_lewm_noise_0to008_p1_seed3074,Cube,3074
0.09885092079639435,0.107951619452755,0.95,endpoint,57.0,10.039523124694824,8,LeWM,/opt/workspace/explorer-env/dataset/ag_data/data/world_model/quentinll/lewm-cube/ckpt/cube_lewm_noise_0to008_p1_seed3074/cube_lewm_noise_0to008_p1_seed3074_epoch_10_object.ckpt,['/opt/workspace/explorer-env/dataset/ag_data/data/world_model/quentinll/lewm-cube/ckpt/cube_lewm_noise_0to008_p1_seed3074'],16,per_anchor_mean_then_checkpoint_quantile,5,61.0,horizon_weighted_stacked_l2_v2,0.9338144659996033,false,/opt/workspace/explorer-env/dataset/ag_data/data/world_model/quentinll/lewm-cube/ckpt/cube_lewm_noise_0to008_p1_seed3074,ok,0.08,0.08,cube_lewm_noise_0to008_p1_seed3074,Cube,3074
