absolute_remainder,absolute_remainder_over_sigma3,atr_q90_source,checkpoint_type,clean_success,empirical_mean_R2_over_sigma2,jvp_gaussian_trace_per_sequence,measured_R2_standard_error,measured_mean_R2,measured_to_jvp_ratio,model_family,model_file,model_search_dirs,n_sequences,num_noise_draws,pixels_std0.08_success,predicted_mean_R2,recovery_label,relative_error,run_path,sigma,signed_remainder,status,std_key,subdir,task,training_seed
0.06595135707855226,4220886.853027344,1.5144974763039856,base,94.0,42337.43667602539,52889.65380859375,0.03665828043191892,0.2646089792251587,0.8004861750323314,LeWM,/opt/workspace/explorer-env/dataset/ag_data/data/world_model/quentinll/lewm-tworooms/ckpt/tworoom_lewm_20260430/tworoom_lewm_20260430_epoch_10_object.ckpt,['/opt/workspace/explorer-env/dataset/ag_data/data/world_model/quentinll/lewm-tworooms/ckpt/tworoom_lewm_20260430'],16,8,65.66666666666667,0.33056033630371096,false,0.1995138249676686,/opt/workspace/explorer-env/dataset/ag_data/data/world_model/quentinll/lewm-tworooms/ckpt/tworoom_lewm_20260430,0.0025,-0.06595135707855226,ok,0.00,tworoom_lewm_20260430,TwoRoom,3072
0.27812592105865486,2225007.3684692383,1.5144974763039856,base,94.0,41764.61696624756,52889.65380859375,0.12884241013562092,1.044115424156189,0.7896557069061673,LeWM,/opt/workspace/explorer-env/dataset/ag_data/data/world_model/quentinll/lewm-tworooms/ckpt/tworoom_lewm_20260430/tworoom_lewm_20260430_epoch_10_object.ckpt,['/opt/workspace/explorer-env/dataset/ag_data/data/world_model/quentinll/lewm-tworooms/ckpt/tworoom_lewm_20260430'],16,8,65.66666666666667,1.3222413452148438,false,0.21034429309383276,/opt/workspace/explorer-env/dataset/ag_data/data/world_model/quentinll/lewm-tworooms/ckpt/tworoom_lewm_20260430,0.005,-0.27812592105865486,ok,0.00,tworoom_lewm_20260430,TwoRoom,3072
0.5109655029296878,510965.5029296877,1.5144974763039856,base,94.0,47779.998779296875,52889.65380859375,0.5659585028101097,4.7779998779296875,0.9033902727405141,LeWM,/opt/workspace/explorer-env/dataset/ag_data/data/world_model/quentinll/lewm-tworooms/ckpt/tworoom_lewm_20260430/tworoom_lewm_20260430_epoch_10_object.ckpt,['/opt/workspace/explorer-env/dataset/ag_data/data/world_model/quentinll/lewm-tworooms/ckpt/tworoom_lewm_20260430'],16,8,65.66666666666667,5.288965380859375,false,0.09660972725948595,/opt/workspace/explorer-env/dataset/ag_data/data/world_model/quentinll/lewm-tworooms/ckpt/tworoom_lewm_20260430,0.01,-0.5109655029296878,ok,0.00,tworoom_lewm_20260430,TwoRoom,3072
5.7030595275878895,712882.4409484861,1.5144974763039856,base,94.0,67147.30262756348,52889.65380859375,3.4034052217250252,26.85892105102539,1.2695734948571942,LeWM,/opt/workspace/explorer-env/dataset/ag_data/data/world_model/quentinll/lewm-tworooms/ckpt/tworoom_lewm_20260430/tworoom_lewm_20260430_epoch_10_object.ckpt,['/opt/workspace/explorer-env/dataset/ag_data/data/world_model/quentinll/lewm-tworooms/ckpt/tworoom_lewm_20260430'],16,8,65.66666666666667,21.1558615234375,false,0.2695734948571942,/opt/workspace/explorer-env/dataset/ag_data/data/world_model/quentinll/lewm-tworooms/ckpt/tworoom_lewm_20260430,0.02,5.7030595275878895,ok,0.00,tworoom_lewm_20260430,TwoRoom,3072
0.0057432574152946475,367568.47457885736,1.0454658513469122,onset,93.66666666666667,5228.339433670044,6147.2606201171875,0.003815650013917148,0.032677121460437775,0.8505153363044455,LeWM,/opt/workspace/explorer-env/dataset/ag_data/data/world_model/quentinll/lewm-tworooms/ckpt/tworoom_lewm_noise_0to001_p1/tworoom_lewm_noise_0to001_p1_epoch_10_object.ckpt,['/opt/workspace/explorer-env/dataset/ag_data/data/world_model/quentinll/lewm-tworooms/ckpt/tworoom_lewm_noise_0to001_p1'],16,8,94.0,0.03842037887573242,true,0.1494846636955545,/opt/workspace/explorer-env/dataset/ag_data/data/world_model/quentinll/lewm-tworooms/ckpt/tworoom_lewm_noise_0to001_p1,0.0025,-0.0057432574152946475,ok,0.01,tworoom_lewm_noise_0to001_p1,TwoRoom,3072
0.025934456634521486,207475.65307617185,1.0454658513469122,onset,93.66666666666667,5109.882354736328,6147.2606201171875,0.015133929678431881,0.1277470588684082,0.8312454393122699,LeWM,/opt/workspace/explorer-env/dataset/ag_data/data/world_model/quentinll/lewm-tworooms/ckpt/tworoom_lewm_noise_0to001_p1/tworoom_lewm_noise_0to001_p1_epoch_10_object.ckpt,['/opt/workspace/explorer-env/dataset/ag_data/data/world_model/quentinll/lewm-tworooms/ckpt/tworoom_lewm_noise_0to001_p1'],16,8,94.0,0.1536815155029297,true,0.16875456068773012,/opt/workspace/explorer-env/dataset/ag_data/data/world_model/quentinll/lewm-tworooms/ckpt/tworoom_lewm_noise_0to001_p1,0.005,-0.025934456634521486,ok,0.01,tworoom_lewm_noise_0to001_p1,TwoRoom,3072
0.09986018676757813,99860.18676757811,1.0454658513469122,onset,93.66666666666667,5148.658752441406,6147.2606201171875,0.05860377566661697,0.5148658752441406,0.8375533543497714,LeWM,/opt/workspace/explorer-env/dataset/ag_data/data/world_model/quentinll/lewm-tworooms/ckpt/tworoom_lewm_noise_0to001_p1/tworoom_lewm_noise_0to001_p1_epoch_10_object.ckpt,['/opt/workspace/explorer-env/dataset/ag_data/data/world_model/quentinll/lewm-tworooms/ckpt/tworoom_lewm_noise_0to001_p1'],16,8,94.0,0.6147260620117188,true,0.1624466456502286,/opt/workspace/explorer-env/dataset/ag_data/data/world_model/quentinll/lewm-tworooms/ckpt/tworoom_lewm_noise_0to001_p1,0.01,-0.09986018676757813,ok,0.01,tworoom_lewm_noise_0to001_p1,TwoRoom,3072
0.25763295249938967,32204.119062423702,1.0454658513469122,onset,93.66666666666667,5503.178238868713,6147.2606201171875,0.2401295620483932,2.2012712955474854,0.895224487613119,LeWM,/opt/workspace/explorer-env/dataset/ag_data/data/world_model/quentinll/lewm-tworooms/ckpt/tworoom_lewm_noise_0to001_p1/tworoom_lewm_noise_0to001_p1_epoch_10_object.ckpt,['/opt/workspace/explorer-env/dataset/ag_data/data/world_model/quentinll/lewm-tworooms/ckpt/tworoom_lewm_noise_0to001_p1'],16,8,94.0,2.458904248046875,true,0.104775512386881,/opt/workspace/explorer-env/dataset/ag_data/data/world_model/quentinll/lewm-tworooms/ckpt/tworoom_lewm_noise_0to001_p1,0.02,-0.25763295249938967,ok,0.01,tworoom_lewm_noise_0to001_p1,TwoRoom,3072
0.0005437133982777595,34797.657489776604,0.09345786316418216,endpoint,98.33333333333333,180.8108389377594,93.81669521331787,0.0001317911167624623,0.0011300677433609962,1.9272778531223744,LeWM,/opt/workspace/explorer-env/dataset/ag_data/data/world_model/quentinll/lewm-tworooms/ckpt/tworoom_lewm_noise_0to008_p1/tworoom_lewm_noise_0to008_p1_epoch_10_object.ckpt,['/opt/workspace/explorer-env/dataset/ag_data/data/world_model/quentinll/lewm-tworooms/ckpt/tworoom_lewm_noise_0to008_p1'],16,8,97.66666666666667,0.0005863543450832367,true,0.9272778531223743,/opt/workspace/explorer-env/dataset/ag_data/data/world_model/quentinll/lewm-tworooms/ckpt/tworoom_lewm_noise_0to008_p1,0.0025,0.0005437133982777595,ok,0.08,tworoom_lewm_noise_0to008_p1,TwoRoom,3072
0.0003912418745458126,3129.9349963665,0.09345786316418216,endpoint,98.33333333333333,109.46637019515038,93.81669521331787,0.0003014412164262797,0.0027366592548787594,1.1668111943854844,LeWM,/opt/workspace/explorer-env/dataset/ag_data/data/world_model/quentinll/lewm-tworooms/ckpt/tworoom_lewm_noise_0to008_p1/tworoom_lewm_noise_0to008_p1_epoch_10_object.ckpt,['/opt/workspace/explorer-env/dataset/ag_data/data/world_model/quentinll/lewm-tworooms/ckpt/tworoom_lewm_noise_0to008_p1'],16,8,97.66666666666667,0.002345417380332947,true,0.16681119438548433,/opt/workspace/explorer-env/dataset/ag_data/data/world_model/quentinll/lewm-tworooms/ckpt/tworoom_lewm_noise_0to008_p1,0.005,0.0003912418745458126,ok,0.08,tworoom_lewm_noise_0to008_p1,TwoRoom,3072
0.0009024766683578492,902.4766683578491,0.09345786316418216,endpoint,98.33333333333333,84.79192852973938,93.81669521331787,0.000793855565719865,0.008479192852973938,0.9038042571947539,LeWM,/opt/workspace/explorer-env/dataset/ag_data/data/world_model/quentinll/lewm-tworooms/ckpt/tworoom_lewm_noise_0to008_p1/tworoom_lewm_noise_0to008_p1_epoch_10_object.ckpt,['/opt/workspace/explorer-env/dataset/ag_data/data/world_model/quentinll/lewm-tworooms/ckpt/tworoom_lewm_noise_0to008_p1'],16,8,97.66666666666667,0.009381669521331787,true,0.09619574280524612,/opt/workspace/explorer-env/dataset/ag_data/data/world_model/quentinll/lewm-tworooms/ckpt/tworoom_lewm_noise_0to008_p1,0.01,-0.0009024766683578492,ok,0.08,tworoom_lewm_noise_0to008_p1,TwoRoom,3072
0.0064698045849800115,808.7255731225013,0.09345786316418216,endpoint,98.33333333333333,77.64218375086784,93.81669521331787,0.0029939435308198683,0.031056873500347137,0.827594529676484,LeWM,/opt/workspace/explorer-env/dataset/ag_data/data/world_model/quentinll/lewm-tworooms/ckpt/tworoom_lewm_noise_0to008_p1/tworoom_lewm_noise_0to008_p1_epoch_10_object.ckpt,['/opt/workspace/explorer-env/dataset/ag_data/data/world_model/quentinll/lewm-tworooms/ckpt/tworoom_lewm_noise_0to008_p1'],16,8,97.66666666666667,0.03752667808532715,true,0.17240547032351608,/opt/workspace/explorer-env/dataset/ag_data/data/world_model/quentinll/lewm-tworooms/ckpt/tworoom_lewm_noise_0to008_p1,0.02,-0.0064698045849800115,ok,0.08,tworoom_lewm_noise_0to008_p1,TwoRoom,3072
0.09037542581558228,5784027.252197265,1.5172889279112693,base,94.333333,45310.75477600098,30850.686645507812,0.037001745637146324,0.2831922173500061,1.4687113870964263,LeWM,/opt/workspace/explorer-env/dataset/ag_data/data/world_model/quentinll/lewm-tworooms/ckpt/tworoom_lewm_baseline_seed3073/tworoom_lewm_baseline_seed3073_epoch_10_object.ckpt,['/opt/workspace/explorer-env/dataset/ag_data/data/world_model/quentinll/lewm-tworooms/ckpt/tworoom_lewm_baseline_seed3073'],16,8,71.666667,0.19281679153442383,false,0.4687113870964264,/opt/workspace/explorer-env/dataset/ag_data/data/world_model/quentinll/lewm-tworooms/ckpt/tworoom_lewm_baseline_seed3073,0.0025,0.09037542581558228,ok,0.00,tworoom_lewm_baseline_seed3073,TwoRoom,3073
0.34371281623840333,2749702.529907226,1.5172889279112693,base,94.333333,44599.199295043945,30850.686645507812,0.14830501345111793,1.1149799823760986,1.4456468929691735,LeWM,/opt/workspace/explorer-env/dataset/ag_data/data/world_model/quentinll/lewm-tworooms/ckpt/tworoom_lewm_baseline_seed3073/tworoom_lewm_baseline_seed3073_epoch_10_object.ckpt,['/opt/workspace/explorer-env/dataset/ag_data/data/world_model/quentinll/lewm-tworooms/ckpt/tworoom_lewm_baseline_seed3073'],16,8,71.666667,0.7712671661376953,false,0.4456468929691736,/opt/workspace/explorer-env/dataset/ag_data/data/world_model/quentinll/lewm-tworooms/ckpt/tworoom_lewm_baseline_seed3073,0.005,0.34371281623840333,ok,0.00,tworoom_lewm_baseline_seed3073,TwoRoom,3073
3.498803176879883,3498803.1768798823,1.5172889279112693,base,94.333333,65838.71841430664,30850.686645507812,2.263337858539769,6.583871841430664,2.1341086884331455,LeWM,/opt/workspace/explorer-env/dataset/ag_data/data/world_model/quentinll/lewm-tworooms/ckpt/tworoom_lewm_baseline_seed3073/tworoom_lewm_baseline_seed3073_epoch_10_object.ckpt,['/opt/workspace/explorer-env/dataset/ag_data/data/world_model/quentinll/lewm-tworooms/ckpt/tworoom_lewm_baseline_seed3073'],16,8,71.666667,3.085068664550781,false,1.1341086884331457,/opt/workspace/explorer-env/dataset/ag_data/data/world_model/quentinll/lewm-tworooms/ckpt/tworoom_lewm_baseline_seed3073,0.01,3.498803176879883,ok,0.00,tworoom_lewm_baseline_seed3073,TwoRoom,3073
11.454832229614258,1431854.028701782,1.5172889279112693,base,94.333333,59487.76721954346,30850.686645507812,4.332839663379631,23.795106887817383,1.9282477535457223,LeWM,/opt/workspace/explorer-env/dataset/ag_data/data/world_model/quentinll/lewm-tworooms/ckpt/tworoom_lewm_baseline_seed3073/tworoom_lewm_baseline_seed3073_epoch_10_object.ckpt,['/opt/workspace/explorer-env/dataset/ag_data/data/world_model/quentinll/lewm-tworooms/ckpt/tworoom_lewm_baseline_seed3073'],16,8,71.666667,12.340274658203125,false,0.9282477535457224,/opt/workspace/explorer-env/dataset/ag_data/data/world_model/quentinll/lewm-tworooms/ckpt/tworoom_lewm_baseline_seed3073,0.02,11.454832229614258,ok,0.00,tworoom_lewm_baseline_seed3073,TwoRoom,3073
0.004185604053735734,267878.6594390869,1.2074334060413774,onset,96.333333,5862.745642662048,6532.442291259766,0.004071086257673485,0.0366421602666378,0.8974814290370764,LeWM,/opt/workspace/explorer-env/dataset/ag_data/data/world_model/quentinll/lewm-tworooms/ckpt/tworoom_lewm_noise_0to001_p1_seed3073/tworoom_lewm_noise_0to001_p1_seed3073_epoch_10_object.ckpt,['/opt/workspace/explorer-env/dataset/ag_data/data/world_model/quentinll/lewm-tworooms/ckpt/tworoom_lewm_noise_0to001_p1_seed3073'],16,8,95.666667,0.040827764320373536,true,0.10251857096292356,/opt/workspace/explorer-env/dataset/ag_data/data/world_model/quentinll/lewm-tworooms/ckpt/tworoom_lewm_noise_0to001_p1_seed3073,0.0025,-0.004185604053735734,ok,0.01,tworoom_lewm_noise_0to001_p1_seed3073,TwoRoom,3073
0.01811619896888733,144929.59175109863,1.2074334060413774,onset,96.333333,5807.7943325042725,6532.442291259766,0.015655079411536134,0.1451948583126068,0.8890693669464095,LeWM,/opt/workspace/explorer-env/dataset/ag_data/data/world_model/quentinll/lewm-tworooms/ckpt/tworoom_lewm_noise_0to001_p1_seed3073/tworoom_lewm_noise_0to001_p1_seed3073_epoch_10_object.ckpt,['/opt/workspace/explorer-env/dataset/ag_data/data/world_model/quentinll/lewm-tworooms/ckpt/tworoom_lewm_noise_0to001_p1_seed3073'],16,8,95.666667,0.16331105728149414,true,0.11093063305359052,/opt/workspace/explorer-env/dataset/ag_data/data/world_model/quentinll/lewm-tworooms/ckpt/tworoom_lewm_noise_0to001_p1_seed3073,0.005,-0.01811619896888733,ok,0.01,tworoom_lewm_noise_0to001_p1_seed3073,TwoRoom,3073
0.05041811065673829,50418.11065673828,1.2074334060413774,onset,96.333333,6028.261184692383,6532.442291259766,0.06531501328418099,0.6028261184692383,0.9228188961972211,LeWM,/opt/workspace/explorer-env/dataset/ag_data/data/world_model/quentinll/lewm-tworooms/ckpt/tworoom_lewm_noise_0to001_p1_seed3073/tworoom_lewm_noise_0to001_p1_seed3073_epoch_10_object.ckpt,['/opt/workspace/explorer-env/dataset/ag_data/data/world_model/quentinll/lewm-tworooms/ckpt/tworoom_lewm_noise_0to001_p1_seed3073'],16,8,95.666667,0.6532442291259766,true,0.0771811038027789,/opt/workspace/explorer-env/dataset/ag_data/data/world_model/quentinll/lewm-tworooms/ckpt/tworoom_lewm_noise_0to001_p1_seed3073,0.01,-0.05041811065673829,ok,0.01,tworoom_lewm_noise_0to001_p1_seed3073,TwoRoom,3073
0.12874113731384274,16092.64216423034,1.2074334060413774,onset,96.333333,6854.295134544373,6532.442291259766,0.30733661058250095,2.741718053817749,1.0492699099256089,LeWM,/opt/workspace/explorer-env/dataset/ag_data/data/world_model/quentinll/lewm-tworooms/ckpt/tworoom_lewm_noise_0to001_p1_seed3073/tworoom_lewm_noise_0to001_p1_seed3073_epoch_10_object.ckpt,['/opt/workspace/explorer-env/dataset/ag_data/data/world_model/quentinll/lewm-tworooms/ckpt/tworoom_lewm_noise_0to001_p1_seed3073'],16,8,95.666667,2.6129769165039063,true,0.04926990992560891,/opt/workspace/explorer-env/dataset/ag_data/data/world_model/quentinll/lewm-tworooms/ckpt/tworoom_lewm_noise_0to001_p1_seed3073,0.02,0.12874113731384274,ok,0.01,tworoom_lewm_noise_0to001_p1_seed3073,TwoRoom,3073
0.0008122076351195573,51981.28864765166,0.1321221251210847,endpoint,97.0,360.95041781663895,230.99719619750977,0.0003576186849519995,0.0022559401113539934,1.5625748873073557,LeWM,/opt/workspace/explorer-env/dataset/ag_data/data/world_model/quentinll/lewm-tworooms/ckpt/tworoom_lewm_noise_0to008_p1_seed3073/tworoom_lewm_noise_0to008_p1_seed3073_epoch_10_object.ckpt,['/opt/workspace/explorer-env/dataset/ag_data/data/world_model/quentinll/lewm-tworooms/ckpt/tworoom_lewm_noise_0to008_p1_seed3073'],16,8,97.333333,0.001443732476234436,true,0.5625748873073556,/opt/workspace/explorer-env/dataset/ag_data/data/world_model/quentinll/lewm-tworooms/ckpt/tworoom_lewm_noise_0to008_p1_seed3073,0.0025,0.0008122076351195573,ok,0.08,tworoom_lewm_noise_0to008_p1_seed3073,TwoRoom,3073
0.0006926783643662927,5541.426914930341,0.1321221251210847,endpoint,97.0,258.7043307721615,230.99719619750977,0.001254126151783655,0.006467608269304037,1.1199457613804162,LeWM,/opt/workspace/explorer-env/dataset/ag_data/data/world_model/quentinll/lewm-tworooms/ckpt/tworoom_lewm_noise_0to008_p1_seed3073/tworoom_lewm_noise_0to008_p1_seed3073_epoch_10_object.ckpt,['/opt/workspace/explorer-env/dataset/ag_data/data/world_model/quentinll/lewm-tworooms/ckpt/tworoom_lewm_noise_0to008_p1_seed3073'],16,8,97.333333,0.005774929904937744,true,0.11994576138041632,/opt/workspace/explorer-env/dataset/ag_data/data/world_model/quentinll/lewm-tworooms/ckpt/tworoom_lewm_noise_0to008_p1_seed3073,0.005,0.0006926783643662927,ok,0.08,tworoom_lewm_noise_0to008_p1_seed3073,TwoRoom,3073
0.0015535290151834497,1553.5290151834495,0.1321221251210847,endpoint,97.0,215.46190604567528,230.99719619750977,0.004051699695175236,0.021546190604567528,0.9327468453835633,LeWM,/opt/workspace/explorer-env/dataset/ag_data/data/world_model/quentinll/lewm-tworooms/ckpt/tworoom_lewm_noise_0to008_p1_seed3073/tworoom_lewm_noise_0to008_p1_seed3073_epoch_10_object.ckpt,['/opt/workspace/explorer-env/dataset/ag_data/data/world_model/quentinll/lewm-tworooms/ckpt/tworoom_lewm_noise_0to008_p1_seed3073'],16,8,97.333333,0.023099719619750977,true,0.0672531546164367,/opt/workspace/explorer-env/dataset/ag_data/data/world_model/quentinll/lewm-tworooms/ckpt/tworoom_lewm_noise_0to008_p1_seed3073,0.01,-0.0015535290151834497,ok,0.08,tworoom_lewm_noise_0to008_p1_seed3073,TwoRoom,3073
0.007740866684913639,967.6083356142046,0.1321221251210847,endpoint,97.0,211.64502948522568,230.99719619750977,0.01685691128480345,0.08465801179409027,0.9162233696735549,LeWM,/opt/workspace/explorer-env/dataset/ag_data/data/world_model/quentinll/lewm-tworooms/ckpt/tworoom_lewm_noise_0to008_p1_seed3073/tworoom_lewm_noise_0to008_p1_seed3073_epoch_10_object.ckpt,['/opt/workspace/explorer-env/dataset/ag_data/data/world_model/quentinll/lewm-tworooms/ckpt/tworoom_lewm_noise_0to008_p1_seed3073'],16,8,97.333333,0.09239887847900391,true,0.08377663032644511,/opt/workspace/explorer-env/dataset/ag_data/data/world_model/quentinll/lewm-tworooms/ckpt/tworoom_lewm_noise_0to008_p1_seed3073,0.02,-0.007740866684913639,ok,0.08,tworoom_lewm_noise_0to008_p1_seed3073,TwoRoom,3073
0.01629367856979369,1042795.4284667961,1.4947153046014692,base,95.666667,42089.66255187988,44696.651123046875,0.03073767554557076,0.26306039094924927,0.941673738285445,LeWM,/opt/workspace/explorer-env/dataset/ag_data/data/world_model/quentinll/lewm-tworooms/ckpt/tworoom_lewm_baseline_seed3074/tworoom_lewm_baseline_seed3074_epoch_10_object.ckpt,['/opt/workspace/explorer-env/dataset/ag_data/data/world_model/quentinll/lewm-tworooms/ckpt/tworoom_lewm_baseline_seed3074'],16,8,69.0,0.27935406951904296,false,0.05832626171455503,/opt/workspace/explorer-env/dataset/ag_data/data/world_model/quentinll/lewm-tworooms/ckpt/tworoom_lewm_baseline_seed3074,0.0025,-0.01629367856979369,ok,0.00,tworoom_lewm_baseline_seed3074,TwoRoom,3074
0.11443032379150386,915442.5903320308,1.4947153046014692,base,95.666667,40119.43817138672,44696.651123046875,0.11938206529859288,1.002985954284668,0.8975938278002216,LeWM,/opt/workspace/explorer-env/dataset/ag_data/data/world_model/quentinll/lewm-tworooms/ckpt/tworoom_lewm_baseline_seed3074/tworoom_lewm_baseline_seed3074_epoch_10_object.ckpt,['/opt/workspace/explorer-env/dataset/ag_data/data/world_model/quentinll/lewm-tworooms/ckpt/tworoom_lewm_baseline_seed3074'],16,8,69.0,1.1174162780761718,false,0.10240617219977839,/opt/workspace/explorer-env/dataset/ag_data/data/world_model/quentinll/lewm-tworooms/ckpt/tworoom_lewm_baseline_seed3074,0.005,-0.11443032379150386,ok,0.00,tworoom_lewm_baseline_seed3074,TwoRoom,3074
0.20493847351074201,204938.47351074198,1.4947153046014692,base,95.666667,42647.26638793945,44696.651123046875,0.5177343316250359,4.264726638793945,0.9541490316698313,LeWM,/opt/workspace/explorer-env/dataset/ag_data/data/world_model/quentinll/lewm-tworooms/ckpt/tworoom_lewm_baseline_seed3074/tworoom_lewm_baseline_seed3074_epoch_10_object.ckpt,['/opt/workspace/explorer-env/dataset/ag_data/data/world_model/quentinll/lewm-tworooms/ckpt/tworoom_lewm_baseline_seed3074'],16,8,69.0,4.469665112304687,false,0.04585096833016871,/opt/workspace/explorer-env/dataset/ag_data/data/world_model/quentinll/lewm-tworooms/ckpt/tworoom_lewm_baseline_seed3074,0.01,-0.20493847351074201,ok,0.00,tworoom_lewm_baseline_seed3074,TwoRoom,3074
4.678090802001954,584761.3502502441,1.4947153046014692,base,95.666667,56391.87812805176,44696.651123046875,3.03088204037918,22.556751251220703,1.2616577911577471,LeWM,/opt/workspace/explorer-env/dataset/ag_data/data/world_model/quentinll/lewm-tworooms/ckpt/tworoom_lewm_baseline_seed3074/tworoom_lewm_baseline_seed3074_epoch_10_object.ckpt,['/opt/workspace/explorer-env/dataset/ag_data/data/world_model/quentinll/lewm-tworooms/ckpt/tworoom_lewm_baseline_seed3074'],16,8,69.0,17.87866044921875,false,0.2616577911577471,/opt/workspace/explorer-env/dataset/ag_data/data/world_model/quentinll/lewm-tworooms/ckpt/tworoom_lewm_baseline_seed3074,0.02,4.678090802001954,ok,0.00,tworoom_lewm_baseline_seed3074,TwoRoom,3074
0.0014087129473686205,90157.6286315917,0.527574942818781,onset,97.333333,2521.91424369812,2296.5201721191406,0.001837661040900063,0.01576196402311325,1.0981459141162233,LeWM,/opt/workspace/explorer-env/dataset/ag_data/data/world_model/quentinll/lewm-tworooms/ckpt/tworoom_lewm_noise_0to002_p1_seed3074/tworoom_lewm_noise_0to002_p1_seed3074_epoch_10_object.ckpt,['/opt/workspace/explorer-env/dataset/ag_data/data/world_model/quentinll/lewm-tworooms/ckpt/tworoom_lewm_noise_0to002_p1_seed3074'],16,8,97.666667,0.01435325107574463,true,0.09814591411622328,/opt/workspace/explorer-env/dataset/ag_data/data/world_model/quentinll/lewm-tworooms/ckpt/tworoom_lewm_noise_0to002_p1_seed3074,0.0025,0.0014087129473686205,ok,0.02,tworoom_lewm_noise_0to002_p1_seed3074,TwoRoom,3074
0.004848469084501261,38787.75267601008,0.527574942818781,onset,97.333333,2490.4589354991913,2296.5201721191406,0.007244079808407505,0.06226147338747978,1.0844489701133744,LeWM,/opt/workspace/explorer-env/dataset/ag_data/data/world_model/quentinll/lewm-tworooms/ckpt/tworoom_lewm_noise_0to002_p1_seed3074/tworoom_lewm_noise_0to002_p1_seed3074_epoch_10_object.ckpt,['/opt/workspace/explorer-env/dataset/ag_data/data/world_model/quentinll/lewm-tworooms/ckpt/tworoom_lewm_noise_0to002_p1_seed3074'],16,8,97.666667,0.05741300430297852,true,0.08444897011337436,/opt/workspace/explorer-env/dataset/ag_data/data/world_model/quentinll/lewm-tworooms/ckpt/tworoom_lewm_noise_0to002_p1_seed3074,0.005,0.004848469084501261,ok,0.02,tworoom_lewm_noise_0to002_p1_seed3074,TwoRoom,3074
0.01379001154899595,13790.011548995948,0.527574942818781,onset,97.333333,2434.4202876091003,2296.5201721191406,0.027879410622641557,0.24344202876091003,1.0600474218185119,LeWM,/opt/workspace/explorer-env/dataset/ag_data/data/world_model/quentinll/lewm-tworooms/ckpt/tworoom_lewm_noise_0to002_p1_seed3074/tworoom_lewm_noise_0to002_p1_seed3074_epoch_10_object.ckpt,['/opt/workspace/explorer-env/dataset/ag_data/data/world_model/quentinll/lewm-tworooms/ckpt/tworoom_lewm_noise_0to002_p1_seed3074'],16,8,97.666667,0.22965201721191408,true,0.060047421818511956,/opt/workspace/explorer-env/dataset/ag_data/data/world_model/quentinll/lewm-tworooms/ckpt/tworoom_lewm_noise_0to002_p1_seed3074,0.01,0.01379001154899595,ok,0.02,tworoom_lewm_noise_0to002_p1_seed3074,TwoRoom,3074
0.08976948318481437,11221.185398101794,0.527574942818781,onset,97.333333,2520.9438800811768,2296.5201721191406,0.11419662262246418,1.0083775520324707,1.097723377606976,LeWM,/opt/workspace/explorer-env/dataset/ag_data/data/world_model/quentinll/lewm-tworooms/ckpt/tworoom_lewm_noise_0to002_p1_seed3074/tworoom_lewm_noise_0to002_p1_seed3074_epoch_10_object.ckpt,['/opt/workspace/explorer-env/dataset/ag_data/data/world_model/quentinll/lewm-tworooms/ckpt/tworoom_lewm_noise_0to002_p1_seed3074'],16,8,97.666667,0.9186080688476563,true,0.09772337760697593,/opt/workspace/explorer-env/dataset/ag_data/data/world_model/quentinll/lewm-tworooms/ckpt/tworoom_lewm_noise_0to002_p1_seed3074,0.02,0.08976948318481437,ok,0.02,tworoom_lewm_noise_0to002_p1_seed3074,TwoRoom,3074
0.0016769083902239798,107322.13697433469,0.1080286071798046,endpoint,96.333333,389.4375264644623,121.13218402862549,0.0003338875602779771,0.0024339845404028893,3.2149798138901873,LeWM,/opt/workspace/explorer-env/dataset/ag_data/data/world_model/quentinll/lewm-tworooms/ckpt/tworoom_lewm_noise_0to008_p1_seed3074/tworoom_lewm_noise_0to008_p1_seed3074_epoch_10_object.ckpt,['/opt/workspace/explorer-env/dataset/ag_data/data/world_model/quentinll/lewm-tworooms/ckpt/tworoom_lewm_noise_0to008_p1_seed3074'],16,8,96.333333,0.0007570761501789093,true,2.2149798138901873,/opt/workspace/explorer-env/dataset/ag_data/data/world_model/quentinll/lewm-tworooms/ckpt/tworoom_lewm_noise_0to008_p1_seed3074,0.0025,0.0016769083902239798,ok,0.08,tworoom_lewm_noise_0to008_p1_seed3074,TwoRoom,3074
0.0027432369016110896,21945.895212888714,0.1080286071798046,endpoint,96.333333,230.86166009306908,121.13218402862549,0.0007462181023736651,0.005771541502326727,1.9058655793617387,LeWM,/opt/workspace/explorer-env/dataset/ag_data/data/world_model/quentinll/lewm-tworooms/ckpt/tworoom_lewm_noise_0to008_p1_seed3074/tworoom_lewm_noise_0to008_p1_seed3074_epoch_10_object.ckpt,['/opt/workspace/explorer-env/dataset/ag_data/data/world_model/quentinll/lewm-tworooms/ckpt/tworoom_lewm_noise_0to008_p1_seed3074'],16,8,96.333333,0.0030283046007156373,true,0.9058655793617387,/opt/workspace/explorer-env/dataset/ag_data/data/world_model/quentinll/lewm-tworooms/ckpt/tworoom_lewm_noise_0to008_p1_seed3074,0.005,0.0027432369016110896,ok,0.08,tworoom_lewm_noise_0to008_p1_seed3074,TwoRoom,3074
0.00164238808453083,1642.3880845308297,0.1080286071798046,endpoint,96.333333,137.5560648739338,121.13218402862549,0.0016654307432744536,0.01375560648739338,1.1355864337542785,LeWM,/opt/workspace/explorer-env/dataset/ag_data/data/world_model/quentinll/lewm-tworooms/ckpt/tworoom_lewm_noise_0to008_p1_seed3074/tworoom_lewm_noise_0to008_p1_seed3074_epoch_10_object.ckpt,['/opt/workspace/explorer-env/dataset/ag_data/data/world_model/quentinll/lewm-tworooms/ckpt/tworoom_lewm_noise_0to008_p1_seed3074'],16,8,96.333333,0.012113218402862549,true,0.1355864337542785,/opt/workspace/explorer-env/dataset/ag_data/data/world_model/quentinll/lewm-tworooms/ckpt/tworoom_lewm_noise_0to008_p1_seed3074,0.01,0.00164238808453083,ok,0.08,tworoom_lewm_noise_0to008_p1_seed3074,TwoRoom,3074
0.001878972268104552,234.87153351306895,0.1080286071798046,endpoint,96.333333,125.82961469888687,121.13218402862549,0.006450513261408581,0.05033184587955475,1.0387793773218132,LeWM,/opt/workspace/explorer-env/dataset/ag_data/data/world_model/quentinll/lewm-tworooms/ckpt/tworoom_lewm_noise_0to008_p1_seed3074/tworoom_lewm_noise_0to008_p1_seed3074_epoch_10_object.ckpt,['/opt/workspace/explorer-env/dataset/ag_data/data/world_model/quentinll/lewm-tworooms/ckpt/tworoom_lewm_noise_0to008_p1_seed3074'],16,8,96.333333,0.048452873611450197,true,0.038779377321813205,/opt/workspace/explorer-env/dataset/ag_data/data/world_model/quentinll/lewm-tworooms/ckpt/tworoom_lewm_noise_0to008_p1_seed3074,0.02,0.001878972268104552,ok,0.08,tworoom_lewm_noise_0to008_p1_seed3074,TwoRoom,3074
0.07624424403905869,4879631.618499755,3.4252009231417477,base,86.33333333333333,18056.46538734436,30255.54443359375,0.02152051802445058,0.11285290867090225,0.5967985612348016,LeWM,/opt/workspace/explorer-env/dataset/ag_data/data/world_model/quentinll/lewm-pusht/ckpt/pusht_lewm_20260430/pusht_lewm_20260430_epoch_10_object.ckpt,['/opt/workspace/explorer-env/dataset/ag_data/data/world_model/quentinll/lewm-pusht/ckpt/pusht_lewm_20260430'],16,8,4.333333333333333,0.18909715270996094,false,0.40320143876519837,/opt/workspace/explorer-env/dataset/ag_data/data/world_model/quentinll/lewm-pusht/ckpt/pusht_lewm_20260430,0.0025,-0.07624424403905869,ok,0.00,pusht_lewm_20260430,PushT,3072
0.30675286674499513,2454022.9339599605,3.4252009231417477,base,86.33333333333333,17985.429763793945,30255.54443359375,0.0816630435200639,0.44963574409484863,0.5944507064901505,LeWM,/opt/workspace/explorer-env/dataset/ag_data/data/world_model/quentinll/lewm-pusht/ckpt/pusht_lewm_20260430/pusht_lewm_20260430_epoch_10_object.ckpt,['/opt/workspace/explorer-env/dataset/ag_data/data/world_model/quentinll/lewm-pusht/ckpt/pusht_lewm_20260430'],16,8,4.333333333333333,0.7563886108398438,false,0.4055492935098495,/opt/workspace/explorer-env/dataset/ag_data/data/world_model/quentinll/lewm-pusht/ckpt/pusht_lewm_20260430,0.005,-0.30675286674499513,ok,0.00,pusht_lewm_20260430,PushT,3072
1.170177007675171,1170177.0076751707,3.4252009231417477,base,86.33333333333333,18553.77435684204,30255.54443359375,0.3087069310681357,1.855377435684204,0.6132355144877565,LeWM,/opt/workspace/explorer-env/dataset/ag_data/data/world_model/quentinll/lewm-pusht/ckpt/pusht_lewm_20260430/pusht_lewm_20260430_epoch_10_object.ckpt,['/opt/workspace/explorer-env/dataset/ag_data/data/world_model/quentinll/lewm-pusht/ckpt/pusht_lewm_20260430'],16,8,4.333333333333333,3.025554443359375,false,0.38676448551224346,/opt/workspace/explorer-env/dataset/ag_data/data/world_model/quentinll/lewm-pusht/ckpt/pusht_lewm_20260430,0.01,-1.170177007675171,ok,0.00,pusht_lewm_20260430,PushT,3072
0.7998438873291018,99980.48591613771,3.4252009231417477,base,86.33333333333333,28255.934715270996,30255.54443359375,1.6505800009053444,11.302373886108398,0.9339093129620725,LeWM,/opt/workspace/explorer-env/dataset/ag_data/data/world_model/quentinll/lewm-pusht/ckpt/pusht_lewm_20260430/pusht_lewm_20260430_epoch_10_object.ckpt,['/opt/workspace/explorer-env/dataset/ag_data/data/world_model/quentinll/lewm-pusht/ckpt/pusht_lewm_20260430'],16,8,4.333333333333333,12.1022177734375,false,0.0660906870379275,/opt/workspace/explorer-env/dataset/ag_data/data/world_model/quentinll/lewm-pusht/ckpt/pusht_lewm_20260430,0.02,-0.7998438873291018,ok,0.00,pusht_lewm_20260430,PushT,3072
0.00035610505193471847,22790.723323821978,1.078168166445085,onset,88.33333333333333,1137.0216310024261,1080.044822692871,0.0013194351630931903,0.007106385193765163,1.0527541145630372,LeWM,/opt/workspace/explorer-env/dataset/ag_data/data/world_model/quentinll/lewm-pusht/ckpt/pusht_lewm_noise_0to002_p1/pusht_lewm_noise_0to002_p1_epoch_10_object.ckpt,['/opt/workspace/explorer-env/dataset/ag_data/data/world_model/quentinll/lewm-pusht/ckpt/pusht_lewm_noise_0to002_p1'],16,8,73.66666666666667,0.006750280141830445,true,0.05275411456303732,/opt/workspace/explorer-env/dataset/ag_data/data/world_model/quentinll/lewm-pusht/ckpt/pusht_lewm_noise_0to002_p1,0.0025,0.00035610505193471847,ok,0.02,pusht_lewm_noise_0to002_p1,PushT,3072
0.003612808465957639,28902.467727661107,1.078168166445085,onset,88.33333333333333,1224.5571613311768,1080.044822692871,0.007124121975011405,0.03061392903327942,1.1338021678378067,LeWM,/opt/workspace/explorer-env/dataset/ag_data/data/world_model/quentinll/lewm-pusht/ckpt/pusht_lewm_noise_0to002_p1/pusht_lewm_noise_0to002_p1_epoch_10_object.ckpt,['/opt/workspace/explorer-env/dataset/ag_data/data/world_model/quentinll/lewm-pusht/ckpt/pusht_lewm_noise_0to002_p1'],16,8,73.66666666666667,0.02700112056732178,true,0.13380216783780666,/opt/workspace/explorer-env/dataset/ag_data/data/world_model/quentinll/lewm-pusht/ckpt/pusht_lewm_noise_0to002_p1,0.005,0.003612808465957639,ok,0.02,pusht_lewm_noise_0to002_p1,PushT,3072
0.016278108775615682,16278.10877561568,1.078168166445085,onset,88.33333333333333,1242.825910449028,1080.044822692871,0.031095631364151815,0.1242825910449028,1.150716974273619,LeWM,/opt/workspace/explorer-env/dataset/ag_data/data/world_model/quentinll/lewm-pusht/ckpt/pusht_lewm_noise_0to002_p1/pusht_lewm_noise_0to002_p1_epoch_10_object.ckpt,['/opt/workspace/explorer-env/dataset/ag_data/data/world_model/quentinll/lewm-pusht/ckpt/pusht_lewm_noise_0to002_p1'],16,8,73.66666666666667,0.10800448226928712,true,0.15071697427361908,/opt/workspace/explorer-env/dataset/ag_data/data/world_model/quentinll/lewm-pusht/ckpt/pusht_lewm_noise_0to002_p1,0.01,0.016278108775615682,ok,0.02,pusht_lewm_noise_0to002_p1,PushT,3072
0.23901074457168575,29876.343071460713,1.078168166445085,onset,88.33333333333333,1677.5716841220856,1080.044822692871,0.25458114742032384,0.6710286736488342,1.5532426514849664,LeWM,/opt/workspace/explorer-env/dataset/ag_data/data/world_model/quentinll/lewm-pusht/ckpt/pusht_lewm_noise_0to002_p1/pusht_lewm_noise_0to002_p1_epoch_10_object.ckpt,['/opt/workspace/explorer-env/dataset/ag_data/data/world_model/quentinll/lewm-pusht/ckpt/pusht_lewm_noise_0to002_p1'],16,8,73.66666666666667,0.4320179290771485,true,0.5532426514849664,/opt/workspace/explorer-env/dataset/ag_data/data/world_model/quentinll/lewm-pusht/ckpt/pusht_lewm_noise_0to002_p1,0.02,0.23901074457168575,ok,0.02,pusht_lewm_noise_0to002_p1,PushT,3072
0.00036037376075983034,23063.920688629136,0.22418129709450388,endpoint,88.33333333333333,276.7135202884674,219.05371856689453,0.0002893288336656281,0.0017294595018029213,1.2632222000101074,LeWM,/opt/workspace/explorer-env/dataset/ag_data/data/world_model/quentinll/lewm-pusht/ckpt/pusht_lewm_noise_0to008_p1/pusht_lewm_noise_0to008_p1_epoch_10_object.ckpt,['/opt/workspace/explorer-env/dataset/ag_data/data/world_model/quentinll/lewm-pusht/ckpt/pusht_lewm_noise_0to008_p1'],16,8,89.0,0.001369085741043091,true,0.2632222000101073,/opt/workspace/explorer-env/dataset/ag_data/data/world_model/quentinll/lewm-pusht/ckpt/pusht_lewm_noise_0to008_p1,0.0025,0.00036037376075983034,ok,0.08,pusht_lewm_noise_0to008_p1,PushT,3072
4.869604781270083e-05,389.56838250160655,0.22418129709450388,endpoint,88.33333333333333,217.10587665438652,219.05371856689453,0.0009169743304362187,0.005427646916359663,0.9911079258309272,LeWM,/opt/workspace/explorer-env/dataset/ag_data/data/world_model/quentinll/lewm-pusht/ckpt/pusht_lewm_noise_0to008_p1/pusht_lewm_noise_0to008_p1_epoch_10_object.ckpt,['/opt/workspace/explorer-env/dataset/ag_data/data/world_model/quentinll/lewm-pusht/ckpt/pusht_lewm_noise_0to008_p1'],16,8,89.0,0.005476342964172364,true,0.008892074169072733,/opt/workspace/explorer-env/dataset/ag_data/data/world_model/quentinll/lewm-pusht/ckpt/pusht_lewm_noise_0to008_p1,0.005,-4.869604781270083e-05,ok,0.08,pusht_lewm_noise_0to008_p1,PushT,3072
0.0042891334116458915,4289.133411645891,0.22418129709450388,endpoint,88.33333333333333,176.16238445043564,219.05371856689453,0.002493969625642054,0.017616238445043564,0.8041971878082464,LeWM,/opt/workspace/explorer-env/dataset/ag_data/data/world_model/quentinll/lewm-pusht/ckpt/pusht_lewm_noise_0to008_p1/pusht_lewm_noise_0to008_p1_epoch_10_object.ckpt,['/opt/workspace/explorer-env/dataset/ag_data/data/world_model/quentinll/lewm-pusht/ckpt/pusht_lewm_noise_0to008_p1'],16,8,89.0,0.021905371856689455,true,0.19580281219175358,/opt/workspace/explorer-env/dataset/ag_data/data/world_model/quentinll/lewm-pusht/ckpt/pusht_lewm_noise_0to008_p1,0.01,-0.0042891334116458915,ok,0.08,pusht_lewm_noise_0to008_p1,PushT,3072
0.01740112875699998,2175.141094624997,0.22418129709450388,endpoint,88.33333333333333,175.5508966743946,219.05371856689453,0.010874632388193696,0.07022035866975784,0.8014056909094878,LeWM,/opt/workspace/explorer-env/dataset/ag_data/data/world_model/quentinll/lewm-pusht/ckpt/pusht_lewm_noise_0to008_p1/pusht_lewm_noise_0to008_p1_epoch_10_object.ckpt,['/opt/workspace/explorer-env/dataset/ag_data/data/world_model/quentinll/lewm-pusht/ckpt/pusht_lewm_noise_0to008_p1'],16,8,89.0,0.08762148742675782,true,0.1985943090905122,/opt/workspace/explorer-env/dataset/ag_data/data/world_model/quentinll/lewm-pusht/ckpt/pusht_lewm_noise_0to008_p1,0.02,-0.01740112875699998,ok,0.08,pusht_lewm_noise_0to008_p1,PushT,3072
0.019857794070243837,1270898.8204956052,3.9464090489730728,base,75.0,17016.513347625732,13839.266296386719,0.021708298039634803,0.10635320842266083,1.2295820445386298,LeWM,/opt/workspace/explorer-env/dataset/ag_data/data/world_model/quentinll/lewm-pusht/ckpt/pusht_lewm_baseline_seed3073/pusht_lewm_baseline_seed3073_epoch_10_object.ckpt,['/opt/workspace/explorer-env/dataset/ag_data/data/world_model/quentinll/lewm-pusht/ckpt/pusht_lewm_baseline_seed3073'],16,8,2.0,0.08649541435241699,false,0.2295820445386298,/opt/workspace/explorer-env/dataset/ag_data/data/world_model/quentinll/lewm-pusht/ckpt/pusht_lewm_baseline_seed3073,0.0025,0.019857794070243837,ok,0.00,pusht_lewm_baseline_seed3073,PushT,3073
0.04766482124328614,381318.56994628906,3.9464090489730728,base,75.0,15745.859146118164,13839.266296386719,0.06280552670356959,0.3936464786529541,1.137766902442598,LeWM,/opt/workspace/explorer-env/dataset/ag_data/data/world_model/quentinll/lewm-pusht/ckpt/pusht_lewm_baseline_seed3073/pusht_lewm_baseline_seed3073_epoch_10_object.ckpt,['/opt/workspace/explorer-env/dataset/ag_data/data/world_model/quentinll/lewm-pusht/ckpt/pusht_lewm_baseline_seed3073'],16,8,2.0,0.34598165740966796,false,0.13776690244259812,/opt/workspace/explorer-env/dataset/ag_data/data/world_model/quentinll/lewm-pusht/ckpt/pusht_lewm_baseline_seed3073,0.005,0.04766482124328614,ok,0.00,pusht_lewm_baseline_seed3073,PushT,3073
0.31971061267852785,319710.6126785278,3.9464090489730728,base,75.0,17036.372423171997,13839.266296386719,0.21956944426096034,1.7036372423171997,1.231017024914103,LeWM,/opt/workspace/explorer-env/dataset/ag_data/data/world_model/quentinll/lewm-pusht/ckpt/pusht_lewm_baseline_seed3073/pusht_lewm_baseline_seed3073_epoch_10_object.ckpt,['/opt/workspace/explorer-env/dataset/ag_data/data/world_model/quentinll/lewm-pusht/ckpt/pusht_lewm_baseline_seed3073'],16,8,2.0,1.3839266296386719,false,0.23101702491410311,/opt/workspace/explorer-env/dataset/ag_data/data/world_model/quentinll/lewm-pusht/ckpt/pusht_lewm_baseline_seed3073,0.01,0.31971061267852785,ok,0.00,pusht_lewm_baseline_seed3073,PushT,3073
6.164476396179199,770559.5495223998,3.9464090489730728,base,75.0,29250.457286834717,13839.266296386719,1.3829026686143517,11.700182914733887,2.1135843953282185,LeWM,/opt/workspace/explorer-env/dataset/ag_data/data/world_model/quentinll/lewm-pusht/ckpt/pusht_lewm_baseline_seed3073/pusht_lewm_baseline_seed3073_epoch_10_object.ckpt,['/opt/workspace/explorer-env/dataset/ag_data/data/world_model/quentinll/lewm-pusht/ckpt/pusht_lewm_baseline_seed3073'],16,8,2.0,5.535706518554687,false,1.1135843953282185,/opt/workspace/explorer-env/dataset/ag_data/data/world_model/quentinll/lewm-pusht/ckpt/pusht_lewm_baseline_seed3073,0.02,6.164476396179199,ok,0.00,pusht_lewm_baseline_seed3073,PushT,3073
0.0005397294443100688,34542.6844358444,0.7399988157138043,onset,89.666667,444.71126049757004,358.354549407959,0.0003016692992007163,0.0027794453781098127,1.2409812048773534,LeWM,/opt/workspace/explorer-env/dataset/ag_data/data/world_model/quentinll/lewm-pusht/ckpt/pusht_lewm_noise_0to003_p1_seed3073/pusht_lewm_noise_0to003_p1_seed3073_epoch_10_object.ckpt,['/opt/workspace/explorer-env/dataset/ag_data/data/world_model/quentinll/lewm-pusht/ckpt/pusht_lewm_noise_0to003_p1_seed3073'],16,8,80.666667,0.002239715933799744,true,0.24098120487735347,/opt/workspace/explorer-env/dataset/ag_data/data/world_model/quentinll/lewm-pusht/ckpt/pusht_lewm_noise_0to003_p1_seed3073,0.0025,0.0005397294443100688,ok,0.03,pusht_lewm_noise_0to003_p1_seed3073,PushT,3073
0.001064180687069892,8513.445496559134,0.7399988157138043,onset,89.666667,400.9217768907547,358.354549407959,0.0011054210396167123,0.010023044422268867,1.1187852297483636,LeWM,/opt/workspace/explorer-env/dataset/ag_data/data/world_model/quentinll/lewm-pusht/ckpt/pusht_lewm_noise_0to003_p1_seed3073/pusht_lewm_noise_0to003_p1_seed3073_epoch_10_object.ckpt,['/opt/workspace/explorer-env/dataset/ag_data/data/world_model/quentinll/lewm-pusht/ckpt/pusht_lewm_noise_0to003_p1_seed3073'],16,8,80.666667,0.008958863735198976,true,0.11878522974836357,/opt/workspace/explorer-env/dataset/ag_data/data/world_model/quentinll/lewm-pusht/ckpt/pusht_lewm_noise_0to003_p1_seed3073,0.005,0.001064180687069892,ok,0.03,pusht_lewm_noise_0to003_p1_seed3073,PushT,3073
0.002322954356670376,2322.9543566703755,0.7399988157138043,onset,89.666667,381.5840929746628,358.354549407959,0.004299407589858141,0.03815840929746628,1.064822795204028,LeWM,/opt/workspace/explorer-env/dataset/ag_data/data/world_model/quentinll/lewm-pusht/ckpt/pusht_lewm_noise_0to003_p1_seed3073/pusht_lewm_noise_0to003_p1_seed3073_epoch_10_object.ckpt,['/opt/workspace/explorer-env/dataset/ag_data/data/world_model/quentinll/lewm-pusht/ckpt/pusht_lewm_noise_0to003_p1_seed3073'],16,8,80.666667,0.0358354549407959,true,0.06482279520402782,/opt/workspace/explorer-env/dataset/ag_data/data/world_model/quentinll/lewm-pusht/ckpt/pusht_lewm_noise_0to003_p1_seed3073,0.01,0.002322954356670376,ok,0.03,pusht_lewm_noise_0to003_p1_seed3073,PushT,3073
0.01523153948783873,1903.9424359798409,0.7399988157138043,onset,89.666667,396.43339812755585,358.354549407959,0.018970239879925715,0.15857335925102234,1.106260263145835,LeWM,/opt/workspace/explorer-env/dataset/ag_data/data/world_model/quentinll/lewm-pusht/ckpt/pusht_lewm_noise_0to003_p1_seed3073/pusht_lewm_noise_0to003_p1_seed3073_epoch_10_object.ckpt,['/opt/workspace/explorer-env/dataset/ag_data/data/world_model/quentinll/lewm-pusht/ckpt/pusht_lewm_noise_0to003_p1_seed3073'],16,8,80.666667,0.1433418197631836,true,0.10626026314583503,/opt/workspace/explorer-env/dataset/ag_data/data/world_model/quentinll/lewm-pusht/ckpt/pusht_lewm_noise_0to003_p1_seed3073,0.02,0.01523153948783873,ok,0.03,pusht_lewm_noise_0to003_p1_seed3073,PushT,3073
1.4372556470334456e-05,919.843614101405,0.2663277454467475,endpoint,84.666667,112.64463886618614,110.34502983093262,6.187294215179809e-05,0.0007040289929136634,1.0208401686852313,LeWM,/opt/workspace/explorer-env/dataset/ag_data/data/world_model/quentinll/lewm-pusht/ckpt/pusht_lewm_noise_0to008_p1_seed3073/pusht_lewm_noise_0to008_p1_seed3073_epoch_10_object.ckpt,['/opt/workspace/explorer-env/dataset/ag_data/data/world_model/quentinll/lewm-pusht/ckpt/pusht_lewm_noise_0to008_p1_seed3073'],16,8,81.0,0.0006896564364433289,true,0.020840168685231385,/opt/workspace/explorer-env/dataset/ag_data/data/world_model/quentinll/lewm-pusht/ckpt/pusht_lewm_noise_0to008_p1_seed3073,0.0025,1.4372556470334456e-05,ok,0.08,pusht_lewm_noise_0to008_p1_seed3073,PushT,3073
0.0003400168754160407,2720.135003328325,0.2663277454467475,endpoint,84.666667,96.744354814291,110.34502983093262,0.00023409003801797413,0.002418608870357275,0.8767441085703618,LeWM,/opt/workspace/explorer-env/dataset/ag_data/data/world_model/quentinll/lewm-pusht/ckpt/pusht_lewm_noise_0to008_p1_seed3073/pusht_lewm_noise_0to008_p1_seed3073_epoch_10_object.ckpt,['/opt/workspace/explorer-env/dataset/ag_data/data/world_model/quentinll/lewm-pusht/ckpt/pusht_lewm_noise_0to008_p1_seed3073'],16,8,81.0,0.0027586257457733157,true,0.12325589142963818,/opt/workspace/explorer-env/dataset/ag_data/data/world_model/quentinll/lewm-pusht/ckpt/pusht_lewm_noise_0to008_p1_seed3073,0.005,-0.0003400168754160407,ok,0.08,pusht_lewm_noise_0to008_p1_seed3073,PushT,3073
0.001279040575027467,1279.0405750274667,0.2663277454467475,endpoint,84.666667,97.55462408065796,110.34502983093262,0.0009094105351717198,0.009755462408065796,0.8840871603381526,LeWM,/opt/workspace/explorer-env/dataset/ag_data/data/world_model/quentinll/lewm-pusht/ckpt/pusht_lewm_noise_0to008_p1_seed3073/pusht_lewm_noise_0to008_p1_seed3073_epoch_10_object.ckpt,['/opt/workspace/explorer-env/dataset/ag_data/data/world_model/quentinll/lewm-pusht/ckpt/pusht_lewm_noise_0to008_p1_seed3073'],16,8,81.0,0.011034502983093263,true,0.11591283966184737,/opt/workspace/explorer-env/dataset/ag_data/data/world_model/quentinll/lewm-pusht/ckpt/pusht_lewm_noise_0to008_p1_seed3073,0.01,-0.001279040575027467,ok,0.08,pusht_lewm_noise_0to008_p1_seed3073,PushT,3073
0.006136556565761571,767.0695707201962,0.2663277454467475,endpoint,84.666667,95.0036384165287,110.34502983093262,0.003468938842809898,0.03800145536661148,0.8609688951291278,LeWM,/opt/workspace/explorer-env/dataset/ag_data/data/world_model/quentinll/lewm-pusht/ckpt/pusht_lewm_noise_0to008_p1_seed3073/pusht_lewm_noise_0to008_p1_seed3073_epoch_10_object.ckpt,['/opt/workspace/explorer-env/dataset/ag_data/data/world_model/quentinll/lewm-pusht/ckpt/pusht_lewm_noise_0to008_p1_seed3073'],16,8,81.0,0.04413801193237305,true,0.13903110487087222,/opt/workspace/explorer-env/dataset/ag_data/data/world_model/quentinll/lewm-pusht/ckpt/pusht_lewm_noise_0to008_p1_seed3073,0.02,-0.006136556565761571,ok,0.08,pusht_lewm_noise_0to008_p1_seed3073,PushT,3073
0.012852641463279732,822569.0536499027,3.368840925923857,base,84.0,11958.677768707275,14015.100402832031,0.01589499902959538,0.07474173605442047,0.8532709309945996,LeWM,/opt/workspace/explorer-env/dataset/ag_data/data/world_model/quentinll/lewm-pusht/ckpt/pusht_lewm_baseline_seed3074/pusht_lewm_baseline_seed3074_epoch_10_object.ckpt,['/opt/workspace/explorer-env/dataset/ag_data/data/world_model/quentinll/lewm-pusht/ckpt/pusht_lewm_baseline_seed3074'],16,8,15.333333,0.0875943775177002,false,0.1467290690054004,/opt/workspace/explorer-env/dataset/ag_data/data/world_model/quentinll/lewm-pusht/ckpt/pusht_lewm_baseline_seed3074,0.0025,-0.012852641463279732,ok,0.00,pusht_lewm_baseline_seed3074,PushT,3074
0.0626146893501282,500917.51480102557,3.368840925923857,base,84.0,11510.512828826904,14015.100402832031,0.057026651132051444,0.2877628207206726,0.8212936402867992,LeWM,/opt/workspace/explorer-env/dataset/ag_data/data/world_model/quentinll/lewm-pusht/ckpt/pusht_lewm_baseline_seed3074/pusht_lewm_baseline_seed3074_epoch_10_object.ckpt,['/opt/workspace/explorer-env/dataset/ag_data/data/world_model/quentinll/lewm-pusht/ckpt/pusht_lewm_baseline_seed3074'],16,8,15.333333,0.3503775100708008,false,0.17870635971320084,/opt/workspace/explorer-env/dataset/ag_data/data/world_model/quentinll/lewm-pusht/ckpt/pusht_lewm_baseline_seed3074,0.005,-0.0626146893501282,ok,0.00,pusht_lewm_baseline_seed3074,PushT,3074
0.27920571994781507,279205.719947815,3.368840925923857,base,84.0,11223.043203353882,14015.100402832031,0.1922082159698701,1.1223043203353882,0.8007822192330525,LeWM,/opt/workspace/explorer-env/dataset/ag_data/data/world_model/quentinll/lewm-pusht/ckpt/pusht_lewm_baseline_seed3074/pusht_lewm_baseline_seed3074_epoch_10_object.ckpt,['/opt/workspace/explorer-env/dataset/ag_data/data/world_model/quentinll/lewm-pusht/ckpt/pusht_lewm_baseline_seed3074'],16,8,15.333333,1.4015100402832033,false,0.19921778076694752,/opt/workspace/explorer-env/dataset/ag_data/data/world_model/quentinll/lewm-pusht/ckpt/pusht_lewm_baseline_seed3074,0.01,-0.27920571994781507,ok,0.00,pusht_lewm_baseline_seed3074,PushT,3074
0.4140378646850591,51754.733085632375,3.368840925923857,base,84.0,12980.005741119385,14015.100402832031,0.7643964866052236,5.192002296447754,0.9261443277635396,LeWM,/opt/workspace/explorer-env/dataset/ag_data/data/world_model/quentinll/lewm-pusht/ckpt/pusht_lewm_baseline_seed3074/pusht_lewm_baseline_seed3074_epoch_10_object.ckpt,['/opt/workspace/explorer-env/dataset/ag_data/data/world_model/quentinll/lewm-pusht/ckpt/pusht_lewm_baseline_seed3074'],16,8,15.333333,5.606040161132813,false,0.07385567223646039,/opt/workspace/explorer-env/dataset/ag_data/data/world_model/quentinll/lewm-pusht/ckpt/pusht_lewm_baseline_seed3074,0.02,-0.4140378646850591,ok,0.00,pusht_lewm_baseline_seed3074,PushT,3074
0.0004716796539723871,30187.49785423277,0.6350778064999901,onset,89.666667,432.1577399969101,356.6889953613281,0.0003653435766667638,0.002700985874980688,1.211581365326765,LeWM,/opt/workspace/explorer-env/dataset/ag_data/data/world_model/quentinll/lewm-pusht/ckpt/pusht_lewm_noise_0to003_p1_seed3074/pusht_lewm_noise_0to003_p1_seed3074_epoch_10_object.ckpt,['/opt/workspace/explorer-env/dataset/ag_data/data/world_model/quentinll/lewm-pusht/ckpt/pusht_lewm_noise_0to003_p1_seed3074'],16,8,84.666667,0.002229306221008301,true,0.21158136532676505,/opt/workspace/explorer-env/dataset/ag_data/data/world_model/quentinll/lewm-pusht/ckpt/pusht_lewm_noise_0to003_p1_seed3074,0.0025,0.0004716796539723871,ok,0.03,pusht_lewm_noise_0to003_p1_seed3074,PushT,3074
0.0008428252190351478,6742.601752281182,0.6350778064999901,onset,89.666667,390.40200412273407,356.6889953613281,0.001389389629680099,0.009760050103068352,1.0945165373752406,LeWM,/opt/workspace/explorer-env/dataset/ag_data/data/world_model/quentinll/lewm-pusht/ckpt/pusht_lewm_noise_0to003_p1_seed3074/pusht_lewm_noise_0to003_p1_seed3074_epoch_10_object.ckpt,['/opt/workspace/explorer-env/dataset/ag_data/data/world_model/quentinll/lewm-pusht/ckpt/pusht_lewm_noise_0to003_p1_seed3074'],16,8,84.666667,0.008917224884033204,true,0.09451653737524048,/opt/workspace/explorer-env/dataset/ag_data/data/world_model/quentinll/lewm-pusht/ckpt/pusht_lewm_noise_0to003_p1_seed3074,0.005,0.0008428252190351478,ok,0.03,pusht_lewm_noise_0to003_p1_seed3074,PushT,3074
0.0027685414552688567,2768.541455268856,0.6350778064999901,onset,89.666667,384.3744099140167,356.6889953613281,0.005463343519413595,0.03843744099140167,1.077617798453925,LeWM,/opt/workspace/explorer-env/dataset/ag_data/data/world_model/quentinll/lewm-pusht/ckpt/pusht_lewm_noise_0to003_p1_seed3074/pusht_lewm_noise_0to003_p1_seed3074_epoch_10_object.ckpt,['/opt/workspace/explorer-env/dataset/ag_data/data/world_model/quentinll/lewm-pusht/ckpt/pusht_lewm_noise_0to003_p1_seed3074'],16,8,84.666667,0.035668899536132816,true,0.07761779845392512,/opt/workspace/explorer-env/dataset/ag_data/data/world_model/quentinll/lewm-pusht/ckpt/pusht_lewm_noise_0to003_p1_seed3074,0.01,0.0027685414552688567,ok,0.03,pusht_lewm_noise_0to003_p1_seed3074,PushT,3074
0.01953634154796599,2442.0426934957486,0.6350778064999901,onset,89.666667,405.52984923124313,356.6889953613281,0.024543545514920995,0.16221193969249725,1.1369284012265053,LeWM,/opt/workspace/explorer-env/dataset/ag_data/data/world_model/quentinll/lewm-pusht/ckpt/pusht_lewm_noise_0to003_p1_seed3074/pusht_lewm_noise_0to003_p1_seed3074_epoch_10_object.ckpt,['/opt/workspace/explorer-env/dataset/ag_data/data/world_model/quentinll/lewm-pusht/ckpt/pusht_lewm_noise_0to003_p1_seed3074'],16,8,84.666667,0.14267559814453126,true,0.13692840122650526,/opt/workspace/explorer-env/dataset/ag_data/data/world_model/quentinll/lewm-pusht/ckpt/pusht_lewm_noise_0to003_p1_seed3074,0.02,0.01953634154796599,ok,0.03,pusht_lewm_noise_0to003_p1_seed3074,PushT,3074
0.00016922207176685332,10830.212593078611,0.24924560008746618,endpoint,87.666667,148.97912740707397,121.90359592437744,0.00012225039146451504,0.0009311195462942123,1.222106093568337,LeWM,/opt/workspace/explorer-env/dataset/ag_data/data/world_model/quentinll/lewm-pusht/ckpt/pusht_lewm_noise_0to008_p1_seed3074/pusht_lewm_noise_0to008_p1_seed3074_epoch_10_object.ckpt,['/opt/workspace/explorer-env/dataset/ag_data/data/world_model/quentinll/lewm-pusht/ckpt/pusht_lewm_noise_0to008_p1_seed3074'],16,8,87.333333,0.000761897474527359,true,0.2221060935683371,/opt/workspace/explorer-env/dataset/ag_data/data/world_model/quentinll/lewm-pusht/ckpt/pusht_lewm_noise_0to008_p1_seed3074,0.0025,0.00016922207176685332,ok,0.08,pusht_lewm_noise_0to008_p1_seed3074,PushT,3074
0.0001262442544102669,1009.9540352821351,0.24924560008746618,endpoint,87.666667,116.85382574796677,121.90359592437744,0.0003866992284029132,0.002921345643699169,0.9585757078114144,LeWM,/opt/workspace/explorer-env/dataset/ag_data/data/world_model/quentinll/lewm-pusht/ckpt/pusht_lewm_noise_0to008_p1_seed3074/pusht_lewm_noise_0to008_p1_seed3074_epoch_10_object.ckpt,['/opt/workspace/explorer-env/dataset/ag_data/data/world_model/quentinll/lewm-pusht/ckpt/pusht_lewm_noise_0to008_p1_seed3074'],16,8,87.333333,0.003047589898109436,true,0.04142429218858553,/opt/workspace/explorer-env/dataset/ag_data/data/world_model/quentinll/lewm-pusht/ckpt/pusht_lewm_noise_0to008_p1_seed3074,0.005,-0.0001262442544102669,ok,0.08,pusht_lewm_noise_0to008_p1_seed3074,PushT,3074
0.0018634283393621446,1863.4283393621442,0.24924560008746618,endpoint,87.666667,103.269312530756,121.90359592437744,0.0013944902215305523,0.0103269312530756,0.8471391819714558,LeWM,/opt/workspace/explorer-env/dataset/ag_data/data/world_model/quentinll/lewm-pusht/ckpt/pusht_lewm_noise_0to008_p1_seed3074/pusht_lewm_noise_0to008_p1_seed3074_epoch_10_object.ckpt,['/opt/workspace/explorer-env/dataset/ag_data/data/world_model/quentinll/lewm-pusht/ckpt/pusht_lewm_noise_0to008_p1_seed3074'],16,8,87.333333,0.012190359592437744,true,0.15286081802854423,/opt/workspace/explorer-env/dataset/ag_data/data/world_model/quentinll/lewm-pusht/ckpt/pusht_lewm_noise_0to008_p1_seed3074,0.01,-0.0018634283393621446,ok,0.08,pusht_lewm_noise_0to008_p1_seed3074,PushT,3074
0.006282474637031556,785.3093296289443,0.24924560008746618,endpoint,87.666667,106.19740933179855,121.90359592437744,0.005850139965449499,0.04247896373271942,0.8711589557840265,LeWM,/opt/workspace/explorer-env/dataset/ag_data/data/world_model/quentinll/lewm-pusht/ckpt/pusht_lewm_noise_0to008_p1_seed3074/pusht_lewm_noise_0to008_p1_seed3074_epoch_10_object.ckpt,['/opt/workspace/explorer-env/dataset/ag_data/data/world_model/quentinll/lewm-pusht/ckpt/pusht_lewm_noise_0to008_p1_seed3074'],16,8,87.333333,0.04876143836975098,true,0.12884104421597356,/opt/workspace/explorer-env/dataset/ag_data/data/world_model/quentinll/lewm-pusht/ckpt/pusht_lewm_noise_0to008_p1_seed3074,0.02,-0.006282474637031556,ok,0.08,pusht_lewm_noise_0to008_p1_seed3074,PushT,3074
0.0031047659099102017,198705.01823425287,2.612153470267934,base,58.666666666666664,3832.8665494918823,3336.10400390625,0.002489931266082977,0.023955415934324265,1.1489049936704527,LeWM,/opt/workspace/explorer-env/dataset/ag_data/data/world_model/quentinll/lewm-reacher/ckpt/reacher_lewm_20260430/reacher_lewm_20260430_epoch_10_object.ckpt,['/opt/workspace/explorer-env/dataset/ag_data/data/world_model/quentinll/lewm-reacher/ckpt/reacher_lewm_20260430'],16,8,18.333333333333332,0.020850650024414063,false,0.1489049936704528,/opt/workspace/explorer-env/dataset/ag_data/data/world_model/quentinll/lewm-reacher/ckpt/reacher_lewm_20260430,0.0025,0.0031047659099102017,ok,0.00,reacher_lewm_20260430,Reacher,3072
0.04443088550567627,355447.0840454101,2.612153470267934,base,58.666666666666664,5113.339424133301,3336.10400390625,0.012004240368181533,0.12783348560333252,1.5327278220781135,LeWM,/opt/workspace/explorer-env/dataset/ag_data/data/world_model/quentinll/lewm-reacher/ckpt/reacher_lewm_20260430/reacher_lewm_20260430_epoch_10_object.ckpt,['/opt/workspace/explorer-env/dataset/ag_data/data/world_model/quentinll/lewm-reacher/ckpt/reacher_lewm_20260430'],16,8,18.333333333333332,0.08340260009765625,false,0.5327278220781135,/opt/workspace/explorer-env/dataset/ag_data/data/world_model/quentinll/lewm-reacher/ckpt/reacher_lewm_20260430,0.005,0.04443088550567627,ok,0.00,reacher_lewm_20260430,Reacher,3072
0.6868027599334716,686802.7599334714,2.612153470267934,base,58.666666666666664,10204.131603240967,3336.10400390625,0.08622659890970223,1.0204131603240967,3.058697088368028,LeWM,/opt/workspace/explorer-env/dataset/ag_data/data/world_model/quentinll/lewm-reacher/ckpt/reacher_lewm_20260430/reacher_lewm_20260430_epoch_10_object.ckpt,['/opt/workspace/explorer-env/dataset/ag_data/data/world_model/quentinll/lewm-reacher/ckpt/reacher_lewm_20260430'],16,8,18.333333333333332,0.333610400390625,false,2.058697088368028,/opt/workspace/explorer-env/dataset/ag_data/data/world_model/quentinll/lewm-reacher/ckpt/reacher_lewm_20260430,0.01,0.6868027599334716,ok,0.00,reacher_lewm_20260430,Reacher,3072
14.674553454589844,1834319.1818237302,2.612153470267934,base,58.666666666666664,40022.48764038086,3336.10400390625,2.1780604540737363,16.008995056152344,11.996774559042063,LeWM,/opt/workspace/explorer-env/dataset/ag_data/data/world_model/quentinll/lewm-reacher/ckpt/reacher_lewm_20260430/reacher_lewm_20260430_epoch_10_object.ckpt,['/opt/workspace/explorer-env/dataset/ag_data/data/world_model/quentinll/lewm-reacher/ckpt/reacher_lewm_20260430'],16,8,18.333333333333332,1.3344416015625,false,10.996774559042063,/opt/workspace/explorer-env/dataset/ag_data/data/world_model/quentinll/lewm-reacher/ckpt/reacher_lewm_20260430,0.02,14.674553454589844,ok,0.00,reacher_lewm_20260430,Reacher,3072
1.4217953651677812e-05,909.9490337073798,0.06478999624693388,onset,85.66666666666667,12.78393785469234,10.50906527042389,8.567690416359891e-06,7.989961159182712e-05,1.2164676425286578,LeWM,/opt/workspace/explorer-env/dataset/ag_data/data/world_model/quentinll/lewm-reacher/ckpt/reacher_lewm_noise_0to002_p1/reacher_lewm_noise_0to002_p1_epoch_10_object.ckpt,['/opt/workspace/explorer-env/dataset/ag_data/data/world_model/quentinll/lewm-reacher/ckpt/reacher_lewm_noise_0to002_p1'],16,8,83.66666666666667,6.568165794014931e-05,true,0.21646764252865777,/opt/workspace/explorer-env/dataset/ag_data/data/world_model/quentinll/lewm-reacher/ckpt/reacher_lewm_noise_0to002_p1,0.0025,1.4217953651677812e-05,ok,0.02,reacher_lewm_noise_0to002_p1,Reacher,3072
1.657348680309949e-05,132.5878944247959,0.06478999624693388,onset,85.66666666666667,11.17200474254787,10.50906527042389,2.7973537850313154e-05,0.00027930011856369674,1.063082629621658,LeWM,/opt/workspace/explorer-env/dataset/ag_data/data/world_model/quentinll/lewm-reacher/ckpt/reacher_lewm_noise_0to002_p1/reacher_lewm_noise_0to002_p1_epoch_10_object.ckpt,['/opt/workspace/explorer-env/dataset/ag_data/data/world_model/quentinll/lewm-reacher/ckpt/reacher_lewm_noise_0to002_p1'],16,8,83.66666666666667,0.00026272663176059725,true,0.06308262962165812,/opt/workspace/explorer-env/dataset/ag_data/data/world_model/quentinll/lewm-reacher/ckpt/reacher_lewm_noise_0to002_p1,0.005,1.657348680309949e-05,ok,0.02,reacher_lewm_noise_0to002_p1,Reacher,3072
2.6430115103730396e-07,0.2643011510373039,0.06478999624693388,onset,85.66666666666667,10.506422258913517,10.50906527042389,0.0001065097268678589,0.0010506422258913517,0.9997485017513583,LeWM,/opt/workspace/explorer-env/dataset/ag_data/data/world_model/quentinll/lewm-reacher/ckpt/reacher_lewm_noise_0to002_p1/reacher_lewm_noise_0to002_p1_epoch_10_object.ckpt,['/opt/workspace/explorer-env/dataset/ag_data/data/world_model/quentinll/lewm-reacher/ckpt/reacher_lewm_noise_0to002_p1'],16,8,83.66666666666667,0.001050906527042389,true,0.0002514982486416277,/opt/workspace/explorer-env/dataset/ag_data/data/world_model/quentinll/lewm-reacher/ckpt/reacher_lewm_noise_0to002_p1,0.01,-2.6430115103730396e-07,ok,0.02,reacher_lewm_noise_0to002_p1,Reacher,3072
7.849807366728818e-05,9.812259208411021,0.06478999624693388,onset,85.66666666666667,10.31282008625567,10.50906527042389,0.00041206195883401037,0.004125128034502268,0.9813261047373527,LeWM,/opt/workspace/explorer-env/dataset/ag_data/data/world_model/quentinll/lewm-reacher/ckpt/reacher_lewm_noise_0to002_p1/reacher_lewm_noise_0to002_p1_epoch_10_object.ckpt,['/opt/workspace/explorer-env/dataset/ag_data/data/world_model/quentinll/lewm-reacher/ckpt/reacher_lewm_noise_0to002_p1'],16,8,83.66666666666667,0.004203626108169556,true,0.018673895262647264,/opt/workspace/explorer-env/dataset/ag_data/data/world_model/quentinll/lewm-reacher/ckpt/reacher_lewm_noise_0to002_p1,0.02,-7.849807366728818e-05,ok,0.02,reacher_lewm_noise_0to002_p1,Reacher,3072
1.446680640801787e-05,925.8756101131435,0.08880907729496679,endpoint,84.0,20.525092259049416,22.839781284332275,1.1448536454891659e-05,0.00012828182661905885,0.898655376929082,LeWM,/opt/workspace/explorer-env/dataset/ag_data/data/world_model/quentinll/lewm-reacher/ckpt/reacher_lewm_noise_0to008_p1/reacher_lewm_noise_0to008_p1_epoch_10_object.ckpt,['/opt/workspace/explorer-env/dataset/ag_data/data/world_model/quentinll/lewm-reacher/ckpt/reacher_lewm_noise_0to008_p1'],16,8,82.0,0.00014274863302707672,true,0.1013446230709179,/opt/workspace/explorer-env/dataset/ag_data/data/world_model/quentinll/lewm-reacher/ckpt/reacher_lewm_noise_0to008_p1,0.0025,-1.446680640801787e-05,ok,0.08,reacher_lewm_noise_0to008_p1,Reacher,3072
8.832112457603214e-05,706.5689966082571,0.08880907729496679,endpoint,84.0,19.30693630129099,22.839781284332275,4.239124569654015e-05,0.0004826734075322747,0.8453205423002557,LeWM,/opt/workspace/explorer-env/dataset/ag_data/data/world_model/quentinll/lewm-reacher/ckpt/reacher_lewm_noise_0to008_p1/reacher_lewm_noise_0to008_p1_epoch_10_object.ckpt,['/opt/workspace/explorer-env/dataset/ag_data/data/world_model/quentinll/lewm-reacher/ckpt/reacher_lewm_noise_0to008_p1'],16,8,82.0,0.0005709945321083069,true,0.15467945769974434,/opt/workspace/explorer-env/dataset/ag_data/data/world_model/quentinll/lewm-reacher/ckpt/reacher_lewm_noise_0to008_p1,0.005,-8.832112457603214e-05,ok,0.08,reacher_lewm_noise_0to008_p1,Reacher,3072
0.0004176749769598245,417.67497695982445,0.08880907729496679,endpoint,84.0,18.66303151473403,22.839781284332275,0.00017131456061798573,0.001866303151473403,0.8171282939358343,LeWM,/opt/workspace/explorer-env/dataset/ag_data/data/world_model/quentinll/lewm-reacher/ckpt/reacher_lewm_noise_0to008_p1/reacher_lewm_noise_0to008_p1_epoch_10_object.ckpt,['/opt/workspace/explorer-env/dataset/ag_data/data/world_model/quentinll/lewm-reacher/ckpt/reacher_lewm_noise_0to008_p1'],16,8,82.0,0.0022839781284332275,true,0.18287170606416572,/opt/workspace/explorer-env/dataset/ag_data/data/world_model/quentinll/lewm-reacher/ckpt/reacher_lewm_noise_0to008_p1,0.01,-0.0004176749769598245,ok,0.08,reacher_lewm_noise_0to008_p1,Reacher,3072
0.001762547871470451,220.31848393380636,0.08880907729496679,endpoint,84.0,18.433411605656147,22.839781284332275,0.0006664509933455597,0.007373364642262459,0.807074786583056,LeWM,/opt/workspace/explorer-env/dataset/ag_data/data/world_model/quentinll/lewm-reacher/ckpt/reacher_lewm_noise_0to008_p1/reacher_lewm_noise_0to008_p1_epoch_10_object.ckpt,['/opt/workspace/explorer-env/dataset/ag_data/data/world_model/quentinll/lewm-reacher/ckpt/reacher_lewm_noise_0to008_p1'],16,8,82.0,0.00913591251373291,true,0.19292521341694405,/opt/workspace/explorer-env/dataset/ag_data/data/world_model/quentinll/lewm-reacher/ckpt/reacher_lewm_noise_0to008_p1,0.02,-0.001762547871470451,ok,0.08,reacher_lewm_noise_0to008_p1,Reacher,3072
0.005714237621426581,365711.2077713011,2.693261122041363,base,60.666667,3559.110462665558,2644.8324432373047,0.0021822553206864025,0.022244440391659737,1.3456846658721286,LeWM,/opt/workspace/explorer-env/dataset/ag_data/data/world_model/quentinll/lewm-reacher/ckpt/reacher_lewm_baseline_seed3073/reacher_lewm_baseline_seed3073_epoch_10_object.ckpt,['/opt/workspace/explorer-env/dataset/ag_data/data/world_model/quentinll/lewm-reacher/ckpt/reacher_lewm_baseline_seed3073'],16,8,17.666667,0.016530202770233156,false,0.3456846658721286,/opt/workspace/explorer-env/dataset/ag_data/data/world_model/quentinll/lewm-reacher/ckpt/reacher_lewm_baseline_seed3073,0.0025,0.005714237621426581,ok,0.00,reacher_lewm_baseline_seed3073,Reacher,3073
0.0754773092508316,603818.4740066527,2.693261122041363,base,60.666667,5663.924813270569,2644.8324432373047,0.013076645855116977,0.14159812033176422,2.1415061009830403,LeWM,/opt/workspace/explorer-env/dataset/ag_data/data/world_model/quentinll/lewm-reacher/ckpt/reacher_lewm_baseline_seed3073/reacher_lewm_baseline_seed3073_epoch_10_object.ckpt,['/opt/workspace/explorer-env/dataset/ag_data/data/world_model/quentinll/lewm-reacher/ckpt/reacher_lewm_baseline_seed3073'],16,8,17.666667,0.06612081108093262,false,1.1415061009830403,/opt/workspace/explorer-env/dataset/ag_data/data/world_model/quentinll/lewm-reacher/ckpt/reacher_lewm_baseline_seed3073,0.005,0.0754773092508316,ok,0.00,reacher_lewm_baseline_seed3073,Reacher,3073
1.1865384269714356,1186538.4269714355,2.693261122041363,base,60.666667,14510.21671295166,2644.8324432373047,0.11037081620587266,1.451021671295166,5.486251785081323,LeWM,/opt/workspace/explorer-env/dataset/ag_data/data/world_model/quentinll/lewm-reacher/ckpt/reacher_lewm_baseline_seed3073/reacher_lewm_baseline_seed3073_epoch_10_object.ckpt,['/opt/workspace/explorer-env/dataset/ag_data/data/world_model/quentinll/lewm-reacher/ckpt/reacher_lewm_baseline_seed3073'],16,8,17.666667,0.2644832443237305,false,4.486251785081323,/opt/workspace/explorer-env/dataset/ag_data/data/world_model/quentinll/lewm-reacher/ckpt/reacher_lewm_baseline_seed3073,0.01,1.1865384269714356,ok,0.00,reacher_lewm_baseline_seed3073,Reacher,3073
26.845696325683594,3355712.0407104488,2.693261122041363,base,60.666667,69759.07325744629,2644.8324432373047,1.9313501673925493,27.903629302978516,26.375611595288962,LeWM,/opt/workspace/explorer-env/dataset/ag_data/data/world_model/quentinll/lewm-reacher/ckpt/reacher_lewm_baseline_seed3073/reacher_lewm_baseline_seed3073_epoch_10_object.ckpt,['/opt/workspace/explorer-env/dataset/ag_data/data/world_model/quentinll/lewm-reacher/ckpt/reacher_lewm_baseline_seed3073'],16,8,17.666667,1.057932977294922,false,25.375611595288962,/opt/workspace/explorer-env/dataset/ag_data/data/world_model/quentinll/lewm-reacher/ckpt/reacher_lewm_baseline_seed3073,0.02,26.845696325683594,ok,0.00,reacher_lewm_baseline_seed3073,Reacher,3073
0.0001570819013752043,10053.241688013073,0.23340795508553996,onset,76.0,74.91298951208591,49.77988529205322,3.856068779900548e-05,0.00046820618445053697,1.5048847355227815,LeWM,/opt/workspace/explorer-env/dataset/ag_data/data/world_model/quentinll/lewm-reacher/ckpt/reacher_lewm_noise_0to003_p1_seed3073/reacher_lewm_noise_0to003_p1_seed3073_epoch_10_object.ckpt,['/opt/workspace/explorer-env/dataset/ag_data/data/world_model/quentinll/lewm-reacher/ckpt/reacher_lewm_noise_0to003_p1_seed3073'],16,8,71.0,0.0003111242830753327,true,0.5048847355227815,/opt/workspace/explorer-env/dataset/ag_data/data/world_model/quentinll/lewm-reacher/ckpt/reacher_lewm_noise_0to003_p1_seed3073,0.0025,0.0001570819013752043,ok,0.03,reacher_lewm_noise_0to003_p1_seed3073,Reacher,3073
0.0005039603022858499,4031.6824182867986,0.23340795508553996,onset,76.0,69.93829738348722,49.77988529205322,0.00014015812024178355,0.0017484574345871806,1.4049509550527641,LeWM,/opt/workspace/explorer-env/dataset/ag_data/data/world_model/quentinll/lewm-reacher/ckpt/reacher_lewm_noise_0to003_p1_seed3073/reacher_lewm_noise_0to003_p1_seed3073_epoch_10_object.ckpt,['/opt/workspace/explorer-env/dataset/ag_data/data/world_model/quentinll/lewm-reacher/ckpt/reacher_lewm_noise_0to003_p1_seed3073'],16,8,71.0,0.0012444971323013307,true,0.4049509550527642,/opt/workspace/explorer-env/dataset/ag_data/data/world_model/quentinll/lewm-reacher/ckpt/reacher_lewm_noise_0to003_p1_seed3073,0.005,0.0005039603022858499,ok,0.03,reacher_lewm_noise_0to003_p1_seed3073,Reacher,3073
0.001885465827584266,1885.4658275842658,0.23340795508553996,onset,76.0,68.63454356789589,49.77988529205322,0.0005360022578240726,0.006863454356789589,1.3787605810102699,LeWM,/opt/workspace/explorer-env/dataset/ag_data/data/world_model/quentinll/lewm-reacher/ckpt/reacher_lewm_noise_0to003_p1_seed3073/reacher_lewm_noise_0to003_p1_seed3073_epoch_10_object.ckpt,['/opt/workspace/explorer-env/dataset/ag_data/data/world_model/quentinll/lewm-reacher/ckpt/reacher_lewm_noise_0to003_p1_seed3073'],16,8,71.0,0.004977988529205323,true,0.3787605810102699,/opt/workspace/explorer-env/dataset/ag_data/data/world_model/quentinll/lewm-reacher/ckpt/reacher_lewm_noise_0to003_p1_seed3073,0.01,0.001885465827584266,ok,0.03,reacher_lewm_noise_0to003_p1_seed3073,Reacher,3073
0.0073923729985952355,924.0466248244043,0.23340795508553996,onset,76.0,68.26081778854132,49.77988529205322,0.0021701445225484734,0.027304327115416527,1.371253014908782,LeWM,/opt/workspace/explorer-env/dataset/ag_data/data/world_model/quentinll/lewm-reacher/ckpt/reacher_lewm_noise_0to003_p1_seed3073/reacher_lewm_noise_0to003_p1_seed3073_epoch_10_object.ckpt,['/opt/workspace/explorer-env/dataset/ag_data/data/world_model/quentinll/lewm-reacher/ckpt/reacher_lewm_noise_0to003_p1_seed3073'],16,8,71.0,0.01991195411682129,true,0.37125301490878204,/opt/workspace/explorer-env/dataset/ag_data/data/world_model/quentinll/lewm-reacher/ckpt/reacher_lewm_noise_0to003_p1_seed3073,0.02,0.0073923729985952355,ok,0.03,reacher_lewm_noise_0to003_p1_seed3073,Reacher,3073
3.145005183760076e-05,2012.8033176064482,0.07983325670074502,endpoint,81.666667,21.264071110635996,16.232062816619873,1.2582193814769324e-05,0.00013290044444147497,1.3100042398101055,LeWM,/opt/workspace/explorer-env/dataset/ag_data/data/world_model/quentinll/lewm-reacher/ckpt/reacher_lewm_noise_0to008_p1_seed3073/reacher_lewm_noise_0to008_p1_seed3073_epoch_10_object.ckpt,['/opt/workspace/explorer-env/dataset/ag_data/data/world_model/quentinll/lewm-reacher/ckpt/reacher_lewm_noise_0to008_p1_seed3073'],16,8,82.333333,0.00010145039260387421,true,0.31000423981010544,/opt/workspace/explorer-env/dataset/ag_data/data/world_model/quentinll/lewm-reacher/ckpt/reacher_lewm_noise_0to008_p1_seed3073,0.0025,3.145005183760076e-05,ok,0.08,reacher_lewm_noise_0to008_p1_seed3073,Reacher,3073
8.563156621530649e-05,685.0525297224518,0.07983325670074502,endpoint,81.666667,19.657325465232134,16.232062816619873,4.466962447851748e-05,0.0004914331366308033,1.2110183214116916,LeWM,/opt/workspace/explorer-env/dataset/ag_data/data/world_model/quentinll/lewm-reacher/ckpt/reacher_lewm_noise_0to008_p1_seed3073/reacher_lewm_noise_0to008_p1_seed3073_epoch_10_object.ckpt,['/opt/workspace/explorer-env/dataset/ag_data/data/world_model/quentinll/lewm-reacher/ckpt/reacher_lewm_noise_0to008_p1_seed3073'],16,8,82.333333,0.00040580157041549686,true,0.21101832141169163,/opt/workspace/explorer-env/dataset/ag_data/data/world_model/quentinll/lewm-reacher/ckpt/reacher_lewm_noise_0to008_p1_seed3073,0.005,8.563156621530649e-05,ok,0.08,reacher_lewm_noise_0to008_p1_seed3073,Reacher,3073
0.00029673103839159,296.73103839158995,0.07983325670074502,endpoint,81.666667,19.199373200535774,16.232062816619873,0.00017646502692516064,0.0019199373200535774,1.1828055015212051,LeWM,/opt/workspace/explorer-env/dataset/ag_data/data/world_model/quentinll/lewm-reacher/ckpt/reacher_lewm_noise_0to008_p1_seed3073/reacher_lewm_noise_0to008_p1_seed3073_epoch_10_object.ckpt,['/opt/workspace/explorer-env/dataset/ag_data/data/world_model/quentinll/lewm-reacher/ckpt/reacher_lewm_noise_0to008_p1_seed3073'],16,8,82.333333,0.0016232062816619874,true,0.18280550152120512,/opt/workspace/explorer-env/dataset/ag_data/data/world_model/quentinll/lewm-reacher/ckpt/reacher_lewm_noise_0to008_p1_seed3073,0.01,0.00029673103839159,ok,0.08,reacher_lewm_noise_0to008_p1_seed3073,Reacher,3073
0.0012405934795737261,155.07418494671575,0.07983325670074502,endpoint,81.666667,19.33354651555419,16.232062816619873,0.0007133262737418331,0.007733418606221676,1.1910714450758983,LeWM,/opt/workspace/explorer-env/dataset/ag_data/data/world_model/quentinll/lewm-reacher/ckpt/reacher_lewm_noise_0to008_p1_seed3073/reacher_lewm_noise_0to008_p1_seed3073_epoch_10_object.ckpt,['/opt/workspace/explorer-env/dataset/ag_data/data/world_model/quentinll/lewm-reacher/ckpt/reacher_lewm_noise_0to008_p1_seed3073'],16,8,82.333333,0.00649282512664795,true,0.1910714450758984,/opt/workspace/explorer-env/dataset/ag_data/data/world_model/quentinll/lewm-reacher/ckpt/reacher_lewm_noise_0to008_p1_seed3073,0.02,0.0012405934795737261,ok,0.08,reacher_lewm_noise_0to008_p1_seed3073,Reacher,3073
0.008940407723188399,572186.0942840574,2.5791641540531067,base,58.333333,4031.817317008972,2601.352081298828,0.0027485102488675347,0.025198858231306076,1.549892975269971,LeWM,/opt/workspace/explorer-env/dataset/ag_data/data/world_model/quentinll/lewm-reacher/ckpt/reacher_lewm_baseline_seed3074/reacher_lewm_baseline_seed3074_epoch_10_object.ckpt,['/opt/workspace/explorer-env/dataset/ag_data/data/world_model/quentinll/lewm-reacher/ckpt/reacher_lewm_baseline_seed3074'],16,8,18.666667,0.016258450508117677,false,0.5498929752699709,/opt/workspace/explorer-env/dataset/ag_data/data/world_model/quentinll/lewm-reacher/ckpt/reacher_lewm_baseline_seed3074,0.0025,0.008940407723188399,ok,0.00,reacher_lewm_baseline_seed3074,Reacher,3074
0.06982710099220275,558616.807937622,2.5791641540531067,base,58.333333,5394.4361209869385,2601.352081298828,0.013990160357344381,0.13486090302467346,2.073704732153578,LeWM,/opt/workspace/explorer-env/dataset/ag_data/data/world_model/quentinll/lewm-reacher/ckpt/reacher_lewm_baseline_seed3074/reacher_lewm_baseline_seed3074_epoch_10_object.ckpt,['/opt/workspace/explorer-env/dataset/ag_data/data/world_model/quentinll/lewm-reacher/ckpt/reacher_lewm_baseline_seed3074'],16,8,18.666667,0.06503380203247071,false,1.0737047321535778,/opt/workspace/explorer-env/dataset/ag_data/data/world_model/quentinll/lewm-reacher/ckpt/reacher_lewm_baseline_seed3074,0.005,0.06982710099220275,ok,0.00,reacher_lewm_baseline_seed3074,Reacher,3074
0.7826726093292236,782672.6093292234,2.5791641540531067,base,58.333333,10428.078174591064,2601.352081298828,0.0893223428847441,1.0428078174591064,4.0087146409587255,LeWM,/opt/workspace/explorer-env/dataset/ag_data/data/world_model/quentinll/lewm-reacher/ckpt/reacher_lewm_baseline_seed3074/reacher_lewm_baseline_seed3074_epoch_10_object.ckpt,['/opt/workspace/explorer-env/dataset/ag_data/data/world_model/quentinll/lewm-reacher/ckpt/reacher_lewm_baseline_seed3074'],16,8,18.666667,0.26013520812988283,false,3.008714640958725,/opt/workspace/explorer-env/dataset/ag_data/data/world_model/quentinll/lewm-reacher/ckpt/reacher_lewm_baseline_seed3074,0.01,0.7826726093292236,ok,0.00,reacher_lewm_baseline_seed3074,Reacher,3074
13.547178131103516,1693397.2663879392,2.5791641540531067,base,58.333333,36469.29740905762,2601.352081298828,1.532397371695099,14.587718963623047,14.019362342850904,LeWM,/opt/workspace/explorer-env/dataset/ag_data/data/world_model/quentinll/lewm-reacher/ckpt/reacher_lewm_baseline_seed3074/reacher_lewm_baseline_seed3074_epoch_10_object.ckpt,['/opt/workspace/explorer-env/dataset/ag_data/data/world_model/quentinll/lewm-reacher/ckpt/reacher_lewm_baseline_seed3074'],16,8,18.666667,1.0405408325195313,false,13.019362342850904,/opt/workspace/explorer-env/dataset/ag_data/data/world_model/quentinll/lewm-reacher/ckpt/reacher_lewm_baseline_seed3074,0.02,13.547178131103516,ok,0.00,reacher_lewm_baseline_seed3074,Reacher,3074
2.895081043243397e-06,185.2851867675774,0.28342804287613466,onset,80.0,49.61580038070679,49.15258741378784,2.0554910490792573e-05,0.0003100987523794174,1.0094239793120028,LeWM,/opt/workspace/explorer-env/dataset/ag_data/data/world_model/quentinll/lewm-reacher/ckpt/reacher_lewm_noise_0to003_p1_seed3074/reacher_lewm_noise_0to003_p1_seed3074_epoch_10_object.ckpt,['/opt/workspace/explorer-env/dataset/ag_data/data/world_model/quentinll/lewm-reacher/ckpt/reacher_lewm_noise_0to003_p1_seed3074'],16,8,80.666667,0.000307203671336174,true,0.009423979312002789,/opt/workspace/explorer-env/dataset/ag_data/data/world_model/quentinll/lewm-reacher/ckpt/reacher_lewm_noise_0to003_p1_seed3074,0.0025,2.895081043243397e-06,ok,0.03,reacher_lewm_noise_0to003_p1_seed3074,Reacher,3074
3.866825401782994e-05,309.34603214263944,0.28342804287613466,onset,80.0,47.605857253074646,49.15258741378784,8.006231189356654e-05,0.0011901464313268661,0.9685320703935247,LeWM,/opt/workspace/explorer-env/dataset/ag_data/data/world_model/quentinll/lewm-reacher/ckpt/reacher_lewm_noise_0to003_p1_seed3074/reacher_lewm_noise_0to003_p1_seed3074_epoch_10_object.ckpt,['/opt/workspace/explorer-env/dataset/ag_data/data/world_model/quentinll/lewm-reacher/ckpt/reacher_lewm_noise_0to003_p1_seed3074'],16,8,80.666667,0.001228814685344696,true,0.03146792960647522,/opt/workspace/explorer-env/dataset/ag_data/data/world_model/quentinll/lewm-reacher/ckpt/reacher_lewm_noise_0to003_p1_seed3074,0.005,-3.866825401782994e-05,ok,0.03,reacher_lewm_noise_0to003_p1_seed3074,Reacher,3074
0.0002174315847456457,217.43158474564567,0.28342804287613466,onset,80.0,46.97827156633139,49.15258741378784,0.0003169286397903426,0.004697827156633139,0.9557639595012136,LeWM,/opt/workspace/explorer-env/dataset/ag_data/data/world_model/quentinll/lewm-reacher/ckpt/reacher_lewm_noise_0to003_p1_seed3074/reacher_lewm_noise_0to003_p1_seed3074_epoch_10_object.ckpt,['/opt/workspace/explorer-env/dataset/ag_data/data/world_model/quentinll/lewm-reacher/ckpt/reacher_lewm_noise_0to003_p1_seed3074'],16,8,80.666667,0.004915258741378784,true,0.04423604049878635,/opt/workspace/explorer-env/dataset/ag_data/data/world_model/quentinll/lewm-reacher/ckpt/reacher_lewm_noise_0to003_p1_seed3074,0.01,-0.0002174315847456457,ok,0.03,reacher_lewm_noise_0to003_p1_seed3074,Reacher,3074
0.0006251573055982597,78.14466319978244,0.28342804287613466,onset,80.0,47.589694149792194,49.15258741378784,0.0012905026686794775,0.019035877659916878,0.9682032351453133,LeWM,/opt/workspace/explorer-env/dataset/ag_data/data/world_model/quentinll/lewm-reacher/ckpt/reacher_lewm_noise_0to003_p1_seed3074/reacher_lewm_noise_0to003_p1_seed3074_epoch_10_object.ckpt,['/opt/workspace/explorer-env/dataset/ag_data/data/world_model/quentinll/lewm-reacher/ckpt/reacher_lewm_noise_0to003_p1_seed3074'],16,8,80.666667,0.019661034965515137,true,0.03179676485468675,/opt/workspace/explorer-env/dataset/ag_data/data/world_model/quentinll/lewm-reacher/ckpt/reacher_lewm_noise_0to003_p1_seed3074,0.02,-0.0006251573055982597,ok,0.03,reacher_lewm_noise_0to003_p1_seed3074,Reacher,3074
1.9037824356928464e-05,1218.4207588434215,0.07801434049559372,endpoint,78.333333,20.237588323652744,17.19153642654419,9.663679544868842e-06,0.00012648492702282965,1.177183226765315,LeWM,/opt/workspace/explorer-env/dataset/ag_data/data/world_model/quentinll/lewm-reacher/ckpt/reacher_lewm_noise_0to008_p1_seed3074/reacher_lewm_noise_0to008_p1_seed3074_epoch_10_object.ckpt,['/opt/workspace/explorer-env/dataset/ag_data/data/world_model/quentinll/lewm-reacher/ckpt/reacher_lewm_noise_0to008_p1_seed3074'],16,8,80.333333,0.00010744710266590119,true,0.17718322676531514,/opt/workspace/explorer-env/dataset/ag_data/data/world_model/quentinll/lewm-reacher/ckpt/reacher_lewm_noise_0to008_p1_seed3074,0.0025,1.9037824356928464e-05,ok,0.08,reacher_lewm_noise_0to008_p1_seed3074,Reacher,3074
3.5677677253261194e-05,285.4214180260895,0.07801434049559372,endpoint,78.333333,18.618643516674638,17.19153642654419,3.779705142077034e-05,0.00046546608791686594,1.0830121901104173,LeWM,/opt/workspace/explorer-env/dataset/ag_data/data/world_model/quentinll/lewm-reacher/ckpt/reacher_lewm_noise_0to008_p1_seed3074/reacher_lewm_noise_0to008_p1_seed3074_epoch_10_object.ckpt,['/opt/workspace/explorer-env/dataset/ag_data/data/world_model/quentinll/lewm-reacher/ckpt/reacher_lewm_noise_0to008_p1_seed3074'],16,8,80.333333,0.00042978841066360475,true,0.08301219011041719,/opt/workspace/explorer-env/dataset/ag_data/data/world_model/quentinll/lewm-reacher/ckpt/reacher_lewm_noise_0to008_p1_seed3074,0.005,3.5677677253261194e-05,ok,0.08,reacher_lewm_noise_0to008_p1_seed3074,Reacher,3074
0.00011397230625152582,113.97230625152581,0.07801434049559372,endpoint,78.333333,18.33125948905945,17.19153642654419,0.000149075070123818,0.0018331259489059448,1.0662955907044758,LeWM,/opt/workspace/explorer-env/dataset/ag_data/data/world_model/quentinll/lewm-reacher/ckpt/reacher_lewm_noise_0to008_p1_seed3074/reacher_lewm_noise_0to008_p1_seed3074_epoch_10_object.ckpt,['/opt/workspace/explorer-env/dataset/ag_data/data/world_model/quentinll/lewm-reacher/ckpt/reacher_lewm_noise_0to008_p1_seed3074'],16,8,80.333333,0.001719153642654419,true,0.06629559070447573,/opt/workspace/explorer-env/dataset/ag_data/data/world_model/quentinll/lewm-reacher/ckpt/reacher_lewm_noise_0to008_p1_seed3074,0.01,0.00011397230625152582,ok,0.08,reacher_lewm_noise_0to008_p1_seed3074,Reacher,3074
0.00046896685659885383,58.620857074856715,0.07801434049559372,endpoint,78.333333,18.363953568041325,17.19153642654419,0.0006016257652952013,0.00734558142721653,1.0681973450428137,LeWM,/opt/workspace/explorer-env/dataset/ag_data/data/world_model/quentinll/lewm-reacher/ckpt/reacher_lewm_noise_0to008_p1_seed3074/reacher_lewm_noise_0to008_p1_seed3074_epoch_10_object.ckpt,['/opt/workspace/explorer-env/dataset/ag_data/data/world_model/quentinll/lewm-reacher/ckpt/reacher_lewm_noise_0to008_p1_seed3074'],16,8,80.333333,0.006876614570617676,true,0.06819734504281373,/opt/workspace/explorer-env/dataset/ag_data/data/world_model/quentinll/lewm-reacher/ckpt/reacher_lewm_noise_0to008_p1_seed3074,0.02,0.00046896685659885383,ok,0.08,reacher_lewm_noise_0to008_p1_seed3074,Reacher,3074
0.002780012999475001,177920.83196640003,2.2742336070066784,base,66.66666666666667,2380.722612142563,1935.9205322265625,0.0015501653687699842,0.014879516325891018,1.2297625716094966,LeWM,/opt/workspace/explorer-env/dataset/ag_data/data/world_model/quentinll/lewm-cube/ckpt/cube_lewm_20260430/cube_lewm_20260430_epoch_10_object.ckpt,['/opt/workspace/explorer-env/dataset/ag_data/data/world_model/quentinll/lewm-cube/ckpt/cube_lewm_20260430'],16,8,47.0,0.012099503326416017,false,0.22976257160949662,/opt/workspace/explorer-env/dataset/ag_data/data/world_model/quentinll/lewm-cube/ckpt/cube_lewm_20260430,0.0025,0.002780012999475001,ok,0.00,cube_lewm_20260430,Cube,3072
0.02444311689138412,195544.93513107294,2.2742336070066784,base,66.66666666666667,2913.6452078819275,1935.9205322265625,0.007670898967643805,0.07284113019704819,1.5050438070052665,LeWM,/opt/workspace/explorer-env/dataset/ag_data/data/world_model/quentinll/lewm-cube/ckpt/cube_lewm_20260430/cube_lewm_20260430_epoch_10_object.ckpt,['/opt/workspace/explorer-env/dataset/ag_data/data/world_model/quentinll/lewm-cube/ckpt/cube_lewm_20260430'],16,8,47.0,0.04839801330566407,false,0.5050438070052666,/opt/workspace/explorer-env/dataset/ag_data/data/world_model/quentinll/lewm-cube/ckpt/cube_lewm_20260430,0.005,0.02444311689138412,ok,0.00,cube_lewm_20260430,Cube,3072
0.31732614679336546,317326.1467933654,2.2742336070066784,base,66.66666666666667,5109.182000160217,1935.9205322265625,0.04902948682463973,0.5109182000160217,2.639148619537594,LeWM,/opt/workspace/explorer-env/dataset/ag_data/data/world_model/quentinll/lewm-cube/ckpt/cube_lewm_20260430/cube_lewm_20260430_epoch_10_object.ckpt,['/opt/workspace/explorer-env/dataset/ag_data/data/world_model/quentinll/lewm-cube/ckpt/cube_lewm_20260430'],16,8,47.0,0.19359205322265627,false,1.6391486195375944,/opt/workspace/explorer-env/dataset/ag_data/data/world_model/quentinll/lewm-cube/ckpt/cube_lewm_20260430,0.01,0.31732614679336546,ok,0.00,cube_lewm_20260430,Cube,3072
5.040740086364746,630092.5107955931,2.2742336070066784,base,66.66666666666667,14537.770748138428,1935.9205322265625,0.46717391848015466,5.815108299255371,7.509487350401767,LeWM,/opt/workspace/explorer-env/dataset/ag_data/data/world_model/quentinll/lewm-cube/ckpt/cube_lewm_20260430/cube_lewm_20260430_epoch_10_object.ckpt,['/opt/workspace/explorer-env/dataset/ag_data/data/world_model/quentinll/lewm-cube/ckpt/cube_lewm_20260430'],16,8,47.0,0.7743682128906251,false,6.509487350401767,/opt/workspace/explorer-env/dataset/ag_data/data/world_model/quentinll/lewm-cube/ckpt/cube_lewm_20260430,0.02,5.040740086364746,ok,0.00,cube_lewm_20260430,Cube,3072
2.9712355881929384e-05,1901.5907764434803,0.7240019399862586,onset,65.0,128.50753962993622,133.26151657104492,5.6835457386773964e-05,0.0008031721226871014,0.9643259579852204,LeWM,/opt/workspace/explorer-env/dataset/ag_data/data/world_model/quentinll/lewm-cube/ckpt/cube_lewm_noise_0to003_p1/cube_lewm_noise_0to003_p1_epoch_10_object.ckpt,['/opt/workspace/explorer-env/dataset/ag_data/data/world_model/quentinll/lewm-cube/ckpt/cube_lewm_noise_0to003_p1'],16,8,68.33333333333333,0.0008328844785690307,true,0.0356740420147796,/opt/workspace/explorer-env/dataset/ag_data/data/world_model/quentinll/lewm-cube/ckpt/cube_lewm_noise_0to003_p1,0.0025,-2.9712355881929384e-05,ok,0.03,cube_lewm_noise_0to003_p1,Cube,3072
0.00028416337147355074,2273.3069717884055,0.7240019399862586,onset,65.0,121.89498171210289,133.26151657104492,0.00022261613473732774,0.0030473745428025723,0.9147050465024368,LeWM,/opt/workspace/explorer-env/dataset/ag_data/data/world_model/quentinll/lewm-cube/ckpt/cube_lewm_noise_0to003_p1/cube_lewm_noise_0to003_p1_epoch_10_object.ckpt,['/opt/workspace/explorer-env/dataset/ag_data/data/world_model/quentinll/lewm-cube/ckpt/cube_lewm_noise_0to003_p1'],16,8,68.33333333333333,0.003331537914276123,true,0.08529495349756326,/opt/workspace/explorer-env/dataset/ag_data/data/world_model/quentinll/lewm-cube/ckpt/cube_lewm_noise_0to003_p1,0.005,-0.00028416337147355074,ok,0.03,cube_lewm_noise_0to003_p1,Cube,3072
0.0011824205398559568,1182.4205398559566,0.7240019399862586,onset,65.0,121.43731117248535,133.26151657104492,0.0009282227645409446,0.012143731117248535,0.9112706676105116,LeWM,/opt/workspace/explorer-env/dataset/ag_data/data/world_model/quentinll/lewm-cube/ckpt/cube_lewm_noise_0to003_p1/cube_lewm_noise_0to003_p1_epoch_10_object.ckpt,['/opt/workspace/explorer-env/dataset/ag_data/data/world_model/quentinll/lewm-cube/ckpt/cube_lewm_noise_0to003_p1'],16,8,68.33333333333333,0.013326151657104492,true,0.08872933238948846,/opt/workspace/explorer-env/dataset/ag_data/data/world_model/quentinll/lewm-cube/ckpt/cube_lewm_noise_0to003_p1,0.01,-0.0011824205398559568,ok,0.03,cube_lewm_noise_0to003_p1,Cube,3072
0.003008285117149352,376.03563964366896,0.7240019399862586,onset,65.0,125.74080377817154,133.26151657104492,0.0038049980565005273,0.050296321511268616,0.9435642563105313,LeWM,/opt/workspace/explorer-env/dataset/ag_data/data/world_model/quentinll/lewm-cube/ckpt/cube_lewm_noise_0to003_p1/cube_lewm_noise_0to003_p1_epoch_10_object.ckpt,['/opt/workspace/explorer-env/dataset/ag_data/data/world_model/quentinll/lewm-cube/ckpt/cube_lewm_noise_0to003_p1'],16,8,68.33333333333333,0.05330460662841797,true,0.05643574368946874,/opt/workspace/explorer-env/dataset/ag_data/data/world_model/quentinll/lewm-cube/ckpt/cube_lewm_noise_0to003_p1,0.02,-0.003008285117149352,ok,0.03,cube_lewm_noise_0to003_p1,Cube,3072
2.2174604423344133e-05,1419.1746830940242,0.09119283847319774,endpoint,62.333333333333336,58.36622789502144,54.81829118728638,3.311458388409653e-05,0.000364788924343884,1.0647217676963616,LeWM,/opt/workspace/explorer-env/dataset/ag_data/data/world_model/quentinll/lewm-cube/ckpt/cube_lewm_noise_0to008_p1/cube_lewm_noise_0to008_p1_epoch_10_object.ckpt,['/opt/workspace/explorer-env/dataset/ag_data/data/world_model/quentinll/lewm-cube/ckpt/cube_lewm_noise_0to008_p1'],16,8,62.0,0.00034261431992053986,false,0.06472176769636172,/opt/workspace/explorer-env/dataset/ag_data/data/world_model/quentinll/lewm-cube/ckpt/cube_lewm_noise_0to008_p1,0.0025,2.2174604423344133e-05,ok,0.08,cube_lewm_noise_0to008_p1,Cube,3072
2.9729725047945984e-05,237.83780038356784,0.09119283847319774,endpoint,62.333333333333336,53.62910218536854,54.81829118728638,0.00012190693992408618,0.0013407275546342134,0.97830671157087,LeWM,/opt/workspace/explorer-env/dataset/ag_data/data/world_model/quentinll/lewm-cube/ckpt/cube_lewm_noise_0to008_p1/cube_lewm_noise_0to008_p1_epoch_10_object.ckpt,['/opt/workspace/explorer-env/dataset/ag_data/data/world_model/quentinll/lewm-cube/ckpt/cube_lewm_noise_0to008_p1'],16,8,62.0,0.0013704572796821594,false,0.021693288429130007,/opt/workspace/explorer-env/dataset/ag_data/data/world_model/quentinll/lewm-cube/ckpt/cube_lewm_noise_0to008_p1,0.005,-2.9729725047945984e-05,ok,0.08,cube_lewm_noise_0to008_p1,Cube,3072
0.0002352653041481972,235.26530414819717,0.09119283847319774,endpoint,62.333333333333336,52.465638145804405,54.81829118728638,0.0004884939926785325,0.0052465638145804405,0.9570827001256907,LeWM,/opt/workspace/explorer-env/dataset/ag_data/data/world_model/quentinll/lewm-cube/ckpt/cube_lewm_noise_0to008_p1/cube_lewm_noise_0to008_p1_epoch_10_object.ckpt,['/opt/workspace/explorer-env/dataset/ag_data/data/world_model/quentinll/lewm-cube/ckpt/cube_lewm_noise_0to008_p1'],16,8,62.0,0.005481829118728638,false,0.04291729987430922,/opt/workspace/explorer-env/dataset/ag_data/data/world_model/quentinll/lewm-cube/ckpt/cube_lewm_noise_0to008_p1,0.01,-0.0002352653041481972,ok,0.08,cube_lewm_noise_0to008_p1,Cube,3072
0.000920400756597519,115.05009457468987,0.09119283847319774,endpoint,62.333333333333336,52.51728929579258,54.81829118728638,0.001967925095846093,0.021006915718317032,0.9580249248625347,LeWM,/opt/workspace/explorer-env/dataset/ag_data/data/world_model/quentinll/lewm-cube/ckpt/cube_lewm_noise_0to008_p1/cube_lewm_noise_0to008_p1_epoch_10_object.ckpt,['/opt/workspace/explorer-env/dataset/ag_data/data/world_model/quentinll/lewm-cube/ckpt/cube_lewm_noise_0to008_p1'],16,8,62.0,0.02192731647491455,false,0.0419750751374653,/opt/workspace/explorer-env/dataset/ag_data/data/world_model/quentinll/lewm-cube/ckpt/cube_lewm_noise_0to008_p1,0.02,-0.000920400756597519,ok,0.08,cube_lewm_noise_0to008_p1,Cube,3072
0.004826119029521941,308871.6178894042,2.3036574016869658,base,65.0,3569.9832439422607,2797.80419921875,0.002307346014613847,0.02231239527463913,1.2759946692978485,LeWM,/opt/workspace/explorer-env/dataset/ag_data/data/world_model/quentinll/lewm-cube/ckpt/cube_lewm_baseline_seed3073/cube_lewm_baseline_seed3073_epoch_10_object.ckpt,['/opt/workspace/explorer-env/dataset/ag_data/data/world_model/quentinll/lewm-cube/ckpt/cube_lewm_baseline_seed3073'],16,8,39.0,0.01748627624511719,false,0.2759946692978485,/opt/workspace/explorer-env/dataset/ag_data/data/world_model/quentinll/lewm-cube/ckpt/cube_lewm_baseline_seed3073,0.0025,0.004826119029521941,ok,0.00,cube_lewm_baseline_seed3073,Cube,3073
0.041750899887084955,334007.1990966796,2.3036574016869658,base,65.0,4467.840194702148,2797.80419921875,0.010997129569212578,0.11169600486755371,1.5969095321072626,LeWM,/opt/workspace/explorer-env/dataset/ag_data/data/world_model/quentinll/lewm-cube/ckpt/cube_lewm_baseline_seed3073/cube_lewm_baseline_seed3073_epoch_10_object.ckpt,['/opt/workspace/explorer-env/dataset/ag_data/data/world_model/quentinll/lewm-cube/ckpt/cube_lewm_baseline_seed3073'],16,8,39.0,0.06994510498046876,false,0.5969095321072625,/opt/workspace/explorer-env/dataset/ag_data/data/world_model/quentinll/lewm-cube/ckpt/cube_lewm_baseline_seed3073,0.005,0.041750899887084955,ok,0.00,cube_lewm_baseline_seed3073,Cube,3073
0.5452594436645508,545259.4436645507,2.3036574016869658,base,65.0,8250.398635864258,2797.80419921875,0.0661797823219275,0.8250398635864258,2.9488834987695256,LeWM,/opt/workspace/explorer-env/dataset/ag_data/data/world_model/quentinll/lewm-cube/ckpt/cube_lewm_baseline_seed3073/cube_lewm_baseline_seed3073_epoch_10_object.ckpt,['/opt/workspace/explorer-env/dataset/ag_data/data/world_model/quentinll/lewm-cube/ckpt/cube_lewm_baseline_seed3073'],16,8,39.0,0.279780419921875,false,1.9488834987695254,/opt/workspace/explorer-env/dataset/ag_data/data/world_model/quentinll/lewm-cube/ckpt/cube_lewm_baseline_seed3073,0.01,0.5452594436645508,ok,0.00,cube_lewm_baseline_seed3073,Cube,3073
8.821628442382812,1102703.5552978513,2.3036574016869658,base,65.0,24851.87530517578,2797.80419921875,0.6833790327055814,9.940750122070312,8.882635644093801,LeWM,/opt/workspace/explorer-env/dataset/ag_data/data/world_model/quentinll/lewm-cube/ckpt/cube_lewm_baseline_seed3073/cube_lewm_baseline_seed3073_epoch_10_object.ckpt,['/opt/workspace/explorer-env/dataset/ag_data/data/world_model/quentinll/lewm-cube/ckpt/cube_lewm_baseline_seed3073'],16,8,39.0,1.1191216796875,false,7.8826356440938,/opt/workspace/explorer-env/dataset/ag_data/data/world_model/quentinll/lewm-cube/ckpt/cube_lewm_baseline_seed3073,0.02,8.821628442382812,ok,0.00,cube_lewm_baseline_seed3073,Cube,3073
2.9264447838068045e-05,1872.9246616363546,0.6640239554413109,onset,66.333333,189.2850548028946,184.6027431488037,0.00011975431227385973,0.0011830315925180912,1.025364258267368,LeWM,/opt/workspace/explorer-env/dataset/ag_data/data/world_model/quentinll/lewm-cube/ckpt/cube_lewm_noise_0to003_p1_seed3073/cube_lewm_noise_0to003_p1_seed3073_epoch_10_object.ckpt,['/opt/workspace/explorer-env/dataset/ag_data/data/world_model/quentinll/lewm-cube/ckpt/cube_lewm_noise_0to003_p1_seed3073'],16,8,64.333333,0.0011537671446800232,true,0.02536425826736814,/opt/workspace/explorer-env/dataset/ag_data/data/world_model/quentinll/lewm-cube/ckpt/cube_lewm_noise_0to003_p1_seed3073,0.0025,2.9264447838068045e-05,ok,0.03,cube_lewm_noise_0to003_p1_seed3073,Cube,3073
0.00014424431473016724,1153.9545178413377,0.6640239554413109,onset,66.333333,178.83297055959702,184.6027431488037,0.0004667689386324366,0.004470824263989925,0.9687449249627031,LeWM,/opt/workspace/explorer-env/dataset/ag_data/data/world_model/quentinll/lewm-cube/ckpt/cube_lewm_noise_0to003_p1_seed3073/cube_lewm_noise_0to003_p1_seed3073_epoch_10_object.ckpt,['/opt/workspace/explorer-env/dataset/ag_data/data/world_model/quentinll/lewm-cube/ckpt/cube_lewm_noise_0to003_p1_seed3073'],16,8,64.333333,0.004615068578720093,true,0.03125507503729684,/opt/workspace/explorer-env/dataset/ag_data/data/world_model/quentinll/lewm-cube/ckpt/cube_lewm_noise_0to003_p1_seed3073,0.005,-0.00014424431473016724,ok,0.03,cube_lewm_noise_0to003_p1_seed3073,Cube,3073
0.000623632794618606,623.6327946186059,0.6640239554413109,onset,66.333333,178.36641520261765,184.6027431488037,0.0018631256399347389,0.017836641520261765,0.9662175770532342,LeWM,/opt/workspace/explorer-env/dataset/ag_data/data/world_model/quentinll/lewm-cube/ckpt/cube_lewm_noise_0to003_p1_seed3073/cube_lewm_noise_0to003_p1_seed3073_epoch_10_object.ckpt,['/opt/workspace/explorer-env/dataset/ag_data/data/world_model/quentinll/lewm-cube/ckpt/cube_lewm_noise_0to003_p1_seed3073'],16,8,64.333333,0.01846027431488037,true,0.03378242294676583,/opt/workspace/explorer-env/dataset/ag_data/data/world_model/quentinll/lewm-cube/ckpt/cube_lewm_noise_0to003_p1_seed3073,0.01,-0.000623632794618606,ok,0.03,cube_lewm_noise_0to003_p1_seed3073,Cube,3073
0.0007223435282707191,90.29294103383988,0.6640239554413109,onset,66.333333,182.7968843281269,184.6027431488037,0.0076396898848659954,0.07311875373125076,0.9902175948749519,LeWM,/opt/workspace/explorer-env/dataset/ag_data/data/world_model/quentinll/lewm-cube/ckpt/cube_lewm_noise_0to003_p1_seed3073/cube_lewm_noise_0to003_p1_seed3073_epoch_10_object.ckpt,['/opt/workspace/explorer-env/dataset/ag_data/data/world_model/quentinll/lewm-cube/ckpt/cube_lewm_noise_0to003_p1_seed3073'],16,8,64.333333,0.07384109725952148,true,0.009782405125048145,/opt/workspace/explorer-env/dataset/ag_data/data/world_model/quentinll/lewm-cube/ckpt/cube_lewm_noise_0to003_p1_seed3073,0.02,-0.0007223435282707191,ok,0.03,cube_lewm_noise_0to003_p1_seed3073,Cube,3073
5.850075627677142e-05,3744.04840171337,0.10161935750323704,endpoint,65.666667,68.09539627283812,58.73527526855469,3.533159712217571e-05,0.0004255962267052382,1.1593611498624334,LeWM,/opt/workspace/explorer-env/dataset/ag_data/data/world_model/quentinll/lewm-cube/ckpt/cube_lewm_noise_0to008_p1_seed3073/cube_lewm_noise_0to008_p1_seed3073_epoch_10_object.ckpt,['/opt/workspace/explorer-env/dataset/ag_data/data/world_model/quentinll/lewm-cube/ckpt/cube_lewm_noise_0to008_p1_seed3073'],16,8,64.666667,0.0003670954704284668,true,0.15936114986243352,/opt/workspace/explorer-env/dataset/ag_data/data/world_model/quentinll/lewm-cube/ckpt/cube_lewm_noise_0to008_p1_seed3073,0.0025,5.850075627677142e-05,ok,0.08,cube_lewm_noise_0to008_p1_seed3073,Cube,3073
0.00011572761926800009,925.8209541440006,0.10161935750323704,endpoint,65.666667,63.36438003927469,58.73527526855469,0.00013753256502700408,0.0015841095009818673,1.0788130258955013,LeWM,/opt/workspace/explorer-env/dataset/ag_data/data/world_model/quentinll/lewm-cube/ckpt/cube_lewm_noise_0to008_p1_seed3073/cube_lewm_noise_0to008_p1_seed3073_epoch_10_object.ckpt,['/opt/workspace/explorer-env/dataset/ag_data/data/world_model/quentinll/lewm-cube/ckpt/cube_lewm_noise_0to008_p1_seed3073'],16,8,64.666667,0.0014683818817138672,true,0.07881302589550143,/opt/workspace/explorer-env/dataset/ag_data/data/world_model/quentinll/lewm-cube/ckpt/cube_lewm_noise_0to008_p1_seed3073,0.005,0.00011572761926800009,ok,0.08,cube_lewm_noise_0to008_p1_seed3073,Cube,3073
0.00042425174266099916,424.25174266099907,0.10161935750323704,endpoint,65.666667,62.97779269516468,58.73527526855469,0.000538271437562454,0.006297779269516468,1.072231166146953,LeWM,/opt/workspace/explorer-env/dataset/ag_data/data/world_model/quentinll/lewm-cube/ckpt/cube_lewm_noise_0to008_p1_seed3073/cube_lewm_noise_0to008_p1_seed3073_epoch_10_object.ckpt,['/opt/workspace/explorer-env/dataset/ag_data/data/world_model/quentinll/lewm-cube/ckpt/cube_lewm_noise_0to008_p1_seed3073'],16,8,64.666667,0.005873527526855469,true,0.07223116614695299,/opt/workspace/explorer-env/dataset/ag_data/data/world_model/quentinll/lewm-cube/ckpt/cube_lewm_noise_0to008_p1_seed3073,0.01,0.00042425174266099916,ok,0.08,cube_lewm_noise_0to008_p1_seed3073,Cube,3073
0.001579423770308494,197.4279712885617,0.10161935750323704,endpoint,65.666667,62.683834694325924,58.73527526855469,0.0021390538131459743,0.02507353387773037,1.0672263713367696,LeWM,/opt/workspace/explorer-env/dataset/ag_data/data/world_model/quentinll/lewm-cube/ckpt/cube_lewm_noise_0to008_p1_seed3073/cube_lewm_noise_0to008_p1_seed3073_epoch_10_object.ckpt,['/opt/workspace/explorer-env/dataset/ag_data/data/world_model/quentinll/lewm-cube/ckpt/cube_lewm_noise_0to008_p1_seed3073'],16,8,64.666667,0.023494110107421876,true,0.06722637133676959,/opt/workspace/explorer-env/dataset/ag_data/data/world_model/quentinll/lewm-cube/ckpt/cube_lewm_noise_0to008_p1_seed3073,0.02,0.001579423770308494,ok,0.08,cube_lewm_noise_0to008_p1_seed3073,Cube,3073
0.006277870196104049,401783.69255065906,2.3820318136256216,base,64.0,3050.805926322937,2046.346694946289,0.001804095027328184,0.019067537039518356,1.4908548653350318,LeWM,/opt/workspace/explorer-env/dataset/ag_data/data/world_model/quentinll/lewm-cube/ckpt/cube_lewm_baseline_seed3074/cube_lewm_baseline_seed3074_epoch_10_object.ckpt,['/opt/workspace/explorer-env/dataset/ag_data/data/world_model/quentinll/lewm-cube/ckpt/cube_lewm_baseline_seed3074'],16,8,43.333333,0.012789666843414307,false,0.4908548653350317,/opt/workspace/explorer-env/dataset/ag_data/data/world_model/quentinll/lewm-cube/ckpt/cube_lewm_baseline_seed3074,0.0025,0.006277870196104049,ok,0.00,cube_lewm_baseline_seed3074,Cube,3074
0.05003750993013382,400300.0794410705,2.3820318136256216,base,64.0,4047.847092151642,2046.346694946289,0.009438859163910596,0.10119617730379105,1.9780847019463077,LeWM,/opt/workspace/explorer-env/dataset/ag_data/data/world_model/quentinll/lewm-cube/ckpt/cube_lewm_baseline_seed3074/cube_lewm_baseline_seed3074_epoch_10_object.ckpt,['/opt/workspace/explorer-env/dataset/ag_data/data/world_model/quentinll/lewm-cube/ckpt/cube_lewm_baseline_seed3074'],16,8,43.333333,0.05115866737365723,false,0.9780847019463076,/opt/workspace/explorer-env/dataset/ag_data/data/world_model/quentinll/lewm-cube/ckpt/cube_lewm_baseline_seed3074,0.005,0.05003750993013382,ok,0.00,cube_lewm_baseline_seed3074,Cube,3074
0.6040210693359375,604021.0693359374,2.3820318136256216,base,64.0,8086.557388305664,2046.346694946289,0.0658413905435896,0.8086557388305664,3.951704473282282,LeWM,/opt/workspace/explorer-env/dataset/ag_data/data/world_model/quentinll/lewm-cube/ckpt/cube_lewm_baseline_seed3074/cube_lewm_baseline_seed3074_epoch_10_object.ckpt,['/opt/workspace/explorer-env/dataset/ag_data/data/world_model/quentinll/lewm-cube/ckpt/cube_lewm_baseline_seed3074'],16,8,43.333333,0.2046346694946289,false,2.951704473282282,/opt/workspace/explorer-env/dataset/ag_data/data/world_model/quentinll/lewm-cube/ckpt/cube_lewm_baseline_seed3074,0.01,0.6040210693359375,ok,0.00,cube_lewm_baseline_seed3074,Cube,3074
8.78025435180664,1097531.7939758298,2.3820318136256216,base,64.0,23996.98257446289,2046.346694946289,0.6312089892692205,9.598793029785156,11.726743387973535,LeWM,/opt/workspace/explorer-env/dataset/ag_data/data/world_model/quentinll/lewm-cube/ckpt/cube_lewm_baseline_seed3074/cube_lewm_baseline_seed3074_epoch_10_object.ckpt,['/opt/workspace/explorer-env/dataset/ag_data/data/world_model/quentinll/lewm-cube/ckpt/cube_lewm_baseline_seed3074'],16,8,43.333333,0.8185386779785156,false,10.726743387973535,/opt/workspace/explorer-env/dataset/ag_data/data/world_model/quentinll/lewm-cube/ckpt/cube_lewm_baseline_seed3074,0.02,8.78025435180664,ok,0.00,cube_lewm_baseline_seed3074,Cube,3074
1.3610130921006078e-05,871.0483789443889,0.7462273498721302,onset,62.333333,211.37956529855728,209.2019443511963,0.00013005226085840776,0.001321122283115983,1.0104091812058178,LeWM,/opt/workspace/explorer-env/dataset/ag_data/data/world_model/quentinll/lewm-cube/ckpt/cube_lewm_noise_0to003_p1_seed3074/cube_lewm_noise_0to003_p1_seed3074_epoch_10_object.ckpt,['/opt/workspace/explorer-env/dataset/ag_data/data/world_model/quentinll/lewm-cube/ckpt/cube_lewm_noise_0to003_p1_seed3074'],16,8,65.333333,0.001307512152194977,true,0.010409181205817698,/opt/workspace/explorer-env/dataset/ag_data/data/world_model/quentinll/lewm-cube/ckpt/cube_lewm_noise_0to003_p1_seed3074,0.0025,1.3610130921006078e-05,ok,0.03,cube_lewm_noise_0to003_p1_seed3074,Cube,3074
0.00016375997364521076,1310.079789161686,0.7462273498721302,onset,62.333333,202.65154540538788,209.2019443511963,0.0004724867101639648,0.005066288635134697,0.9686886325740263,LeWM,/opt/workspace/explorer-env/dataset/ag_data/data/world_model/quentinll/lewm-cube/ckpt/cube_lewm_noise_0to003_p1_seed3074/cube_lewm_noise_0to003_p1_seed3074_epoch_10_object.ckpt,['/opt/workspace/explorer-env/dataset/ag_data/data/world_model/quentinll/lewm-cube/ckpt/cube_lewm_noise_0to003_p1_seed3074'],16,8,65.333333,0.005230048608779908,true,0.0313113674259737,/opt/workspace/explorer-env/dataset/ag_data/data/world_model/quentinll/lewm-cube/ckpt/cube_lewm_noise_0to003_p1_seed3074,0.005,-0.00016375997364521076,ok,0.03,cube_lewm_noise_0to003_p1_seed3074,Cube,3074
0.0007480082392692586,748.0082392692584,0.7462273498721302,onset,62.333333,201.72186195850372,209.2019443511963,0.0018583709485871036,0.020172186195850372,0.9642446803451529,LeWM,/opt/workspace/explorer-env/dataset/ag_data/data/world_model/quentinll/lewm-cube/ckpt/cube_lewm_noise_0to003_p1_seed3074/cube_lewm_noise_0to003_p1_seed3074_epoch_10_object.ckpt,['/opt/workspace/explorer-env/dataset/ag_data/data/world_model/quentinll/lewm-cube/ckpt/cube_lewm_noise_0to003_p1_seed3074'],16,8,65.333333,0.02092019443511963,true,0.035755319654847136,/opt/workspace/explorer-env/dataset/ag_data/data/world_model/quentinll/lewm-cube/ckpt/cube_lewm_noise_0to003_p1_seed3074,0.01,-0.0007480082392692586,ok,0.03,cube_lewm_noise_0to003_p1_seed3074,Cube,3074
0.0011527230262756427,144.0903782844553,0.7462273498721302,onset,62.333333,206.3201367855072,209.2019443511963,0.007393447580985605,0.08252805471420288,0.9862247572572688,LeWM,/opt/workspace/explorer-env/dataset/ag_data/data/world_model/quentinll/lewm-cube/ckpt/cube_lewm_noise_0to003_p1_seed3074/cube_lewm_noise_0to003_p1_seed3074_epoch_10_object.ckpt,['/opt/workspace/explorer-env/dataset/ag_data/data/world_model/quentinll/lewm-cube/ckpt/cube_lewm_noise_0to003_p1_seed3074'],16,8,65.333333,0.08368077774047852,true,0.013775242742731267,/opt/workspace/explorer-env/dataset/ag_data/data/world_model/quentinll/lewm-cube/ckpt/cube_lewm_noise_0to003_p1_seed3074,0.02,-0.0011527230262756427,ok,0.03,cube_lewm_noise_0to003_p1_seed3074,Cube,3074
6.147315707057712e-05,3934.2820525169354,0.107951619452755,endpoint,57.0,69.83807310461998,60.00236797332764,3.369522977961545e-05,0.0004364879569038749,1.163921949474803,LeWM,/opt/workspace/explorer-env/dataset/ag_data/data/world_model/quentinll/lewm-cube/ckpt/cube_lewm_noise_0to008_p1_seed3074/cube_lewm_noise_0to008_p1_seed3074_epoch_10_object.ckpt,['/opt/workspace/explorer-env/dataset/ag_data/data/world_model/quentinll/lewm-cube/ckpt/cube_lewm_noise_0to008_p1_seed3074'],16,8,61.0,0.00037501479983329775,false,0.16392194947480287,/opt/workspace/explorer-env/dataset/ag_data/data/world_model/quentinll/lewm-cube/ckpt/cube_lewm_noise_0to008_p1_seed3074,0.0025,6.147315707057712e-05,ok,0.08,cube_lewm_noise_0to008_p1_seed3074,Cube,3074
9.663305170834057e-05,773.0644136667244,0.107951619452755,endpoint,57.0,63.86769004166126,60.00236797332764,0.00013032269627651403,0.0015966922510415316,1.0644194920782435,LeWM,/opt/workspace/explorer-env/dataset/ag_data/data/world_model/quentinll/lewm-cube/ckpt/cube_lewm_noise_0to008_p1_seed3074/cube_lewm_noise_0to008_p1_seed3074_epoch_10_object.ckpt,['/opt/workspace/explorer-env/dataset/ag_data/data/world_model/quentinll/lewm-cube/ckpt/cube_lewm_noise_0to008_p1_seed3074'],16,8,61.0,0.001500059199333191,false,0.0644194920782434,/opt/workspace/explorer-env/dataset/ag_data/data/world_model/quentinll/lewm-cube/ckpt/cube_lewm_noise_0to008_p1_seed3074,0.005,9.663305170834057e-05,ok,0.08,cube_lewm_noise_0to008_p1_seed3074,Cube,3074
0.00016224737912416427,162.24737912416424,0.107951619452755,endpoint,57.0,61.62484176456928,60.00236797332764,0.0005206200163656439,0.006162484176456928,1.0270401626809607,LeWM,/opt/workspace/explorer-env/dataset/ag_data/data/world_model/quentinll/lewm-cube/ckpt/cube_lewm_noise_0to008_p1_seed3074/cube_lewm_noise_0to008_p1_seed3074_epoch_10_object.ckpt,['/opt/workspace/explorer-env/dataset/ag_data/data/world_model/quentinll/lewm-cube/ckpt/cube_lewm_noise_0to008_p1_seed3074'],16,8,61.0,0.006000236797332764,false,0.027040162680960704,/opt/workspace/explorer-env/dataset/ag_data/data/world_model/quentinll/lewm-cube/ckpt/cube_lewm_noise_0to008_p1_seed3074,0.01,0.00016224737912416427,ok,0.08,cube_lewm_noise_0to008_p1_seed3074,Cube,3074
0.0007512412846088397,93.90516057610495,0.107951619452755,endpoint,57.0,61.88047118484974,60.00236797332764,0.0020862750928259534,0.024752188473939896,1.0313004848801461,LeWM,/opt/workspace/explorer-env/dataset/ag_data/data/world_model/quentinll/lewm-cube/ckpt/cube_lewm_noise_0to008_p1_seed3074/cube_lewm_noise_0to008_p1_seed3074_epoch_10_object.ckpt,['/opt/workspace/explorer-env/dataset/ag_data/data/world_model/quentinll/lewm-cube/ckpt/cube_lewm_noise_0to008_p1_seed3074'],16,8,61.0,0.024000947189331056,false,0.03130048488014607,/opt/workspace/explorer-env/dataset/ag_data/data/world_model/quentinll/lewm-cube/ckpt/cube_lewm_noise_0to008_p1_seed3074,0.02,0.0007512412846088397,ok,0.08,cube_lewm_noise_0to008_p1_seed3074,Cube,3074
